grid_id,Station,date,level_daily_mean_m,level_daily_max_m,n_obs
PUNE_G001,Dattawadi,2022-02-12,542.357,542.37,40
PUNE_G001,Dattawadi,2022-02-13,542.344,542.38,92
PUNE_G001,Dattawadi,2022-02-14,542.344,542.37,95
PUNE_G001,Dattawadi,2022-02-15,542.349,542.38,89
PUNE_G001,Dattawadi,2022-02-16,542.347,542.38,92
PUNE_G001,Dattawadi,2022-02-17,542.343,542.37,96
PUNE_G001,Dattawadi,2022-02-18,542.347,542.39,93
PUNE_G001,Dattawadi,2022-02-19,542.341,542.38,96
PUNE_G001,Dattawadi,2022-02-20,542.344,542.38,94
PUNE_G001,Dattawadi,2022-02-21,542.347,542.37,93
PUNE_G001,Dattawadi,2022-02-22,542.353,542.39,93
PUNE_G001,Dattawadi,2022-02-23,542.349,542.38,95
PUNE_G001,Dattawadi,2022-02-24,542.347,542.37,88
PUNE_G001,Dattawadi,2022-02-25,542.348,542.38,94
PUNE_G001,Dattawadi,2022-02-26,542.338,542.37,95
PUNE_G001,Dattawadi,2022-02-27,542.337,542.39,94
PUNE_G001,Dattawadi,2022-02-28,542.335,542.37,92
PUNE_G001,Dattawadi,2022-03-01,542.337,542.36,93
PUNE_G001,Dattawadi,2022-03-02,542.334,542.37,80
PUNE_G001,Dattawadi,2022-03-03,542.332,542.36,95
PUNE_G001,Dattawadi,2022-03-04,542.333,542.36,94
PUNE_G001,Dattawadi,2022-03-05,542.329,542.35,93
PUNE_G001,Dattawadi,2022-03-06,542.327,542.36,93
PUNE_G001,Dattawadi,2022-03-07,542.33,542.35,92
PUNE_G001,Dattawadi,2022-03-08,542.331,542.35,95
PUNE_G001,Dattawadi,2022-03-09,542.315,542.33,42
PUNE_G001,Dattawadi,2022-04-25,542.344,542.37,95
PUNE_G001,Dattawadi,2022-04-26,542.348,542.44,96
PUNE_G001,Dattawadi,2022-04-27,542.34,542.36,94
PUNE_G001,Dattawadi,2022-04-28,542.335,542.37,95
PUNE_G001,Dattawadi,2022-04-29,542.338,542.36,95
PUNE_G001,Dattawadi,2022-04-30,542.34,542.37,96
PUNE_G001,Dattawadi,2022-05-01,542.336,542.36,93
PUNE_G001,Dattawadi,2022-05-02,542.333,542.36,94
PUNE_G001,Dattawadi,2022-05-03,542.338,542.37,93
PUNE_G001,Dattawadi,2022-05-04,542.337,542.38,94
PUNE_G001,Dattawadi,2022-05-05,542.328,542.36,96
PUNE_G001,Dattawadi,2022-05-06,542.328,542.36,94
PUNE_G001,Dattawadi,2022-05-07,542.332,542.37,93
PUNE_G001,Dattawadi,2022-05-08,542.334,542.36,92
PUNE_G001,Dattawadi,2022-05-09,542.333,542.36,96
PUNE_G001,Dattawadi,2022-05-10,542.336,542.36,95
PUNE_G001,Dattawadi,2022-05-11,542.343,542.37,93
PUNE_G001,Dattawadi,2022-05-12,542.34,542.37,93
PUNE_G001,Dattawadi,2022-05-13,542.344,542.37,95
PUNE_G001,Dattawadi,2022-05-14,542.34,542.36,93
PUNE_G001,Dattawadi,2022-05-15,542.34,542.38,96
PUNE_G001,Dattawadi,2022-05-16,542.336,542.37,96
PUNE_G001,Dattawadi,2022-05-17,542.338,542.37,94
PUNE_G001,Dattawadi,2022-05-18,542.336,542.36,95
PUNE_G001,Dattawadi,2022-05-19,542.338,542.37,94
PUNE_G001,Dattawadi,2022-05-20,542.351,542.39,95
PUNE_G001,Dattawadi,2022-05-21,542.353,542.38,92
PUNE_G001,Dattawadi,2022-05-22,542.35,542.38,91
PUNE_G001,Dattawadi,2022-05-23,542.352,542.38,96
PUNE_G001,Dattawadi,2022-05-24,542.347,542.37,96
PUNE_G001,Dattawadi,2022-05-25,542.353,542.38,93
PUNE_G001,Dattawadi,2022-05-26,542.353,542.38,95
PUNE_G001,Dattawadi,2022-05-27,542.348,542.37,84
PUNE_G001,Dattawadi,2022-05-28,542.352,542.39,94
PUNE_G001,Dattawadi,2022-05-29,542.351,542.38,96
PUNE_G001,Dattawadi,2022-05-30,542.351,542.38,69
PUNE_G001,Dattawadi,2022-05-31,542.354,542.38,70
PUNE_G001,Dattawadi,2022-06-01,542.358,542.4,81
PUNE_G001,Dattawadi,2022-06-02,542.344,542.37,91
PUNE_G001,Dattawadi,2022-06-03,542.348,542.38,91
PUNE_G001,Dattawadi,2022-06-04,542.354,542.39,87
PUNE_G001,Dattawadi,2022-06-05,542.353,542.39,94
PUNE_G001,Dattawadi,2022-06-06,542.35,542.37,94
PUNE_G001,Dattawadi,2022-06-07,542.357,542.39,96
PUNE_G001,Dattawadi,2022-06-08,542.35,542.39,94
PUNE_G001,Dattawadi,2022-06-09,542.361,542.4,91
PUNE_G001,Dattawadi,2022-06-10,542.373,542.48,96
PUNE_G001,Dattawadi,2022-06-11,542.346,542.38,96
PUNE_G001,Dattawadi,2022-06-12,542.347,542.38,58
PUNE_G001,Dattawadi,2022-06-13,542.331,542.34,29
PUNE_G001,Dattawadi,2022-06-14,542.364,542.38,40
PUNE_G001,Dattawadi,2022-06-15,542.356,542.38,34
PUNE_G001,Dattawadi,2022-06-16,542.349,542.39,52
PUNE_G001,Dattawadi,2022-06-17,542.357,542.38,24
PUNE_G001,Dattawadi,2022-06-18,542.345,542.37,93
PUNE_G001,Dattawadi,2022-06-19,542.345,542.36,95
PUNE_G001,Dattawadi,2022-06-20,542.348,542.38,95
PUNE_G001,Dattawadi,2022-06-21,542.337,542.36,94
PUNE_G001,Dattawadi,2022-06-22,542.336,542.36,95
PUNE_G001,Dattawadi,2022-06-23,542.35,542.37,94
PUNE_G001,Dattawadi,2022-06-24,542.342,542.36,88
PUNE_G001,Dattawadi,2022-06-25,542.332,542.36,94
PUNE_G001,Dattawadi,2022-06-26,542.333,542.36,95
PUNE_G001,Dattawadi,2022-06-27,542.335,542.37,93
PUNE_G001,Dattawadi,2022-06-28,542.331,542.37,96
PUNE_G001,Dattawadi,2022-06-29,542.331,542.39,94
PUNE_G001,Dattawadi,2022-06-30,542.346,542.42,96
PUNE_G001,Dattawadi,2022-07-01,542.385,542.44,95
PUNE_G001,Dattawadi,2022-07-02,542.355,542.39,95
PUNE_G001,Dattawadi,2022-07-03,542.35,542.38,95
PUNE_G001,Dattawadi,2022-07-04,542.369,542.52,94
PUNE_G001,Dattawadi,2022-07-05,542.38,542.48,93
PUNE_G001,Dattawadi,2022-07-06,542.416,542.48,96
PUNE_G001,Dattawadi,2022-07-07,542.416,542.48,96
PUNE_G001,Dattawadi,2022-07-08,542.385,542.42,95
PUNE_G001,Dattawadi,2022-07-09,542.383,542.42,15
PUNE_G001,Dattawadi,2022-07-11,542.752,542.9,21
PUNE_G001,Dattawadi,2022-07-12,543.76,544.91,96
PUNE_G001,Dattawadi,2022-07-13,544.623,544.87,96
PUNE_G001,Dattawadi,2022-07-14,543.821,544.83,90
PUNE_G001,Dattawadi,2022-07-15,543.73,543.93,94
PUNE_G001,Dattawadi,2022-07-16,543.678,543.76,72
PUNE_G001,Dattawadi,2022-07-18,543.188,543.21,45
PUNE_G001,Dattawadi,2022-07-19,542.745,543.19,95
PUNE_G001,Dattawadi,2022-07-20,542.508,542.55,95
PUNE_G001,Dattawadi,2022-07-21,542.476,542.51,96
PUNE_G001,Dattawadi,2022-07-22,542.462,542.51,94
PUNE_G001,Dattawadi,2022-07-23,542.45,542.48,96
PUNE_G001,Dattawadi,2022-07-24,542.453,542.49,94
PUNE_G001,Dattawadi,2022-07-25,542.436,542.47,94
PUNE_G001,Dattawadi,2022-07-26,542.428,542.47,90
PUNE_G001,Dattawadi,2022-07-27,542.484,542.64,59
PUNE_G001,Dattawadi,2022-07-28,542.473,542.55,51
PUNE_G001,Dattawadi,2022-07-29,542.455,542.47,17
PUNE_G001,Dattawadi,2022-08-01,542.417,542.45,52
PUNE_G001,Dattawadi,2022-08-02,542.396,542.44,83
PUNE_G001,Dattawadi,2022-08-03,542.404,542.45,90
PUNE_G001,Dattawadi,2022-08-04,542.394,542.44,79
PUNE_G001,Dattawadi,2022-08-05,542.411,542.47,70
PUNE_G001,Dattawadi,2022-08-06,542.394,542.42,76
PUNE_G001,Dattawadi,2022-08-07,542.396,542.46,90
PUNE_G001,Dattawadi,2022-08-08,542.397,542.44,76
PUNE_G001,Dattawadi,2022-08-09,542.411,542.43,28
PUNE_G001,Dattawadi,2022-08-12,544.572,544.65,47
PUNE_G001,Dattawadi,2022-08-13,544.61,545.1,86
PUNE_G001,Dattawadi,2022-08-14,544.476,545.09,91
PUNE_G001,Dattawadi,2022-08-15,543.88,545.11,95
PUNE_G001,Dattawadi,2022-08-16,544.389,545.19,79
PUNE_G001,Dattawadi,2022-08-17,544.071,544.25,82
PUNE_G001,Dattawadi,2022-08-18,544.161,544.19,42
PUNE_G001,Dattawadi,2022-08-19,543.601,543.77,9
PUNE_G001,Dattawadi,2022-08-20,544.145,544.71,65
PUNE_G001,Dattawadi,2022-08-21,543.113,543.21,95
PUNE_G001,Dattawadi,2022-08-22,543.541,544.06,89
PUNE_G001,Dattawadi,2022-08-23,543.861,544.15,94
PUNE_G001,Dattawadi,2022-08-24,543.81,544.04,93
PUNE_G001,Dattawadi,2022-08-25,543.827,544.12,94
PUNE_G001,Dattawadi,2022-08-26,543.264,543.84,94
PUNE_G001,Dattawadi,2022-08-27,542.418,542.45,88
PUNE_G001,Dattawadi,2022-08-28,542.411,542.44,91
PUNE_G001,Dattawadi,2022-08-29,542.401,542.43,88
PUNE_G001,Dattawadi,2022-08-30,542.398,542.43,93
PUNE_G001,Dattawadi,2022-08-31,542.409,542.44,94
PUNE_G001,Dattawadi,2022-09-01,542.42,542.46,93
PUNE_G001,Dattawadi,2022-09-02,542.391,542.43,92
PUNE_G001,Dattawadi,2022-09-03,542.441,542.62,87
PUNE_G001,Dattawadi,2022-09-04,542.409,542.52,85
PUNE_G001,Dattawadi,2022-09-05,542.387,542.41,88
PUNE_G001,Dattawadi,2022-09-06,542.428,542.69,95
PUNE_G001,Dattawadi,2022-09-07,542.496,542.65,91
PUNE_G001,Dattawadi,2022-09-08,542.577,542.93,94
PUNE_G001,Dattawadi,2022-09-09,542.928,543.15,95
PUNE_G001,Dattawadi,2022-09-10,542.585,542.64,96
PUNE_G001,Dattawadi,2022-09-11,542.74,543.76,92
PUNE_G001,Dattawadi,2022-09-12,543.208,543.65,90
PUNE_G001,Dattawadi,2022-09-13,543.362,543.98,94
PUNE_G001,Dattawadi,2022-09-14,544.529,544.87,94
PUNE_G001,Dattawadi,2022-09-15,544.53,544.74,94
PUNE_G001,Dattawadi,2022-09-16,545.044,546.12,94
PUNE_G001,Dattawadi,2022-09-17,544.587,546.04,96
PUNE_G001,Dattawadi,2022-09-18,544.209,544.43,96
PUNE_G001,Dattawadi,2022-09-19,543.475,544.13,95
PUNE_G001,Dattawadi,2022-09-20,543.404,543.66,94
PUNE_G001,Dattawadi,2022-09-21,543.195,543.42,94
PUNE_G001,Dattawadi,2022-09-22,543.05,543.25,92
PUNE_G001,Dattawadi,2022-09-23,542.91,543.31,95
PUNE_G001,Dattawadi,2022-09-24,542.442,542.57,94
PUNE_G001,Dattawadi,2022-09-25,543.188,543.33,93
PUNE_G001,Dattawadi,2022-09-26,542.906,543.0,96
PUNE_G001,Dattawadi,2022-09-27,542.588,542.8,92
PUNE_G001,Dattawadi,2022-09-28,542.409,542.45,94
PUNE_G001,Dattawadi,2022-09-29,542.414,542.46,92
PUNE_G001,Dattawadi,2022-09-30,542.492,542.79,92
PUNE_G001,Dattawadi,2022-10-01,542.449,542.58,96
PUNE_G001,Dattawadi,2022-10-02,542.404,542.44,96
PUNE_G001,Dattawadi,2022-10-03,542.399,542.43,92
PUNE_G001,Dattawadi,2022-10-04,542.404,542.46,95
PUNE_G001,Dattawadi,2022-10-05,542.397,542.44,96
PUNE_G001,Dattawadi,2022-10-06,542.396,542.45,92
PUNE_G001,Dattawadi,2022-10-07,542.39,542.42,83
PUNE_G001,Dattawadi,2022-10-08,542.375,542.41,84
PUNE_G001,Dattawadi,2022-10-09,542.377,542.42,86
PUNE_G001,Dattawadi,2022-10-10,542.406,542.78,61
PUNE_G001,Dattawadi,2022-10-11,542.476,542.57,68
PUNE_G001,Dattawadi,2022-10-12,542.431,542.48,96
PUNE_G001,Dattawadi,2022-10-13,542.419,542.49,90
PUNE_G001,Dattawadi,2022-10-14,542.5,543.09,93
PUNE_G001,Dattawadi,2022-10-17,542.504,543.32,38
PUNE_G001,Dattawadi,2022-10-18,542.989,543.33,88
PUNE_G001,Dattawadi,2022-10-19,542.684,542.76,87
PUNE_G001,Dattawadi,2022-10-20,542.521,542.63,91
PUNE_G001,Dattawadi,2022-10-21,542.559,542.69,90
PUNE_G001,Dattawadi,2022-10-22,542.545,542.68,93
PUNE_G001,Dattawadi,2022-10-23,542.463,542.5,74
PUNE_G001,Dattawadi,2022-10-24,542.448,542.48,80
PUNE_G001,Dattawadi,2022-10-25,542.438,542.47,86
PUNE_G001,Dattawadi,2022-10-26,542.425,542.46,88
PUNE_G001,Dattawadi,2022-10-27,542.42,542.46,86
PUNE_G001,Dattawadi,2022-10-28,542.409,542.44,85
PUNE_G001,Dattawadi,2022-10-29,542.408,542.45,89
PUNE_G001,Dattawadi,2022-10-30,542.394,542.43,68
PUNE_G001,Dattawadi,2022-10-31,542.396,542.43,79
PUNE_G001,Dattawadi,2022-11-01,542.389,542.43,93
PUNE_G001,Dattawadi,2022-11-02,542.387,542.42,91
PUNE_G001,Dattawadi,2022-11-03,542.383,542.42,89
PUNE_G001,Dattawadi,2022-11-04,542.379,542.42,89
PUNE_G001,Dattawadi,2022-11-05,542.378,542.41,87
PUNE_G001,Dattawadi,2022-11-06,542.374,542.41,90
PUNE_G001,Dattawadi,2022-11-07,542.371,542.4,89
PUNE_G001,Dattawadi,2022-11-08,542.37,542.4,85
PUNE_G001,Dattawadi,2022-11-09,542.367,542.4,95
PUNE_G001,Dattawadi,2022-11-10,542.362,542.39,93
PUNE_G001,Dattawadi,2022-11-11,542.359,542.39,93
PUNE_G001,Dattawadi,2022-11-12,542.363,542.39,92
PUNE_G001,Dattawadi,2022-11-13,542.358,542.4,93
PUNE_G001,Dattawadi,2022-11-14,542.355,542.39,95
PUNE_G001,Dattawadi,2022-11-15,542.356,542.39,92
PUNE_G001,Dattawadi,2022-11-16,542.358,542.39,86
PUNE_G001,Dattawadi,2022-11-17,542.349,542.39,85
PUNE_G001,Dattawadi,2022-11-18,542.355,542.4,91
PUNE_G001,Dattawadi,2022-11-19,542.351,542.38,95
PUNE_G001,Dattawadi,2022-11-20,542.35,542.39,94
PUNE_G001,Dattawadi,2022-11-21,542.354,542.38,94
PUNE_G001,Dattawadi,2022-11-22,542.348,542.39,94
PUNE_G001,Dattawadi,2022-11-23,542.353,542.38,96
PUNE_G001,Dattawadi,2022-11-24,542.344,542.38,95
PUNE_G001,Dattawadi,2022-11-25,542.349,542.38,85
PUNE_G001,Dattawadi,2022-11-26,542.339,542.37,73
PUNE_G001,Dattawadi,2022-11-27,542.345,542.38,72
PUNE_G001,Dattawadi,2022-11-28,542.344,542.38,70
PUNE_G001,Dattawadi,2022-11-29,542.339,542.36,60
PUNE_G001,Dattawadi,2022-11-30,542.342,542.37,72
PUNE_G001,Dattawadi,2022-12-01,542.337,542.36,67
PUNE_G001,Dattawadi,2022-12-02,542.332,542.36,93
PUNE_G001,Dattawadi,2022-12-03,542.334,542.36,91
PUNE_G001,Dattawadi,2022-12-04,542.33,542.36,90
PUNE_G001,Dattawadi,2022-12-05,542.332,542.35,84
PUNE_G001,Dattawadi,2022-12-06,542.334,542.36,95
PUNE_G001,Dattawadi,2022-12-07,542.33,542.36,93
PUNE_G001,Dattawadi,2022-12-08,542.33,542.36,94
PUNE_G001,Dattawadi,2022-12-09,542.335,542.36,95
PUNE_G001,Dattawadi,2022-12-10,542.327,542.36,96
PUNE_G001,Dattawadi,2022-12-11,542.327,542.36,95
PUNE_G001,Dattawadi,2022-12-12,542.324,542.35,96
PUNE_G001,Dattawadi,2022-12-13,542.331,542.36,95
PUNE_G001,Dattawadi,2022-12-14,542.33,542.36,95
PUNE_G001,Dattawadi,2022-12-15,542.325,542.36,88
PUNE_G001,Dattawadi,2022-12-16,542.336,542.36,85
PUNE_G001,Dattawadi,2022-12-17,542.334,542.36,88
PUNE_G001,Dattawadi,2022-12-18,542.329,542.35,93
PUNE_G001,Dattawadi,2022-12-19,542.328,542.36,96
PUNE_G001,Dattawadi,2022-12-20,542.323,542.35,94
PUNE_G001,Dattawadi,2022-12-21,542.327,542.35,95
PUNE_G001,Dattawadi,2022-12-22,542.33,542.36,94
PUNE_G001,Dattawadi,2022-12-23,542.326,542.36,96
PUNE_G001,Dattawadi,2022-12-24,542.335,542.39,94
PUNE_G001,Dattawadi,2022-12-25,542.33,542.36,91
PUNE_G001,Dattawadi,2022-12-26,542.343,542.37,91
PUNE_G001,Dattawadi,2022-12-27,542.346,542.39,86
PUNE_G001,Dattawadi,2022-12-28,542.357,542.39,95
PUNE_G001,Dattawadi,2022-12-29,542.355,542.39,95
PUNE_G001,Dattawadi,2022-12-30,542.354,542.4,81
PUNE_G001,Dattawadi,2022-12-31,542.356,542.39,95
PUNE_G001,Dattawadi,2023-01-01,542.356,542.39,88
PUNE_G001,Dattawadi,2023-01-02,542.351,542.39,94
PUNE_G001,Dattawadi,2023-01-03,542.358,542.38,91
PUNE_G001,Dattawadi,2023-01-04,542.358,542.39,90
PUNE_G001,Dattawadi,2023-01-05,542.364,542.41,54
PUNE_G001,Dattawadi,2023-01-06,542.362,542.4,91
PUNE_G001,Dattawadi,2023-01-07,542.359,542.39,95
PUNE_G001,Dattawadi,2023-01-08,542.359,542.4,92
PUNE_G001,Dattawadi,2023-01-09,542.36,542.41,95
PUNE_G001,Dattawadi,2023-01-10,542.373,542.43,91
PUNE_G001,Dattawadi,2023-01-11,542.366,542.4,96
PUNE_G001,Dattawadi,2023-01-12,542.365,542.4,95
PUNE_G001,Dattawadi,2023-01-13,542.359,542.4,95
PUNE_G001,Dattawadi,2023-01-14,542.365,542.4,95
PUNE_G001,Dattawadi,2023-01-15,542.364,542.41,94
PUNE_G001,Dattawadi,2023-01-16,542.36,542.4,96
PUNE_G001,Dattawadi,2023-01-17,542.364,542.4,93
PUNE_G001,Dattawadi,2023-01-18,542.367,542.4,94
PUNE_G001,Dattawadi,2023-01-19,542.341,542.39,95
PUNE_G001,Dattawadi,2023-01-20,542.341,542.37,25
PUNE_G001,Dattawadi,2023-01-23,542.35,542.35,1
PUNE_G001,Dattawadi,2023-01-24,542.367,542.4,89
PUNE_G001,Dattawadi,2023-01-25,542.374,542.41,96
PUNE_G001,Dattawadi,2023-01-26,542.391,542.43,89
PUNE_G001,Dattawadi,2023-01-27,542.393,542.42,88
PUNE_G001,Dattawadi,2023-01-28,542.398,542.4,95
PUNE_G001,Dattawadi,2023-01-29,542.399,542.4,96
PUNE_G001,Dattawadi,2023-01-30,542.399,542.4,95
PUNE_G001,Dattawadi,2023-01-31,542.399,542.4,95
PUNE_G001,Dattawadi,2023-02-01,542.398,542.4,95
PUNE_G001,Dattawadi,2023-02-02,542.398,542.4,91
PUNE_G001,Dattawadi,2023-02-03,542.399,542.4,92
PUNE_G001,Dattawadi,2023-02-04,542.399,542.4,67
PUNE_G001,Dattawadi,2023-02-06,542.4,542.4,5
PUNE_G001,Dattawadi,2023-02-07,542.4,542.4,54
PUNE_G001,Dattawadi,2023-02-08,542.4,542.4,96
PUNE_G001,Dattawadi,2023-02-09,542.399,542.4,96
PUNE_G001,Dattawadi,2023-02-10,542.398,542.4,93
PUNE_G001,Dattawadi,2023-02-11,542.398,542.4,95
PUNE_G001,Dattawadi,2023-02-12,542.399,542.4,94
PUNE_G001,Dattawadi,2023-02-13,542.399,542.4,95
PUNE_G001,Dattawadi,2023-02-14,542.399,542.4,95
PUNE_G001,Dattawadi,2023-02-15,542.399,542.4,95
PUNE_G001,Dattawadi,2023-02-16,542.399,542.4,96
PUNE_G001,Dattawadi,2023-02-17,542.399,542.4,92
PUNE_G001,Dattawadi,2023-02-18,542.4,542.4,96
PUNE_G001,Dattawadi,2023-02-19,542.4,542.4,95
PUNE_G001,Dattawadi,2023-02-20,542.4,542.41,94
PUNE_G001,Dattawadi,2023-02-21,542.4,542.41,94
PUNE_G001,Dattawadi,2023-02-22,542.4,542.41,96
PUNE_G001,Dattawadi,2023-02-23,542.4,542.4,95
PUNE_G001,Dattawadi,2023-02-24,542.4,542.4,93
PUNE_G001,Dattawadi,2023-02-25,542.399,542.4,93
PUNE_G001,Dattawadi,2023-02-26,542.4,542.4,16
PUNE_G001,Dattawadi,2023-02-27,542.4,542.41,44
PUNE_G001,Dattawadi,2023-02-28,542.4,542.4,23
PUNE_G001,Dattawadi,2023-03-01,542.4,542.4,64
PUNE_G001,Dattawadi,2023-03-02,542.399,542.4,84
PUNE_G001,Dattawadi,2023-03-03,542.399,542.4,83
PUNE_G001,Dattawadi,2023-03-04,542.399,542.4,86
PUNE_G001,Dattawadi,2023-03-05,542.4,542.4,96
PUNE_G001,Dattawadi,2023-03-06,542.399,542.4,91
PUNE_G001,Dattawadi,2023-03-07,542.399,542.4,94
PUNE_G001,Dattawadi,2023-03-08,542.399,542.4,95
PUNE_G001,Dattawadi,2023-03-09,542.399,542.4,92
PUNE_G001,Dattawadi,2023-03-10,542.399,542.4,89
PUNE_G001,Dattawadi,2023-03-11,542.399,542.4,90
PUNE_G001,Dattawadi,2023-03-12,542.399,542.4,95
PUNE_G001,Dattawadi,2023-03-13,542.399,542.41,94
PUNE_G001,Dattawadi,2023-03-14,542.399,542.4,92
PUNE_G001,Dattawadi,2023-03-15,542.399,542.4,93
PUNE_G001,Dattawadi,2023-03-16,542.44,542.58,94
PUNE_G001,Dattawadi,2023-03-17,542.544,542.58,92
PUNE_G001,Dattawadi,2023-03-18,542.347,542.38,96
PUNE_G001,Dattawadi,2023-03-19,542.336,542.37,93
PUNE_G001,Dattawadi,2023-03-20,542.329,542.36,94
PUNE_G001,Dattawadi,2023-03-21,542.329,542.36,94
PUNE_G001,Dattawadi,2023-03-22,542.329,542.35,92
PUNE_G001,Dattawadi,2023-03-23,542.323,542.35,94
PUNE_G001,Dattawadi,2023-03-24,542.328,542.36,80
PUNE_G001,Dattawadi,2023-03-25,542.336,542.36,27
PUNE_G001,Dattawadi,2023-03-26,542.333,542.37,34
PUNE_G001,Dattawadi,2023-03-27,542.325,542.36,24
PUNE_G001,Dattawadi,2023-03-28,542.332,542.35,44
PUNE_G001,Dattawadi,2023-03-29,542.333,542.35,54
PUNE_G001,Dattawadi,2023-03-30,542.329,542.35,73
PUNE_G001,Dattawadi,2023-03-31,542.333,542.36,76
PUNE_G001,Dattawadi,2023-04-01,542.329,542.36,90
PUNE_G001,Dattawadi,2023-04-02,542.335,542.37,90
PUNE_G001,Dattawadi,2023-04-03,542.335,542.36,92
PUNE_G001,Dattawadi,2023-04-04,542.334,542.37,95
PUNE_G001,Dattawadi,2023-04-05,542.333,542.36,95
PUNE_G001,Dattawadi,2023-04-06,542.329,542.36,94
PUNE_G001,Dattawadi,2023-04-07,542.331,542.36,91
PUNE_G001,Dattawadi,2023-04-08,542.334,542.36,88
PUNE_G001,Dattawadi,2023-04-09,542.365,542.54,88
PUNE_G001,Dattawadi,2023-04-10,542.34,542.39,90
PUNE_G001,Dattawadi,2023-04-11,542.338,542.42,96
PUNE_G001,Dattawadi,2023-04-12,542.335,542.36,69
PUNE_G001,Dattawadi,2023-04-13,542.341,542.41,96
PUNE_G001,Dattawadi,2023-04-14,542.343,542.37,96
PUNE_G001,Dattawadi,2023-04-15,542.332,542.36,96
PUNE_G001,Dattawadi,2023-04-16,542.339,542.37,95
PUNE_G001,Dattawadi,2023-04-17,542.333,542.36,95
PUNE_G001,Dattawadi,2023-04-18,542.325,542.35,89
PUNE_G001,Dattawadi,2023-04-19,542.328,542.36,96
PUNE_G001,Dattawadi,2023-04-20,542.362,542.53,79
PUNE_G001,Dattawadi,2023-04-21,542.342,542.38,93
PUNE_G001,Dattawadi,2023-04-22,542.333,542.36,96
PUNE_G001,Dattawadi,2023-04-23,542.327,542.36,82
PUNE_G001,Dattawadi,2023-04-24,542.334,542.36,67
PUNE_G001,Dattawadi,2023-04-25,542.328,542.35,78
PUNE_G001,Dattawadi,2023-04-26,542.328,542.36,95
PUNE_G001,Dattawadi,2023-04-27,542.311,542.36,96
PUNE_G001,Dattawadi,2023-04-28,542.313,542.35,85
PUNE_G001,Dattawadi,2023-04-29,542.317,542.34,95
PUNE_G001,Dattawadi,2023-04-30,542.324,542.36,81
PUNE_G001,Dattawadi,2023-05-01,542.321,542.34,95
PUNE_G001,Dattawadi,2023-05-02,542.324,542.33,5
PUNE_G001,Dattawadi,2023-05-04,542.302,542.32,13
PUNE_G001,Dattawadi,2023-05-05,542.334,542.36,96
PUNE_G001,Dattawadi,2023-05-06,542.329,542.36,95
PUNE_G001,Dattawadi,2023-05-07,542.358,542.4,96
PUNE_G001,Dattawadi,2023-05-08,542.361,542.5,95
PUNE_G001,Dattawadi,2023-05-09,542.35,542.41,89
PUNE_G001,Dattawadi,2023-05-10,542.337,542.37,95
PUNE_G001,Dattawadi,2023-05-11,542.335,542.37,94
PUNE_G001,Dattawadi,2023-05-12,542.329,542.36,96
PUNE_G001,Dattawadi,2023-05-13,542.329,542.36,89
PUNE_G001,Dattawadi,2023-05-14,542.311,542.33,24
PUNE_G001,Dattawadi,2023-05-30,542.331,542.35,8
PUNE_G001,Dattawadi,2023-05-31,542.325,542.37,88
PUNE_G001,Dattawadi,2023-06-01,542.333,542.38,95
PUNE_G001,Dattawadi,2023-06-02,542.32,542.35,95
PUNE_G001,Dattawadi,2023-06-03,542.325,542.35,96
PUNE_G001,Dattawadi,2023-06-04,542.328,542.36,95
PUNE_G001,Dattawadi,2023-06-05,542.326,542.35,96
PUNE_G001,Dattawadi,2023-06-06,542.329,542.36,94
PUNE_G001,Dattawadi,2023-06-07,542.326,542.37,96
PUNE_G001,Dattawadi,2023-06-08,542.298,542.33,94
PUNE_G001,Dattawadi,2023-06-09,542.314,542.35,94
PUNE_G001,Dattawadi,2023-06-10,542.325,542.36,94
PUNE_G001,Dattawadi,2023-06-11,542.325,542.36,93
PUNE_G001,Dattawadi,2023-06-12,542.325,542.36,95
PUNE_G001,Dattawadi,2023-06-13,542.323,542.36,95
PUNE_G001,Dattawadi,2023-06-14,542.324,542.36,90
PUNE_G001,Dattawadi,2023-06-15,542.309,542.34,32
PUNE_G001,Dattawadi,2023-06-16,542.321,542.33,9
PUNE_G001,Dattawadi,2023-06-17,542.325,542.35,58
PUNE_G001,Dattawadi,2023-06-18,542.32,542.35,96
PUNE_G001,Dattawadi,2023-06-19,542.311,542.34,94
PUNE_G001,Dattawadi,2023-06-20,542.312,542.36,96
PUNE_G001,Dattawadi,2023-06-21,542.313,542.34,95
PUNE_G001,Dattawadi,2023-06-22,542.288,542.33,96
PUNE_G001,Dattawadi,2023-06-23,542.301,542.34,96
PUNE_G001,Dattawadi,2023-06-24,542.359,542.46,95
PUNE_G001,Dattawadi,2023-06-25,542.354,542.43,96
PUNE_G001,Dattawadi,2023-06-26,542.316,542.34,95
PUNE_G001,Dattawadi,2023-06-27,542.376,542.53,96
PUNE_G001,Dattawadi,2023-06-28,542.371,542.46,96
PUNE_G001,Dattawadi,2023-06-29,542.348,542.38,93
PUNE_G001,Dattawadi,2023-06-30,542.369,542.44,96
PUNE_G001,Dattawadi,2023-07-01,542.386,542.43,96
PUNE_G001,Dattawadi,2023-07-02,542.35,542.38,96
PUNE_G001,Dattawadi,2023-07-03,542.339,542.4,96
PUNE_G001,Dattawadi,2023-07-04,542.328,542.36,95
PUNE_G001,Dattawadi,2023-07-05,542.325,542.36,94
PUNE_G001,Dattawadi,2023-07-06,542.302,542.36,95
PUNE_G001,Dattawadi,2023-07-07,542.32,542.35,95
PUNE_G001,Dattawadi,2023-07-08,542.328,542.36,96
PUNE_G001,Dattawadi,2023-07-09,542.324,542.36,96
PUNE_G001,Dattawadi,2023-07-10,542.323,542.38,96
PUNE_G001,Dattawadi,2023-07-11,542.327,542.36,95
PUNE_G001,Dattawadi,2023-07-12,542.321,542.36,87
PUNE_G001,Dattawadi,2023-07-13,542.296,542.32,85
PUNE_G001,Dattawadi,2023-07-14,542.321,542.34,96
PUNE_G001,Dattawadi,2023-07-15,542.312,542.35,95
PUNE_G001,Dattawadi,2023-07-16,542.324,542.35,94
PUNE_G001,Dattawadi,2023-07-17,542.332,542.37,94
PUNE_G001,Dattawadi,2023-07-18,542.349,542.39,88
PUNE_G001,Dattawadi,2023-07-19,542.375,542.42,92
PUNE_G001,Dattawadi,2023-07-20,542.35,542.38,75
PUNE_G001,Dattawadi,2023-07-21,542.347,542.38,88
PUNE_G001,Dattawadi,2023-07-22,542.366,542.4,91
PUNE_G001,Dattawadi,2023-07-23,542.387,542.49,90
PUNE_G001,Dattawadi,2023-07-24,542.45,542.51,95
PUNE_G001,Dattawadi,2023-07-25,542.393,542.51,92
PUNE_G001,Dattawadi,2023-07-26,542.731,543.28,48
PUNE_G001,Dattawadi,2023-07-27,542.523,543.44,95
PUNE_G001,Dattawadi,2023-07-28,543.044,543.61,84
PUNE_G001,Dattawadi,2023-07-29,542.416,542.52,96
PUNE_G001,Dattawadi,2023-07-30,542.739,542.87,95
PUNE_G001,Dattawadi,2023-07-31,542.619,542.74,84
PUNE_G001,Dattawadi,2023-08-01,542.43,542.43,2
PUNE_G001,Dattawadi,2023-08-02,542.381,542.41,86
PUNE_G001,Dattawadi,2023-08-03,542.373,542.41,93
PUNE_G001,Dattawadi,2023-08-04,542.383,542.42,92
PUNE_G001,Dattawadi,2023-08-05,542.377,542.44,96
PUNE_G001,Dattawadi,2023-08-06,542.369,542.82,94
PUNE_G001,Dattawadi,2023-08-07,542.367,542.48,94
PUNE_G001,Dattawadi,2023-08-08,542.366,542.91,95
PUNE_G001,Dattawadi,2023-08-09,542.359,542.4,95
PUNE_G001,Dattawadi,2023-08-10,542.361,542.4,94
PUNE_G001,Dattawadi,2023-08-11,542.354,542.39,96
PUNE_G001,Dattawadi,2023-08-12,542.353,542.38,94
PUNE_G001,Dattawadi,2023-08-13,542.344,542.38,94
PUNE_G001,Dattawadi,2023-08-14,542.34,542.37,96
PUNE_G001,Dattawadi,2023-08-15,542.339,542.37,92
PUNE_G001,Dattawadi,2023-08-16,542.337,542.37,93
PUNE_G001,Dattawadi,2023-08-17,542.344,542.39,93
PUNE_G001,Dattawadi,2023-08-18,542.337,542.37,92
PUNE_G001,Dattawadi,2023-08-19,542.341,542.38,89
PUNE_G001,Dattawadi,2023-08-20,542.355,542.79,92
PUNE_G001,Dattawadi,2023-08-21,542.341,542.37,89
PUNE_G001,Dattawadi,2023-08-22,542.34,542.37,94
PUNE_G001,Dattawadi,2023-08-23,542.359,542.37,93
PUNE_G001,Dattawadi,2023-08-24,542.336,542.37,93
PUNE_G001,Dattawadi,2023-08-25,542.344,542.38,91
PUNE_G001,Dattawadi,2023-08-26,542.367,542.84,93
PUNE_G001,Dattawadi,2023-08-27,542.286,542.61,94
PUNE_G001,Dattawadi,2023-08-28,542.264,542.48,94
PUNE_G001,Dattawadi,2023-08-29,542.33,542.63,91
PUNE_G001,Dattawadi,2023-08-30,542.342,542.46,95
PUNE_G001,Dattawadi,2023-08-31,542.303,542.34,91
PUNE_G001,Dattawadi,2023-09-01,542.303,542.37,93
PUNE_G001,Dattawadi,2023-09-02,543.306,544.02,83
PUNE_G001,Dattawadi,2023-09-03,543.668,544.02,87
PUNE_G001,Dattawadi,2023-09-04,543.17,543.17,73
PUNE_G001,Dattawadi,2023-09-05,543.17,543.17,85
PUNE_G001,Dattawadi,2023-09-06,543.17,543.17,79
PUNE_G001,Dattawadi,2023-09-07,543.17,543.17,86
PUNE_G001,Dattawadi,2023-09-08,543.17,543.17,85
PUNE_G001,Dattawadi,2023-09-09,543.17,543.17,92
PUNE_G001,Dattawadi,2023-09-10,543.17,543.17,95
PUNE_G001,Dattawadi,2023-09-11,543.17,543.17,92
PUNE_G001,Dattawadi,2023-09-12,542.453,543.21,92
PUNE_G001,Dattawadi,2023-09-13,541.377,541.42,95
PUNE_G001,Dattawadi,2023-09-14,541.375,541.41,94
PUNE_G001,Dattawadi,2023-09-15,541.383,541.44,96
PUNE_G001,Dattawadi,2023-09-16,541.377,541.41,87
PUNE_G001,Dattawadi,2023-09-17,541.384,541.42,95
PUNE_G001,Dattawadi,2023-09-18,541.38,541.41,93
PUNE_G001,Dattawadi,2023-09-19,541.379,541.41,95
PUNE_G001,Dattawadi,2023-09-20,541.375,541.41,92
PUNE_G001,Dattawadi,2023-09-21,541.379,541.41,93
PUNE_G001,Dattawadi,2023-09-22,541.432,541.67,93
PUNE_G001,Dattawadi,2023-09-23,541.48,541.77,89
PUNE_G001,Dattawadi,2023-09-24,541.43,541.51,90
PUNE_G001,Dattawadi,2023-09-25,541.398,541.43,91
PUNE_G001,Dattawadi,2023-09-26,541.448,541.82,89
PUNE_G001,Dattawadi,2023-09-27,541.496,541.78,94
PUNE_G001,Dattawadi,2023-09-28,541.597,542.29,91
PUNE_G001,Dattawadi,2023-09-29,541.594,541.82,85
PUNE_G001,Dattawadi,2023-09-30,542.234,542.5,83
PUNE_G001,Dattawadi,2023-10-01,542.345,542.37,88
PUNE_G001,Dattawadi,2023-10-02,542.199,542.37,95
PUNE_G001,Dattawadi,2023-10-03,541.615,542.0,95
PUNE_G001,Dattawadi,2023-10-04,541.454,541.49,96
PUNE_G001,Dattawadi,2023-10-05,541.443,541.48,95
PUNE_G001,Dattawadi,2023-10-06,541.432,541.47,96
PUNE_G001,Dattawadi,2023-10-07,541.425,541.45,95
PUNE_G001,Dattawadi,2023-10-08,541.416,541.45,95
PUNE_G001,Dattawadi,2023-10-09,541.412,541.44,95
PUNE_G001,Dattawadi,2023-10-10,541.41,541.44,96
PUNE_G001,Dattawadi,2023-10-11,541.404,541.44,95
PUNE_G001,Dattawadi,2023-10-12,541.399,541.43,95
PUNE_G001,Dattawadi,2023-10-13,541.396,541.43,93
PUNE_G001,Dattawadi,2023-10-14,541.397,541.43,83
PUNE_G001,Dattawadi,2023-10-16,541.394,541.41,37
PUNE_G001,Dattawadi,2023-10-17,541.389,541.42,95
PUNE_G001,Dattawadi,2023-10-18,541.387,541.42,85
PUNE_G001,Dattawadi,2023-10-19,541.384,541.42,84
PUNE_G001,Dattawadi,2023-10-20,541.379,541.41,64
PUNE_G001,Dattawadi,2023-10-21,541.381,541.41,57
PUNE_G001,Dattawadi,2023-10-22,541.377,541.41,42
PUNE_G001,Dattawadi,2023-10-23,541.375,541.4,46
PUNE_G001,Dattawadi,2023-10-24,541.379,541.41,51
PUNE_G001,Dattawadi,2023-10-25,541.379,541.41,72
PUNE_G001,Dattawadi,2023-10-26,541.379,541.41,88
PUNE_G001,Dattawadi,2023-10-27,541.377,541.41,91
PUNE_G001,Dattawadi,2023-10-28,541.374,541.41,93
PUNE_G001,Dattawadi,2023-10-29,541.377,541.41,96
PUNE_G001,Dattawadi,2023-10-30,541.374,541.41,93
PUNE_G001,Dattawadi,2023-10-31,541.376,541.41,92
PUNE_G001,Dattawadi,2023-11-01,541.373,541.41,90
PUNE_G001,Dattawadi,2023-11-02,541.372,541.42,79
PUNE_G001,Dattawadi,2023-11-03,541.377,541.41,87
PUNE_G001,Dattawadi,2023-11-04,541.373,541.41,83
PUNE_G001,Dattawadi,2023-11-05,541.371,541.41,88
PUNE_G001,Dattawadi,2023-11-06,541.365,541.4,93
PUNE_G001,Dattawadi,2023-11-07,541.367,541.4,86
PUNE_G001,Dattawadi,2023-11-08,541.366,541.4,94
PUNE_G001,Dattawadi,2023-11-09,541.369,541.4,91
PUNE_G001,Dattawadi,2023-11-10,541.445,541.84,91
PUNE_G001,Dattawadi,2023-11-11,541.392,541.46,91
PUNE_G001,Dattawadi,2023-11-12,541.373,541.4,89
PUNE_G001,Dattawadi,2023-11-13,541.367,541.39,87
PUNE_G001,Dattawadi,2023-11-14,541.364,541.39,88
PUNE_G001,Dattawadi,2023-11-15,541.363,541.39,92
PUNE_G001,Dattawadi,2023-11-16,541.364,541.39,90
PUNE_G001,Dattawadi,2023-11-17,541.367,541.4,90
PUNE_G001,Dattawadi,2023-11-18,541.368,541.4,95
PUNE_G001,Dattawadi,2023-11-19,541.367,541.4,88
PUNE_G001,Dattawadi,2023-11-20,541.373,541.4,89
PUNE_G001,Dattawadi,2023-11-21,541.365,541.39,81
PUNE_G001,Dattawadi,2023-11-22,541.366,541.4,90
PUNE_G001,Dattawadi,2023-11-23,541.363,541.39,92
PUNE_G001,Dattawadi,2023-11-24,541.365,541.39,91
PUNE_G001,Dattawadi,2023-11-25,541.362,541.39,87
PUNE_G001,Dattawadi,2023-11-26,541.364,541.43,73
PUNE_G001,Dattawadi,2023-11-27,541.4,541.45,87
PUNE_G001,Dattawadi,2023-11-28,541.372,541.4,91
PUNE_G001,Dattawadi,2023-11-29,541.371,541.4,83
PUNE_G001,Dattawadi,2023-11-30,541.369,541.39,87
PUNE_G001,Dattawadi,2023-12-01,541.366,541.39,83
PUNE_G001,Dattawadi,2023-12-02,541.37,541.4,92
PUNE_G001,Dattawadi,2023-12-03,541.37,541.4,89
PUNE_G001,Dattawadi,2023-12-04,541.369,541.4,87
PUNE_G001,Dattawadi,2023-12-05,541.368,541.39,81
PUNE_G001,Dattawadi,2023-12-06,541.369,541.41,93
PUNE_G001,Dattawadi,2023-12-07,541.363,541.39,93
PUNE_G001,Dattawadi,2023-12-08,541.364,541.39,86
PUNE_G001,Dattawadi,2023-12-09,541.366,541.4,89
PUNE_G001,Dattawadi,2023-12-10,541.365,541.4,95
PUNE_G001,Dattawadi,2023-12-11,541.364,541.4,92
PUNE_G001,Dattawadi,2023-12-12,541.363,541.39,91
PUNE_G001,Dattawadi,2023-12-13,541.365,541.39,71
PUNE_G001,Dattawadi,2023-12-14,541.367,541.38,22
PUNE_G001,Dattawadi,2023-12-15,541.365,541.4,91
PUNE_G001,Dattawadi,2023-12-16,541.363,541.39,94
PUNE_G001,Dattawadi,2023-12-17,541.365,541.4,95
PUNE_G001,Dattawadi,2023-12-18,541.369,541.41,92
PUNE_G001,Dattawadi,2023-12-19,541.366,541.4,91
PUNE_G001,Dattawadi,2023-12-20,541.366,541.39,92
PUNE_G001,Dattawadi,2023-12-21,541.355,541.38,92
PUNE_G001,Dattawadi,2023-12-22,541.361,541.4,90
PUNE_G001,Dattawadi,2023-12-23,541.357,541.39,94
PUNE_G001,Dattawadi,2023-12-24,541.359,541.39,91
PUNE_G001,Dattawadi,2023-12-25,541.361,541.4,94
PUNE_G001,Dattawadi,2023-12-26,541.361,541.4,92
PUNE_G001,Dattawadi,2023-12-27,541.363,541.39,91
PUNE_G001,Dattawadi,2023-12-28,541.365,541.4,95
PUNE_G001,Dattawadi,2023-12-29,541.366,541.4,91
PUNE_G001,Dattawadi,2023-12-30,541.367,541.4,93
PUNE_G001,Dattawadi,2023-12-31,541.366,541.4,95
PUNE_G001,Dattawadi,2024-01-01,541.361,541.4,92
PUNE_G001,Dattawadi,2024-01-02,541.366,541.4,93
PUNE_G001,Dattawadi,2024-01-03,541.368,541.39,92
PUNE_G001,Dattawadi,2024-01-04,541.364,541.39,94
PUNE_G001,Dattawadi,2024-01-05,541.358,541.39,93
PUNE_G001,Dattawadi,2024-01-06,541.361,541.39,94
PUNE_G001,Dattawadi,2024-01-07,541.375,541.41,90
PUNE_G001,Dattawadi,2024-01-08,541.367,541.4,93
PUNE_G001,Dattawadi,2024-01-09,541.37,541.42,93
PUNE_G001,Dattawadi,2024-01-10,541.366,541.39,89
PUNE_G001,Dattawadi,2024-01-11,541.368,541.4,88
PUNE_G001,Dattawadi,2024-01-12,541.362,541.4,92
PUNE_G001,Dattawadi,2024-01-13,541.364,541.39,95
PUNE_G001,Dattawadi,2024-01-14,541.362,541.39,95
PUNE_G001,Dattawadi,2024-01-15,541.356,541.39,94
PUNE_G001,Dattawadi,2024-01-16,541.356,541.39,90
PUNE_G001,Dattawadi,2024-01-17,541.356,541.38,91
PUNE_G001,Dattawadi,2024-01-18,541.357,541.4,94
PUNE_G001,Dattawadi,2024-01-19,541.356,541.39,88
PUNE_G001,Dattawadi,2024-01-20,541.352,541.38,88
PUNE_G001,Dattawadi,2024-01-21,541.355,541.39,91
PUNE_G001,Dattawadi,2024-01-22,541.353,541.38,88
PUNE_G001,Dattawadi,2024-01-23,541.357,541.39,88
PUNE_G001,Dattawadi,2024-01-24,541.353,541.39,92
PUNE_G001,Dattawadi,2024-01-25,541.351,541.39,91
PUNE_G001,Dattawadi,2024-01-26,541.352,541.39,94
PUNE_G001,Dattawadi,2024-01-27,541.354,541.4,94
PUNE_G001,Dattawadi,2024-01-28,541.358,541.4,91
PUNE_G001,Dattawadi,2024-01-29,541.363,541.4,93
PUNE_G001,Dattawadi,2024-01-30,541.36,541.39,89
PUNE_G001,Dattawadi,2024-01-31,541.364,541.41,93
PUNE_G001,Dattawadi,2024-02-01,541.36,541.39,90
PUNE_G001,Dattawadi,2024-02-02,541.36,541.4,92
PUNE_G001,Dattawadi,2024-02-03,541.356,541.39,92
PUNE_G001,Dattawadi,2024-02-04,541.358,541.4,91
PUNE_G001,Dattawadi,2024-02-05,541.36,541.39,89
PUNE_G001,Dattawadi,2024-02-06,541.372,542.99,91
PUNE_G001,Dattawadi,2024-02-07,541.352,541.39,91
PUNE_G001,Dattawadi,2024-02-08,542.18,542.99,76
PUNE_G001,Dattawadi,2024-02-09,542.99,542.99,79
PUNE_G001,Dattawadi,2024-02-10,542.99,542.99,91
PUNE_G001,Dattawadi,2024-02-11,542.99,542.99,88
PUNE_G001,Dattawadi,2024-02-12,542.99,542.99,64
PUNE_G001,Dattawadi,2024-02-13,542.99,542.99,56
PUNE_G001,Dattawadi,2024-02-14,542.99,542.99,50
PUNE_G001,Dattawadi,2024-02-15,542.99,542.99,35
PUNE_G001,Dattawadi,2024-02-16,542.99,542.99,49
PUNE_G001,Dattawadi,2024-02-17,542.99,542.99,36
PUNE_G001,Dattawadi,2024-02-18,542.99,542.99,38
PUNE_G001,Dattawadi,2024-02-19,542.99,542.99,59
PUNE_G001,Dattawadi,2024-02-20,542.99,542.99,89
PUNE_G001,Dattawadi,2024-02-21,542.99,542.99,92
PUNE_G001,Dattawadi,2024-02-22,542.99,542.99,91
PUNE_G001,Dattawadi,2024-02-23,542.99,542.99,4
PUNE_G001,Dattawadi,2024-03-26,542.599,542.62,96
PUNE_G001,Dattawadi,2024-03-27,542.597,542.63,87
PUNE_G001,Dattawadi,2024-03-28,542.599,542.63,87
PUNE_G001,Dattawadi,2024-03-29,542.601,542.63,86
PUNE_G001,Dattawadi,2024-03-30,542.606,542.63,74
PUNE_G001,Dattawadi,2024-03-31,542.604,542.63,68
PUNE_G001,Dattawadi,2024-04-01,542.6,542.62,86
PUNE_G001,Dattawadi,2024-04-02,542.599,542.62,87
PUNE_G001,Dattawadi,2024-04-03,542.604,542.63,93
PUNE_G001,Dattawadi,2024-04-04,542.606,542.63,94
PUNE_G001,Dattawadi,2024-04-05,542.596,542.62,91
PUNE_G001,Dattawadi,2024-04-06,542.606,542.67,86
PUNE_G001,Dattawadi,2024-04-07,542.604,542.63,92
PUNE_G001,Dattawadi,2024-04-08,542.601,542.62,95
PUNE_G001,Dattawadi,2024-04-09,542.599,542.63,93
PUNE_G001,Dattawadi,2024-04-10,542.595,542.63,74
PUNE_G001,Dattawadi,2024-04-11,542.602,542.63,95
PUNE_G001,Dattawadi,2024-04-12,542.606,542.63,89
PUNE_G001,Dattawadi,2024-04-13,542.603,542.64,91
PUNE_G001,Dattawadi,2024-04-14,542.602,542.63,92
PUNE_G001,Dattawadi,2024-04-15,542.602,542.63,91
PUNE_G001,Dattawadi,2024-04-16,542.604,542.63,93
PUNE_G001,Dattawadi,2024-04-17,542.606,542.63,90
PUNE_G001,Dattawadi,2024-04-18,542.604,542.63,79
PUNE_G001,Dattawadi,2024-04-19,542.605,542.63,82
PUNE_G001,Dattawadi,2024-04-20,542.609,542.63,92
PUNE_G001,Dattawadi,2024-04-21,542.614,542.64,90
PUNE_G001,Dattawadi,2024-04-22,542.612,542.63,95
PUNE_G001,Dattawadi,2024-04-23,542.607,542.63,91
PUNE_G001,Dattawadi,2024-04-24,542.605,542.63,86
PUNE_G001,Dattawadi,2024-04-25,542.605,542.63,69
PUNE_G001,Dattawadi,2024-04-26,542.6,542.63,43
PUNE_G001,Dattawadi,2024-04-27,542.607,542.63,81
PUNE_G001,Dattawadi,2024-04-28,542.607,542.63,75
PUNE_G001,Dattawadi,2024-04-29,542.606,542.63,89
PUNE_G001,Dattawadi,2024-04-30,542.607,542.63,73
PUNE_G001,Dattawadi,2024-05-01,542.604,542.62,64
PUNE_G001,Dattawadi,2024-05-02,542.602,542.63,59
PUNE_G001,Dattawadi,2024-05-03,542.609,542.63,73
PUNE_G001,Dattawadi,2024-05-04,542.608,542.63,64
PUNE_G001,Dattawadi,2024-05-05,542.613,542.63,19
PUNE_G001,Dattawadi,2024-05-06,542.608,542.62,19
PUNE_G001,Dattawadi,2024-05-07,542.611,542.63,50
PUNE_G001,Dattawadi,2024-05-08,542.611,542.64,90
PUNE_G001,Dattawadi,2024-05-09,542.615,542.67,72
PUNE_G001,Dattawadi,2024-05-10,542.65,542.82,59
PUNE_G001,Dattawadi,2024-05-11,542.597,542.64,55
PUNE_G001,Dattawadi,2024-05-12,542.583,542.6,63
PUNE_G001,Dattawadi,2024-05-13,542.581,542.6,78
PUNE_G001,Dattawadi,2024-05-14,542.579,542.6,90
PUNE_G001,Dattawadi,2024-05-15,542.58,542.61,90
PUNE_G001,Dattawadi,2024-05-16,542.581,542.6,91
PUNE_G001,Dattawadi,2024-05-17,542.58,542.6,93
PUNE_G001,Dattawadi,2024-05-18,542.582,542.6,92
PUNE_G001,Dattawadi,2024-05-19,542.601,542.66,89
PUNE_G001,Dattawadi,2024-05-20,542.511,542.65,81
PUNE_G001,Dattawadi,2024-05-21,542.071,542.11,86
PUNE_G001,Dattawadi,2024-05-22,542.062,542.09,94
PUNE_G001,Dattawadi,2024-05-23,542.063,542.09,95
PUNE_G001,Dattawadi,2024-05-24,542.062,542.09,96
PUNE_G001,Dattawadi,2024-05-25,542.058,542.08,95
PUNE_G001,Dattawadi,2024-05-26,542.063,542.09,96
PUNE_G001,Dattawadi,2024-05-27,542.059,542.08,94
PUNE_G001,Dattawadi,2024-05-28,542.061,542.08,91
PUNE_G001,Dattawadi,2024-05-29,542.06,542.08,63
PUNE_G001,Dattawadi,2024-08-22,542.22,542.48,13
PUNE_G001,Dattawadi,2024-08-23,542.152,542.19,44
PUNE_G001,Dattawadi,2024-08-24,543.228,545.88,57
PUNE_G001,Dattawadi,2024-08-25,545.791,546.12,58
PUNE_G001,Dattawadi,2024-08-26,545.568,545.8,58
PUNE_G001,Dattawadi,2024-08-27,544.878,545.26,78
PUNE_G001,Dattawadi,2024-08-28,544.324,545.16,86
PUNE_G001,Dattawadi,2024-08-29,543.228,543.35,85
PUNE_G001,Dattawadi,2024-08-30,543.414,543.57,84
PUNE_G001,Dattawadi,2024-08-31,543.041,543.18,83
PUNE_G001,Dattawadi,2024-09-01,542.253,542.56,83
PUNE_G001,Dattawadi,2024-09-02,542.381,542.76,85
PUNE_G001,Dattawadi,2024-09-03,542.635,542.84,83
PUNE_G001,Dattawadi,2024-09-04,542.195,542.23,72
PUNE_G001,Dattawadi,2024-09-05,543.008,544.63,77
PUNE_G001,Dattawadi,2024-09-06,544.325,544.69,77
PUNE_G001,Dattawadi,2024-09-07,543.349,543.48,76
PUNE_G001,Dattawadi,2024-09-08,542.26,542.79,64
PUNE_G001,Dattawadi,2024-09-09,542.16,542.2,72
PUNE_G001,Dattawadi,2024-09-10,542.166,542.34,80
PUNE_G001,Dattawadi,2024-09-11,542.612,542.71,72
PUNE_G001,Dattawadi,2024-09-12,542.721,542.8,82
PUNE_G001,Dattawadi,2024-09-13,542.633,542.72,74
PUNE_G001,Dattawadi,2024-09-14,542.254,542.41,79
PUNE_G001,Dattawadi,2024-09-15,542.183,542.28,82
PUNE_G001,Dattawadi,2024-09-16,542.147,542.2,86
PUNE_G001,Dattawadi,2024-09-17,542.502,543.15,80
PUNE_G001,Dattawadi,2024-09-18,542.309,542.93,77
PUNE_G001,Dattawadi,2024-09-19,542.102,542.14,79
PUNE_G001,Dattawadi,2024-09-20,542.101,542.14,70
PUNE_G001,Dattawadi,2024-09-21,542.096,542.13,80
PUNE_G001,Dattawadi,2024-09-22,542.105,542.32,80
PUNE_G001,Dattawadi,2024-09-23,542.166,542.36,79
PUNE_G001,Dattawadi,2024-09-24,542.216,542.4,75
PUNE_G001,Dattawadi,2024-09-25,542.476,544.44,73
PUNE_G001,Dattawadi,2024-09-26,543.469,544.56,64
PUNE_G001,Dattawadi,2024-09-30,542.605,542.71,37
PUNE_G001,Dattawadi,2024-10-01,542.566,542.71,78
PUNE_G001,Dattawadi,2024-10-02,542.463,542.56,72
PUNE_G001,Dattawadi,2024-10-03,542.681,542.96,68
PUNE_G001,Dattawadi,2024-10-04,542.827,542.99,80
PUNE_G001,Dattawadi,2024-10-05,542.502,542.8,73
PUNE_G001,Dattawadi,2024-10-06,542.316,542.35,76
PUNE_G001,Dattawadi,2024-10-07,542.302,542.34,75
PUNE_G001,Dattawadi,2024-10-08,542.303,542.33,75
PUNE_G001,Dattawadi,2024-10-09,542.294,542.33,80
PUNE_G001,Dattawadi,2024-10-10,542.291,542.32,65
PUNE_G001,Dattawadi,2024-10-11,542.293,542.32,76
PUNE_G001,Dattawadi,2024-10-12,542.297,542.33,57
PUNE_G001,Dattawadi,2024-10-13,542.292,542.33,71
PUNE_G001,Dattawadi,2024-10-14,542.303,542.33,59
PUNE_G001,Dattawadi,2024-10-15,542.305,542.33,68
PUNE_G001,Dattawadi,2024-10-16,542.296,542.32,66
PUNE_G001,Dattawadi,2024-10-17,542.29,542.31,73
PUNE_G001,Dattawadi,2024-10-18,542.29,542.32,67
PUNE_G001,Dattawadi,2024-10-19,542.287,542.31,68
PUNE_G001,Dattawadi,2024-10-20,542.289,542.31,76
PUNE_G001,Dattawadi,2024-10-21,542.291,542.32,54
PUNE_G001,Dattawadi,2024-10-22,542.288,542.32,65
PUNE_G001,Dattawadi,2024-10-23,542.305,542.35,66
PUNE_G001,Dattawadi,2024-10-24,542.281,542.31,76
PUNE_G001,Dattawadi,2024-10-25,542.279,542.31,72
PUNE_G001,Dattawadi,2024-10-26,542.286,542.33,64
PUNE_G001,Dattawadi,2024-10-27,542.285,542.32,61
PUNE_G001,Dattawadi,2024-10-28,542.274,542.32,61
PUNE_G001,Dattawadi,2024-10-29,542.272,542.32,53
PUNE_G001,Dattawadi,2024-10-30,542.28,542.32,59
PUNE_G001,Dattawadi,2024-10-31,542.281,542.31,72
PUNE_G001,Dattawadi,2024-11-01,542.279,542.3,50
PUNE_G001,Dattawadi,2024-11-02,542.276,542.31,63
PUNE_G001,Dattawadi,2024-11-03,542.271,542.31,55
PUNE_G001,Dattawadi,2024-11-04,542.269,542.3,56
PUNE_G001,Dattawadi,2024-11-05,542.273,542.3,58
PUNE_G001,Dattawadi,2024-11-06,542.273,542.3,63
PUNE_G001,Dattawadi,2024-11-07,542.268,542.3,52
PUNE_G001,Dattawadi,2024-11-08,542.274,542.31,62
PUNE_G001,Dattawadi,2024-11-09,542.271,542.3,55
PUNE_G001,Dattawadi,2024-11-10,542.271,542.3,56
PUNE_G001,Dattawadi,2024-11-11,542.271,542.29,63
PUNE_G001,Dattawadi,2024-11-12,542.267,542.3,62
PUNE_G001,Dattawadi,2024-11-13,542.266,542.3,69
PUNE_G001,Dattawadi,2024-11-14,542.264,542.3,58
PUNE_G001,Dattawadi,2024-11-15,542.265,542.3,59
PUNE_G001,Dattawadi,2024-11-16,542.275,542.31,62
PUNE_G001,Dattawadi,2024-11-17,542.262,542.3,56
PUNE_G001,Dattawadi,2024-11-18,542.265,542.28,31
PUNE_G001,Dattawadi,2024-11-19,542.256,542.3,31
PUNE_G001,Dattawadi,2024-11-20,542.256,542.3,25
PUNE_G001,Dattawadi,2024-11-21,542.258,542.28,24
PUNE_G001,Dattawadi,2024-11-22,542.26,542.29,27
PUNE_G001,Dattawadi,2024-11-23,542.257,542.29,25
PUNE_G001,Dattawadi,2024-11-24,542.265,542.3,31
PUNE_G001,Dattawadi,2024-11-25,542.257,542.29,29
PUNE_G001,Dattawadi,2024-11-26,542.257,542.29,27
PUNE_G001,Dattawadi,2024-11-27,542.261,542.29,35
PUNE_G001,Dattawadi,2024-11-28,542.256,542.28,29
PUNE_G001,Dattawadi,2024-11-29,542.26,542.29,30
PUNE_G001,Dattawadi,2024-11-30,542.258,542.34,26
PUNE_G001,Dattawadi,2024-12-01,542.261,542.29,29
PUNE_G001,Dattawadi,2024-12-02,542.267,542.31,32
PUNE_G001,Dattawadi,2024-12-03,542.264,542.28,42
PUNE_G001,Dattawadi,2024-12-04,542.266,542.29,41
PUNE_G001,Dattawadi,2024-12-05,542.266,542.31,63
PUNE_G001,Dattawadi,2024-12-06,542.27,542.29,42
PUNE_G001,Dattawadi,2024-12-07,542.267,542.29,61
PUNE_G001,Dattawadi,2024-12-08,542.263,542.3,55
PUNE_G001,Dattawadi,2024-12-09,542.26,542.29,61
PUNE_G001,Dattawadi,2024-12-10,542.26,542.28,59
PUNE_G001,Dattawadi,2024-12-11,542.261,542.29,52
PUNE_G001,Dattawadi,2024-12-12,542.252,542.29,53
PUNE_G001,Dattawadi,2024-12-13,542.257,542.29,42
PUNE_G001,Dattawadi,2024-12-14,542.258,542.29,56
PUNE_G001,Dattawadi,2024-12-15,542.26,542.29,59
PUNE_G001,Dattawadi,2024-12-16,542.262,542.29,72
PUNE_G001,Dattawadi,2024-12-17,542.26,542.29,73
PUNE_G001,Dattawadi,2024-12-18,542.261,542.29,49
PUNE_G001,Pimpale Gurav,2022-02-12,549.107,549.13,10
PUNE_G001,Pimpale Gurav,2022-02-13,549.082,549.09,24
PUNE_G001,Pimpale Gurav,2022-02-14,549.045,549.08,24
PUNE_G001,Pimpale Gurav,2022-02-15,549.013,549.03,22
PUNE_G001,Pimpale Gurav,2022-02-16,548.998,549.02,24
PUNE_G001,Pimpale Gurav,2022-02-17,548.97,548.99,22
PUNE_G001,Pimpale Gurav,2022-02-18,548.965,548.98,23
PUNE_G001,Pimpale Gurav,2022-02-19,548.944,548.96,24
PUNE_G001,Pimpale Gurav,2022-02-20,548.972,549.0,23
PUNE_G001,Pimpale Gurav,2022-02-21,548.96,549.0,23
PUNE_G001,Pimpale Gurav,2022-02-22,548.931,548.95,23
PUNE_G001,Pimpale Gurav,2022-02-23,548.93,548.95,22
PUNE_G001,Pimpale Gurav,2022-02-24,548.917,548.94,24
PUNE_G001,Pimpale Gurav,2022-02-25,548.89,548.91,23
PUNE_G001,Pimpale Gurav,2022-02-26,548.848,548.87,24
PUNE_G001,Pimpale Gurav,2022-02-27,548.842,548.88,24
PUNE_G001,Pimpale Gurav,2022-02-28,548.819,548.91,24
PUNE_G001,Pimpale Gurav,2022-03-01,548.846,548.95,23
PUNE_G001,Pimpale Gurav,2022-03-02,548.81,548.81,19
PUNE_G001,Pimpale Gurav,2022-03-03,548.81,548.81,22
PUNE_G001,Pimpale Gurav,2022-03-04,548.81,548.81,24
PUNE_G001,Pimpale Gurav,2022-03-05,548.81,548.81,24
PUNE_G001,Pimpale Gurav,2022-03-06,548.81,548.81,23
PUNE_G001,Pimpale Gurav,2022-03-07,548.81,548.81,24
PUNE_G001,Pimpale Gurav,2022-03-08,548.81,548.81,22
PUNE_G001,Pimpale Gurav,2022-03-09,548.81,548.81,11
PUNE_G001,Pimpale Gurav,2022-06-06,548.81,548.81,25
PUNE_G001,Pimpale Gurav,2022-06-07,548.81,548.81,87
PUNE_G001,Pimpale Gurav,2022-06-08,548.81,548.81,80
PUNE_G001,Pimpale Gurav,2022-06-09,548.81,548.81,87
PUNE_G001,Pimpale Gurav,2022-06-10,548.81,548.81,88
PUNE_G001,Pimpale Gurav,2022-06-11,548.81,548.81,91
PUNE_G001,Pimpale Gurav,2022-06-12,548.81,548.81,47
PUNE_G001,Pimpale Gurav,2022-06-13,548.81,548.81,16
PUNE_G001,Pimpale Gurav,2022-06-14,548.81,548.81,27
PUNE_G001,Pimpale Gurav,2022-06-15,548.81,548.81,27
PUNE_G001,Pimpale Gurav,2022-06-16,548.81,548.81,14
PUNE_G001,Pimpale Gurav,2022-06-17,548.81,548.81,61
PUNE_G001,Pimpale Gurav,2022-06-18,548.81,548.81,70
PUNE_G001,Pimpale Gurav,2022-06-19,548.81,548.81,74
PUNE_G001,Pimpale Gurav,2022-06-20,548.81,548.81,82
PUNE_G001,Pimpale Gurav,2022-06-21,548.81,548.81,81
PUNE_G001,Pimpale Gurav,2022-06-22,548.81,548.81,78
PUNE_G001,Pimpale Gurav,2022-06-23,548.81,548.81,77
PUNE_G001,Pimpale Gurav,2022-06-24,548.81,548.81,96
PUNE_G001,Pimpale Gurav,2022-06-25,548.81,548.81,93
PUNE_G001,Pimpale Gurav,2022-06-26,548.81,548.81,95
PUNE_G001,Pimpale Gurav,2022-06-27,548.81,548.81,94
PUNE_G001,Pimpale Gurav,2022-06-28,548.81,548.81,91
PUNE_G001,Pimpale Gurav,2022-06-29,548.81,548.81,85
PUNE_G001,Pimpale Gurav,2022-06-30,548.81,548.81,94
PUNE_G001,Pimpale Gurav,2022-07-01,548.81,548.81,91
PUNE_G001,Pimpale Gurav,2022-07-02,548.81,548.81,95
PUNE_G001,Pimpale Gurav,2022-07-03,548.81,548.81,94
PUNE_G001,Pimpale Gurav,2022-07-04,548.81,548.81,88
PUNE_G001,Pimpale Gurav,2022-07-05,548.81,548.81,93
PUNE_G001,Pimpale Gurav,2022-07-06,548.81,548.81,91
PUNE_G001,Pimpale Gurav,2022-07-07,548.81,548.81,91
PUNE_G001,Pimpale Gurav,2022-07-08,548.81,548.81,95
PUNE_G001,Pimpale Gurav,2022-07-09,548.81,548.81,84
PUNE_G001,Pimpale Gurav,2022-07-10,548.81,548.81,93
PUNE_G001,Pimpale Gurav,2022-07-11,548.81,548.81,85
PUNE_G001,Pimpale Gurav,2022-07-12,548.81,548.81,75
PUNE_G001,Pimpale Gurav,2022-07-13,548.81,548.81,80
PUNE_G001,Pimpale Gurav,2022-07-14,548.81,548.81,82
PUNE_G001,Pimpale Gurav,2022-07-15,548.81,548.81,89
PUNE_G001,Pimpale Gurav,2022-07-16,548.81,548.81,88
PUNE_G001,Pimpale Gurav,2022-07-17,548.81,548.81,95
PUNE_G001,Pimpale Gurav,2022-07-18,548.81,548.81,96
PUNE_G001,Pimpale Gurav,2022-07-19,548.81,548.81,96
PUNE_G001,Pimpale Gurav,2022-07-20,548.81,548.81,95
PUNE_G001,Pimpale Gurav,2022-07-21,549.055,549.4,96
PUNE_G001,Pimpale Gurav,2022-07-22,549.392,549.4,96
PUNE_G001,Pimpale Gurav,2022-07-23,549.394,549.41,94
PUNE_G001,Pimpale Gurav,2022-07-24,549.917,550.2,95
PUNE_G001,Pimpale Gurav,2022-07-25,549.556,549.87,96
PUNE_G001,Pimpale Gurav,2022-07-26,549.433,549.44,95
PUNE_G001,Pimpale Gurav,2022-07-27,549.418,549.43,95
PUNE_G001,Pimpale Gurav,2022-07-28,549.383,549.42,89
PUNE_G001,Pimpale Gurav,2022-07-29,549.334,549.37,83
PUNE_G001,Pimpale Gurav,2022-07-30,549.31,549.31,77
PUNE_G001,Pimpale Gurav,2022-07-31,549.31,549.31,85
PUNE_G001,Pimpale Gurav,2022-08-01,549.31,549.32,80
PUNE_G001,Pimpale Gurav,2022-08-02,549.31,549.31,79
PUNE_G001,Pimpale Gurav,2022-08-03,549.31,549.31,76
PUNE_G001,Pimpale Gurav,2022-08-04,549.357,549.4,69
PUNE_G001,Pimpale Gurav,2022-08-05,549.346,549.38,81
PUNE_G001,Pimpale Gurav,2022-08-06,549.31,549.31,81
PUNE_G001,Pimpale Gurav,2022-08-07,549.31,549.31,87
PUNE_G001,Pimpale Gurav,2022-08-08,549.321,549.35,66
PUNE_G001,Pimpale Gurav,2022-08-09,549.814,550.66,80
PUNE_G001,Pimpale Gurav,2022-08-10,550.62,550.9,91
PUNE_G001,Pimpale Gurav,2022-08-11,551.388,551.84,81
PUNE_G001,Pimpale Gurav,2022-08-12,551.719,552.03,68
PUNE_G001,Pimpale Gurav,2022-08-13,551.646,551.77,85
PUNE_G001,Pimpale Gurav,2022-08-14,551.74,551.97,80
PUNE_G001,Pimpale Gurav,2022-08-15,550.906,551.14,78
PUNE_G001,Pimpale Gurav,2022-08-16,550.888,550.98,77
PUNE_G001,Pimpale Gurav,2022-08-17,550.857,550.94,68
PUNE_G001,Pimpale Gurav,2022-08-18,550.422,550.61,80
PUNE_G001,Pimpale Gurav,2022-08-19,549.54,549.91,95
PUNE_G001,Pimpale Gurav,2022-08-20,549.711,549.98,87
PUNE_G001,Pimpale Gurav,2022-08-21,549.786,550.08,77
PUNE_G001,Pimpale Gurav,2022-08-22,550.057,550.13,61
PUNE_G001,Pimpale Gurav,2022-08-23,550.134,550.23,64
PUNE_G001,Pimpale Gurav,2022-08-24,550.26,550.83,49
PUNE_G001,Pimpale Gurav,2022-08-25,550.691,551.02,58
PUNE_G001,Pimpale Gurav,2022-08-26,549.771,549.99,62
PUNE_G001,Pimpale Gurav,2022-08-27,549.536,549.73,54
PUNE_G001,Pimpale Gurav,2022-08-28,549.394,549.48,60
PUNE_G001,Pimpale Gurav,2022-08-29,549.352,549.44,52
PUNE_G001,Pimpale Gurav,2022-08-30,549.409,549.48,56
PUNE_G001,Pimpale Gurav,2022-08-31,549.4,549.43,49
PUNE_G001,Pimpale Gurav,2022-09-01,549.601,549.82,43
PUNE_G001,Pimpale Gurav,2022-09-02,549.572,549.72,38
PUNE_G001,Pimpale Gurav,2022-09-03,549.5,549.55,23
PUNE_G001,Pimpale Gurav,2022-10-01,549.384,549.42,7
PUNE_G001,Pimpale Gurav,2022-10-02,549.357,549.37,17
PUNE_G001,Pimpale Gurav,2022-10-03,549.347,549.37,27
PUNE_G001,Pimpale Gurav,2022-10-04,549.348,549.4,26
PUNE_G001,Pimpale Gurav,2022-10-05,549.364,549.38,37
PUNE_G001,Pimpale Gurav,2022-10-06,549.385,549.42,34
PUNE_G001,Pimpale Gurav,2022-10-07,549.347,549.37,26
PUNE_G001,Pimpale Gurav,2022-10-08,549.325,549.34,31
PUNE_G001,Pimpale Gurav,2022-10-09,549.341,549.4,28
PUNE_G001,Pimpale Gurav,2022-10-10,549.362,549.44,22
PUNE_G001,Pimpale Gurav,2022-10-11,549.406,549.46,25
PUNE_G001,Pimpale Gurav,2022-10-12,549.399,549.45,35
PUNE_G001,Pimpale Gurav,2022-10-13,549.411,549.5,36
PUNE_G001,Pimpale Gurav,2022-10-14,549.464,549.5,37
PUNE_G001,Pimpale Gurav,2022-10-15,549.832,550.81,95
PUNE_G001,Pimpale Gurav,2022-10-16,549.471,549.52,96
PUNE_G001,Pimpale Gurav,2022-10-17,549.437,549.49,62
PUNE_G001,Pimpale Gurav,2022-10-18,549.59,550.0,30
PUNE_G001,Pimpale Gurav,2022-10-19,549.52,549.57,30
PUNE_G001,Pimpale Gurav,2022-10-20,549.545,549.62,27
PUNE_G001,Pimpale Gurav,2022-10-21,549.534,549.62,32
PUNE_G001,Pimpale Gurav,2022-10-22,549.516,549.55,27
PUNE_G001,Pimpale Gurav,2022-10-23,549.483,549.51,22
PUNE_G001,Pimpale Gurav,2022-10-24,549.509,549.53,18
PUNE_G001,Pimpale Gurav,2022-10-25,549.489,549.52,25
PUNE_G001,Pimpale Gurav,2022-10-26,549.47,549.47,1
PUNE_G001,Pimpale Gurav,2022-10-27,549.54,549.54,1
PUNE_G001,Pimpale Gurav,2022-10-28,549.458,549.48,5
PUNE_G001,Pimpale Gurav,2022-10-29,549.418,549.45,22
PUNE_G001,Pimpale Gurav,2022-10-30,549.412,549.43,22
PUNE_G001,Pimpale Gurav,2022-10-31,549.419,549.46,25
PUNE_G001,Pimpale Gurav,2022-11-01,549.366,549.45,40
PUNE_G001,Pimpale Gurav,2022-11-02,549.371,549.39,23
PUNE_G001,Pimpale Gurav,2022-11-03,549.368,549.4,24
PUNE_G001,Pimpale Gurav,2022-11-04,549.378,549.4,26
PUNE_G001,Pimpale Gurav,2022-11-05,549.382,549.39,24
PUNE_G001,Pimpale Gurav,2022-11-06,549.362,549.38,28
PUNE_G001,Pimpale Gurav,2022-11-07,549.35,549.38,33
PUNE_G001,Pimpale Gurav,2022-11-08,549.31,549.32,26
PUNE_G001,Pimpale Gurav,2022-11-09,549.332,549.36,33
PUNE_G001,Pimpale Gurav,2022-11-10,549.324,549.36,37
PUNE_G001,Pimpale Gurav,2022-11-11,549.313,549.33,39
PUNE_G001,Pimpale Gurav,2022-11-12,549.313,549.33,26
PUNE_G001,Pimpale Gurav,2022-11-13,549.31,549.31,19
PUNE_G001,Pimpale Gurav,2022-11-15,549.31,549.31,18
PUNE_G001,Pimpale Gurav,2022-11-16,549.31,549.31,25
PUNE_G001,Pimpale Gurav,2022-11-17,549.31,549.31,32
PUNE_G001,Pimpale Gurav,2022-11-18,549.31,549.31,41
PUNE_G001,Pimpale Gurav,2022-11-19,549.31,549.31,45
PUNE_G001,Pimpale Gurav,2022-11-20,549.31,549.31,50
PUNE_G001,Pimpale Gurav,2022-11-21,549.31,549.31,50
PUNE_G001,Pimpale Gurav,2022-11-22,549.31,549.31,52
PUNE_G001,Pimpale Gurav,2022-11-23,549.31,549.31,47
PUNE_G001,Pimpale Gurav,2022-11-24,549.31,549.31,47
PUNE_G001,Pimpale Gurav,2022-11-25,549.31,549.31,41
PUNE_G001,Pimpale Gurav,2022-11-26,549.31,549.31,48
PUNE_G001,Pimpale Gurav,2022-11-27,549.31,549.31,40
PUNE_G001,Pimpale Gurav,2022-11-28,549.31,549.31,42
PUNE_G001,Pimpale Gurav,2022-11-29,549.31,549.31,35
PUNE_G001,Pimpale Gurav,2022-11-30,549.31,549.31,48
PUNE_G001,Pimpale Gurav,2022-12-01,549.31,549.31,44
PUNE_G001,Pimpale Gurav,2022-12-02,549.31,549.31,59
PUNE_G001,Pimpale Gurav,2022-12-03,549.31,549.31,61
PUNE_G001,Pimpale Gurav,2022-12-04,549.31,549.31,58
PUNE_G001,Pimpale Gurav,2022-12-05,549.31,549.31,51
PUNE_G001,Pimpale Gurav,2022-12-06,549.31,549.31,58
PUNE_G001,Pimpale Gurav,2022-12-07,549.31,549.31,60
PUNE_G001,Pimpale Gurav,2022-12-08,549.31,549.31,55
PUNE_G001,Pimpale Gurav,2022-12-09,549.31,549.31,70
PUNE_G001,Pimpale Gurav,2022-12-10,549.31,549.31,18
PUNE_G001,Pimpale Gurav,2022-12-11,549.31,549.31,56
PUNE_G001,Pimpale Gurav,2022-12-12,549.31,549.31,59
PUNE_G001,Pimpale Gurav,2022-12-13,549.31,549.31,56
PUNE_G001,Pimpale Gurav,2022-12-14,549.31,549.31,60
PUNE_G001,Pimpale Gurav,2022-12-15,549.31,549.31,64
PUNE_G001,Pimpale Gurav,2022-12-16,549.31,549.31,54
PUNE_G001,Pimpale Gurav,2022-12-17,549.31,549.31,46
PUNE_G001,Pimpale Gurav,2022-12-18,549.31,549.31,53
PUNE_G001,Pimpale Gurav,2022-12-19,549.31,549.31,45
PUNE_G001,Pimpale Gurav,2022-12-20,549.31,549.31,39
PUNE_G001,Pimpale Gurav,2022-12-21,549.31,549.31,48
PUNE_G001,Pimpale Gurav,2022-12-22,549.31,549.31,72
PUNE_G001,Pimpale Gurav,2022-12-23,549.31,549.31,69
PUNE_G001,Pimpale Gurav,2022-12-24,549.31,549.31,63
PUNE_G001,Pimpale Gurav,2022-12-25,549.31,549.31,60
PUNE_G001,Pimpale Gurav,2022-12-26,549.31,549.31,29
PUNE_G001,Pimpale Gurav,2022-12-27,549.31,549.31,24
PUNE_G001,Pimpale Gurav,2022-12-28,549.31,549.31,25
PUNE_G001,Pimpale Gurav,2022-12-29,549.31,549.31,26
PUNE_G001,Pimpale Gurav,2022-12-30,549.31,549.31,37
PUNE_G001,Pimpale Gurav,2022-12-31,549.31,549.31,29
PUNE_G001,Pimpale Gurav,2023-01-01,549.31,549.31,44
PUNE_G001,Pimpale Gurav,2023-01-02,549.31,549.31,29
PUNE_G001,Pimpale Gurav,2023-01-03,549.31,549.31,28
PUNE_G001,Pimpale Gurav,2023-01-04,549.31,549.31,37
PUNE_G001,Pimpale Gurav,2023-01-05,549.31,549.31,30
PUNE_G001,Pimpale Gurav,2023-01-06,549.31,549.31,26
PUNE_G001,Pimpale Gurav,2023-01-07,549.31,549.31,40
PUNE_G001,Pimpale Gurav,2023-01-08,549.31,549.31,24
PUNE_G001,Pimpale Gurav,2023-01-09,549.31,549.31,33
PUNE_G001,Pimpale Gurav,2023-01-10,549.31,549.31,23
PUNE_G001,Pimpale Gurav,2023-01-11,549.31,549.31,23
PUNE_G001,Pimpale Gurav,2023-01-12,549.31,549.31,22
PUNE_G001,Pimpale Gurav,2023-01-13,549.31,549.31,21
PUNE_G001,Pimpale Gurav,2023-01-14,549.31,549.31,28
PUNE_G001,Pimpale Gurav,2023-01-15,549.31,549.31,10
PUNE_G001,Pimpale Gurav,2023-01-16,549.31,549.31,2
PUNE_G001,Pimpale Gurav,2023-01-23,549.31,549.31,1
PUNE_G001,Pimpale Gurav,2023-01-24,549.31,549.31,87
PUNE_G001,Pimpale Gurav,2023-01-25,549.31,549.31,96
PUNE_G001,Pimpale Gurav,2023-01-26,549.31,549.31,91
PUNE_G001,Pimpale Gurav,2023-01-27,549.31,549.31,1
PUNE_G001,Pimpale Gurav,2023-01-31,549.31,549.31,10
PUNE_G001,Pimpale Gurav,2023-02-01,549.31,549.31,96
PUNE_G001,Pimpale Gurav,2023-02-02,549.31,549.31,94
PUNE_G001,Pimpale Gurav,2023-02-03,549.31,549.31,87
PUNE_G001,Pimpale Gurav,2023-02-04,549.31,549.31,62
PUNE_G001,Pimpale Gurav,2023-02-06,549.31,549.31,4
PUNE_G001,Pimpale Gurav,2023-02-07,549.31,549.31,53
PUNE_G001,Pimpale Gurav,2023-02-08,549.31,549.31,89
PUNE_G001,Pimpale Gurav,2023-02-09,549.31,549.31,93
PUNE_G001,Pimpale Gurav,2023-02-10,549.31,549.31,94
PUNE_G001,Pimpale Gurav,2023-02-11,549.31,549.31,93
PUNE_G001,Pimpale Gurav,2023-02-12,549.31,549.31,93
PUNE_G001,Pimpale Gurav,2023-02-13,549.31,549.31,93
PUNE_G001,Pimpale Gurav,2023-02-14,549.31,549.31,95
PUNE_G001,Pimpale Gurav,2023-02-15,549.31,549.31,92
PUNE_G001,Pimpale Gurav,2023-02-16,549.31,549.31,96
PUNE_G001,Pimpale Gurav,2023-02-17,549.31,549.31,96
PUNE_G001,Pimpale Gurav,2023-02-18,549.31,549.31,91
PUNE_G001,Pimpale Gurav,2023-02-19,549.31,549.31,96
PUNE_G001,Pimpale Gurav,2023-02-20,549.31,549.31,95
PUNE_G001,Pimpale Gurav,2023-02-21,549.31,549.31,93
PUNE_G001,Pimpale Gurav,2023-02-22,549.31,549.31,93
PUNE_G001,Pimpale Gurav,2023-02-23,549.31,549.31,92
PUNE_G001,Pimpale Gurav,2023-02-24,549.31,549.31,96
PUNE_G001,Pimpale Gurav,2023-02-25,549.31,549.31,93
PUNE_G001,Pimpale Gurav,2023-02-26,549.31,549.31,16
PUNE_G001,Pimpale Gurav,2023-02-27,549.31,549.31,42
PUNE_G001,Pimpale Gurav,2023-02-28,549.31,549.31,9
PUNE_G001,Pimpale Gurav,2023-03-01,549.31,549.31,63
PUNE_G001,Pimpale Gurav,2023-03-02,549.31,549.31,84
PUNE_G001,Pimpale Gurav,2023-03-03,549.31,549.31,94
PUNE_G001,Pimpale Gurav,2023-03-04,549.31,549.31,83
PUNE_G001,Pimpale Gurav,2023-03-05,549.31,549.31,94
PUNE_G001,Pimpale Gurav,2023-03-06,549.31,549.31,92
PUNE_G001,Pimpale Gurav,2023-03-07,549.31,549.31,93
PUNE_G001,Pimpale Gurav,2023-03-08,549.31,549.31,95
PUNE_G001,Pimpale Gurav,2023-03-09,549.31,549.31,92
PUNE_G001,Pimpale Gurav,2023-03-10,549.31,549.31,86
PUNE_G001,Pimpale Gurav,2023-03-11,549.31,549.31,92
PUNE_G001,Pimpale Gurav,2023-03-12,549.31,549.31,93
PUNE_G001,Pimpale Gurav,2023-03-13,549.31,549.31,96
PUNE_G001,Pimpale Gurav,2023-03-14,549.31,549.31,92
PUNE_G001,Pimpale Gurav,2023-03-15,549.31,549.31,93
PUNE_G001,Pimpale Gurav,2023-03-16,549.31,549.31,94
PUNE_G001,Pimpale Gurav,2023-03-17,549.31,549.31,90
PUNE_G001,Pimpale Gurav,2023-03-18,549.31,549.31,92
PUNE_G001,Pimpale Gurav,2023-03-19,549.31,549.31,94
PUNE_G001,Pimpale Gurav,2023-03-20,549.31,549.31,93
PUNE_G001,Pimpale Gurav,2023-03-21,549.31,549.31,96
PUNE_G001,Pimpale Gurav,2023-03-22,549.31,549.31,96
PUNE_G001,Pimpale Gurav,2023-03-23,549.31,549.31,94
PUNE_G001,Pimpale Gurav,2023-03-24,549.31,549.31,85
PUNE_G001,Pimpale Gurav,2023-03-25,549.31,549.31,81
PUNE_G001,Pimpale Gurav,2023-03-26,549.31,549.31,81
PUNE_G001,Pimpale Gurav,2023-03-27,549.31,549.31,78
PUNE_G001,Pimpale Gurav,2023-03-28,549.31,549.31,91
PUNE_G001,Pimpale Gurav,2023-03-29,549.31,549.31,92
PUNE_G001,Pimpale Gurav,2023-03-30,549.31,549.31,87
PUNE_G001,Pimpale Gurav,2023-03-31,549.31,549.31,86
PUNE_G001,Pimpale Gurav,2023-04-01,549.31,549.31,93
PUNE_G001,Pimpale Gurav,2023-04-02,549.31,549.31,96
PUNE_G001,Pimpale Gurav,2023-04-03,549.31,549.31,92
PUNE_G001,Pimpale Gurav,2023-04-04,549.31,549.31,83
PUNE_G001,Pimpale Gurav,2023-04-05,549.31,549.31,94
PUNE_G001,Pimpale Gurav,2023-04-06,549.31,549.31,94
PUNE_G001,Pimpale Gurav,2023-04-07,549.31,549.31,90
PUNE_G001,Pimpale Gurav,2023-04-08,549.31,549.31,83
PUNE_G001,Pimpale Gurav,2023-04-09,549.31,549.31,88
PUNE_G001,Pimpale Gurav,2023-04-10,549.31,549.31,91
PUNE_G001,Pimpale Gurav,2023-04-11,549.31,549.31,93
PUNE_G001,Pimpale Gurav,2023-04-12,549.31,549.31,71
PUNE_G001,Pimpale Gurav,2023-04-13,549.31,549.31,93
PUNE_G001,Pimpale Gurav,2023-04-14,549.31,549.31,93
PUNE_G001,Pimpale Gurav,2023-04-15,549.31,549.31,96
PUNE_G001,Pimpale Gurav,2023-04-16,549.31,549.31,65
PUNE_G001,Pimpale Gurav,2023-04-17,549.31,549.31,51
PUNE_G001,Pimpale Gurav,2023-04-18,549.31,549.31,90
PUNE_G001,Pimpale Gurav,2023-04-19,549.31,549.31,96
PUNE_G001,Pimpale Gurav,2023-04-20,549.31,549.31,85
PUNE_G001,Pimpale Gurav,2023-04-21,549.31,549.31,96
PUNE_G001,Pimpale Gurav,2023-04-22,549.31,549.31,96
PUNE_G001,Pimpale Gurav,2023-04-23,549.31,549.31,69
PUNE_G001,Pimpale Gurav,2023-04-24,549.31,549.31,39
PUNE_G001,Pimpale Gurav,2023-04-25,549.31,549.31,66
PUNE_G001,Pimpale Gurav,2023-04-26,549.31,549.31,96
PUNE_G001,Pimpale Gurav,2023-04-27,549.31,549.31,93
PUNE_G001,Pimpale Gurav,2023-04-28,549.31,549.31,92
PUNE_G001,Pimpale Gurav,2023-04-29,549.31,549.31,96
PUNE_G001,Pimpale Gurav,2023-04-30,549.31,549.31,77
PUNE_G001,Pimpale Gurav,2023-05-01,549.31,549.31,96
PUNE_G001,Pimpale Gurav,2023-05-02,549.31,549.31,5
PUNE_G001,Pimpale Gurav,2023-05-04,549.31,549.31,13
PUNE_G001,Pimpale Gurav,2023-05-05,549.31,549.31,96
PUNE_G001,Pimpale Gurav,2023-05-06,549.31,549.31,96
PUNE_G001,Pimpale Gurav,2023-05-07,549.31,549.31,94
PUNE_G001,Pimpale Gurav,2023-05-08,549.31,549.31,96
PUNE_G001,Pimpale Gurav,2023-05-09,549.31,549.31,91
PUNE_G001,Pimpale Gurav,2023-05-10,549.31,549.31,95
PUNE_G001,Pimpale Gurav,2023-05-11,549.31,549.31,96
PUNE_G001,Pimpale Gurav,2023-05-12,549.31,549.31,94
PUNE_G001,Pimpale Gurav,2023-05-13,549.31,549.31,89
PUNE_G001,Pimpale Gurav,2023-05-14,549.31,549.31,23
PUNE_G001,Pimpale Gurav,2023-05-31,549.31,549.31,92
PUNE_G001,Pimpale Gurav,2023-06-01,549.31,549.31,91
PUNE_G001,Pimpale Gurav,2023-06-02,549.31,549.31,93
PUNE_G001,Pimpale Gurav,2023-06-03,549.31,549.31,96
PUNE_G001,Pimpale Gurav,2023-06-04,549.31,549.31,96
PUNE_G001,Pimpale Gurav,2023-06-05,549.31,549.31,95
PUNE_G001,Pimpale Gurav,2023-06-06,549.31,549.31,94
PUNE_G001,Pimpale Gurav,2023-06-07,549.31,549.31,96
PUNE_G001,Pimpale Gurav,2023-06-08,549.31,549.31,95
PUNE_G001,Pimpale Gurav,2023-06-09,549.31,549.31,89
PUNE_G001,Pimpale Gurav,2023-06-10,549.31,549.31,53
PUNE_G001,Pimpale Gurav,2023-06-11,549.31,549.31,94
PUNE_G001,Pimpale Gurav,2023-06-12,549.31,549.31,93
PUNE_G001,Pimpale Gurav,2023-06-13,549.31,549.31,94
PUNE_G001,Pimpale Gurav,2023-06-14,549.31,549.31,96
PUNE_G001,Pimpale Gurav,2023-06-15,549.31,549.31,33
PUNE_G001,Pimpale Gurav,2023-06-16,549.31,549.31,9
PUNE_G001,Pimpale Gurav,2023-06-17,549.31,549.31,53
PUNE_G001,Pimpale Gurav,2023-06-18,549.31,549.31,95
PUNE_G001,Pimpale Gurav,2023-06-19,549.31,549.31,94
PUNE_G001,Pimpale Gurav,2023-06-20,549.31,549.31,94
PUNE_G001,Pimpale Gurav,2023-06-21,549.31,549.31,95
PUNE_G001,Pimpale Gurav,2023-06-22,549.31,549.31,95
PUNE_G001,Pimpale Gurav,2023-06-23,549.31,549.31,94
PUNE_G001,Pimpale Gurav,2023-06-24,549.31,549.31,96
PUNE_G001,Pimpale Gurav,2023-06-25,549.31,549.31,93
PUNE_G001,Pimpale Gurav,2023-06-26,549.31,549.31,91
PUNE_G001,Pimpale Gurav,2023-06-27,549.31,549.31,94
PUNE_G001,Pimpale Gurav,2023-06-28,549.31,549.31,93
PUNE_G001,Pimpale Gurav,2023-06-29,549.31,549.31,91
PUNE_G001,Pimpale Gurav,2023-06-30,549.31,549.31,87
PUNE_G001,Pimpale Gurav,2023-07-01,549.355,549.49,89
PUNE_G001,Pimpale Gurav,2023-07-02,549.31,549.31,92
PUNE_G001,Pimpale Gurav,2023-07-03,549.31,549.31,90
PUNE_G001,Pimpale Gurav,2023-07-04,549.31,549.31,90
PUNE_G001,Pimpale Gurav,2023-07-05,549.31,549.31,76
PUNE_G001,Pimpale Gurav,2023-07-06,549.31,549.31,83
PUNE_G001,Pimpale Gurav,2023-07-07,549.31,549.31,85
PUNE_G001,Pimpale Gurav,2023-07-08,549.353,549.46,82
PUNE_G001,Pimpale Gurav,2023-07-09,549.31,549.31,92
PUNE_G001,Pimpale Gurav,2023-07-10,549.31,549.31,87
PUNE_G001,Pimpale Gurav,2023-07-11,549.31,549.31,90
PUNE_G001,Pimpale Gurav,2023-07-12,549.31,549.31,65
PUNE_G001,Pimpale Gurav,2023-07-13,549.31,549.31,70
PUNE_G001,Pimpale Gurav,2023-07-14,549.31,549.31,74
PUNE_G001,Pimpale Gurav,2023-07-15,549.31,549.31,76
PUNE_G001,Pimpale Gurav,2023-07-16,549.31,549.31,69
PUNE_G001,Pimpale Gurav,2023-07-17,549.31,549.31,77
PUNE_G001,Pimpale Gurav,2023-07-18,549.975,550.54,66
PUNE_G001,Pimpale Gurav,2023-07-19,550.081,550.38,58
PUNE_G001,Pimpale Gurav,2023-07-20,551.033,551.5,51
PUNE_G001,Pimpale Gurav,2023-07-21,549.613,549.9,38
PUNE_G001,Pimpale Gurav,2023-07-22,549.59,549.74,54
PUNE_G001,Pimpale Gurav,2023-07-23,550.031,550.32,72
PUNE_G001,Pimpale Gurav,2023-07-24,550.625,551.47,71
PUNE_G001,Pimpale Gurav,2023-07-25,550.599,551.29,70
PUNE_G001,Pimpale Gurav,2023-07-26,550.581,551.16,78
PUNE_G001,Pimpale Gurav,2023-07-27,550.326,550.57,73
PUNE_G001,Pimpale Gurav,2023-07-28,550.528,550.77,72
PUNE_G001,Pimpale Gurav,2023-07-29,550.248,550.47,80
PUNE_G001,Pimpale Gurav,2023-07-30,550.128,550.38,82
PUNE_G001,Pimpale Gurav,2023-07-31,549.62,549.73,72
PUNE_G001,Pimpale Gurav,2023-08-01,549.52,549.53,3
PUNE_G001,Pimpale Gurav,2023-08-02,549.48,549.53,35
PUNE_G001,Pimpale Gurav,2023-08-03,549.454,549.68,62
PUNE_G001,Pimpale Gurav,2023-08-04,550.19,550.32,89
PUNE_G001,Pimpale Gurav,2023-08-05,550.159,550.2,89
PUNE_G001,Pimpale Gurav,2023-08-06,550.097,550.16,95
PUNE_G001,Pimpale Gurav,2023-08-07,549.674,550.02,95
PUNE_G001,Pimpale Gurav,2023-08-08,549.326,549.41,87
PUNE_G001,Pimpale Gurav,2023-08-09,549.31,549.31,93
PUNE_G001,Pimpale Gurav,2023-08-10,549.31,549.31,96
PUNE_G001,Pimpale Gurav,2023-08-11,549.31,549.31,95
PUNE_G001,Pimpale Gurav,2023-08-12,549.31,549.31,95
PUNE_G001,Pimpale Gurav,2023-08-13,549.31,549.31,94
PUNE_G001,Pimpale Gurav,2023-08-14,549.31,549.31,94
PUNE_G001,Pimpale Gurav,2023-08-15,549.31,549.31,82
PUNE_G001,Pimpale Gurav,2023-08-16,549.31,549.31,92
PUNE_G001,Pimpale Gurav,2023-08-17,549.31,549.31,95
PUNE_G001,Pimpale Gurav,2023-08-18,549.31,549.31,93
PUNE_G001,Pimpale Gurav,2023-08-19,549.31,549.31,95
PUNE_G001,Pimpale Gurav,2023-08-20,549.31,549.31,94
PUNE_G001,Pimpale Gurav,2023-08-21,549.31,549.31,95
PUNE_G001,Pimpale Gurav,2023-08-22,549.31,549.31,95
PUNE_G001,Pimpale Gurav,2023-08-23,549.31,549.31,95
PUNE_G001,Pimpale Gurav,2023-08-24,549.31,549.31,83
PUNE_G001,Pimpale Gurav,2023-08-25,549.31,549.31,93
PUNE_G001,Pimpale Gurav,2023-08-26,549.31,549.31,90
PUNE_G001,Pimpale Gurav,2023-08-27,549.31,549.31,93
PUNE_G001,Pimpale Gurav,2023-08-28,549.655,549.86,93
PUNE_G001,Pimpale Gurav,2023-08-29,549.687,549.75,92
PUNE_G001,Pimpale Gurav,2023-08-30,549.484,549.6,92
PUNE_G001,Pimpale Gurav,2023-08-31,549.31,549.33,84
PUNE_G001,Pimpale Gurav,2023-09-01,549.31,549.31,88
PUNE_G001,Pimpale Gurav,2023-09-02,549.649,550.58,79
PUNE_G001,Pimpale Gurav,2023-09-03,550.003,550.57,86
PUNE_G001,Pimpale Gurav,2023-09-04,549.314,549.4,89
PUNE_G001,Pimpale Gurav,2023-09-05,549.31,549.31,72
PUNE_G001,Pimpale Gurav,2023-09-06,549.31,549.31,58
PUNE_G001,Pimpale Gurav,2023-09-07,549.31,549.31,94
PUNE_G001,Pimpale Gurav,2023-09-08,549.935,552.12,96
PUNE_G001,Pimpale Gurav,2023-09-09,551.902,552.33,90
PUNE_G001,Pimpale Gurav,2023-09-10,550.492,551.23,96
PUNE_G001,Pimpale Gurav,2023-09-11,549.774,550.88,90
PUNE_G001,Pimpale Gurav,2023-09-12,549.341,550.06,95
PUNE_G001,Pimpale Gurav,2023-09-13,549.31,549.31,95
PUNE_G001,Pimpale Gurav,2023-09-14,549.31,549.31,91
PUNE_G001,Pimpale Gurav,2023-09-15,549.31,549.31,90
PUNE_G001,Pimpale Gurav,2023-09-16,549.31,549.31,91
PUNE_G001,Pimpale Gurav,2023-09-17,549.31,549.31,92
PUNE_G001,Pimpale Gurav,2023-09-18,549.31,549.31,95
PUNE_G001,Pimpale Gurav,2023-09-19,549.502,549.78,94
PUNE_G001,Pimpale Gurav,2023-09-20,549.688,549.74,81
PUNE_G001,Pimpale Gurav,2023-09-21,549.512,549.65,94
PUNE_G001,Pimpale Gurav,2023-09-22,549.428,549.61,88
PUNE_G001,Pimpale Gurav,2023-09-23,549.805,550.28,96
PUNE_G001,Pimpale Gurav,2023-09-24,549.636,549.97,94
PUNE_G001,Pimpale Gurav,2023-09-25,549.419,549.45,94
PUNE_G001,Pimpale Gurav,2023-09-26,549.417,549.86,91
PUNE_G001,Pimpale Gurav,2023-09-27,550.627,551.06,95
PUNE_G001,Pimpale Gurav,2023-09-28,550.112,550.82,93
PUNE_G001,Pimpale Gurav,2023-09-29,549.759,549.93,96
PUNE_G001,Pimpale Gurav,2023-09-30,550.279,550.5,93
PUNE_G001,Pimpale Gurav,2023-10-01,552.05,552.8,92
PUNE_G001,Pimpale Gurav,2023-10-02,550.766,551.54,92
PUNE_G001,Pimpale Gurav,2023-10-03,549.841,550.31,94
PUNE_G001,Pimpale Gurav,2023-10-04,549.46,549.54,95
PUNE_G001,Pimpale Gurav,2023-10-05,549.382,549.43,95
PUNE_G001,Pimpale Gurav,2023-10-06,549.32,549.36,95
PUNE_G001,Pimpale Gurav,2023-10-07,549.31,549.31,96
PUNE_G001,Pimpale Gurav,2023-10-08,549.31,549.31,96
PUNE_G001,Pimpale Gurav,2023-10-09,549.31,549.31,95
PUNE_G001,Pimpale Gurav,2023-10-10,549.31,549.31,95
PUNE_G001,Pimpale Gurav,2023-10-11,549.31,549.31,96
PUNE_G001,Pimpale Gurav,2023-10-12,549.31,549.31,95
PUNE_G001,Pimpale Gurav,2023-10-13,549.31,549.31,93
PUNE_G001,Pimpale Gurav,2023-10-14,549.341,549.53,96
PUNE_G001,Pimpale Gurav,2023-10-15,549.313,549.33,96
PUNE_G001,Pimpale Gurav,2023-10-16,549.319,549.32,95
PUNE_G001,Pimpale Gurav,2023-10-17,549.317,549.32,95
PUNE_G001,Pimpale Gurav,2023-10-18,549.31,549.32,89
PUNE_G001,Pimpale Gurav,2023-10-19,549.31,549.31,87
PUNE_G001,Pimpale Gurav,2023-10-20,549.31,549.31,79
PUNE_G001,Pimpale Gurav,2023-10-21,549.31,549.31,74
PUNE_G001,Pimpale Gurav,2023-10-22,549.31,549.31,71
PUNE_G001,Pimpale Gurav,2023-10-23,549.31,549.31,76
PUNE_G001,Pimpale Gurav,2023-10-24,549.31,549.31,75
PUNE_G001,Pimpale Gurav,2023-10-25,549.31,549.31,78
PUNE_G001,Pimpale Gurav,2023-10-26,549.31,549.31,92
PUNE_G001,Pimpale Gurav,2023-10-27,549.31,549.31,89
PUNE_G001,Pimpale Gurav,2023-10-28,549.31,549.31,93
PUNE_G001,Pimpale Gurav,2023-10-29,549.31,549.31,96
PUNE_G001,Pimpale Gurav,2023-10-30,549.31,549.31,86
PUNE_G001,Pimpale Gurav,2023-10-31,549.31,549.31,65
PUNE_G001,Pimpale Gurav,2023-11-01,549.31,549.31,85
PUNE_G001,Pimpale Gurav,2023-11-02,549.31,549.31,84
PUNE_G001,Pimpale Gurav,2023-11-03,549.31,549.31,89
PUNE_G001,Pimpale Gurav,2023-11-04,549.31,549.31,83
PUNE_G001,Pimpale Gurav,2023-11-05,549.31,549.31,90
PUNE_G001,Pimpale Gurav,2023-11-06,549.31,549.31,90
PUNE_G001,Pimpale Gurav,2023-11-07,549.31,549.31,92
PUNE_G001,Pimpale Gurav,2023-11-08,549.31,549.31,85
PUNE_G001,Pimpale Gurav,2023-11-09,549.31,549.31,93
PUNE_G001,Pimpale Gurav,2023-11-10,549.31,549.31,89
PUNE_G001,Pimpale Gurav,2023-11-11,549.31,549.31,90
PUNE_G001,Pimpale Gurav,2023-11-12,549.31,549.31,90
PUNE_G001,Pimpale Gurav,2023-11-13,549.31,549.31,92
PUNE_G001,Pimpale Gurav,2023-11-14,549.31,549.31,89
PUNE_G001,Pimpale Gurav,2023-11-15,549.31,549.31,83
PUNE_G001,Pimpale Gurav,2023-11-16,549.31,549.31,80
PUNE_G001,Pimpale Gurav,2023-11-17,549.31,549.31,88
PUNE_G001,Pimpale Gurav,2023-11-18,549.31,549.31,91
PUNE_G001,Pimpale Gurav,2023-11-19,549.31,549.31,88
PUNE_G001,Pimpale Gurav,2023-11-20,549.31,549.31,68
PUNE_G001,Pimpale Gurav,2023-11-22,549.31,549.31,45
PUNE_G001,Pimpale Gurav,2023-11-23,549.31,549.31,93
PUNE_G001,Pimpale Gurav,2023-11-24,549.31,549.31,84
PUNE_G001,Pimpale Gurav,2023-11-25,549.31,549.31,76
PUNE_G001,Pimpale Gurav,2023-11-26,549.31,549.31,46
PUNE_G001,Pimpale Gurav,2023-11-27,549.31,549.31,85
PUNE_G001,Pimpale Gurav,2023-11-28,549.31,549.31,78
PUNE_G001,Pimpale Gurav,2023-11-29,549.31,549.31,82
PUNE_G001,Pimpale Gurav,2023-11-30,549.31,549.31,58
PUNE_G001,Pimpale Gurav,2023-12-01,549.31,549.31,73
PUNE_G001,Pimpale Gurav,2023-12-02,549.31,549.31,75
PUNE_G001,Pimpale Gurav,2023-12-03,549.31,549.31,85
PUNE_G001,Pimpale Gurav,2023-12-04,549.31,549.31,78
PUNE_G001,Pimpale Gurav,2023-12-05,549.31,549.31,71
PUNE_G001,Pimpale Gurav,2023-12-06,549.31,549.31,83
PUNE_G001,Pimpale Gurav,2023-12-07,549.31,549.31,73
PUNE_G001,Pimpale Gurav,2023-12-08,549.31,549.31,82
PUNE_G001,Pimpale Gurav,2023-12-09,549.31,549.31,82
PUNE_G001,Pimpale Gurav,2023-12-10,549.31,549.31,80
PUNE_G001,Pimpale Gurav,2023-12-11,549.31,549.31,87
PUNE_G001,Pimpale Gurav,2023-12-12,549.31,549.31,81
PUNE_G001,Pimpale Gurav,2023-12-13,549.31,549.31,56
PUNE_G001,Pimpale Gurav,2023-12-14,549.31,549.31,21
PUNE_G001,Pimpale Gurav,2023-12-15,549.31,549.31,86
PUNE_G001,Pimpale Gurav,2023-12-16,549.31,549.31,86
PUNE_G001,Pimpale Gurav,2023-12-17,549.31,549.31,84
PUNE_G001,Pimpale Gurav,2023-12-18,549.31,549.31,82
PUNE_G001,Pimpale Gurav,2023-12-19,549.31,549.31,88
PUNE_G001,Pimpale Gurav,2023-12-20,549.31,549.31,81
PUNE_G001,Pimpale Gurav,2023-12-21,549.31,549.31,82
PUNE_G001,Pimpale Gurav,2023-12-22,549.31,549.31,83
PUNE_G001,Pimpale Gurav,2023-12-23,549.31,549.31,78
PUNE_G001,Pimpale Gurav,2023-12-24,549.31,549.31,89
PUNE_G001,Pimpale Gurav,2023-12-25,549.31,549.31,85
PUNE_G001,Pimpale Gurav,2023-12-26,549.31,549.31,89
PUNE_G001,Pimpale Gurav,2023-12-27,549.31,549.31,92
PUNE_G001,Pimpale Gurav,2023-12-28,549.31,549.31,92
PUNE_G001,Pimpale Gurav,2023-12-29,549.31,549.31,91
PUNE_G001,Pimpale Gurav,2023-12-30,549.31,549.31,91
PUNE_G001,Pimpale Gurav,2023-12-31,549.31,549.31,94
PUNE_G001,Pimpale Gurav,2024-01-01,549.31,549.31,93
PUNE_G001,Pimpale Gurav,2024-01-02,549.31,549.31,93
PUNE_G001,Pimpale Gurav,2024-01-03,549.31,549.31,92
PUNE_G001,Pimpale Gurav,2024-01-04,549.31,549.31,95
PUNE_G001,Pimpale Gurav,2024-01-05,549.31,549.31,91
PUNE_G001,Pimpale Gurav,2024-01-06,549.31,549.31,91
PUNE_G001,Pimpale Gurav,2024-01-07,549.31,549.31,94
PUNE_G001,Pimpale Gurav,2024-01-08,549.31,549.31,93
PUNE_G001,Pimpale Gurav,2024-01-09,549.31,549.31,94
PUNE_G001,Pimpale Gurav,2024-01-10,549.31,549.31,91
PUNE_G001,Pimpale Gurav,2024-01-11,549.31,549.31,95
PUNE_G001,Pimpale Gurav,2024-01-12,549.31,549.31,93
PUNE_G001,Pimpale Gurav,2024-01-13,549.31,549.31,94
PUNE_G001,Pimpale Gurav,2024-01-14,549.31,549.31,93
PUNE_G001,Pimpale Gurav,2024-01-15,549.31,549.31,89
PUNE_G001,Pimpale Gurav,2024-01-16,549.31,549.31,89
PUNE_G001,Pimpale Gurav,2024-01-17,549.31,549.31,93
PUNE_G001,Pimpale Gurav,2024-01-18,549.31,549.31,94
PUNE_G001,Pimpale Gurav,2024-01-19,549.31,549.31,92
PUNE_G001,Pimpale Gurav,2024-01-20,549.31,549.31,89
PUNE_G001,Pimpale Gurav,2024-01-21,549.31,549.31,93
PUNE_G001,Pimpale Gurav,2024-01-22,549.31,549.31,89
PUNE_G001,Pimpale Gurav,2024-01-23,549.31,549.31,95
PUNE_G001,Pimpale Gurav,2024-01-24,549.31,549.31,88
PUNE_G001,Pimpale Gurav,2024-01-25,549.31,549.31,92
PUNE_G001,Pimpale Gurav,2024-01-26,549.31,549.31,90
PUNE_G001,Pimpale Gurav,2024-01-27,549.31,549.31,95
PUNE_G001,Pimpale Gurav,2024-01-28,549.31,549.31,92
PUNE_G001,Pimpale Gurav,2024-01-29,549.31,549.31,90
PUNE_G001,Pimpale Gurav,2024-01-30,549.31,549.31,92
PUNE_G001,Pimpale Gurav,2024-01-31,549.31,549.31,92
PUNE_G001,Pimpale Gurav,2024-02-01,549.31,549.31,93
PUNE_G001,Pimpale Gurav,2024-02-02,549.31,549.31,94
PUNE_G001,Pimpale Gurav,2024-02-03,549.31,549.31,93
PUNE_G001,Pimpale Gurav,2024-02-04,549.31,549.31,94
PUNE_G001,Pimpale Gurav,2024-02-05,549.31,549.31,90
PUNE_G001,Pimpale Gurav,2024-02-06,549.31,549.31,91
PUNE_G001,Pimpale Gurav,2024-02-07,549.31,549.31,95
PUNE_G001,Pimpale Gurav,2024-02-08,549.31,549.31,90
PUNE_G001,Pimpale Gurav,2024-02-09,549.31,549.31,79
PUNE_G001,Pimpale Gurav,2024-02-10,549.31,549.31,79
PUNE_G001,Pimpale Gurav,2024-02-11,549.31,549.31,88
PUNE_G001,Pimpale Gurav,2024-02-12,549.31,549.31,85
PUNE_G001,Pimpale Gurav,2024-02-13,549.31,549.31,82
PUNE_G001,Pimpale Gurav,2024-02-14,549.31,549.31,71
PUNE_G001,Pimpale Gurav,2024-02-15,549.31,549.31,89
PUNE_G001,Pimpale Gurav,2024-02-16,549.31,549.31,71
PUNE_G001,Pimpale Gurav,2024-02-17,549.31,549.31,71
PUNE_G001,Pimpale Gurav,2024-02-18,549.31,549.31,66
PUNE_G001,Pimpale Gurav,2024-02-19,549.31,549.31,63
PUNE_G001,Pimpale Gurav,2024-02-20,549.31,549.31,84
PUNE_G001,Pimpale Gurav,2024-02-21,549.31,549.31,93
PUNE_G001,Pimpale Gurav,2024-02-22,549.31,549.31,90
PUNE_G001,Pimpale Gurav,2024-02-23,549.31,549.31,93
PUNE_G001,Pimpale Gurav,2024-02-24,549.31,549.31,94
PUNE_G001,Pimpale Gurav,2024-02-25,549.31,549.31,91
PUNE_G001,Pimpale Gurav,2024-02-26,549.31,549.31,79
PUNE_G001,Pimpale Gurav,2024-02-27,549.31,549.31,91
PUNE_G001,Pimpale Gurav,2024-02-28,549.31,549.31,95
PUNE_G001,Pimpale Gurav,2024-02-29,549.31,549.31,45
PUNE_G001,Pimpale Gurav,2024-03-26,549.31,549.31,96
PUNE_G001,Pimpale Gurav,2024-03-27,549.31,549.31,92
PUNE_G001,Pimpale Gurav,2024-03-28,549.31,549.31,86
PUNE_G001,Pimpale Gurav,2024-03-29,549.31,549.31,89
PUNE_G001,Pimpale Gurav,2024-03-30,549.31,549.31,84
PUNE_G001,Pimpale Gurav,2024-03-31,549.31,549.31,90
PUNE_G001,Pimpale Gurav,2024-04-01,549.31,549.31,92
PUNE_G001,Pimpale Gurav,2024-04-02,549.31,549.31,93
PUNE_G001,Pimpale Gurav,2024-04-03,549.31,549.31,92
PUNE_G001,Pimpale Gurav,2024-04-04,549.31,549.31,94
PUNE_G001,Pimpale Gurav,2024-04-05,549.31,549.31,92
PUNE_G001,Pimpale Gurav,2024-04-06,549.31,549.31,92
PUNE_G001,Pimpale Gurav,2024-04-07,549.31,549.31,90
PUNE_G001,Pimpale Gurav,2024-04-08,549.31,549.31,96
PUNE_G001,Pimpale Gurav,2024-04-09,549.31,549.31,95
PUNE_G001,Pimpale Gurav,2024-04-10,549.31,549.31,96
PUNE_G001,Pimpale Gurav,2024-04-11,549.31,549.31,95
PUNE_G001,Pimpale Gurav,2024-04-12,549.31,549.31,94
PUNE_G001,Pimpale Gurav,2024-04-13,549.31,549.31,95
PUNE_G001,Pimpale Gurav,2024-04-14,549.31,549.31,94
PUNE_G001,Pimpale Gurav,2024-04-15,549.31,549.31,94
PUNE_G001,Pimpale Gurav,2024-04-16,549.31,549.31,92
PUNE_G001,Pimpale Gurav,2024-04-17,549.31,549.31,94
PUNE_G001,Pimpale Gurav,2024-04-18,549.31,549.31,93
PUNE_G001,Pimpale Gurav,2024-04-19,549.31,549.31,89
PUNE_G001,Pimpale Gurav,2024-04-20,549.31,549.31,91
PUNE_G001,Pimpale Gurav,2024-04-21,549.31,549.31,88
PUNE_G001,Pimpale Gurav,2024-04-22,549.31,549.31,91
PUNE_G001,Pimpale Gurav,2024-04-23,549.31,549.31,92
PUNE_G001,Pimpale Gurav,2024-04-24,549.31,549.31,91
PUNE_G001,Pimpale Gurav,2024-04-25,549.31,549.31,90
PUNE_G001,Pimpale Gurav,2024-04-26,549.31,549.31,90
PUNE_G001,Pimpale Gurav,2024-04-27,549.31,549.31,85
PUNE_G001,Pimpale Gurav,2024-04-28,549.31,549.31,90
PUNE_G001,Pimpale Gurav,2024-04-29,549.31,549.31,89
PUNE_G001,Pimpale Gurav,2024-04-30,549.31,549.31,71
PUNE_G001,Pimpale Gurav,2024-05-01,549.31,549.31,74
PUNE_G001,Pimpale Gurav,2024-05-02,549.31,549.31,72
PUNE_G001,Pimpale Gurav,2024-05-03,549.31,549.31,73
PUNE_G001,Pimpale Gurav,2024-05-04,549.31,549.31,86
PUNE_G001,Pimpale Gurav,2024-05-05,549.31,549.31,80
PUNE_G001,Pimpale Gurav,2024-05-06,549.31,549.31,85
PUNE_G001,Pimpale Gurav,2024-05-07,549.31,549.31,88
PUNE_G001,Pimpale Gurav,2024-05-08,549.31,549.31,92
PUNE_G001,Pimpale Gurav,2024-05-09,549.31,549.31,64
PUNE_G001,Pimpale Gurav,2024-05-10,549.31,549.31,69
PUNE_G001,Pimpale Gurav,2024-05-11,549.31,549.31,62
PUNE_G001,Pimpale Gurav,2024-05-12,549.31,549.31,74
PUNE_G001,Pimpale Gurav,2024-05-13,549.31,549.31,80
PUNE_G001,Pimpale Gurav,2024-05-14,549.31,549.31,88
PUNE_G001,Pimpale Gurav,2024-05-15,549.31,549.31,91
PUNE_G001,Pimpale Gurav,2024-05-16,549.31,549.31,94
PUNE_G001,Pimpale Gurav,2024-05-17,549.31,549.31,90
PUNE_G001,Pimpale Gurav,2024-05-18,549.31,549.31,90
PUNE_G001,Pimpale Gurav,2024-05-19,549.31,549.31,90
PUNE_G001,Pimpale Gurav,2024-05-20,549.31,549.31,84
PUNE_G001,Pimpale Gurav,2024-05-21,549.31,549.31,92
PUNE_G001,Pimpale Gurav,2024-05-22,549.31,549.31,88
PUNE_G001,Pimpale Gurav,2024-05-23,549.31,549.31,75
PUNE_G001,Pimpale Gurav,2024-05-24,549.31,549.31,84
PUNE_G001,Pimpale Gurav,2024-05-25,549.31,549.31,84
PUNE_G001,Pimpale Gurav,2024-05-26,549.31,549.31,80
PUNE_G001,Pimpale Gurav,2024-05-27,549.31,549.31,75
PUNE_G001,Pimpale Gurav,2024-05-28,549.31,549.31,76
PUNE_G001,Pimpale Gurav,2024-05-29,549.31,549.31,83
PUNE_G001,Pimpale Gurav,2024-05-30,549.31,549.31,75
PUNE_G001,Pimpale Gurav,2024-05-31,549.31,549.31,81
PUNE_G001,Pimpale Gurav,2024-06-01,549.31,549.31,76
PUNE_G001,Pimpale Gurav,2024-06-02,549.31,549.31,77
PUNE_G001,Pimpale Gurav,2024-06-03,549.31,549.31,78
PUNE_G001,Pimpale Gurav,2024-06-04,549.31,549.31,81
PUNE_G001,Pimpale Gurav,2024-06-05,549.31,549.31,88
PUNE_G001,Pimpale Gurav,2024-06-06,549.31,549.31,81
PUNE_G001,Pimpale Gurav,2024-06-07,549.31,549.31,93
PUNE_G001,Pimpale Gurav,2024-06-08,549.31,549.31,82
PUNE_G001,Pimpale Gurav,2024-06-09,549.31,549.31,82
PUNE_G001,Pimpale Gurav,2024-06-10,549.31,549.31,79
PUNE_G001,Pimpale Gurav,2024-06-11,549.31,549.31,78
PUNE_G001,Pimpale Gurav,2024-06-12,549.31,549.31,74
PUNE_G001,Pimpale Gurav,2024-06-13,549.31,549.31,59
PUNE_G001,Pimpale Gurav,2024-06-14,549.31,549.31,75
PUNE_G001,Pimpale Gurav,2024-06-15,549.31,549.31,84
PUNE_G001,Pimpale Gurav,2024-06-16,549.31,549.31,87
PUNE_G001,Pimpale Gurav,2024-06-17,549.31,549.31,80
PUNE_G001,Pimpale Gurav,2024-06-18,549.31,549.31,83
PUNE_G001,Pimpale Gurav,2024-06-19,549.31,549.31,79
PUNE_G001,Pimpale Gurav,2024-06-20,549.31,549.31,79
PUNE_G001,Pimpale Gurav,2024-06-21,549.31,549.31,84
PUNE_G001,Pimpale Gurav,2024-06-22,549.31,549.31,74
PUNE_G001,Pimpale Gurav,2024-06-23,549.362,549.72,78
PUNE_G001,Pimpale Gurav,2024-06-24,549.31,549.31,67
PUNE_G001,Pimpale Gurav,2024-06-25,549.31,549.31,78
PUNE_G001,Pimpale Gurav,2024-06-26,549.31,549.31,81
PUNE_G001,Pimpale Gurav,2024-06-27,549.31,549.31,75
PUNE_G001,Pimpale Gurav,2024-06-28,549.31,549.31,78
PUNE_G001,Pimpale Gurav,2024-06-29,549.31,549.31,75
PUNE_G001,Pimpale Gurav,2024-06-30,549.31,549.31,75
PUNE_G001,Pimpale Gurav,2024-07-01,549.31,549.31,63
PUNE_G001,Pimpale Gurav,2024-07-02,549.31,549.31,79
PUNE_G001,Pimpale Gurav,2024-07-03,549.31,549.31,75
PUNE_G001,Pimpale Gurav,2024-07-04,549.31,549.31,83
PUNE_G001,Pimpale Gurav,2024-07-05,549.31,549.31,79
PUNE_G001,Pimpale Gurav,2024-07-06,549.31,549.31,65
PUNE_G001,Pimpale Gurav,2024-07-07,549.31,549.31,62
PUNE_G001,Pimpale Gurav,2024-07-08,549.31,549.31,76
PUNE_G001,Pimpale Gurav,2024-07-09,549.31,549.31,86
PUNE_G001,Pimpale Gurav,2024-07-10,549.31,549.31,90
PUNE_G001,Pimpale Gurav,2024-07-11,549.31,549.31,46
PUNE_G001,Pimpale Gurav,2024-07-12,549.31,549.31,30
PUNE_G001,Pimpale Gurav,2024-07-13,549.31,549.31,50
PUNE_G001,Pimpale Gurav,2024-07-14,550.765,552.76,71
PUNE_G001,Pimpale Gurav,2024-07-15,550.316,551.58,67
PUNE_G001,Pimpale Gurav,2024-07-16,549.324,549.47,87
PUNE_G001,Pimpale Gurav,2024-07-17,549.312,549.38,83
PUNE_G001,Pimpale Gurav,2024-07-18,549.32,549.4,80
PUNE_G001,Pimpale Gurav,2024-07-19,549.36,549.59,77
PUNE_G001,Pimpale Gurav,2024-07-20,549.727,550.12,79
PUNE_G001,Pimpale Gurav,2024-07-21,549.514,549.85,71
PUNE_G001,Pimpale Gurav,2024-07-22,549.946,550.32,69
PUNE_G001,Pimpale Gurav,2024-07-23,550.695,551.06,69
PUNE_G001,Pimpale Gurav,2024-07-24,552.318,553.25,69
PUNE_G001,Pimpale Gurav,2024-07-25,555.373,557.46,38
PUNE_G001,Pimpale Gurav,2024-07-26,553.833,556.04,44
PUNE_G001,Pimpale Gurav,2024-07-27,554.652,555.16,65
PUNE_G001,Pimpale Gurav,2024-07-28,555.16,555.16,76
PUNE_G001,Pimpale Gurav,2024-07-29,555.16,555.16,75
PUNE_G001,Pimpale Gurav,2024-07-30,555.16,555.16,70
PUNE_G001,Pimpale Gurav,2024-07-31,555.16,555.16,77
PUNE_G001,Pimpale Gurav,2024-08-01,555.16,555.16,70
PUNE_G001,Pimpale Gurav,2024-08-02,555.16,555.16,75
PUNE_G001,Pimpale Gurav,2024-08-03,555.16,555.16,81
PUNE_G001,Pimpale Gurav,2024-08-04,555.16,555.16,67
PUNE_G001,Pimpale Gurav,2024-08-05,555.16,555.16,78
PUNE_G001,Pimpale Gurav,2024-08-06,555.16,555.16,86
PUNE_G001,Pimpale Gurav,2024-08-07,555.16,555.16,79
PUNE_G001,Pimpale Gurav,2024-08-08,555.16,555.16,88
PUNE_G001,Pimpale Gurav,2024-08-09,559.774,569.2,84
PUNE_G001,Pimpale Gurav,2024-08-10,550.777,554.46,89
PUNE_G001,Pimpale Gurav,2024-08-11,550.783,556.84,80
PUNE_G001,Pimpale Gurav,2024-08-12,552.552,555.95,72
PUNE_G001,Pimpale Gurav,2024-08-13,567.05,573.46,81
PUNE_G001,Pimpale Gurav,2024-08-14,556.145,573.43,83
PUNE_G001,Pimpale Gurav,2024-08-15,535.848,548.45,83
PUNE_G001,Pimpale Gurav,2024-08-16,534.424,539.65,38
PUNE_G001,Pimpale Gurav,2024-08-23,549.8,549.8,20
PUNE_G001,Pimpale Gurav,2024-08-24,549.8,549.8,44
PUNE_G001,Pimpale Gurav,2024-08-25,549.8,549.8,61
PUNE_G001,Pimpale Gurav,2024-08-26,549.8,549.8,37
PUNE_G001,Pimpale Gurav,2024-09-25,549.105,549.11,2
PUNE_G003,Nighoje,2022-02-14,562.517,562.54,80
PUNE_G003,Nighoje,2022-02-15,562.501,562.52,79
PUNE_G003,Nighoje,2022-02-16,562.506,562.53,76
PUNE_G003,Nighoje,2022-02-17,562.497,562.51,44
PUNE_G003,Nighoje,2022-02-18,562.474,562.5,86
PUNE_G003,Nighoje,2022-02-19,562.46,562.49,86
PUNE_G003,Nighoje,2022-02-20,562.46,562.49,89
PUNE_G003,Nighoje,2022-02-21,562.472,562.5,92
PUNE_G003,Nighoje,2022-02-22,562.468,562.5,82
PUNE_G003,Nighoje,2022-02-23,562.47,562.5,81
PUNE_G003,Nighoje,2022-02-24,562.473,562.5,80
PUNE_G003,Nighoje,2022-02-25,562.497,562.52,84
PUNE_G003,Nighoje,2022-02-26,562.531,562.55,84
PUNE_G003,Nighoje,2022-02-27,562.527,562.55,82
PUNE_G003,Nighoje,2022-02-28,562.522,562.55,82
PUNE_G003,Nighoje,2022-03-01,562.515,562.54,88
PUNE_G003,Nighoje,2022-03-02,562.522,562.54,66
PUNE_G003,Nighoje,2022-03-03,562.495,562.54,36
PUNE_G003,Nighoje,2022-03-04,562.485,562.52,96
PUNE_G003,Nighoje,2022-03-05,562.462,562.49,86
PUNE_G003,Nighoje,2022-03-06,562.444,562.48,73
PUNE_G003,Nighoje,2022-03-07,562.441,562.48,88
PUNE_G003,Nighoje,2022-03-08,562.442,562.47,77
PUNE_G003,Nighoje,2022-03-09,562.457,562.47,38
PUNE_G003,Nighoje,2022-05-19,562.491,562.5,41
PUNE_G003,Nighoje,2022-05-20,562.497,562.52,81
PUNE_G003,Nighoje,2022-05-21,562.478,562.51,82
PUNE_G003,Nighoje,2022-05-22,562.46,562.5,87
PUNE_G003,Nighoje,2022-05-23,562.438,562.48,87
PUNE_G003,Nighoje,2022-05-24,562.424,562.46,83
PUNE_G003,Nighoje,2022-05-25,562.415,562.46,88
PUNE_G003,Nighoje,2022-05-26,562.417,562.46,83
PUNE_G003,Nighoje,2022-05-27,562.426,562.46,88
PUNE_G003,Nighoje,2022-05-28,562.437,562.48,89
PUNE_G003,Nighoje,2022-05-29,562.43,562.47,87
PUNE_G003,Nighoje,2022-05-30,562.412,562.46,88
PUNE_G003,Nighoje,2022-05-31,562.385,562.44,93
PUNE_G003,Nighoje,2022-06-01,562.365,562.4,80
PUNE_G003,Nighoje,2022-06-02,562.358,562.39,87
PUNE_G003,Nighoje,2022-06-03,562.388,562.43,87
PUNE_G003,Nighoje,2022-06-04,562.396,562.44,88
PUNE_G003,Nighoje,2022-06-05,562.388,562.43,86
PUNE_G003,Nighoje,2022-06-06,562.379,562.42,81
PUNE_G003,Nighoje,2022-06-07,562.383,562.41,82
PUNE_G003,Nighoje,2022-06-08,562.372,562.42,86
PUNE_G003,Nighoje,2022-06-09,562.409,562.44,88
PUNE_G003,Nighoje,2022-06-10,562.433,562.46,90
PUNE_G003,Nighoje,2022-06-11,562.447,562.47,87
PUNE_G003,Nighoje,2022-06-12,562.475,562.67,52
PUNE_G003,Nighoje,2022-06-13,562.49,562.5,23
PUNE_G003,Nighoje,2022-06-14,562.464,562.5,37
PUNE_G003,Nighoje,2022-06-15,562.476,562.5,30
PUNE_G003,Nighoje,2022-06-16,562.456,562.48,16
PUNE_G003,Nighoje,2022-06-17,562.43,562.47,70
PUNE_G003,Nighoje,2022-06-18,562.405,562.45,88
PUNE_G003,Nighoje,2022-06-19,562.366,562.42,90
PUNE_G003,Nighoje,2022-06-20,562.49,562.52,79
PUNE_G003,Nighoje,2022-06-21,562.535,562.54,76
PUNE_G003,Nighoje,2022-06-22,562.568,562.61,80
PUNE_G003,Nighoje,2022-06-23,562.543,562.57,85
PUNE_G003,Nighoje,2022-06-24,562.512,562.52,76
PUNE_G003,Nighoje,2022-06-25,562.494,562.51,85
PUNE_G003,Nighoje,2022-06-26,562.478,562.5,79
PUNE_G003,Nighoje,2022-06-27,562.486,562.5,79
PUNE_G003,Nighoje,2022-06-28,562.514,562.53,81
PUNE_G003,Nighoje,2022-06-29,562.517,562.53,80
PUNE_G003,Nighoje,2022-06-30,562.503,562.52,79
PUNE_G003,Nighoje,2022-07-01,562.528,562.54,87
PUNE_G003,Nighoje,2022-07-02,562.527,562.54,86
PUNE_G003,Nighoje,2022-07-03,562.534,562.54,85
PUNE_G003,Nighoje,2022-07-04,562.552,562.56,83
PUNE_G003,Nighoje,2022-07-05,562.573,562.62,84
PUNE_G003,Nighoje,2022-07-06,563.051,563.59,82
PUNE_G003,Nighoje,2022-07-07,563.714,564.08,83
PUNE_G003,Nighoje,2022-07-08,564.022,564.1,88
PUNE_G003,Nighoje,2022-07-09,564.543,565.43,85
PUNE_G003,Nighoje,2022-07-10,564.661,565.4,85
PUNE_G003,Nighoje,2022-07-11,564.827,565.22,91
PUNE_G003,Nighoje,2022-07-12,565.012,565.19,86
PUNE_G003,Nighoje,2022-07-13,565.393,566.05,88
PUNE_G003,Nighoje,2022-07-14,565.738,566.1,88
PUNE_G003,Nighoje,2022-07-15,565.575,566.0,12
PUNE_G003,Nighoje,2022-07-21,563.368,563.53,26
PUNE_G003,Nighoje,2022-07-22,563.311,563.34,56
PUNE_G003,Nighoje,2022-07-25,563.4,563.4,2
PUNE_G003,Nighoje,2022-07-28,563.45,563.45,1
PUNE_G003,Nighoje,2022-07-29,563.257,563.29,29
PUNE_G003,Nighoje,2022-07-30,563.203,563.23,76
PUNE_G003,Nighoje,2022-07-31,563.144,563.17,79
PUNE_G003,Nighoje,2022-08-01,563.103,563.11,77
PUNE_G003,Nighoje,2022-08-02,563.093,563.1,70
PUNE_G003,Nighoje,2022-08-03,563.082,563.09,69
PUNE_G003,Nighoje,2022-08-04,563.081,563.09,69
PUNE_G003,Nighoje,2022-08-05,563.1,563.1,71
PUNE_G003,Nighoje,2022-08-06,563.12,563.23,69
PUNE_G003,Nighoje,2022-08-07,563.196,563.28,75
PUNE_G003,Nighoje,2022-08-08,563.538,563.6,56
PUNE_G003,Nighoje,2022-08-09,564.104,564.74,70
PUNE_G003,Nighoje,2022-08-10,564.921,565.07,70
PUNE_G003,Nighoje,2022-08-11,565.312,565.55,72
PUNE_G003,Nighoje,2022-08-12,565.093,565.29,75
PUNE_G003,Nighoje,2022-08-13,564.456,564.63,77
PUNE_G003,Nighoje,2022-08-14,564.253,564.42,69
PUNE_G003,Nighoje,2022-08-15,564.18,564.49,77
PUNE_G003,Nighoje,2022-08-16,564.512,564.69,74
PUNE_G003,Nighoje,2022-08-17,564.725,564.98,78
PUNE_G003,Nighoje,2022-08-18,564.176,564.31,72
PUNE_G003,Nighoje,2022-08-19,563.919,564.03,68
PUNE_G003,Nighoje,2022-08-20,563.959,564.04,79
PUNE_G003,Nighoje,2022-08-21,563.844,563.87,71
PUNE_G003,Nighoje,2022-08-22,563.728,563.78,67
PUNE_G003,Nighoje,2022-08-23,563.98,564.11,77
PUNE_G003,Nighoje,2022-08-24,563.992,564.11,76
PUNE_G003,Nighoje,2022-08-25,563.977,564.1,80
PUNE_G003,Nighoje,2022-08-26,563.676,563.77,76
PUNE_G003,Nighoje,2022-08-27,563.478,563.59,68
PUNE_G003,Nighoje,2022-08-28,563.315,563.39,78
PUNE_G003,Nighoje,2022-08-29,563.201,563.25,74
PUNE_G003,Nighoje,2022-08-30,563.154,563.17,77
PUNE_G003,Nighoje,2022-08-31,563.135,563.23,74
PUNE_G003,Nighoje,2022-09-01,563.641,563.76,72
PUNE_G003,Nighoje,2022-09-02,563.435,563.56,76
PUNE_G003,Nighoje,2022-09-03,563.25,563.31,70
PUNE_G003,Nighoje,2022-09-04,563.184,563.21,66
PUNE_G003,Nighoje,2022-09-05,563.147,563.16,68
PUNE_G003,Nighoje,2022-09-06,563.154,563.16,75
PUNE_G003,Nighoje,2022-09-07,563.161,563.38,67
PUNE_G003,Nighoje,2022-09-08,564.553,564.93,77
PUNE_G003,Nighoje,2022-09-09,564.465,564.71,79
PUNE_G003,Nighoje,2022-09-10,563.825,564.05,73
PUNE_G003,Nighoje,2022-09-11,563.613,563.68,77
PUNE_G003,Nighoje,2022-09-12,563.668,563.73,69
PUNE_G003,Nighoje,2022-09-13,563.695,564.2,69
PUNE_G003,Nighoje,2022-09-14,564.244,564.29,73
PUNE_G003,Nighoje,2022-09-15,564.029,564.13,72
PUNE_G003,Nighoje,2022-09-16,564.744,565.75,79
PUNE_G003,Nighoje,2022-09-17,564.986,565.74,81
PUNE_G003,Nighoje,2022-09-18,564.087,564.26,75
PUNE_G003,Nighoje,2022-09-19,563.939,563.99,77
PUNE_G003,Nighoje,2022-09-20,563.727,563.82,77
PUNE_G003,Nighoje,2022-09-21,563.557,563.62,68
PUNE_G003,Nighoje,2022-09-22,563.434,563.49,71
PUNE_G003,Nighoje,2022-09-23,563.342,563.38,80
PUNE_G003,Nighoje,2022-09-24,563.257,563.3,76
PUNE_G003,Nighoje,2022-09-25,563.194,563.22,71
PUNE_G003,Nighoje,2022-09-26,563.153,563.17,72
PUNE_G003,Nighoje,2022-09-27,563.139,563.14,78
PUNE_G003,Nighoje,2022-09-28,563.128,563.13,80
PUNE_G003,Nighoje,2022-09-29,563.121,563.13,71
PUNE_G003,Nighoje,2022-09-30,563.115,563.13,74
PUNE_G003,Nighoje,2022-10-01,563.114,563.12,80
PUNE_G003,Nighoje,2022-10-02,563.103,563.12,72
PUNE_G003,Nighoje,2022-10-03,563.091,563.1,77
PUNE_G003,Nighoje,2022-10-04,563.085,563.1,74
PUNE_G003,Nighoje,2022-10-05,563.106,563.11,77
PUNE_G003,Nighoje,2022-10-06,563.089,563.1,75
PUNE_G003,Nighoje,2022-10-07,563.081,563.09,62
PUNE_G003,Nighoje,2022-10-08,563.076,563.08,77
PUNE_G003,Nighoje,2022-10-09,563.064,563.08,68
PUNE_G003,Nighoje,2022-10-10,563.096,563.35,42
PUNE_G003,Nighoje,2022-10-11,563.309,563.44,47
PUNE_G003,Nighoje,2022-10-12,563.242,563.38,75
PUNE_G003,Nighoje,2022-10-13,563.145,563.16,78
PUNE_G003,Nighoje,2022-10-14,563.146,563.16,70
PUNE_G003,Nighoje,2022-10-15,563.381,563.53,73
PUNE_G003,Nighoje,2022-10-16,563.187,563.27,74
PUNE_G003,Nighoje,2022-10-17,563.138,563.15,68
PUNE_G003,Nighoje,2022-10-18,563.662,564.06,70
PUNE_G003,Nighoje,2022-10-19,563.677,563.81,71
PUNE_G003,Nighoje,2022-10-20,563.452,563.62,70
PUNE_G003,Nighoje,2022-10-21,563.466,563.6,72
PUNE_G003,Nighoje,2022-10-22,563.258,563.32,73
PUNE_G003,Nighoje,2022-10-23,563.198,563.23,60
PUNE_G003,Nighoje,2022-10-24,563.143,563.16,68
PUNE_G003,Nighoje,2022-10-25,563.119,563.13,63
PUNE_G003,Nighoje,2022-10-26,563.1,563.11,66
PUNE_G003,Nighoje,2022-10-27,563.099,563.1,27
PUNE_G003,Nighoje,2022-10-28,563.065,563.07,13
PUNE_G003,Nighoje,2022-10-29,563.052,563.06,33
PUNE_G003,Nighoje,2022-10-30,563.059,563.08,53
PUNE_G003,Nighoje,2022-10-31,563.043,563.06,63
PUNE_G003,Nighoje,2022-11-01,563.037,563.06,82
PUNE_G003,Nighoje,2022-11-02,563.033,563.05,75
PUNE_G003,Nighoje,2022-11-03,563.025,563.04,77
PUNE_G003,Nighoje,2022-11-04,563.016,563.04,73
PUNE_G003,Nighoje,2022-11-05,563.009,563.03,67
PUNE_G003,Nighoje,2022-11-06,563.005,563.03,71
PUNE_G003,Nighoje,2022-11-07,563.0,563.02,76
PUNE_G003,Nighoje,2022-11-08,562.994,563.02,66
PUNE_G003,Nighoje,2022-11-09,562.988,563.0,53
PUNE_G003,Nighoje,2022-11-10,562.966,562.99,33
PUNE_G003,Nighoje,2022-11-11,562.968,562.99,75
PUNE_G003,Nighoje,2022-11-12,562.963,562.98,84
PUNE_G003,Nighoje,2022-11-13,563.037,563.07,71
PUNE_G003,Nighoje,2022-11-14,563.078,563.09,76
PUNE_G003,Nighoje,2022-11-15,563.084,563.1,75
PUNE_G003,Nighoje,2022-11-16,563.071,563.09,56
PUNE_G003,Nighoje,2022-11-17,563.058,563.08,71
PUNE_G003,Nighoje,2022-11-18,563.045,563.06,78
PUNE_G003,Nighoje,2022-11-19,563.063,563.08,76
PUNE_G003,Nighoje,2022-11-20,563.071,563.09,80
PUNE_G003,Nighoje,2022-11-21,563.069,563.08,81
PUNE_G003,Nighoje,2022-11-22,563.047,563.07,77
PUNE_G003,Nighoje,2022-11-23,562.994,563.02,75
PUNE_G003,Nighoje,2022-11-24,562.959,562.98,81
PUNE_G003,Nighoje,2022-11-25,562.942,562.97,72
PUNE_G003,Nighoje,2022-11-26,562.94,562.96,63
PUNE_G003,Nighoje,2022-11-27,562.951,562.97,56
PUNE_G003,Nighoje,2022-11-28,562.948,562.97,61
PUNE_G003,Nighoje,2022-11-29,562.938,562.97,54
PUNE_G003,Nighoje,2022-11-30,562.934,562.96,63
PUNE_G003,Nighoje,2022-12-01,562.927,562.96,59
PUNE_G003,Nighoje,2022-12-02,563.002,563.05,74
PUNE_G003,Nighoje,2022-12-03,563.053,563.07,73
PUNE_G003,Nighoje,2022-12-04,563.033,563.05,62
PUNE_G003,Nighoje,2022-12-05,563.005,563.03,73
PUNE_G003,Nighoje,2022-12-06,562.971,563.0,80
PUNE_G003,Nighoje,2022-12-07,562.95,562.98,75
PUNE_G003,Nighoje,2022-12-08,562.931,562.96,76
PUNE_G003,Nighoje,2022-12-09,562.927,562.95,76
PUNE_G003,Nighoje,2022-12-10,562.924,562.95,76
PUNE_G003,Nighoje,2022-12-11,562.922,562.94,64
PUNE_G003,Nighoje,2022-12-12,562.952,562.97,64
PUNE_G003,Nighoje,2022-12-13,562.959,562.98,58
PUNE_G003,Nighoje,2022-12-14,562.945,562.97,57
PUNE_G003,Nighoje,2022-12-15,562.924,562.96,53
PUNE_G003,Nighoje,2022-12-16,562.917,562.94,62
PUNE_G003,Nighoje,2022-12-17,562.919,562.94,54
PUNE_G003,Nighoje,2022-12-18,562.914,562.94,47
PUNE_G003,Nighoje,2022-12-19,562.91,562.93,46
PUNE_G003,Nighoje,2022-12-20,562.898,562.92,51
PUNE_G003,Nighoje,2022-12-21,562.894,562.92,45
PUNE_G003,Nighoje,2022-12-22,562.887,562.91,59
PUNE_G003,Nighoje,2022-12-23,562.893,562.91,52
PUNE_G003,Nighoje,2022-12-24,562.89,562.91,54
PUNE_G003,Nighoje,2022-12-25,562.88,562.91,40
PUNE_G003,Nighoje,2022-12-26,562.9,562.92,44
PUNE_G003,Nighoje,2022-12-27,562.885,562.92,51
PUNE_G003,Nighoje,2022-12-28,562.879,562.91,42
PUNE_G003,Nighoje,2022-12-29,562.881,562.9,45
PUNE_G003,Nighoje,2022-12-30,562.882,562.9,47
PUNE_G003,Nighoje,2022-12-31,562.882,562.9,47
PUNE_G003,Nighoje,2023-01-01,562.877,562.91,58
PUNE_G003,Nighoje,2023-01-02,562.888,562.91,28
PUNE_G003,Nighoje,2023-01-03,562.882,562.91,43
PUNE_G003,Nighoje,2023-01-04,562.908,562.93,45
PUNE_G003,Nighoje,2023-01-05,562.908,562.93,47
PUNE_G003,Nighoje,2023-01-06,562.9,562.92,59
PUNE_G003,Nighoje,2023-01-07,562.893,562.92,52
PUNE_G003,Nighoje,2023-01-08,562.904,562.93,42
PUNE_G003,Nighoje,2023-01-09,562.89,562.92,52
PUNE_G003,Nighoje,2023-01-10,562.884,562.91,45
PUNE_G003,Nighoje,2023-01-11,562.881,562.9,45
PUNE_G003,Nighoje,2023-01-12,562.877,562.89,49
PUNE_G003,Nighoje,2023-01-13,562.869,562.89,47
PUNE_G003,Nighoje,2023-01-14,562.873,562.89,39
PUNE_G003,Nighoje,2023-01-15,562.875,562.89,43
PUNE_G003,Nighoje,2023-01-16,562.874,562.89,57
PUNE_G003,Nighoje,2023-01-17,562.874,562.89,52
PUNE_G003,Nighoje,2023-01-18,562.871,562.88,55
PUNE_G003,Nighoje,2023-01-19,562.871,562.89,57
PUNE_G003,Nighoje,2023-01-20,562.874,562.89,17
PUNE_G003,Nighoje,2023-01-23,562.85,562.85,1
PUNE_G003,Nighoje,2023-01-24,562.84,562.84,50
PUNE_G003,Nighoje,2023-01-25,562.933,563.0,41
PUNE_G003,Nighoje,2023-01-26,563.026,563.04,44
PUNE_G003,Nighoje,2023-01-27,563.026,563.04,44
PUNE_G003,Nighoje,2023-01-28,563.029,563.05,45
PUNE_G003,Nighoje,2023-01-29,563.01,563.03,42
PUNE_G003,Nighoje,2023-01-30,562.999,563.02,39
PUNE_G003,Nighoje,2023-01-31,562.969,563.0,25
PUNE_G003,Nighoje,2023-02-01,562.948,562.98,39
PUNE_G003,Nighoje,2023-02-02,562.926,562.96,41
PUNE_G003,Nighoje,2023-02-03,562.907,562.94,38
PUNE_G003,Nighoje,2023-02-04,562.901,562.92,15
PUNE_G003,Nighoje,2023-02-06,562.85,562.85,2
PUNE_G003,Nighoje,2023-02-07,562.856,562.88,23
PUNE_G003,Nighoje,2023-02-08,562.855,562.88,46
PUNE_G003,Nighoje,2023-02-09,562.854,562.87,47
PUNE_G003,Nighoje,2023-02-10,562.852,562.86,48
PUNE_G003,Nighoje,2023-02-11,562.85,562.85,46
PUNE_G003,Nighoje,2023-02-12,562.848,562.85,49
PUNE_G003,Nighoje,2023-02-13,562.84,562.84,56
PUNE_G003,Nighoje,2023-02-14,562.84,562.84,59
PUNE_G003,Nighoje,2023-02-15,562.84,562.84,55
PUNE_G003,Nighoje,2023-02-16,562.84,562.84,64
PUNE_G003,Nighoje,2023-02-17,562.838,562.84,57
PUNE_G003,Nighoje,2023-02-18,562.837,562.84,65
PUNE_G003,Nighoje,2023-02-19,562.836,562.84,63
PUNE_G003,Nighoje,2023-02-20,562.839,562.84,60
PUNE_G003,Nighoje,2023-02-21,562.876,562.91,53
PUNE_G003,Nighoje,2023-02-22,562.882,562.92,56
PUNE_G003,Nighoje,2023-02-23,562.869,562.91,55
PUNE_G003,Nighoje,2023-02-24,562.84,562.84,71
PUNE_G003,Nighoje,2023-02-25,562.83,562.84,54
PUNE_G003,Nighoje,2023-02-26,562.82,562.82,8
PUNE_G003,Nighoje,2023-02-27,562.847,562.86,28
PUNE_G003,Nighoje,2023-02-28,562.855,562.86,10
PUNE_G003,Nighoje,2023-03-01,562.878,562.89,4
PUNE_G003,Nighoje,2023-03-02,562.876,562.91,23
PUNE_G003,Nighoje,2023-03-03,562.905,562.93,31
PUNE_G003,Nighoje,2023-03-04,562.909,562.94,40
PUNE_G003,Nighoje,2023-03-05,562.909,562.95,41
PUNE_G003,Nighoje,2023-03-06,562.895,562.95,33
PUNE_G003,Nighoje,2023-03-07,562.943,562.96,43
PUNE_G003,Nighoje,2023-03-08,562.986,563.01,35
PUNE_G003,Nighoje,2023-03-09,562.999,563.03,40
PUNE_G003,Nighoje,2023-03-10,563.002,563.03,39
PUNE_G003,Nighoje,2023-03-11,562.998,563.04,36
PUNE_G003,Nighoje,2023-03-12,563.0,563.03,44
PUNE_G003,Nighoje,2023-03-13,562.988,563.03,45
PUNE_G003,Nighoje,2023-03-14,562.979,563.02,62
PUNE_G003,Nighoje,2023-03-15,562.974,563.01,49
PUNE_G003,Nighoje,2023-03-16,562.977,563.01,53
PUNE_G003,Nighoje,2023-03-17,563.009,563.03,48
PUNE_G003,Nighoje,2023-03-18,563.014,563.04,51
PUNE_G003,Nighoje,2023-03-19,563.004,563.04,46
PUNE_G003,Nighoje,2023-03-20,562.984,563.03,51
PUNE_G003,Nighoje,2023-03-21,562.978,563.0,52
PUNE_G003,Nighoje,2023-03-22,562.97,563.01,58
PUNE_G003,Nighoje,2023-03-23,562.95,562.99,49
PUNE_G003,Nighoje,2023-03-24,562.916,562.96,37
PUNE_G003,Nighoje,2023-03-25,562.85,562.9,25
PUNE_G003,Nighoje,2023-03-26,562.84,562.86,24
PUNE_G003,Nighoje,2023-03-27,562.83,562.83,20
PUNE_G003,Nighoje,2023-03-28,562.826,562.83,57
PUNE_G003,Nighoje,2023-03-29,562.82,562.82,37
PUNE_G003,Nighoje,2023-03-30,562.852,562.9,37
PUNE_G003,Nighoje,2023-03-31,562.932,562.95,40
PUNE_G003,Nighoje,2023-04-01,562.971,563.18,44
PUNE_G003,Nighoje,2023-04-02,562.962,563.0,51
PUNE_G003,Nighoje,2023-04-03,562.932,562.97,46
PUNE_G003,Nighoje,2023-04-04,562.913,562.95,56
PUNE_G003,Nighoje,2023-04-05,562.951,562.98,60
PUNE_G003,Nighoje,2023-04-06,562.951,562.99,56
PUNE_G003,Nighoje,2023-04-07,562.955,562.98,53
PUNE_G003,Nighoje,2023-04-08,562.987,563.01,51
PUNE_G003,Nighoje,2023-04-09,563.0,563.03,40
PUNE_G003,Nighoje,2023-04-10,562.996,563.03,51
PUNE_G003,Nighoje,2023-04-11,562.984,563.02,63
PUNE_G003,Nighoje,2023-04-12,562.991,563.02,51
PUNE_G003,Nighoje,2023-04-13,562.962,563.0,62
PUNE_G003,Nighoje,2023-04-14,562.957,563.01,64
PUNE_G003,Nighoje,2023-04-15,562.949,562.98,48
PUNE_G003,Nighoje,2023-04-16,562.924,562.97,45
PUNE_G003,Nighoje,2023-04-17,562.921,562.96,44
PUNE_G003,Nighoje,2023-04-18,562.952,562.99,43
PUNE_G003,Nighoje,2023-04-19,562.931,562.99,58
PUNE_G003,Nighoje,2023-04-20,562.906,562.95,57
PUNE_G003,Nighoje,2023-04-21,562.866,562.9,55
PUNE_G003,Nighoje,2023-04-22,562.854,562.89,54
PUNE_G003,Nighoje,2023-04-23,562.829,562.83,43
PUNE_G003,Nighoje,2023-04-24,562.837,562.88,32
PUNE_G003,Nighoje,2023-04-25,562.914,562.94,52
PUNE_G003,Nighoje,2023-04-26,562.932,562.97,46
PUNE_G003,Nighoje,2023-04-27,562.931,562.97,48
PUNE_G003,Nighoje,2023-04-28,562.932,562.97,49
PUNE_G003,Nighoje,2023-04-29,562.919,562.97,49
PUNE_G003,Nighoje,2023-04-30,562.885,562.92,33
PUNE_G003,Nighoje,2023-05-01,562.901,562.94,51
PUNE_G003,Nighoje,2023-05-02,562.91,562.91,3
PUNE_G003,Nighoje,2023-05-04,563.01,563.01,6
PUNE_G003,Nighoje,2023-05-05,563.048,563.07,49
PUNE_G003,Nighoje,2023-05-06,563.034,563.06,58
PUNE_G003,Nighoje,2023-05-07,563.034,563.05,56
PUNE_G003,Nighoje,2023-05-08,563.02,563.04,52
PUNE_G003,Nighoje,2023-05-09,563.022,563.04,65
PUNE_G003,Nighoje,2023-05-10,563.022,563.05,65
PUNE_G003,Nighoje,2023-05-11,563.007,563.04,56
PUNE_G003,Nighoje,2023-05-12,562.996,563.03,69
PUNE_G003,Nighoje,2023-05-13,562.975,563.01,54
PUNE_G003,Nighoje,2023-05-14,562.965,562.98,13
PUNE_G003,Nighoje,2023-05-31,563.037,563.14,31
PUNE_G003,Nighoje,2023-06-01,563.057,563.08,38
PUNE_G003,Nighoje,2023-06-02,563.045,563.07,41
PUNE_G003,Nighoje,2023-06-03,563.034,563.05,50
PUNE_G003,Nighoje,2023-06-04,563.034,563.05,41
PUNE_G003,Nighoje,2023-06-05,563.03,563.05,60
PUNE_G003,Nighoje,2023-06-06,563.059,563.17,56
PUNE_G003,Nighoje,2023-06-07,563.039,563.06,54
PUNE_G003,Nighoje,2023-06-08,563.017,563.04,43
PUNE_G003,Nighoje,2023-06-09,563.024,563.04,58
PUNE_G003,Nighoje,2023-06-10,563.041,563.06,53
PUNE_G003,Nighoje,2023-06-11,563.049,563.07,61
PUNE_G003,Nighoje,2023-06-12,563.058,563.07,59
PUNE_G003,Nighoje,2023-06-13,563.041,563.06,59
PUNE_G003,Nighoje,2023-06-14,563.023,563.04,54
PUNE_G003,Nighoje,2023-06-15,563.002,563.02,19
PUNE_G003,Nighoje,2023-06-16,562.991,563.0,8
PUNE_G003,Nighoje,2023-06-17,562.998,563.03,39
PUNE_G003,Nighoje,2023-06-18,562.998,563.02,44
PUNE_G003,Nighoje,2023-06-19,563.003,563.02,39
PUNE_G003,Nighoje,2023-06-20,563.006,563.03,47
PUNE_G003,Nighoje,2023-06-21,562.995,563.02,45
PUNE_G003,Nighoje,2023-06-22,562.987,563.01,41
PUNE_G003,Nighoje,2023-06-23,562.981,563.0,44
PUNE_G003,Nighoje,2023-06-24,562.994,563.01,36
PUNE_G003,Nighoje,2023-06-25,563.028,563.04,41
PUNE_G003,Nighoje,2023-06-26,563.057,563.07,39
PUNE_G003,Nighoje,2023-06-27,563.091,563.11,43
PUNE_G003,Nighoje,2023-06-28,563.132,563.15,46
PUNE_G003,Nighoje,2023-06-29,563.108,563.12,44
PUNE_G003,Nighoje,2023-06-30,563.396,563.8,36
PUNE_G003,Nighoje,2023-07-01,564.199,564.49,34
PUNE_G003,Nighoje,2023-07-02,563.896,564.02,53
PUNE_G003,Nighoje,2023-07-03,563.916,564.07,56
PUNE_G003,Nighoje,2023-07-04,563.479,563.63,58
PUNE_G003,Nighoje,2023-07-05,563.3,563.41,39
PUNE_G003,Nighoje,2023-07-06,563.153,563.21,44
PUNE_G003,Nighoje,2023-07-07,563.182,563.49,42
PUNE_G003,Nighoje,2023-07-08,563.837,563.94,53
PUNE_G003,Nighoje,2023-07-09,563.868,564.04,39
PUNE_G003,Nighoje,2023-07-10,563.543,563.62,42
PUNE_G003,Nighoje,2023-07-11,563.285,563.4,49
PUNE_G003,Nighoje,2023-07-12,563.198,563.21,47
PUNE_G003,Nighoje,2023-07-13,563.123,563.18,50
PUNE_G003,Nighoje,2023-07-14,563.138,563.28,46
PUNE_G003,Nighoje,2023-07-15,563.278,563.35,61
PUNE_G003,Nighoje,2023-07-16,563.622,563.84,62
PUNE_G003,Nighoje,2023-07-17,563.526,563.7,50
PUNE_G003,Nighoje,2023-07-18,564.503,564.85,54
PUNE_G003,Nighoje,2023-07-19,564.909,565.11,43
PUNE_G003,Nighoje,2023-07-20,565.307,565.43,37
PUNE_G003,Nighoje,2023-07-21,564.491,564.96,29
PUNE_G003,Nighoje,2023-07-22,564.389,564.86,54
PUNE_G003,Nighoje,2023-07-23,564.816,564.89,50
PUNE_G003,Nighoje,2023-07-24,565.184,565.4,52
PUNE_G003,Nighoje,2023-07-25,565.249,565.41,44
PUNE_G003,Nighoje,2023-07-26,565.083,565.4,53
PUNE_G003,Nighoje,2023-07-27,564.684,564.94,54
PUNE_G003,Nighoje,2023-07-28,564.823,565.12,72
PUNE_G003,Nighoje,2023-07-29,564.548,564.71,61
PUNE_G003,Nighoje,2023-07-30,564.374,564.55,69
PUNE_G003,Nighoje,2023-07-31,564.007,564.07,71
PUNE_G003,Nighoje,2023-08-01,563.888,563.91,4
PUNE_G003,Nighoje,2023-08-02,563.839,563.9,33
PUNE_G003,Nighoje,2023-08-03,563.792,563.83,44
PUNE_G003,Nighoje,2023-08-04,563.857,563.93,67
PUNE_G003,Nighoje,2023-08-05,563.84,563.94,64
PUNE_G003,Nighoje,2023-08-06,563.765,563.88,65
PUNE_G003,Nighoje,2023-08-07,563.586,563.67,71
PUNE_G003,Nighoje,2023-08-08,563.415,563.49,72
PUNE_G003,Nighoje,2023-08-09,563.341,563.35,72
PUNE_G003,Nighoje,2023-08-10,563.308,563.34,74
PUNE_G003,Nighoje,2023-08-11,563.293,563.32,77
PUNE_G003,Nighoje,2023-08-12,563.256,563.27,72
PUNE_G003,Nighoje,2023-08-13,563.298,563.34,69
PUNE_G003,Nighoje,2023-08-14,563.359,563.4,72
PUNE_G003,Nighoje,2023-08-15,563.274,563.3,68
PUNE_G003,Nighoje,2023-08-16,563.216,563.24,68
PUNE_G003,Nighoje,2023-08-17,563.167,563.18,60
PUNE_G003,Nighoje,2023-08-18,563.191,563.23,61
PUNE_G003,Nighoje,2023-08-19,563.204,563.23,60
PUNE_G003,Nighoje,2023-08-20,563.257,563.87,66
PUNE_G003,Nighoje,2023-08-21,563.895,564.05,61
PUNE_G003,Nighoje,2023-08-22,563.512,563.61,63
PUNE_G003,Nighoje,2023-08-23,563.53,563.66,64
PUNE_G003,Nighoje,2023-08-24,563.42,563.53,64
PUNE_G003,Nighoje,2023-08-25,563.306,563.38,57
PUNE_G003,Nighoje,2023-08-26,563.311,563.34,77
PUNE_G003,Nighoje,2023-08-27,563.741,563.91,71
PUNE_G003,Nighoje,2023-08-28,563.706,563.78,63
PUNE_G003,Nighoje,2023-08-29,563.428,563.53,58
PUNE_G003,Nighoje,2023-08-30,563.256,563.34,58
PUNE_G003,Nighoje,2023-08-31,563.152,563.19,60
PUNE_G003,Nighoje,2023-09-01,563.108,563.12,65
PUNE_G003,Nighoje,2023-09-02,563.298,563.88,53
PUNE_G003,Nighoje,2023-09-03,563.614,563.89,65
PUNE_G003,Nighoje,2023-09-04,563.242,563.37,57
PUNE_G003,Nighoje,2023-09-05,563.145,563.16,43
PUNE_G003,Nighoje,2023-09-06,563.104,563.12,47
PUNE_G003,Nighoje,2023-09-07,563.103,563.11,74
PUNE_G003,Nighoje,2023-09-08,563.654,565.12,75
PUNE_G003,Nighoje,2023-09-09,564.618,565.18,65
PUNE_G003,Nighoje,2023-09-10,564.025,564.21,74
PUNE_G003,Nighoje,2023-09-11,563.646,563.82,65
PUNE_G003,Nighoje,2023-09-12,563.426,563.51,73
PUNE_G003,Nighoje,2023-09-13,563.288,563.36,70
PUNE_G003,Nighoje,2023-09-14,563.209,563.23,67
PUNE_G003,Nighoje,2023-09-15,563.146,563.17,70
PUNE_G003,Nighoje,2023-09-16,563.125,563.13,58
PUNE_G003,Nighoje,2023-09-17,563.128,563.18,73
PUNE_G003,Nighoje,2023-09-18,563.352,563.38,59
PUNE_G003,Nighoje,2023-09-19,563.464,563.64,56
PUNE_G003,Nighoje,2023-09-20,563.432,563.54,66
PUNE_G003,Nighoje,2023-09-21,563.329,563.37,70
PUNE_G003,Nighoje,2023-09-22,563.339,563.38,58
PUNE_G003,Nighoje,2023-09-23,563.398,563.58,62
PUNE_G003,Nighoje,2023-09-24,563.803,564.09,72
PUNE_G003,Nighoje,2023-09-25,563.461,563.6,73
PUNE_G003,Nighoje,2023-09-26,563.376,563.88,63
PUNE_G003,Nighoje,2023-09-27,564.287,564.48,73
PUNE_G003,Nighoje,2023-09-28,564.227,564.64,73
PUNE_G003,Nighoje,2023-09-29,564.285,564.6,73
PUNE_G003,Nighoje,2023-09-30,564.177,564.34,66
PUNE_G003,Nighoje,2023-10-01,564.863,565.3,74
PUNE_G003,Nighoje,2023-10-02,564.332,564.51,72
PUNE_G003,Nighoje,2023-10-03,563.87,564.23,79
PUNE_G003,Nighoje,2023-10-04,563.553,563.66,81
PUNE_G003,Nighoje,2023-10-05,563.386,563.45,76
PUNE_G003,Nighoje,2023-10-06,563.264,563.31,68
PUNE_G003,Nighoje,2023-10-07,563.187,563.21,69
PUNE_G003,Nighoje,2023-10-08,563.145,563.16,61
PUNE_G003,Nighoje,2023-10-09,563.121,563.13,62
PUNE_G003,Nighoje,2023-10-10,563.111,563.12,80
PUNE_G003,Nighoje,2023-10-11,563.104,563.11,65
PUNE_G003,Nighoje,2023-10-12,563.092,563.1,69
PUNE_G003,Nighoje,2023-10-13,563.086,563.1,59
PUNE_G003,Nighoje,2023-10-14,563.079,563.1,66
PUNE_G003,Nighoje,2023-10-15,563.073,563.09,72
PUNE_G003,Nighoje,2023-10-16,563.063,563.08,78
PUNE_G003,Nighoje,2023-10-17,563.076,563.11,59
PUNE_G003,Nighoje,2023-10-18,563.12,563.13,65
PUNE_G003,Nighoje,2023-10-19,563.102,563.13,50
PUNE_G003,Nighoje,2023-10-20,563.069,563.08,45
PUNE_G003,Nighoje,2023-10-21,563.068,563.08,46
PUNE_G003,Nighoje,2023-10-22,563.065,563.09,49
PUNE_G003,Nighoje,2023-10-23,563.07,563.09,43
PUNE_G003,Nighoje,2023-10-24,563.053,563.08,46
PUNE_G003,Nighoje,2023-10-25,563.029,563.05,50
PUNE_G003,Nighoje,2023-10-26,563.039,563.06,72
PUNE_G003,Nighoje,2023-10-27,563.039,563.06,73
PUNE_G003,Nighoje,2023-10-28,563.04,563.06,65
PUNE_G003,Nighoje,2023-10-29,563.029,563.06,70
PUNE_G003,Nighoje,2023-10-30,563.022,563.05,68
PUNE_G003,Nighoje,2023-10-31,563.007,563.04,75
PUNE_G003,Nighoje,2023-11-01,562.99,563.02,63
PUNE_G003,Nighoje,2023-11-02,562.988,563.01,60
PUNE_G003,Nighoje,2023-11-03,563.023,563.04,71
PUNE_G003,Nighoje,2023-11-04,563.046,563.07,68
PUNE_G003,Nighoje,2023-11-05,563.057,563.08,73
PUNE_G003,Nighoje,2023-11-06,563.056,563.08,73
PUNE_G003,Nighoje,2023-11-07,563.035,563.05,71
PUNE_G003,Nighoje,2023-11-08,563.036,563.05,70
PUNE_G003,Nighoje,2023-11-09,563.047,563.07,76
PUNE_G003,Nighoje,2023-11-10,563.092,563.39,68
PUNE_G003,Nighoje,2023-11-11,563.185,563.4,68
PUNE_G003,Nighoje,2023-11-12,563.108,563.11,76
PUNE_G003,Nighoje,2023-11-13,563.108,563.11,68
PUNE_G003,Nighoje,2023-11-14,563.103,563.11,72
PUNE_G003,Nighoje,2023-11-15,563.096,563.1,72
PUNE_G003,Nighoje,2023-11-16,563.094,563.1,71
PUNE_G003,Nighoje,2023-11-17,563.093,563.1,78
PUNE_G003,Nighoje,2023-11-18,563.09,563.1,78
PUNE_G003,Nighoje,2023-11-19,563.087,563.1,70
PUNE_G003,Nighoje,2023-11-20,563.084,563.1,80
PUNE_G003,Nighoje,2023-11-21,563.078,563.09,66
PUNE_G003,Nighoje,2023-11-22,563.074,563.09,65
PUNE_G003,Nighoje,2023-11-23,563.073,563.09,75
PUNE_G003,Nighoje,2023-11-24,563.074,563.09,70
PUNE_G003,Nighoje,2023-11-25,563.074,563.09,65
PUNE_G003,Nighoje,2023-11-26,563.064,563.1,50
PUNE_G003,Nighoje,2023-11-27,563.094,563.1,70
PUNE_G003,Nighoje,2023-11-28,563.094,563.1,83
PUNE_G003,Nighoje,2023-11-29,563.097,563.1,70
PUNE_G003,Nighoje,2023-11-30,563.11,563.12,67
PUNE_G003,Nighoje,2023-12-01,563.123,563.13,72
PUNE_G003,Nighoje,2023-12-02,563.123,563.13,76
PUNE_G003,Nighoje,2023-12-03,563.119,563.13,75
PUNE_G003,Nighoje,2023-12-04,563.114,563.12,67
PUNE_G003,Nighoje,2023-12-05,563.112,563.12,76
PUNE_G003,Nighoje,2023-12-06,563.11,563.12,77
PUNE_G003,Nighoje,2023-12-07,563.106,563.11,68
PUNE_G003,Nighoje,2023-12-08,563.101,563.11,67
PUNE_G003,Nighoje,2023-12-09,563.092,563.1,75
PUNE_G003,Nighoje,2023-12-10,563.087,563.1,78
PUNE_G003,Nighoje,2023-12-11,563.08,563.1,74
PUNE_G003,Nighoje,2023-12-12,563.078,563.09,66
PUNE_G003,Nighoje,2023-12-13,563.077,563.09,54
PUNE_G003,Nighoje,2023-12-14,563.042,563.05,15
PUNE_G003,Nighoje,2023-12-15,563.051,563.07,71
PUNE_G003,Nighoje,2023-12-16,563.051,563.07,67
PUNE_G003,Nighoje,2023-12-17,563.054,563.07,74
PUNE_G003,Nighoje,2023-12-18,563.049,563.07,76
PUNE_G003,Nighoje,2023-12-19,563.04,563.06,73
PUNE_G003,Nighoje,2023-12-20,563.034,563.05,70
PUNE_G003,Nighoje,2023-12-21,563.029,563.05,74
PUNE_G003,Nighoje,2023-12-22,563.024,563.04,70
PUNE_G003,Nighoje,2023-12-23,563.024,563.05,62
PUNE_G003,Nighoje,2023-12-24,563.022,563.04,71
PUNE_G003,Nighoje,2023-12-25,563.028,563.05,75
PUNE_G003,Nighoje,2023-12-26,563.027,563.05,64
PUNE_G003,Nighoje,2023-12-27,563.021,563.05,75
PUNE_G003,Nighoje,2023-12-28,563.019,563.04,68
PUNE_G003,Nighoje,2023-12-29,563.022,563.05,72
PUNE_G003,Nighoje,2023-12-30,563.024,563.05,76
PUNE_G003,Nighoje,2023-12-31,563.021,563.05,72
PUNE_G003,Nighoje,2024-01-01,563.021,563.05,67
PUNE_G003,Nighoje,2024-01-02,563.021,563.04,69
PUNE_G003,Nighoje,2024-01-03,563.014,563.04,76
PUNE_G003,Nighoje,2024-01-04,563.039,563.06,67
PUNE_G003,Nighoje,2024-01-05,563.057,563.08,65
PUNE_G003,Nighoje,2024-01-06,563.06,563.08,70
PUNE_G003,Nighoje,2024-01-07,563.042,563.07,69
PUNE_G003,Nighoje,2024-01-08,563.023,563.05,70
PUNE_G003,Nighoje,2024-01-09,563.043,563.07,73
PUNE_G003,Nighoje,2024-01-10,563.08,563.09,68
PUNE_G003,Nighoje,2024-01-11,563.076,563.09,69
PUNE_G003,Nighoje,2024-01-12,563.059,563.08,68
PUNE_G003,Nighoje,2024-01-13,563.053,563.08,70
PUNE_G003,Nighoje,2024-01-14,563.048,563.07,77
PUNE_G003,Nighoje,2024-01-15,563.037,563.06,72
PUNE_G003,Nighoje,2024-01-16,563.031,563.06,72
PUNE_G003,Nighoje,2024-01-17,563.029,563.06,75
PUNE_G003,Nighoje,2024-01-18,563.037,563.05,68
PUNE_G003,Nighoje,2024-01-19,563.064,563.08,71
PUNE_G003,Nighoje,2024-01-20,563.051,563.08,77
PUNE_G003,Nighoje,2024-01-21,563.015,563.04,69
PUNE_G003,Nighoje,2024-01-22,562.997,563.02,70
PUNE_G003,Nighoje,2024-01-23,563.014,563.04,78
PUNE_G003,Nighoje,2024-01-24,563.05,563.08,61
PUNE_G003,Nighoje,2024-01-25,563.036,563.07,67
PUNE_G003,Nighoje,2024-01-26,563.013,563.05,71
PUNE_G003,Nighoje,2024-01-27,562.986,563.03,59
PUNE_G003,Nighoje,2024-01-28,562.962,563.0,69
PUNE_G003,Nighoje,2024-01-29,562.937,562.97,73
PUNE_G003,Nighoje,2024-01-30,562.942,562.98,69
PUNE_G003,Nighoje,2024-01-31,562.933,562.98,67
PUNE_G003,Nighoje,2024-02-01,562.911,562.95,78
PUNE_G003,Nighoje,2024-02-02,562.884,562.92,71
PUNE_G003,Nighoje,2024-02-03,562.883,562.92,75
PUNE_G003,Nighoje,2024-02-04,562.916,562.95,65
PUNE_G003,Nighoje,2024-02-05,562.988,563.02,73
PUNE_G003,Nighoje,2024-02-06,563.015,563.04,70
PUNE_G003,Nighoje,2024-02-07,563.02,563.05,71
PUNE_G003,Nighoje,2024-02-08,563.023,563.05,70
PUNE_G003,Nighoje,2024-02-09,563.022,563.06,63
PUNE_G003,Nighoje,2024-02-10,563.018,563.05,51
PUNE_G003,Nighoje,2024-02-11,563.007,563.05,70
PUNE_G003,Nighoje,2024-02-12,562.99,563.03,73
PUNE_G003,Nighoje,2024-02-13,562.943,562.99,60
PUNE_G003,Nighoje,2024-02-14,562.914,562.95,78
PUNE_G003,Nighoje,2024-02-15,562.924,562.96,51
PUNE_G003,Nighoje,2024-02-16,562.911,562.96,41
PUNE_G003,Nighoje,2024-02-17,562.907,562.94,47
PUNE_G003,Nighoje,2024-02-18,562.906,562.94,29
PUNE_G003,Nighoje,2024-02-19,562.901,562.95,40
PUNE_G003,Nighoje,2024-02-20,562.897,562.93,62
PUNE_G003,Nighoje,2024-02-21,562.876,562.91,63
PUNE_G003,Nighoje,2024-02-22,562.893,562.93,62
PUNE_G003,Nighoje,2024-02-23,562.903,562.95,65
PUNE_G003,Nighoje,2024-02-24,562.909,562.95,74
PUNE_G003,Nighoje,2024-02-25,562.899,562.93,62
PUNE_G003,Nighoje,2024-02-26,562.889,562.92,57
PUNE_G003,Nighoje,2024-02-27,562.888,562.92,60
PUNE_G003,Nighoje,2024-02-28,562.878,562.92,58
PUNE_G003,Nighoje,2024-02-29,562.886,562.91,36
PUNE_G003,Nighoje,2024-03-26,562.932,562.97,79
PUNE_G003,Nighoje,2024-03-27,562.939,562.98,78
PUNE_G003,Nighoje,2024-03-28,562.948,562.99,64
PUNE_G003,Nighoje,2024-03-29,562.947,562.99,73
PUNE_G003,Nighoje,2024-03-30,562.92,562.97,73
PUNE_G003,Nighoje,2024-03-31,562.876,562.91,73
PUNE_G003,Nighoje,2024-04-01,562.856,562.86,74
PUNE_G003,Nighoje,2024-04-02,562.85,562.85,68
PUNE_G003,Nighoje,2024-04-03,562.846,562.85,78
PUNE_G003,Nighoje,2024-04-04,562.84,562.84,68
PUNE_G003,Nighoje,2024-04-05,562.84,562.84,78
PUNE_G003,Nighoje,2024-04-06,562.84,562.84,71
PUNE_G003,Nighoje,2024-04-07,562.84,562.84,71
PUNE_G003,Nighoje,2024-04-08,562.84,562.84,80
PUNE_G003,Nighoje,2024-04-09,562.84,562.84,69
PUNE_G003,Nighoje,2024-04-10,562.84,562.84,75
PUNE_G003,Nighoje,2024-04-11,562.853,562.87,74
PUNE_G003,Nighoje,2024-04-12,562.918,563.11,77
PUNE_G003,Nighoje,2024-04-13,562.961,563.02,71
PUNE_G003,Nighoje,2024-04-14,562.928,562.96,80
PUNE_G003,Nighoje,2024-04-15,562.918,562.95,67
PUNE_G003,Nighoje,2024-04-16,562.915,562.95,73
PUNE_G003,Nighoje,2024-04-17,562.919,562.96,72
PUNE_G003,Nighoje,2024-04-18,562.916,562.95,71
PUNE_G003,Nighoje,2024-04-19,562.918,562.95,63
PUNE_G003,Nighoje,2024-04-20,562.914,562.95,76
PUNE_G003,Nighoje,2024-04-21,562.917,562.95,79
PUNE_G003,Nighoje,2024-04-22,562.915,562.95,75
PUNE_G003,Nighoje,2024-04-23,562.932,562.97,73
PUNE_G003,Nighoje,2024-04-24,562.915,562.96,70
PUNE_G003,Nighoje,2024-04-25,562.884,562.91,76
PUNE_G003,Nighoje,2024-04-26,562.867,562.9,75
PUNE_G003,Nighoje,2024-04-27,562.865,562.89,70
PUNE_G003,Nighoje,2024-04-28,562.857,562.88,70
PUNE_G003,Nighoje,2024-04-29,562.855,562.88,72
PUNE_G003,Nighoje,2024-04-30,562.84,562.84,63
PUNE_G003,Nighoje,2024-05-01,562.84,562.84,52
PUNE_G003,Nighoje,2024-05-02,562.835,562.84,54
PUNE_G003,Nighoje,2024-05-03,562.83,562.83,72
PUNE_G003,Nighoje,2024-05-04,562.83,562.83,70
PUNE_G003,Nighoje,2024-05-05,562.827,562.83,67
PUNE_G003,Nighoje,2024-05-06,562.82,562.82,68
PUNE_G003,Nighoje,2024-05-07,562.82,562.82,71
PUNE_G003,Nighoje,2024-05-08,562.827,562.83,66
PUNE_G003,Nighoje,2024-05-09,562.851,562.87,54
PUNE_G003,Nighoje,2024-05-10,562.868,562.89,49
PUNE_G003,Nighoje,2024-05-11,562.887,562.95,53
PUNE_G003,Nighoje,2024-05-12,562.995,563.29,46
PUNE_G003,Nighoje,2024-05-13,562.966,563.05,74
PUNE_G003,Nighoje,2024-05-14,562.935,562.95,68
PUNE_G003,Nighoje,2024-05-15,562.93,562.95,76
PUNE_G003,Nighoje,2024-05-16,562.936,562.96,69
PUNE_G003,Nighoje,2024-05-17,562.967,562.98,73
PUNE_G003,Nighoje,2024-05-18,562.953,562.97,67
PUNE_G003,Nighoje,2024-05-19,562.948,562.96,82
PUNE_G003,Nighoje,2024-05-20,562.941,562.96,69
PUNE_G003,Nighoje,2024-05-21,562.926,562.95,75
PUNE_G003,Nighoje,2024-05-22,562.925,562.94,72
PUNE_G003,Nighoje,2024-05-23,562.911,562.95,67
PUNE_G003,Nighoje,2024-05-24,562.896,562.92,65
PUNE_G003,Nighoje,2024-05-25,562.891,562.92,67
PUNE_G003,Nighoje,2024-05-26,562.868,562.9,73
PUNE_G003,Nighoje,2024-05-27,562.915,562.95,62
PUNE_G003,Nighoje,2024-05-28,562.94,562.96,70
PUNE_G003,Nighoje,2024-05-29,562.924,562.95,66
PUNE_G003,Nighoje,2024-05-30,562.907,562.93,77
PUNE_G003,Nighoje,2024-05-31,562.909,562.94,64
PUNE_G003,Nighoje,2024-06-01,562.886,562.92,68
PUNE_G003,Nighoje,2024-06-02,562.875,562.91,67
PUNE_G003,Nighoje,2024-06-03,562.882,562.9,64
PUNE_G003,Nighoje,2024-06-04,562.907,563.03,69
PUNE_G003,Nighoje,2024-06-05,562.971,563.03,73
PUNE_G003,Nighoje,2024-06-06,562.946,562.96,73
PUNE_G003,Nighoje,2024-06-07,562.951,562.96,67
PUNE_G003,Nighoje,2024-06-08,562.939,562.96,64
PUNE_G003,Nighoje,2024-06-09,562.982,563.0,69
PUNE_G003,Nighoje,2024-06-10,562.977,563.0,61
PUNE_G003,Nighoje,2024-06-11,562.947,562.96,62
PUNE_G003,Nighoje,2024-06-12,562.931,562.95,66
PUNE_G003,Nighoje,2024-06-13,562.995,563.03,47
PUNE_G003,Nighoje,2024-06-14,563.016,563.08,60
PUNE_G003,Nighoje,2024-06-15,562.971,563.0,61
PUNE_G003,Nighoje,2024-06-16,562.953,562.97,71
PUNE_G003,Nighoje,2024-06-17,562.937,562.95,71
PUNE_G003,Nighoje,2024-06-18,562.936,562.96,68
PUNE_G003,Nighoje,2024-06-19,562.934,562.95,69
PUNE_G003,Nighoje,2024-06-20,562.939,562.96,65
PUNE_G003,Nighoje,2024-06-21,563.065,563.1,70
PUNE_G003,Nighoje,2024-06-22,563.056,563.06,65
PUNE_G003,Nighoje,2024-06-23,563.143,563.49,67
PUNE_G003,Nighoje,2024-06-24,563.154,563.37,49
PUNE_G003,Nighoje,2024-06-25,563.019,563.05,62
PUNE_G003,Nighoje,2024-06-26,562.996,563.0,61
PUNE_G003,Nighoje,2024-06-27,563.0,563.0,69
PUNE_G003,Nighoje,2024-06-28,562.993,563.0,60
PUNE_G003,Nighoje,2024-06-29,563.037,563.11,68
PUNE_G003,Nighoje,2024-06-30,563.166,563.24,74
PUNE_G003,Nighoje,2024-07-01,563.32,563.43,48
PUNE_G003,Nighoje,2024-07-02,563.469,564.0,47
PUNE_G003,Nighoje,2024-07-03,563.791,564.01,62
PUNE_G003,Nighoje,2024-07-04,563.337,563.46,51
PUNE_G003,Nighoje,2024-07-05,563.489,563.65,71
PUNE_G003,Nighoje,2024-07-06,563.679,563.75,62
PUNE_G003,Nighoje,2024-07-07,564.116,564.45,48
PUNE_G003,Nighoje,2024-07-08,563.938,564.28,63
PUNE_G003,Nighoje,2024-07-09,563.583,563.63,71
PUNE_G003,Nighoje,2024-07-10,563.352,563.52,68
PUNE_G003,Nighoje,2024-07-11,563.145,563.21,33
PUNE_G003,Nighoje,2024-07-12,563.204,563.6,27
PUNE_G003,Nighoje,2024-07-13,564.013,564.14,38
PUNE_G003,Nighoje,2024-07-14,564.79,565.68,43
PUNE_G003,Nighoje,2024-07-15,564.972,565.54,51
PUNE_G003,Nighoje,2024-07-16,563.872,564.34,65
PUNE_G003,Nighoje,2024-07-17,563.404,563.52,58
PUNE_G003,Nighoje,2024-07-18,563.376,564.1,58
PUNE_G003,Nighoje,2024-07-19,564.179,564.29,56
PUNE_G003,Nighoje,2024-07-20,564.239,564.29,61
PUNE_G003,Nighoje,2024-07-21,564.157,564.27,49
PUNE_G003,Nighoje,2024-07-22,564.564,564.88,36
PUNE_G003,Nighoje,2024-07-23,565.086,565.81,31
PUNE_G003,Nighoje,2024-07-24,566.349,566.72,26
PUNE_G003,Nighoje,2024-07-25,567.864,568.92,28
PUNE_G003,Nighoje,2024-07-26,567.313,568.42,23
PUNE_G003,Nighoje,2024-07-27,564.787,565.35,39
PUNE_G003,Nighoje,2024-07-28,564.309,564.41,39
PUNE_G003,Nighoje,2024-07-29,564.424,564.59,49
PUNE_G003,Nighoje,2024-07-30,564.729,564.98,58
PUNE_G003,Nighoje,2024-07-31,565.07,565.1,52
PUNE_G003,Nighoje,2024-08-01,564.735,564.97,39
PUNE_G003,Nighoje,2024-08-02,565.224,565.73,44
PUNE_G003,Nighoje,2024-08-03,565.645,565.91,53
PUNE_G003,Nighoje,2024-08-04,566.412,567.36,44
PUNE_G003,Nighoje,2024-08-05,565.681,567.05,53
PUNE_G003,Nighoje,2024-08-06,564.354,564.51,54
PUNE_G003,Nighoje,2024-08-08,564.035,564.34,21
PUNE_G003,Nighoje,2024-08-09,563.875,564.34,38
PUNE_G003,Nighoje,2024-08-10,564.149,564.42,34
PUNE_G003,Nighoje,2024-08-11,563.866,563.96,37
PUNE_G003,Nighoje,2024-08-12,563.801,563.86,36
PUNE_G003,Nighoje,2024-08-13,563.681,563.7,42
PUNE_G003,Nighoje,2024-08-14,563.447,563.62,43
PUNE_G003,Nighoje,2024-08-15,563.387,563.46,39
PUNE_G003,Nighoje,2024-08-16,563.221,563.33,35
PUNE_G003,Nighoje,2024-08-17,563.117,563.14,41
PUNE_G003,Nighoje,2024-08-18,563.09,563.16,43
PUNE_G003,Nighoje,2024-08-19,563.241,563.28,39
PUNE_G003,Nighoje,2024-08-20,563.184,563.39,32
PUNE_G003,Nighoje,2024-08-21,563.782,563.95,24
PUNE_G003,Nighoje,2024-08-22,563.394,563.52,16
PUNE_G003,Nighoje,2024-08-23,563.271,563.38,46
PUNE_G003,Nighoje,2024-08-24,563.628,564.65,29
PUNE_G003,Nighoje,2024-08-25,565.341,565.94,36
PUNE_G003,Nighoje,2024-08-26,565.435,566.0,40
PUNE_G003,Nighoje,2024-08-27,564.827,564.94,38
PUNE_G003,Nighoje,2024-08-28,564.569,564.91,46
PUNE_G003,Nighoje,2024-08-29,564.021,564.14,35
PUNE_G003,Nighoje,2024-08-30,563.598,563.74,32
PUNE_G003,Nighoje,2024-08-31,563.412,563.51,44
PUNE_G003,Nighoje,2024-09-01,563.275,563.3,50
PUNE_G003,Nighoje,2024-09-02,563.231,563.27,51
PUNE_G003,Nighoje,2024-09-03,563.208,563.26,37
PUNE_G003,Nighoje,2024-09-04,563.383,563.51,37
PUNE_G003,Nighoje,2024-09-05,563.586,563.87,46
PUNE_G003,Nighoje,2024-09-06,563.892,563.94,47
PUNE_G003,Nighoje,2024-09-07,563.811,563.88,50
PUNE_G003,Nighoje,2024-09-08,563.673,563.82,61
PUNE_G003,Nighoje,2024-09-09,563.458,563.49,53
PUNE_G003,Nighoje,2024-09-10,563.321,563.4,53
PUNE_G003,Nighoje,2024-09-11,563.302,563.34,36
PUNE_G003,Nighoje,2024-09-12,563.261,563.29,42
PUNE_G003,Nighoje,2024-09-13,563.094,563.19,47
PUNE_G003,Nighoje,2024-09-14,563.004,563.02,50
PUNE_G003,Nighoje,2024-09-15,563.006,563.06,53
PUNE_G003,Nighoje,2024-09-16,563.04,563.06,51
PUNE_G003,Nighoje,2024-09-17,562.93,563.01,45
PUNE_G003,Nighoje,2024-09-18,562.744,562.81,57
PUNE_G003,Nighoje,2024-09-19,562.65,562.66,53
PUNE_G003,Nighoje,2024-09-20,562.62,562.63,47
PUNE_G003,Nighoje,2024-09-21,562.631,562.64,50
PUNE_G003,Nighoje,2024-09-22,562.6,562.61,38
PUNE_G003,Nighoje,2024-09-23,562.603,562.64,47
PUNE_G003,Nighoje,2024-09-24,562.664,562.7,44
PUNE_G003,Nighoje,2024-09-25,562.692,562.84,48
PUNE_G003,Nighoje,2024-09-26,562.809,562.85,46
PUNE_G003,Nighoje,2024-09-27,562.887,563.09,42
PUNE_G003,Nighoje,2024-09-28,563.983,564.25,45
PUNE_G003,Nighoje,2024-09-29,563.552,563.8,46
PUNE_G003,Nighoje,2024-09-30,563.228,563.3,53
PUNE_G003,Nighoje,2024-10-01,563.089,563.24,53
PUNE_G003,Nighoje,2024-10-02,562.876,562.94,46
PUNE_G003,Nighoje,2024-10-03,562.799,562.82,49
PUNE_G003,Nighoje,2024-10-04,562.763,562.78,46
PUNE_G003,Nighoje,2024-10-05,562.715,562.73,50
PUNE_G003,Nighoje,2024-10-06,562.66,562.69,45
PUNE_G003,Nighoje,2024-10-07,562.628,562.64,45
PUNE_G003,Nighoje,2024-10-08,562.606,562.62,34
PUNE_G003,Nighoje,2024-10-09,562.598,562.61,48
PUNE_G003,Nighoje,2024-10-10,562.605,562.61,43
PUNE_G003,Nighoje,2024-10-11,562.611,562.62,48
PUNE_G003,Nighoje,2024-10-12,562.618,562.63,38
PUNE_G003,Nighoje,2024-10-13,562.632,562.64,53
PUNE_G003,Nighoje,2024-10-14,562.61,562.63,49
PUNE_G003,Nighoje,2024-10-15,562.622,562.66,51
PUNE_G003,Nighoje,2024-10-16,562.658,562.73,33
PUNE_G003,Nighoje,2024-10-17,562.679,562.73,39
PUNE_G003,Nighoje,2024-10-18,562.635,562.64,45
PUNE_G003,Nighoje,2024-10-19,562.629,562.64,47
PUNE_G003,Nighoje,2024-10-20,562.666,562.74,53
PUNE_G003,Nighoje,2024-10-21,562.717,562.75,42
PUNE_G003,Nighoje,2024-10-22,562.724,562.99,50
PUNE_G003,Nighoje,2024-10-23,563.071,563.32,46
PUNE_G003,Nighoje,2024-10-24,562.894,562.94,50
PUNE_G003,Nighoje,2024-10-25,562.724,562.85,41
PUNE_G003,Nighoje,2024-10-26,562.623,562.64,48
PUNE_G003,Nighoje,2024-10-27,562.612,562.63,45
PUNE_G003,Nighoje,2024-10-28,562.572,562.59,45
PUNE_G003,Nighoje,2024-10-29,562.564,562.58,39
PUNE_G003,Nighoje,2024-10-30,562.583,562.6,41
PUNE_G003,Nighoje,2024-10-31,562.589,562.6,41
PUNE_G003,Nighoje,2024-11-01,562.591,562.6,48
PUNE_G003,Nighoje,2024-11-02,562.593,562.61,26
PUNE_G003,Nighoje,2024-11-03,562.596,562.61,35
PUNE_G003,Nighoje,2024-11-04,562.621,562.63,34
PUNE_G003,Nighoje,2024-11-05,562.625,562.64,33
PUNE_G003,Nighoje,2024-11-06,562.614,562.63,34
PUNE_G003,Nighoje,2024-11-07,562.615,562.63,39
PUNE_G003,Nighoje,2024-11-08,562.612,562.63,40
PUNE_G003,Nighoje,2024-11-09,562.605,562.62,33
PUNE_G003,Nighoje,2024-11-10,562.596,562.61,37
PUNE_G003,Nighoje,2024-11-11,562.605,562.62,38
PUNE_G003,Nighoje,2024-11-12,562.6,562.62,37
PUNE_G003,Nighoje,2024-11-13,562.597,562.62,34
PUNE_G003,Nighoje,2024-11-14,562.6,562.62,41
PUNE_G003,Nighoje,2024-11-15,562.609,562.62,46
PUNE_G003,Nighoje,2024-11-16,562.604,562.62,43
PUNE_G003,Nighoje,2024-11-17,562.6,562.62,40
PUNE_G003,Nighoje,2024-11-18,562.598,562.61,21
PUNE_G003,Nighoje,2024-11-19,562.609,562.62,19
PUNE_G003,Nighoje,2024-11-20,562.611,562.63,22
PUNE_G003,Nighoje,2024-11-21,562.621,562.63,22
PUNE_G003,Nighoje,2024-11-22,562.63,562.64,20
PUNE_G003,Nighoje,2024-11-23,562.635,562.64,22
PUNE_G003,Nighoje,2024-11-24,562.635,562.64,26
PUNE_G003,Nighoje,2024-11-25,562.63,562.65,22
PUNE_G003,Nighoje,2024-11-26,562.633,562.64,18
PUNE_G003,Nighoje,2024-11-27,562.631,562.64,25
PUNE_G003,Nighoje,2024-11-28,562.615,562.63,21
PUNE_G003,Nighoje,2024-11-29,562.598,562.62,21
PUNE_G003,Nighoje,2024-11-30,562.593,562.61,23
PUNE_G003,Nighoje,2024-12-01,562.602,562.62,19
PUNE_G003,Nighoje,2024-12-02,562.598,562.61,21
PUNE_G003,Nighoje,2024-12-03,562.59,562.6,17
PUNE_G003,Nighoje,2024-12-04,562.59,562.61,27
PUNE_G003,Nighoje,2024-12-05,562.593,562.61,44
PUNE_G003,Nighoje,2024-12-06,562.592,562.61,26
PUNE_G003,Nighoje,2024-12-07,562.584,562.61,43
PUNE_G003,Nighoje,2024-12-08,562.582,562.6,48
PUNE_G003,Nighoje,2024-12-09,562.585,562.6,37
PUNE_G003,Nighoje,2024-12-10,562.583,562.6,37
PUNE_G003,Nighoje,2024-12-11,562.588,562.61,44
PUNE_G003,Nighoje,2024-12-12,562.59,562.61,36
PUNE_G003,Nighoje,2024-12-13,562.59,562.61,33
PUNE_G003,Nighoje,2024-12-14,562.584,562.6,33
PUNE_G003,Nighoje,2024-12-15,562.579,562.6,45
PUNE_G003,Nighoje,2024-12-16,562.58,562.6,59
PUNE_G003,Nighoje,2024-12-17,562.577,562.6,56
PUNE_G003,Nighoje,2024-12-18,562.589,562.6,28
PUNE_G004,Koregaon Bhima,2022-02-12,541.61,541.62,40
PUNE_G004,Koregaon Bhima,2022-02-13,541.601,541.62,95
PUNE_G004,Koregaon Bhima,2022-02-14,541.605,541.62,95
PUNE_G004,Koregaon Bhima,2022-02-15,541.618,541.62,95
PUNE_G004,Koregaon Bhima,2022-02-16,541.617,541.62,95
PUNE_G004,Koregaon Bhima,2022-02-17,541.621,541.63,94
PUNE_G004,Koregaon Bhima,2022-02-18,541.624,541.63,93
PUNE_G004,Koregaon Bhima,2022-02-19,541.621,541.63,96
PUNE_G004,Koregaon Bhima,2022-02-20,541.614,541.63,94
PUNE_G004,Koregaon Bhima,2022-02-21,541.705,542.0,93
PUNE_G004,Koregaon Bhima,2022-02-22,542.005,542.02,95
PUNE_G004,Koregaon Bhima,2022-02-23,541.989,542.0,93
PUNE_G004,Koregaon Bhima,2022-02-24,541.794,541.94,94
PUNE_G004,Koregaon Bhima,2022-02-25,541.692,541.72,96
PUNE_G004,Koregaon Bhima,2022-02-26,541.654,541.67,96
PUNE_G004,Koregaon Bhima,2022-02-27,541.632,541.64,94
PUNE_G004,Koregaon Bhima,2022-02-28,541.622,541.63,93
PUNE_G004,Koregaon Bhima,2022-03-01,541.614,541.62,93
PUNE_G004,Koregaon Bhima,2022-03-02,541.608,541.62,75
PUNE_G004,Koregaon Bhima,2022-03-03,541.602,541.61,90
PUNE_G004,Koregaon Bhima,2022-03-04,541.605,541.61,96
PUNE_G004,Koregaon Bhima,2022-03-05,541.609,541.62,94
PUNE_G004,Koregaon Bhima,2022-03-06,541.609,541.63,88
PUNE_G004,Koregaon Bhima,2022-03-07,541.602,541.62,96
PUNE_G004,Koregaon Bhima,2022-03-08,541.586,541.6,92
PUNE_G004,Koregaon Bhima,2022-03-09,541.57,541.58,42
PUNE_G004,Koregaon Bhima,2022-04-25,541.951,542.36,94
PUNE_G004,Koregaon Bhima,2022-04-26,541.781,541.79,95
PUNE_G004,Koregaon Bhima,2022-04-27,541.77,541.78,93
PUNE_G004,Koregaon Bhima,2022-04-28,541.844,542.26,96
PUNE_G004,Koregaon Bhima,2022-04-29,542.171,542.36,95
PUNE_G004,Koregaon Bhima,2022-04-30,542.217,542.41,96
PUNE_G004,Koregaon Bhima,2022-05-01,542.24,542.44,95
PUNE_G004,Koregaon Bhima,2022-05-02,542.255,542.42,95
PUNE_G004,Koregaon Bhima,2022-05-03,542.287,542.49,94
PUNE_G004,Koregaon Bhima,2022-05-04,542.316,542.5,93
PUNE_G004,Koregaon Bhima,2022-05-05,542.247,542.45,96
PUNE_G004,Koregaon Bhima,2022-05-06,542.13,542.33,94
PUNE_G004,Koregaon Bhima,2022-05-07,542.034,542.19,95
PUNE_G004,Koregaon Bhima,2022-05-08,541.951,542.26,94
PUNE_G004,Koregaon Bhima,2022-05-09,541.851,542.03,93
PUNE_G004,Koregaon Bhima,2022-05-10,541.749,541.99,95
PUNE_G004,Koregaon Bhima,2022-05-11,541.672,541.85,94
PUNE_G004,Koregaon Bhima,2022-05-12,541.614,541.78,91
PUNE_G004,Koregaon Bhima,2022-05-13,541.543,541.7,95
PUNE_G004,Koregaon Bhima,2022-05-14,541.482,541.65,95
PUNE_G004,Koregaon Bhima,2022-05-15,541.413,541.59,96
PUNE_G004,Koregaon Bhima,2022-05-16,541.359,541.51,94
PUNE_G004,Koregaon Bhima,2022-05-17,541.311,541.54,94
PUNE_G004,Koregaon Bhima,2022-05-18,541.258,541.42,93
PUNE_G004,Koregaon Bhima,2022-05-19,541.198,541.34,95
PUNE_G004,Koregaon Bhima,2022-05-20,541.102,541.29,95
PUNE_G004,Koregaon Bhima,2022-05-21,541.001,541.22,96
PUNE_G004,Koregaon Bhima,2022-05-22,540.947,541.11,93
PUNE_G004,Koregaon Bhima,2022-05-23,540.906,541.1,96
PUNE_G004,Koregaon Bhima,2022-05-24,540.878,541.06,93
PUNE_G004,Koregaon Bhima,2022-05-25,540.821,541.02,96
PUNE_G004,Koregaon Bhima,2022-05-26,540.759,540.99,94
PUNE_G004,Koregaon Bhima,2022-05-27,540.684,540.92,83
PUNE_G004,Koregaon Bhima,2022-05-28,540.635,540.85,89
PUNE_G004,Koregaon Bhima,2022-05-29,540.543,540.77,96
PUNE_G004,Koregaon Bhima,2022-05-30,540.5,540.66,70
PUNE_G004,Koregaon Bhima,2022-05-31,540.051,540.39,79
PUNE_G004,Koregaon Bhima,2022-06-01,539.922,540.13,96
PUNE_G004,Koregaon Bhima,2022-06-02,539.854,540.05,96
PUNE_G004,Koregaon Bhima,2022-06-03,540.212,540.48,96
PUNE_G004,Koregaon Bhima,2022-06-04,540.34,540.5,96
PUNE_G004,Koregaon Bhima,2022-06-05,540.007,540.35,96
PUNE_G004,Koregaon Bhima,2022-06-06,539.442,539.94,96
PUNE_G004,Koregaon Bhima,2022-06-07,538.829,539.03,96
PUNE_G004,Koregaon Bhima,2022-06-08,538.63,539.02,95
PUNE_G004,Koregaon Bhima,2022-06-09,538.751,539.07,94
PUNE_G004,Koregaon Bhima,2022-06-10,538.609,538.72,95
PUNE_G004,Koregaon Bhima,2022-06-11,538.571,538.6,93
PUNE_G004,Koregaon Bhima,2022-06-12,538.56,538.62,63
PUNE_G004,Koregaon Bhima,2022-06-13,538.641,538.65,30
PUNE_G004,Koregaon Bhima,2022-06-14,538.602,538.62,43
PUNE_G004,Koregaon Bhima,2022-06-15,538.561,538.58,39
PUNE_G004,Koregaon Bhima,2022-06-16,538.616,538.64,46
PUNE_G004,Koregaon Bhima,2022-06-17,538.586,538.61,27
PUNE_G004,Koregaon Bhima,2022-06-18,538.524,538.57,95
PUNE_G004,Koregaon Bhima,2022-06-19,538.538,538.57,96
PUNE_G004,Koregaon Bhima,2022-06-20,538.569,538.6,95
PUNE_G004,Koregaon Bhima,2022-06-21,538.554,538.8,96
PUNE_G004,Koregaon Bhima,2022-06-22,538.638,538.67,95
PUNE_G004,Koregaon Bhima,2022-06-23,538.686,538.71,94
PUNE_G004,Koregaon Bhima,2022-06-24,538.785,538.91,88
PUNE_G004,Koregaon Bhima,2022-06-25,538.888,538.91,96
PUNE_G004,Koregaon Bhima,2022-06-26,538.91,538.97,96
PUNE_G004,Koregaon Bhima,2022-06-27,538.886,538.96,95
PUNE_G004,Koregaon Bhima,2022-06-28,538.777,538.92,96
PUNE_G004,Koregaon Bhima,2022-06-29,538.673,538.72,95
PUNE_G004,Koregaon Bhima,2022-06-30,538.614,538.64,95
PUNE_G004,Koregaon Bhima,2022-07-01,538.578,538.59,95
PUNE_G004,Koregaon Bhima,2022-07-02,538.577,538.59,95
PUNE_G004,Koregaon Bhima,2022-07-03,538.584,538.6,96
PUNE_G004,Koregaon Bhima,2022-07-04,538.628,538.67,95
PUNE_G004,Koregaon Bhima,2022-07-05,538.632,538.65,95
PUNE_G004,Koregaon Bhima,2022-07-06,538.694,538.84,96
PUNE_G004,Koregaon Bhima,2022-07-07,539.335,539.61,96
PUNE_G004,Koregaon Bhima,2022-07-08,539.968,540.12,95
PUNE_G004,Koregaon Bhima,2022-07-09,540.164,540.73,95
PUNE_G004,Koregaon Bhima,2022-07-10,541.153,541.49,96
PUNE_G004,Koregaon Bhima,2022-07-11,540.832,541.59,95
PUNE_G004,Koregaon Bhima,2022-07-12,541.613,541.74,94
PUNE_G004,Koregaon Bhima,2022-07-13,541.905,543.3,96
PUNE_G004,Koregaon Bhima,2022-07-14,542.394,543.21,94
PUNE_G004,Koregaon Bhima,2022-07-15,542.417,542.93,96
PUNE_G004,Koregaon Bhima,2022-07-16,541.371,541.71,95
PUNE_G004,Koregaon Bhima,2022-07-17,541.1,541.37,81
PUNE_G004,Koregaon Bhima,2022-07-18,540.453,540.52,42
PUNE_G004,Koregaon Bhima,2022-07-19,540.864,541.01,85
PUNE_G004,Koregaon Bhima,2022-07-20,540.953,541.05,94
PUNE_G004,Koregaon Bhima,2022-07-21,540.464,540.79,90
PUNE_G004,Koregaon Bhima,2022-07-22,540.094,540.22,87
PUNE_G004,Koregaon Bhima,2022-07-23,539.809,540.06,96
PUNE_G004,Koregaon Bhima,2022-07-24,539.799,540.38,94
PUNE_G004,Koregaon Bhima,2022-07-25,540.532,540.6,92
PUNE_G004,Koregaon Bhima,2022-07-26,540.228,540.52,81
PUNE_G004,Koregaon Bhima,2022-07-27,539.724,539.93,55
PUNE_G004,Koregaon Bhima,2022-07-28,539.514,539.67,94
PUNE_G004,Koregaon Bhima,2022-07-29,539.37,539.43,92
PUNE_G004,Koregaon Bhima,2022-07-30,539.321,539.41,94
PUNE_G004,Koregaon Bhima,2022-07-31,539.197,539.28,94
PUNE_G004,Koregaon Bhima,2022-08-01,539.105,539.15,93
PUNE_G004,Koregaon Bhima,2022-08-02,539.044,539.09,87
PUNE_G004,Koregaon Bhima,2022-08-03,538.982,539.02,94
PUNE_G004,Koregaon Bhima,2022-08-04,538.981,539.11,80
PUNE_G004,Koregaon Bhima,2022-08-05,539.101,539.24,75
PUNE_G004,Koregaon Bhima,2022-08-06,539.132,539.24,82
PUNE_G004,Koregaon Bhima,2022-08-07,539.119,539.18,91
PUNE_G004,Koregaon Bhima,2022-08-08,539.209,539.42,74
PUNE_G004,Koregaon Bhima,2022-08-09,539.466,539.48,29
PUNE_G004,Koregaon Bhima,2022-08-11,541.486,542.53,47
PUNE_G004,Koregaon Bhima,2022-08-12,541.891,542.5,88
PUNE_G004,Koregaon Bhima,2022-08-13,541.441,541.76,92
PUNE_G004,Koregaon Bhima,2022-08-14,541.14,541.29,94
PUNE_G004,Koregaon Bhima,2022-08-15,540.561,540.79,95
PUNE_G004,Koregaon Bhima,2022-08-16,540.884,541.03,95
PUNE_G004,Koregaon Bhima,2022-08-17,541.212,541.34,94
PUNE_G004,Koregaon Bhima,2022-08-18,540.746,540.95,44
PUNE_G004,Koregaon Bhima,2022-08-25,540.205,540.25,46
PUNE_G004,Koregaon Bhima,2022-08-26,540.041,540.17,86
PUNE_G004,Koregaon Bhima,2022-08-27,539.675,539.85,83
PUNE_G004,Koregaon Bhima,2022-08-28,539.327,539.55,85
PUNE_G004,Koregaon Bhima,2022-08-29,539.23,539.23,90
PUNE_G004,Koregaon Bhima,2022-08-30,539.23,539.23,91
PUNE_G004,Koregaon Bhima,2022-08-31,539.23,539.23,89
PUNE_G004,Koregaon Bhima,2022-09-01,538.912,539.23,74
PUNE_G004,Koregaon Bhima,2022-09-02,538.333,538.46,91
PUNE_G004,Koregaon Bhima,2022-09-03,538.038,538.14,82
PUNE_G004,Koregaon Bhima,2022-09-04,537.872,537.98,81
PUNE_G004,Koregaon Bhima,2022-09-05,537.704,537.78,83
PUNE_G004,Koregaon Bhima,2022-09-06,537.747,538.1,80
PUNE_G004,Koregaon Bhima,2022-09-07,537.99,538.17,90
PUNE_G004,Koregaon Bhima,2022-09-08,539.626,540.54,95
PUNE_G004,Koregaon Bhima,2022-09-09,539.854,540.05,93
PUNE_G004,Koregaon Bhima,2022-09-10,539.069,539.58,96
PUNE_G004,Koregaon Bhima,2022-09-11,538.588,538.77,90
PUNE_G004,Koregaon Bhima,2022-09-12,538.892,539.16,85
PUNE_G004,Koregaon Bhima,2022-09-13,538.535,538.77,85
PUNE_G004,Koregaon Bhima,2022-09-14,539.445,539.74,82
PUNE_G004,Koregaon Bhima,2022-09-15,539.413,539.72,93
PUNE_G004,Koregaon Bhima,2022-09-16,539.786,541.98,88
PUNE_G004,Koregaon Bhima,2022-09-17,541.384,542.35,76
PUNE_G004,Koregaon Bhima,2022-09-18,539.56,540.08,78
PUNE_G004,Koregaon Bhima,2022-09-19,539.08,539.16,85
PUNE_G004,Koregaon Bhima,2022-09-20,538.87,539.0,88
PUNE_G004,Koregaon Bhima,2022-09-21,538.594,538.71,86
PUNE_G004,Koregaon Bhima,2022-09-22,538.193,538.49,89
PUNE_G004,Koregaon Bhima,2022-09-23,538.023,538.13,94
PUNE_G004,Koregaon Bhima,2022-09-24,538.053,538.12,91
PUNE_G004,Koregaon Bhima,2022-09-25,537.982,538.02,92
PUNE_G004,Koregaon Bhima,2022-09-26,537.948,537.97,92
PUNE_G004,Koregaon Bhima,2022-09-27,537.8,537.9,89
PUNE_G004,Koregaon Bhima,2022-09-28,537.753,537.95,89
PUNE_G004,Koregaon Bhima,2022-09-29,537.853,537.96,89
PUNE_G004,Koregaon Bhima,2022-09-30,537.794,537.82,85
PUNE_G004,Koregaon Bhima,2022-10-01,537.822,537.95,91
PUNE_G004,Koregaon Bhima,2022-10-02,537.873,537.95,96
PUNE_G004,Koregaon Bhima,2022-10-03,537.776,537.83,92
PUNE_G004,Koregaon Bhima,2022-10-04,537.699,537.74,92
PUNE_G004,Koregaon Bhima,2022-10-05,537.58,537.61,95
PUNE_G004,Koregaon Bhima,2022-10-06,537.571,537.59,88
PUNE_G004,Koregaon Bhima,2022-10-07,537.532,537.57,80
PUNE_G004,Koregaon Bhima,2022-10-08,537.515,537.54,90
PUNE_G004,Koregaon Bhima,2022-10-09,537.498,537.52,83
PUNE_G004,Koregaon Bhima,2022-10-10,537.466,537.49,57
PUNE_G004,Koregaon Bhima,2022-10-11,537.603,537.68,67
PUNE_G004,Koregaon Bhima,2022-10-12,537.814,537.92,93
PUNE_G004,Koregaon Bhima,2022-10-13,537.827,537.89,86
PUNE_G004,Koregaon Bhima,2022-10-14,537.839,537.89,90
PUNE_G004,Koregaon Bhima,2022-10-17,537.711,537.86,43
PUNE_G004,Koregaon Bhima,2022-10-18,538.508,538.68,88
PUNE_G004,Koregaon Bhima,2022-10-19,538.23,538.42,85
PUNE_G004,Koregaon Bhima,2022-10-20,538.521,539.02,92
PUNE_G004,Koregaon Bhima,2022-10-21,538.313,538.43,93
PUNE_G004,Koregaon Bhima,2022-10-22,538.063,538.25,91
PUNE_G004,Koregaon Bhima,2022-10-23,538.117,538.18,72
PUNE_G004,Koregaon Bhima,2022-10-24,538.002,538.06,82
PUNE_G004,Koregaon Bhima,2022-10-25,537.859,537.97,82
PUNE_G004,Koregaon Bhima,2022-10-26,537.676,537.75,17
PUNE_G004,Koregaon Bhima,2022-10-27,537.594,537.62,41
PUNE_G004,Koregaon Bhima,2022-10-28,537.558,537.57,86
PUNE_G004,Koregaon Bhima,2022-10-29,537.536,537.55,87
PUNE_G004,Koregaon Bhima,2022-10-30,537.509,537.52,69
PUNE_G004,Koregaon Bhima,2022-10-31,537.45,537.5,75
PUNE_G004,Koregaon Bhima,2022-11-01,537.371,537.41,94
PUNE_G004,Koregaon Bhima,2022-11-02,537.352,537.36,94
PUNE_G004,Koregaon Bhima,2022-11-03,537.278,537.34,91
PUNE_G004,Koregaon Bhima,2022-11-04,537.099,537.18,92
PUNE_G004,Koregaon Bhima,2022-11-05,536.968,537.02,93
PUNE_G004,Koregaon Bhima,2022-11-06,537.106,537.18,90
PUNE_G004,Koregaon Bhima,2022-11-07,537.269,537.35,87
PUNE_G004,Koregaon Bhima,2022-11-08,537.432,537.51,89
PUNE_G004,Koregaon Bhima,2022-11-09,537.58,537.66,96
PUNE_G004,Koregaon Bhima,2022-11-10,537.781,538.07,93
PUNE_G004,Koregaon Bhima,2022-11-11,538.487,538.83,90
PUNE_G004,Koregaon Bhima,2022-11-12,538.931,539.01,93
PUNE_G004,Koregaon Bhima,2022-11-13,539.107,539.3,60
PUNE_G004,Koregaon Bhima,2022-11-14,539.435,539.54,65
PUNE_G004,Koregaon Bhima,2022-11-15,539.943,540.23,89
PUNE_G004,Koregaon Bhima,2022-11-16,540.348,540.54,94
PUNE_G004,Koregaon Bhima,2022-11-17,540.57,540.58,89
PUNE_G004,Koregaon Bhima,2022-11-18,540.563,540.57,87
PUNE_G004,Koregaon Bhima,2022-11-19,540.579,540.62,94
PUNE_G004,Koregaon Bhima,2022-11-20,540.587,540.6,92
PUNE_G004,Koregaon Bhima,2022-11-21,540.588,540.62,94
PUNE_G004,Koregaon Bhima,2022-11-22,540.598,540.64,93
PUNE_G004,Koregaon Bhima,2022-11-23,540.448,540.54,96
PUNE_G004,Koregaon Bhima,2022-11-24,540.163,540.26,94
PUNE_G004,Koregaon Bhima,2022-11-25,540.069,540.1,90
PUNE_G004,Koregaon Bhima,2022-11-26,540.036,540.05,66
PUNE_G004,Koregaon Bhima,2022-11-27,540.009,540.02,74
PUNE_G004,Koregaon Bhima,2022-11-28,539.98,539.99,71
PUNE_G004,Koregaon Bhima,2022-11-29,539.96,539.97,68
PUNE_G004,Koregaon Bhima,2022-11-30,539.945,539.96,80
PUNE_G004,Koregaon Bhima,2022-12-01,539.946,539.95,73
PUNE_G004,Koregaon Bhima,2022-12-02,539.946,539.95,92
PUNE_G004,Koregaon Bhima,2022-12-03,539.976,540.08,94
PUNE_G004,Koregaon Bhima,2022-12-04,540.343,540.5,80
PUNE_G004,Koregaon Bhima,2022-12-05,540.501,540.51,90
PUNE_G004,Koregaon Bhima,2022-12-06,540.456,540.49,95
PUNE_G004,Koregaon Bhima,2022-12-07,540.359,540.4,96
PUNE_G004,Koregaon Bhima,2022-12-08,540.331,540.34,96
PUNE_G004,Koregaon Bhima,2022-12-09,540.329,540.34,95
PUNE_G004,Koregaon Bhima,2022-12-10,540.329,540.34,96
PUNE_G004,Koregaon Bhima,2022-12-11,540.317,540.33,96
PUNE_G004,Koregaon Bhima,2022-12-12,540.312,540.32,96
PUNE_G004,Koregaon Bhima,2022-12-13,540.317,540.34,96
PUNE_G004,Koregaon Bhima,2022-12-14,540.352,540.39,93
PUNE_G004,Koregaon Bhima,2022-12-15,540.483,540.58,92
PUNE_G004,Koregaon Bhima,2022-12-16,540.506,540.55,86
PUNE_G004,Koregaon Bhima,2022-12-17,540.536,540.71,94
PUNE_G004,Koregaon Bhima,2022-12-18,540.74,540.75,95
PUNE_G004,Koregaon Bhima,2022-12-19,540.749,540.75,93
PUNE_G004,Koregaon Bhima,2022-12-20,540.818,540.84,93
PUNE_G004,Koregaon Bhima,2022-12-21,540.83,540.84,96
PUNE_G004,Koregaon Bhima,2022-12-22,540.823,540.83,96
PUNE_G004,Koregaon Bhima,2022-12-23,540.814,540.83,95
PUNE_G004,Koregaon Bhima,2022-12-24,540.662,540.78,93
PUNE_G004,Koregaon Bhima,2022-12-25,540.528,540.59,92
PUNE_G004,Koregaon Bhima,2022-12-26,540.444,540.47,92
PUNE_G004,Koregaon Bhima,2022-12-27,540.434,540.44,94
PUNE_G004,Koregaon Bhima,2022-12-28,540.427,540.44,94
PUNE_G004,Koregaon Bhima,2022-12-29,540.42,540.43,94
PUNE_G004,Koregaon Bhima,2022-12-30,540.42,540.42,94
PUNE_G004,Koregaon Bhima,2022-12-31,540.414,540.42,95
PUNE_G004,Koregaon Bhima,2023-01-01,540.418,540.42,12
PUNE_G004,Koregaon Bhima,2023-01-02,540.41,540.42,95
PUNE_G004,Koregaon Bhima,2023-01-03,540.409,540.42,94
PUNE_G004,Koregaon Bhima,2023-01-04,540.412,540.42,90
PUNE_G004,Koregaon Bhima,2023-01-05,540.413,540.42,73
PUNE_G004,Koregaon Bhima,2023-01-06,540.406,540.42,93
PUNE_G004,Koregaon Bhima,2023-01-07,540.409,540.42,93
PUNE_G004,Koregaon Bhima,2023-01-08,540.416,540.43,94
PUNE_G004,Koregaon Bhima,2023-01-09,540.414,540.43,94
PUNE_G004,Koregaon Bhima,2023-01-10,540.442,540.47,91
PUNE_G004,Koregaon Bhima,2023-01-11,540.476,540.49,95
PUNE_G004,Koregaon Bhima,2023-01-12,540.481,540.49,95
PUNE_G004,Koregaon Bhima,2023-01-13,540.473,540.48,96
PUNE_G004,Koregaon Bhima,2023-01-14,540.466,540.48,95
PUNE_G004,Koregaon Bhima,2023-01-15,540.46,540.47,85
PUNE_G004,Koregaon Bhima,2023-01-16,540.463,540.47,3
PUNE_G004,Koregaon Bhima,2023-01-19,540.507,540.51,3
PUNE_G004,Koregaon Bhima,2023-01-20,540.49,540.5,7
PUNE_G004,Koregaon Bhima,2023-01-22,540.345,540.35,18
PUNE_G004,Koregaon Bhima,2023-01-23,540.334,540.34,7
PUNE_G004,Koregaon Bhima,2023-01-24,540.302,540.36,91
PUNE_G004,Koregaon Bhima,2023-01-25,540.43,540.46,93
PUNE_G004,Koregaon Bhima,2023-01-26,540.467,540.48,95
PUNE_G004,Koregaon Bhima,2023-01-27,540.477,540.48,14
PUNE_G004,Koregaon Bhima,2023-01-30,540.579,540.58,31
PUNE_G004,Koregaon Bhima,2023-01-31,540.563,540.58,92
PUNE_G004,Koregaon Bhima,2023-02-01,540.544,540.56,95
PUNE_G004,Koregaon Bhima,2023-02-02,540.534,540.54,92
PUNE_G004,Koregaon Bhima,2023-02-03,540.528,540.54,92
PUNE_G004,Koregaon Bhima,2023-02-04,540.518,540.53,68
PUNE_G004,Koregaon Bhima,2023-02-06,540.46,540.51,5
PUNE_G004,Koregaon Bhima,2023-02-07,540.297,540.33,54
PUNE_G004,Koregaon Bhima,2023-02-08,540.264,540.29,96
PUNE_G004,Koregaon Bhima,2023-02-09,540.233,540.25,92
PUNE_G004,Koregaon Bhima,2023-02-10,540.2,540.22,94
PUNE_G004,Koregaon Bhima,2023-02-11,540.194,540.2,94
PUNE_G004,Koregaon Bhima,2023-02-12,540.204,540.21,93
PUNE_G004,Koregaon Bhima,2023-02-13,540.219,540.23,96
PUNE_G004,Koregaon Bhima,2023-02-14,540.232,540.24,95
PUNE_G004,Koregaon Bhima,2023-02-15,540.56,540.73,91
PUNE_G004,Koregaon Bhima,2023-02-16,540.722,540.74,93
PUNE_G004,Koregaon Bhima,2023-02-17,540.711,540.73,94
PUNE_G004,Koregaon Bhima,2023-02-18,540.69,540.7,95
PUNE_G004,Koregaon Bhima,2023-02-19,540.672,540.69,94
PUNE_G004,Koregaon Bhima,2023-02-20,540.623,540.66,93
PUNE_G004,Koregaon Bhima,2023-02-21,540.458,540.53,96
PUNE_G004,Koregaon Bhima,2023-02-22,540.35,540.4,84
PUNE_G004,Koregaon Bhima,2023-02-23,540.263,540.29,92
PUNE_G004,Koregaon Bhima,2023-02-24,540.324,540.36,91
PUNE_G004,Koregaon Bhima,2023-02-25,540.37,540.39,95
PUNE_G004,Koregaon Bhima,2023-02-26,540.39,540.39,9
PUNE_G004,Koregaon Bhima,2023-02-28,540.379,540.38,13
PUNE_G004,Koregaon Bhima,2023-03-01,540.356,540.38,68
PUNE_G004,Koregaon Bhima,2023-03-02,540.328,540.35,87
PUNE_G004,Koregaon Bhima,2023-03-03,540.298,540.32,75
PUNE_G004,Koregaon Bhima,2023-03-04,540.287,540.3,81
PUNE_G004,Koregaon Bhima,2023-03-05,540.264,540.28,92
PUNE_G004,Koregaon Bhima,2023-03-06,540.246,540.26,87
PUNE_G004,Koregaon Bhima,2023-03-07,540.264,540.3,94
PUNE_G004,Koregaon Bhima,2023-03-08,540.346,540.39,93
PUNE_G004,Koregaon Bhima,2023-03-09,540.43,540.47,94
PUNE_G004,Koregaon Bhima,2023-03-10,540.488,540.51,90
PUNE_G004,Koregaon Bhima,2023-03-11,540.512,540.52,90
PUNE_G004,Koregaon Bhima,2023-03-12,540.509,540.52,93
PUNE_G004,Koregaon Bhima,2023-03-13,540.498,540.51,94
PUNE_G004,Koregaon Bhima,2023-03-14,540.49,540.5,93
PUNE_G004,Koregaon Bhima,2023-03-15,540.488,540.49,93
PUNE_G004,Koregaon Bhima,2023-03-16,540.483,540.5,96
PUNE_G004,Koregaon Bhima,2023-03-17,540.499,540.51,90
PUNE_G004,Koregaon Bhima,2023-03-18,540.505,540.51,92
PUNE_G004,Koregaon Bhima,2023-03-19,540.496,540.52,93
PUNE_G004,Koregaon Bhima,2023-03-20,540.469,540.49,92
PUNE_G004,Koregaon Bhima,2023-03-21,540.438,540.46,91
PUNE_G004,Koregaon Bhima,2023-03-22,540.426,540.45,93
PUNE_G004,Koregaon Bhima,2023-03-23,540.409,540.43,94
PUNE_G004,Koregaon Bhima,2023-03-24,540.39,540.41,78
PUNE_G004,Koregaon Bhima,2023-03-25,540.381,540.39,23
PUNE_G004,Koregaon Bhima,2023-03-26,540.356,540.37,25
PUNE_G004,Koregaon Bhima,2023-03-27,540.334,540.35,25
PUNE_G004,Koregaon Bhima,2023-03-28,540.308,540.33,44
PUNE_G004,Koregaon Bhima,2023-03-29,540.269,540.3,55
PUNE_G004,Koregaon Bhima,2023-03-30,540.693,540.8,69
PUNE_G004,Koregaon Bhima,2023-03-31,540.781,540.81,83
PUNE_G004,Koregaon Bhima,2023-04-01,540.779,540.8,92
PUNE_G004,Koregaon Bhima,2023-04-02,540.775,540.8,94
PUNE_G004,Koregaon Bhima,2023-04-03,540.781,540.8,95
PUNE_G004,Koregaon Bhima,2023-04-04,540.784,540.8,93
PUNE_G004,Koregaon Bhima,2023-04-05,540.782,540.79,94
PUNE_G004,Koregaon Bhima,2023-04-06,540.784,540.8,94
PUNE_G004,Koregaon Bhima,2023-04-07,540.781,540.8,87
PUNE_G004,Koregaon Bhima,2023-04-08,540.793,540.81,90
PUNE_G004,Koregaon Bhima,2023-04-09,540.791,540.83,85
PUNE_G004,Koregaon Bhima,2023-04-10,540.811,540.82,87
PUNE_G004,Koregaon Bhima,2023-04-11,540.799,540.81,92
PUNE_G004,Koregaon Bhima,2023-04-12,540.801,540.82,73
PUNE_G004,Koregaon Bhima,2023-04-13,540.768,540.83,95
PUNE_G004,Koregaon Bhima,2023-04-14,540.812,540.83,93
PUNE_G004,Koregaon Bhima,2023-04-15,540.745,540.78,95
PUNE_G004,Koregaon Bhima,2023-04-16,540.721,540.74,93
PUNE_G004,Koregaon Bhima,2023-04-17,540.624,540.69,90
PUNE_G004,Koregaon Bhima,2023-04-18,540.53,540.58,89
PUNE_G004,Koregaon Bhima,2023-04-19,540.464,540.5,93
PUNE_G004,Koregaon Bhima,2023-04-20,540.422,540.44,84
PUNE_G004,Koregaon Bhima,2023-04-21,540.38,540.41,94
PUNE_G004,Koregaon Bhima,2023-04-22,540.348,540.38,92
PUNE_G004,Koregaon Bhima,2023-04-23,540.316,540.34,79
PUNE_G004,Koregaon Bhima,2023-04-24,540.255,540.29,60
PUNE_G004,Koregaon Bhima,2023-04-25,540.197,540.23,74
PUNE_G004,Koregaon Bhima,2023-04-26,540.138,540.17,96
PUNE_G004,Koregaon Bhima,2023-04-27,540.108,540.13,94
PUNE_G004,Koregaon Bhima,2023-04-28,540.072,540.1,81
PUNE_G004,Koregaon Bhima,2023-04-29,540.05,540.08,95
PUNE_G004,Koregaon Bhima,2023-04-30,540.109,540.14,78
PUNE_G004,Koregaon Bhima,2023-05-01,540.163,540.19,93
PUNE_G004,Koregaon Bhima,2023-05-02,540.19,540.19,4
PUNE_G004,Koregaon Bhima,2023-05-04,540.183,540.2,13
PUNE_G004,Koregaon Bhima,2023-05-05,540.152,540.18,93
PUNE_G004,Koregaon Bhima,2023-05-06,540.115,540.18,94
PUNE_G004,Koregaon Bhima,2023-05-07,540.249,540.33,95
PUNE_G004,Koregaon Bhima,2023-05-08,540.354,540.39,96
PUNE_G004,Koregaon Bhima,2023-05-09,540.394,540.41,92
PUNE_G004,Koregaon Bhima,2023-05-10,540.404,540.41,95
PUNE_G004,Koregaon Bhima,2023-05-11,540.397,540.41,94
PUNE_G004,Koregaon Bhima,2023-05-12,540.272,540.4,96
PUNE_G004,Koregaon Bhima,2023-05-13,540.023,540.07,89
PUNE_G004,Koregaon Bhima,2023-05-14,540.006,540.02,22
PUNE_G004,Koregaon Bhima,2023-05-30,539.925,539.97,12
PUNE_G004,Koregaon Bhima,2023-05-31,539.826,539.92,87
PUNE_G004,Koregaon Bhima,2023-06-01,539.781,539.85,95
PUNE_G004,Koregaon Bhima,2023-06-02,540.06,540.19,95
PUNE_G004,Koregaon Bhima,2023-06-03,540.101,540.17,96
PUNE_G004,Koregaon Bhima,2023-06-04,540.051,540.07,96
PUNE_G004,Koregaon Bhima,2023-06-05,540.048,540.08,94
PUNE_G004,Koregaon Bhima,2023-06-06,539.997,540.04,94
PUNE_G004,Koregaon Bhima,2023-06-07,539.944,539.98,94
PUNE_G004,Koregaon Bhima,2023-06-08,539.966,540.0,94
PUNE_G004,Koregaon Bhima,2023-06-09,539.908,539.96,93
PUNE_G004,Koregaon Bhima,2023-06-10,539.838,539.88,95
PUNE_G004,Koregaon Bhima,2023-06-11,539.802,539.83,93
PUNE_G004,Koregaon Bhima,2023-06-12,539.879,540.02,95
PUNE_G004,Koregaon Bhima,2023-06-13,540.025,540.05,96
PUNE_G004,Koregaon Bhima,2023-06-14,539.965,540.02,85
PUNE_G004,Koregaon Bhima,2023-06-15,539.942,539.96,40
PUNE_G004,Koregaon Bhima,2023-06-16,539.888,539.93,9
PUNE_G004,Koregaon Bhima,2023-06-17,539.84,539.87,46
PUNE_G004,Koregaon Bhima,2023-06-18,539.805,539.85,95
PUNE_G004,Koregaon Bhima,2023-06-19,539.753,539.81,96
PUNE_G004,Koregaon Bhima,2023-06-20,539.611,539.74,96
PUNE_G004,Koregaon Bhima,2023-06-21,538.427,539.34,92
PUNE_G004,Koregaon Bhima,2023-06-22,537.046,537.24,95
PUNE_G004,Koregaon Bhima,2023-06-23,537.059,537.16,96
PUNE_G004,Koregaon Bhima,2023-06-24,536.926,537.04,95
PUNE_G004,Koregaon Bhima,2023-06-25,536.863,536.88,95
PUNE_G004,Koregaon Bhima,2023-06-26,536.905,536.95,94
PUNE_G004,Koregaon Bhima,2023-06-27,536.997,537.16,95
PUNE_G004,Koregaon Bhima,2023-06-28,537.142,537.17,95
PUNE_G004,Koregaon Bhima,2023-06-29,537.149,537.17,92
PUNE_G004,Koregaon Bhima,2023-06-30,537.164,537.22,95
PUNE_G004,Koregaon Bhima,2023-07-01,537.584,537.89,96
PUNE_G004,Koregaon Bhima,2023-07-02,537.768,537.97,95
PUNE_G004,Koregaon Bhima,2023-07-03,537.644,537.73,96
PUNE_G004,Koregaon Bhima,2023-07-04,537.511,537.71,96
PUNE_G004,Koregaon Bhima,2023-07-05,537.306,537.37,92
PUNE_G004,Koregaon Bhima,2023-07-06,537.192,537.25,96
PUNE_G004,Koregaon Bhima,2023-07-07,537.141,537.16,96
PUNE_G004,Koregaon Bhima,2023-07-08,537.292,537.65,93
PUNE_G004,Koregaon Bhima,2023-07-09,537.667,537.72,95
PUNE_G004,Koregaon Bhima,2023-07-10,537.5,537.67,92
PUNE_G004,Koregaon Bhima,2023-07-11,537.323,537.43,96
PUNE_G004,Koregaon Bhima,2023-07-12,537.157,537.22,85
PUNE_G004,Koregaon Bhima,2023-07-13,537.111,537.13,92
PUNE_G004,Koregaon Bhima,2023-07-14,537.052,537.1,96
PUNE_G004,Koregaon Bhima,2023-07-15,537.061,537.1,94
PUNE_G004,Koregaon Bhima,2023-07-16,537.264,537.54,95
PUNE_G004,Koregaon Bhima,2023-07-17,537.373,537.51,92
PUNE_G004,Koregaon Bhima,2023-07-18,537.633,538.32,92
PUNE_G004,Koregaon Bhima,2023-07-19,538.352,538.56,91
PUNE_G004,Koregaon Bhima,2023-07-20,538.887,539.09,74
PUNE_G004,Koregaon Bhima,2023-07-21,538.66,538.99,88
PUNE_G004,Koregaon Bhima,2023-07-22,537.953,538.08,84
PUNE_G004,Koregaon Bhima,2023-07-23,538.358,538.5,92
PUNE_G004,Koregaon Bhima,2023-07-24,538.546,539.12,92
PUNE_G004,Koregaon Bhima,2023-07-25,538.994,539.13,92
PUNE_G004,Koregaon Bhima,2023-07-26,539.029,539.17,93
PUNE_G004,Koregaon Bhima,2023-07-27,538.356,538.73,94
PUNE_G004,Koregaon Bhima,2023-07-28,538.662,538.87,84
PUNE_G004,Koregaon Bhima,2023-07-29,538.552,538.86,95
PUNE_G004,Koregaon Bhima,2023-07-30,538.427,538.67,95
PUNE_G004,Koregaon Bhima,2023-07-31,538.387,538.49,82
PUNE_G004,Koregaon Bhima,2023-08-01,538.183,538.21,3
PUNE_G004,Koregaon Bhima,2023-08-02,537.987,538.13,79
PUNE_G004,Koregaon Bhima,2023-08-03,537.803,538.05,86
PUNE_G004,Koregaon Bhima,2023-08-04,537.814,538.03,96
PUNE_G004,Koregaon Bhima,2023-08-05,537.956,538.03,95
PUNE_G004,Koregaon Bhima,2023-08-06,537.952,538.03,96
PUNE_G004,Koregaon Bhima,2023-08-07,537.796,537.91,96
PUNE_G004,Koregaon Bhima,2023-08-08,537.598,537.75,96
PUNE_G004,Koregaon Bhima,2023-08-09,537.455,537.5,96
PUNE_G004,Koregaon Bhima,2023-08-10,537.401,537.45,93
PUNE_G004,Koregaon Bhima,2023-08-11,537.322,537.36,95
PUNE_G004,Koregaon Bhima,2023-08-12,537.302,537.33,95
PUNE_G004,Koregaon Bhima,2023-08-13,537.272,537.29,94
PUNE_G004,Koregaon Bhima,2023-08-14,537.328,537.42,94
PUNE_G004,Koregaon Bhima,2023-08-15,537.392,537.43,96
PUNE_G004,Koregaon Bhima,2023-08-16,537.368,537.4,92
PUNE_G004,Koregaon Bhima,2023-08-17,537.317,537.36,96
PUNE_G004,Koregaon Bhima,2023-08-18,537.27,537.3,94
PUNE_G004,Koregaon Bhima,2023-08-19,537.246,537.27,94
PUNE_G004,Koregaon Bhima,2023-08-20,537.214,537.26,95
PUNE_G004,Koregaon Bhima,2023-08-21,537.523,537.79,94
PUNE_G004,Koregaon Bhima,2023-08-22,537.568,537.72,94
PUNE_G004,Koregaon Bhima,2023-08-23,537.475,537.52,96
PUNE_G004,Koregaon Bhima,2023-08-24,537.472,537.57,92
PUNE_G004,Koregaon Bhima,2023-08-25,537.416,537.48,89
PUNE_G004,Koregaon Bhima,2023-08-26,537.365,537.38,95
PUNE_G004,Koregaon Bhima,2023-08-27,537.642,538.04,95
PUNE_G004,Koregaon Bhima,2023-08-28,537.771,537.98,93
PUNE_G004,Koregaon Bhima,2023-08-29,537.616,537.74,93
PUNE_G004,Koregaon Bhima,2023-08-30,537.482,537.56,94
PUNE_G004,Koregaon Bhima,2023-08-31,537.311,537.38,91
PUNE_G004,Koregaon Bhima,2023-09-01,537.22,537.3,92
PUNE_G004,Koregaon Bhima,2023-09-02,537.195,537.43,85
PUNE_G004,Koregaon Bhima,2023-09-03,537.501,537.64,86
PUNE_G004,Koregaon Bhima,2023-09-04,537.36,537.5,83
PUNE_G004,Koregaon Bhima,2023-09-05,537.2,537.27,77
PUNE_G004,Koregaon Bhima,2023-09-06,537.108,537.15,89
PUNE_G004,Koregaon Bhima,2023-09-07,537.042,537.08,93
PUNE_G004,Koregaon Bhima,2023-09-08,537.074,537.21,96
PUNE_G004,Koregaon Bhima,2023-09-09,539.011,539.96,94
PUNE_G004,Koregaon Bhima,2023-09-10,538.17,538.34,94
PUNE_G004,Koregaon Bhima,2023-09-11,537.773,538.02,96
PUNE_G004,Koregaon Bhima,2023-09-12,537.596,537.7,93
PUNE_G004,Koregaon Bhima,2023-09-13,537.538,537.69,95
PUNE_G004,Koregaon Bhima,2023-09-14,537.33,537.42,94
PUNE_G004,Koregaon Bhima,2023-09-15,537.224,537.27,95
PUNE_G004,Koregaon Bhima,2023-09-16,537.167,537.2,93
PUNE_G004,Koregaon Bhima,2023-09-17,537.143,537.17,95
PUNE_G004,Koregaon Bhima,2023-09-18,537.21,537.34,89
PUNE_G004,Koregaon Bhima,2023-09-19,537.357,537.59,90
PUNE_G004,Koregaon Bhima,2023-09-20,537.53,537.63,92
PUNE_G004,Koregaon Bhima,2023-09-21,537.372,537.45,91
PUNE_G004,Koregaon Bhima,2023-09-22,537.315,537.36,90
PUNE_G004,Koregaon Bhima,2023-09-23,537.426,537.45,91
PUNE_G004,Koregaon Bhima,2023-09-24,537.748,538.13,84
PUNE_G004,Koregaon Bhima,2023-09-25,537.696,538.0,91
PUNE_G004,Koregaon Bhima,2023-09-26,537.533,537.67,89
PUNE_G004,Koregaon Bhima,2023-09-27,538.097,538.56,89
PUNE_G004,Koregaon Bhima,2023-09-28,538.612,538.83,86
PUNE_G004,Koregaon Bhima,2023-09-29,538.983,539.27,91
PUNE_G004,Koregaon Bhima,2023-09-30,538.998,539.1,88
PUNE_G004,Koregaon Bhima,2023-10-01,539.243,539.62,91
PUNE_G004,Koregaon Bhima,2023-10-02,538.774,539.57,90
PUNE_G004,Koregaon Bhima,2023-10-03,538.215,538.62,92
PUNE_G004,Koregaon Bhima,2023-10-04,537.811,538.04,94
PUNE_G004,Koregaon Bhima,2023-10-05,537.607,537.68,94
PUNE_G004,Koregaon Bhima,2023-10-06,537.505,537.55,93
PUNE_G004,Koregaon Bhima,2023-10-07,537.385,537.46,93
PUNE_G004,Koregaon Bhima,2023-10-08,537.307,537.34,95
PUNE_G004,Koregaon Bhima,2023-10-09,537.258,537.29,95
PUNE_G004,Koregaon Bhima,2023-10-10,537.218,537.24,93
PUNE_G004,Koregaon Bhima,2023-10-11,537.191,537.22,93
PUNE_G004,Koregaon Bhima,2023-10-12,537.172,537.2,95
PUNE_G004,Koregaon Bhima,2023-10-13,537.138,537.17,94
PUNE_G004,Koregaon Bhima,2023-10-14,537.126,537.17,83
PUNE_G004,Koregaon Bhima,2023-10-16,536.932,537.04,32
PUNE_G004,Koregaon Bhima,2023-10-17,536.809,536.85,88
PUNE_G004,Koregaon Bhima,2023-10-18,536.685,536.75,82
PUNE_G004,Koregaon Bhima,2023-10-19,536.65,536.67,83
PUNE_G004,Koregaon Bhima,2023-10-20,536.676,536.69,65
PUNE_G004,Koregaon Bhima,2023-10-21,536.703,536.71,52
PUNE_G004,Koregaon Bhima,2023-10-22,536.682,536.7,42
PUNE_G004,Koregaon Bhima,2023-10-23,536.676,536.68,38
PUNE_G004,Koregaon Bhima,2023-10-24,536.668,536.67,49
PUNE_G004,Koregaon Bhima,2023-10-25,536.679,536.69,74
PUNE_G004,Koregaon Bhima,2023-10-26,536.754,537.34,89
PUNE_G004,Koregaon Bhima,2023-10-27,539.864,540.92,90
PUNE_G004,Koregaon Bhima,2023-10-28,540.927,540.94,92
PUNE_G004,Koregaon Bhima,2023-10-29,540.924,540.94,96
PUNE_G004,Koregaon Bhima,2023-10-30,540.92,540.94,92
PUNE_G004,Koregaon Bhima,2023-10-31,540.924,540.94,92
PUNE_G004,Koregaon Bhima,2023-11-01,540.919,540.94,94
PUNE_G004,Koregaon Bhima,2023-11-02,540.91,540.92,77
PUNE_G004,Koregaon Bhima,2023-11-03,540.797,540.91,90
PUNE_G004,Koregaon Bhima,2023-11-04,540.594,540.68,91
PUNE_G004,Koregaon Bhima,2023-11-05,540.43,540.49,90
PUNE_G004,Koregaon Bhima,2023-11-06,540.361,540.39,92
PUNE_G004,Koregaon Bhima,2023-11-07,540.296,540.33,89
PUNE_G004,Koregaon Bhima,2023-11-08,540.228,540.27,91
PUNE_G004,Koregaon Bhima,2023-11-09,540.176,540.22,92
PUNE_G004,Koregaon Bhima,2023-11-10,540.137,540.17,90
PUNE_G004,Koregaon Bhima,2023-11-11,540.407,540.8,90
PUNE_G004,Koregaon Bhima,2023-11-12,540.697,540.78,92
PUNE_G004,Koregaon Bhima,2023-11-13,540.651,540.66,88
PUNE_G004,Koregaon Bhima,2023-11-14,540.635,540.65,91
PUNE_G004,Koregaon Bhima,2023-11-15,540.598,540.62,91
PUNE_G004,Koregaon Bhima,2023-11-16,540.566,540.58,91
PUNE_G004,Koregaon Bhima,2023-11-17,540.561,540.57,91
PUNE_G004,Koregaon Bhima,2023-11-18,540.558,540.57,93
PUNE_G004,Koregaon Bhima,2023-11-19,540.535,540.55,89
PUNE_G004,Koregaon Bhima,2023-11-20,540.529,540.54,88
PUNE_G004,Koregaon Bhima,2023-11-21,540.522,540.53,82
PUNE_G004,Koregaon Bhima,2023-11-22,540.524,540.53,93
PUNE_G004,Koregaon Bhima,2023-11-23,540.514,540.53,86
PUNE_G004,Koregaon Bhima,2023-11-24,540.509,540.53,89
PUNE_G004,Koregaon Bhima,2023-11-25,540.508,540.52,90
PUNE_G004,Koregaon Bhima,2023-11-26,540.535,540.61,75
PUNE_G004,Koregaon Bhima,2023-11-27,540.579,540.6,88
PUNE_G004,Koregaon Bhima,2023-11-28,540.576,540.58,92
PUNE_G004,Koregaon Bhima,2023-11-29,540.57,540.58,88
PUNE_G004,Koregaon Bhima,2023-11-30,540.564,540.58,85
PUNE_G004,Koregaon Bhima,2023-12-01,540.588,540.61,82
PUNE_G004,Koregaon Bhima,2023-12-02,540.628,540.64,90
PUNE_G004,Koregaon Bhima,2023-12-03,540.635,540.64,87
PUNE_G004,Koregaon Bhima,2023-12-04,540.635,540.64,85
PUNE_G004,Koregaon Bhima,2023-12-05,540.628,540.63,82
PUNE_G004,Koregaon Bhima,2023-12-06,540.621,540.63,91
PUNE_G004,Koregaon Bhima,2023-12-07,540.658,540.72,91
PUNE_G004,Koregaon Bhima,2023-12-08,540.653,540.7,93
PUNE_G004,Koregaon Bhima,2023-12-09,540.605,540.63,89
PUNE_G004,Koregaon Bhima,2023-12-10,540.58,540.6,94
PUNE_G004,Koregaon Bhima,2023-12-11,540.564,540.58,94
PUNE_G004,Koregaon Bhima,2023-12-12,540.554,540.56,93
PUNE_G004,Koregaon Bhima,2023-12-13,540.54,540.55,65
PUNE_G004,Koregaon Bhima,2023-12-14,540.524,540.53,21
PUNE_G004,Koregaon Bhima,2023-12-15,540.512,540.53,92
PUNE_G004,Koregaon Bhima,2023-12-16,540.5,540.52,91
PUNE_G004,Koregaon Bhima,2023-12-17,540.487,540.5,93
PUNE_G004,Koregaon Bhima,2023-12-18,540.476,540.49,90
PUNE_G004,Koregaon Bhima,2023-12-19,540.465,540.48,93
PUNE_G004,Koregaon Bhima,2023-12-20,540.447,540.47,88
PUNE_G004,Koregaon Bhima,2023-12-21,540.442,540.45,91
PUNE_G004,Koregaon Bhima,2023-12-22,540.447,540.45,91
PUNE_G004,Koregaon Bhima,2023-12-23,540.434,540.45,92
PUNE_G004,Koregaon Bhima,2023-12-24,540.41,540.43,94
PUNE_G004,Koregaon Bhima,2023-12-25,540.382,540.41,91
PUNE_G004,Koregaon Bhima,2023-12-26,540.356,540.38,95
PUNE_G004,Koregaon Bhima,2023-12-27,540.323,540.35,92
PUNE_G004,Koregaon Bhima,2023-12-28,540.29,540.31,87
PUNE_G004,Koregaon Bhima,2023-12-29,540.261,540.29,90
PUNE_G004,Koregaon Bhima,2023-12-30,540.224,540.25,95
PUNE_G004,Koregaon Bhima,2023-12-31,540.187,540.21,92
PUNE_G004,Koregaon Bhima,2024-01-01,540.278,540.38,69
PUNE_G004,Koregaon Bhima,2024-01-02,540.651,540.82,94
PUNE_G004,Koregaon Bhima,2024-01-03,540.821,540.84,89
PUNE_G004,Koregaon Bhima,2024-01-04,540.874,540.89,94
PUNE_G004,Koregaon Bhima,2024-01-05,540.895,540.91,90
PUNE_G004,Koregaon Bhima,2024-01-06,540.879,540.89,92
PUNE_G004,Koregaon Bhima,2024-01-07,540.827,540.88,89
PUNE_G004,Koregaon Bhima,2024-01-08,540.691,540.76,96
PUNE_G004,Koregaon Bhima,2024-01-09,540.639,540.67,92
PUNE_G004,Koregaon Bhima,2024-01-10,540.632,540.64,88
PUNE_G004,Koregaon Bhima,2024-01-11,540.581,540.63,93
PUNE_G004,Koregaon Bhima,2024-01-12,540.473,540.5,93
PUNE_G004,Koregaon Bhima,2024-01-13,540.508,540.55,92
PUNE_G004,Koregaon Bhima,2024-01-14,540.559,540.58,92
PUNE_G004,Koregaon Bhima,2024-01-15,540.565,540.58,94
PUNE_G004,Koregaon Bhima,2024-01-16,540.581,540.59,88
PUNE_G004,Koregaon Bhima,2024-01-17,540.563,540.58,87
PUNE_G004,Koregaon Bhima,2024-01-18,540.544,540.56,87
PUNE_G004,Koregaon Bhima,2024-01-19,540.523,540.54,90
PUNE_G004,Koregaon Bhima,2024-01-20,540.517,540.54,92
PUNE_G004,Koregaon Bhima,2024-01-21,540.53,540.54,87
PUNE_G004,Koregaon Bhima,2024-01-22,540.522,540.54,92
PUNE_G004,Koregaon Bhima,2024-01-23,540.542,540.55,87
PUNE_G004,Koregaon Bhima,2024-01-24,540.526,540.55,88
PUNE_G004,Koregaon Bhima,2024-01-25,540.531,540.55,88
PUNE_G004,Koregaon Bhima,2024-01-26,540.521,540.53,89
PUNE_G004,Koregaon Bhima,2024-01-27,540.507,540.52,92
PUNE_G004,Koregaon Bhima,2024-01-28,540.505,540.51,92
PUNE_G004,Koregaon Bhima,2024-01-29,540.502,540.51,92
PUNE_G004,Koregaon Bhima,2024-01-30,540.499,540.51,93
PUNE_G004,Koregaon Bhima,2024-01-31,540.497,540.52,88
PUNE_G004,Koregaon Bhima,2024-02-01,540.515,540.52,90
PUNE_G004,Koregaon Bhima,2024-02-02,540.503,540.53,92
PUNE_G004,Koregaon Bhima,2024-02-03,540.488,540.51,91
PUNE_G004,Koregaon Bhima,2024-02-04,540.479,540.49,93
PUNE_G004,Koregaon Bhima,2024-02-05,540.474,540.49,87
PUNE_G004,Koregaon Bhima,2024-02-06,540.457,540.5,86
PUNE_G004,Koregaon Bhima,2024-02-07,540.453,540.46,91
PUNE_G004,Koregaon Bhima,2024-02-08,540.429,540.45,90
PUNE_G004,Koregaon Bhima,2024-02-09,540.419,540.46,73
PUNE_G004,Koregaon Bhima,2024-02-10,540.534,540.57,91
PUNE_G004,Koregaon Bhima,2024-02-11,540.569,540.58,80
PUNE_G004,Koregaon Bhima,2024-02-12,540.568,540.58,72
PUNE_G004,Koregaon Bhima,2024-02-13,540.549,540.56,47
PUNE_G004,Koregaon Bhima,2024-02-14,540.531,540.55,37
PUNE_G004,Koregaon Bhima,2024-02-15,540.51,540.52,25
PUNE_G004,Koregaon Bhima,2024-02-16,540.493,540.51,30
PUNE_G004,Koregaon Bhima,2024-02-17,540.481,540.5,27
PUNE_G004,Koregaon Bhima,2024-02-18,540.469,540.48,14
PUNE_G004,Koregaon Bhima,2024-02-19,540.47,540.48,53
PUNE_G004,Koregaon Bhima,2024-02-20,540.461,540.48,86
PUNE_G004,Koregaon Bhima,2024-02-21,540.448,540.49,92
PUNE_G004,Koregaon Bhima,2024-02-22,540.345,540.46,88
PUNE_G004,Koregaon Bhima,2024-02-23,540.203,540.28,94
PUNE_G004,Koregaon Bhima,2024-02-24,540.116,540.15,94
PUNE_G004,Koregaon Bhima,2024-02-25,540.061,540.09,95
PUNE_G004,Koregaon Bhima,2024-02-26,540.042,540.05,79
PUNE_G004,Koregaon Bhima,2024-02-27,540.034,540.05,94
PUNE_G004,Koregaon Bhima,2024-02-28,540.011,540.04,96
PUNE_G004,Koregaon Bhima,2024-02-29,539.977,540.02,46
PUNE_G004,Koregaon Bhima,2024-03-26,540.802,540.81,93
PUNE_G004,Koregaon Bhima,2024-03-27,540.8,540.81,89
PUNE_G004,Koregaon Bhima,2024-03-28,540.802,540.82,86
PUNE_G004,Koregaon Bhima,2024-03-29,540.809,540.82,87
PUNE_G004,Koregaon Bhima,2024-03-30,540.791,540.81,74
PUNE_G004,Koregaon Bhima,2024-03-31,540.786,540.8,65
PUNE_G004,Koregaon Bhima,2024-04-01,540.762,540.78,88
PUNE_G004,Koregaon Bhima,2024-04-02,540.782,540.85,88
PUNE_G004,Koregaon Bhima,2024-04-03,540.704,540.77,92
PUNE_G004,Koregaon Bhima,2024-04-04,540.708,540.73,92
PUNE_G004,Koregaon Bhima,2024-04-05,540.707,540.72,87
PUNE_G004,Koregaon Bhima,2024-04-06,540.693,540.71,88
PUNE_G004,Koregaon Bhima,2024-04-07,540.683,540.7,93
PUNE_G004,Koregaon Bhima,2024-04-08,540.748,540.82,93
PUNE_G004,Koregaon Bhima,2024-04-09,540.778,540.81,93
PUNE_G004,Koregaon Bhima,2024-04-10,540.775,540.81,95
PUNE_G004,Koregaon Bhima,2024-04-11,540.708,540.79,89
PUNE_G004,Koregaon Bhima,2024-04-12,540.677,540.71,92
PUNE_G004,Koregaon Bhima,2024-04-13,540.683,540.7,92
PUNE_G004,Koregaon Bhima,2024-04-14,540.688,540.7,92
PUNE_G004,Koregaon Bhima,2024-04-15,540.656,541.67,90
PUNE_G004,Koregaon Bhima,2024-04-16,540.641,540.72,93
PUNE_G004,Koregaon Bhima,2024-04-17,540.71,540.71,26
PUNE_G004,Koregaon Bhima,2024-04-19,540.487,540.5,43
PUNE_G004,Koregaon Bhima,2024-04-20,540.468,540.49,95
PUNE_G004,Koregaon Bhima,2024-04-21,540.459,540.48,89
PUNE_G004,Koregaon Bhima,2024-04-22,540.435,540.45,90
PUNE_G004,Koregaon Bhima,2024-04-23,540.41,540.43,91
PUNE_G004,Koregaon Bhima,2024-04-24,540.382,540.4,88
PUNE_G004,Koregaon Bhima,2024-04-25,540.346,540.37,92
PUNE_G004,Koregaon Bhima,2024-04-26,540.296,540.33,85
PUNE_G004,Koregaon Bhima,2024-04-27,540.226,540.27,90
PUNE_G004,Koregaon Bhima,2024-04-28,540.158,540.2,85
PUNE_G004,Koregaon Bhima,2024-04-29,540.098,540.14,91
PUNE_G004,Koregaon Bhima,2024-04-30,540.047,540.08,76
PUNE_G004,Koregaon Bhima,2024-05-01,539.986,540.03,61
PUNE_G004,Koregaon Bhima,2024-05-02,539.917,539.96,65
PUNE_G004,Koregaon Bhima,2024-05-03,539.861,539.9,80
PUNE_G004,Koregaon Bhima,2024-05-04,539.787,539.84,92
PUNE_G004,Koregaon Bhima,2024-05-05,539.718,539.76,82
PUNE_G004,Koregaon Bhima,2024-05-06,539.663,539.71,87
PUNE_G004,Koregaon Bhima,2024-05-07,539.608,539.66,88
PUNE_G004,Koregaon Bhima,2024-05-08,539.564,539.59,92
PUNE_G004,Koregaon Bhima,2024-05-09,539.517,539.55,65
PUNE_G004,Koregaon Bhima,2024-05-10,539.464,539.5,61
PUNE_G004,Koregaon Bhima,2024-05-11,539.431,539.46,71
PUNE_G004,Koregaon Bhima,2024-05-12,539.377,539.43,63
PUNE_G004,Koregaon Bhima,2024-05-13,539.136,539.26,77
PUNE_G004,Koregaon Bhima,2024-05-14,539.152,539.47,90
PUNE_G004,Koregaon Bhima,2024-05-15,540.125,540.55,93
PUNE_G004,Koregaon Bhima,2024-05-16,540.582,540.6,89
PUNE_G004,Koregaon Bhima,2024-05-17,540.606,540.64,90
PUNE_G004,Koregaon Bhima,2024-05-18,540.652,540.68,92
PUNE_G004,Koregaon Bhima,2024-05-19,540.639,540.68,89
PUNE_G004,Koregaon Bhima,2024-05-20,540.531,540.6,88
PUNE_G004,Koregaon Bhima,2024-05-21,540.321,540.46,86
PUNE_G004,Koregaon Bhima,2024-05-22,540.023,540.17,88
PUNE_G004,Koregaon Bhima,2024-05-23,539.762,539.89,91
PUNE_G004,Koregaon Bhima,2024-05-24,539.58,539.66,94
PUNE_G004,Koregaon Bhima,2024-05-25,539.439,539.5,95
PUNE_G004,Koregaon Bhima,2024-05-26,539.321,539.4,95
PUNE_G004,Koregaon Bhima,2024-05-27,539.227,539.29,90
PUNE_G004,Koregaon Bhima,2024-05-28,539.154,539.21,92
PUNE_G004,Koregaon Bhima,2024-05-29,539.091,539.15,93
PUNE_G004,Koregaon Bhima,2024-05-30,539.023,539.07,90
PUNE_G004,Koregaon Bhima,2024-05-31,538.986,539.02,52
PUNE_G004,Koregaon Bhima,2024-07-25,544.167,544.57,50
PUNE_G004,Koregaon Bhima,2024-07-26,543.096,544.25,83
PUNE_G004,Koregaon Bhima,2024-07-27,540.158,541.52,91
PUNE_G004,Koregaon Bhima,2024-07-28,539.321,539.48,95
PUNE_G004,Koregaon Bhima,2024-07-29,539.564,539.78,95
PUNE_G004,Koregaon Bhima,2024-07-30,539.823,540.21,94
PUNE_G004,Koregaon Bhima,2024-07-31,540.369,540.79,93
PUNE_G004,Koregaon Bhima,2024-08-01,540.117,540.79,93
PUNE_G004,Koregaon Bhima,2024-08-02,540.37,541.53,92
PUNE_G004,Koregaon Bhima,2024-08-03,541.055,541.47,95
PUNE_G004,Koregaon Bhima,2024-08-04,542.688,544.38,95
PUNE_G004,Koregaon Bhima,2024-08-05,542.211,544.34,89
PUNE_G004,Koregaon Bhima,2024-08-06,539.645,540.49,96
PUNE_G004,Koregaon Bhima,2024-08-07,539.282,539.54,85
PUNE_G004,Koregaon Bhima,2024-08-08,539.109,539.17,95
PUNE_G004,Koregaon Bhima,2024-08-09,538.591,538.96,96
PUNE_G004,Koregaon Bhima,2024-08-10,538.816,538.99,96
PUNE_G004,Koregaon Bhima,2024-08-11,538.678,538.82,93
PUNE_G004,Koregaon Bhima,2024-08-12,538.723,538.78,87
PUNE_G004,Koregaon Bhima,2024-08-13,538.413,538.63,94
PUNE_G004,Koregaon Bhima,2024-08-14,538.147,538.33,94
PUNE_G004,Koregaon Bhima,2024-08-15,537.93,538.01,93
PUNE_G004,Koregaon Bhima,2024-08-16,537.895,537.96,93
PUNE_G004,Koregaon Bhima,2024-08-17,537.765,537.83,94
PUNE_G004,Koregaon Bhima,2024-08-18,537.7,537.77,95
PUNE_G004,Koregaon Bhima,2024-08-19,537.76,537.94,96
PUNE_G004,Koregaon Bhima,2024-08-20,537.889,537.95,95
PUNE_G004,Koregaon Bhima,2024-08-21,537.939,538.26,69
PUNE_G004,Koregaon Bhima,2024-08-22,537.952,538.12,54
PUNE_G004,Koregaon Bhima,2024-08-23,537.973,538.06,52
PUNE_G004,Koregaon Bhima,2024-08-24,538.262,538.7,63
PUNE_G004,Koregaon Bhima,2024-08-25,540.239,541.36,71
PUNE_G004,Koregaon Bhima,2024-08-26,541.238,541.79,65
PUNE_G004,Koregaon Bhima,2024-08-27,540.528,541.03,89
PUNE_G004,Koregaon Bhima,2024-08-28,540.223,541.04,93
PUNE_G004,Koregaon Bhima,2024-08-29,539.405,539.52,90
PUNE_G004,Koregaon Bhima,2024-08-30,538.861,539.35,87
PUNE_G004,Koregaon Bhima,2024-08-31,538.341,538.49,90
PUNE_G004,Koregaon Bhima,2024-09-01,538.149,538.23,83
PUNE_G004,Koregaon Bhima,2024-09-02,538.076,538.13,88
PUNE_G004,Koregaon Bhima,2024-09-03,538.066,538.11,89
PUNE_G004,Koregaon Bhima,2024-09-04,538.101,538.24,83
PUNE_G004,Koregaon Bhima,2024-09-05,538.499,538.82,85
PUNE_G004,Koregaon Bhima,2024-09-06,539.289,539.6,84
PUNE_G004,Koregaon Bhima,2024-09-07,539.186,539.3,83
PUNE_G004,Koregaon Bhima,2024-09-08,538.65,538.95,84
PUNE_G004,Koregaon Bhima,2024-09-09,538.266,538.67,84
PUNE_G004,Koregaon Bhima,2024-09-10,538.091,538.15,87
PUNE_G004,Koregaon Bhima,2024-09-11,538.057,538.12,79
PUNE_G004,Koregaon Bhima,2024-09-12,538.132,538.18,78
PUNE_G004,Koregaon Bhima,2024-09-13,538.107,538.15,78
PUNE_G004,Koregaon Bhima,2024-09-14,537.95,538.07,83
PUNE_G004,Koregaon Bhima,2024-09-15,537.777,537.82,82
PUNE_G004,Koregaon Bhima,2024-09-16,537.793,537.81,83
PUNE_G004,Koregaon Bhima,2024-09-17,537.758,537.8,80
PUNE_G004,Koregaon Bhima,2024-09-18,537.659,537.73,81
PUNE_G004,Koregaon Bhima,2024-09-19,537.565,537.6,81
PUNE_G004,Koregaon Bhima,2024-09-20,537.477,537.55,74
PUNE_G004,Koregaon Bhima,2024-09-21,537.392,537.41,80
PUNE_G004,Koregaon Bhima,2024-09-22,537.379,537.4,79
PUNE_G004,Koregaon Bhima,2024-09-23,537.384,537.4,83
PUNE_G004,Koregaon Bhima,2024-09-24,537.474,537.79,75
PUNE_G004,Koregaon Bhima,2024-09-25,537.726,538.16,74
PUNE_G004,Koregaon Bhima,2024-09-26,538.09,538.49,74
PUNE_G004,Koregaon Bhima,2024-09-27,537.878,537.98,68
PUNE_G004,Koregaon Bhima,2024-09-28,538.27,538.9,71
PUNE_G004,Koregaon Bhima,2024-09-29,538.585,538.87,76
PUNE_G004,Koregaon Bhima,2024-09-30,538.15,538.34,81
PUNE_G004,Koregaon Bhima,2024-10-01,538.005,538.08,78
PUNE_G004,Koregaon Bhima,2024-10-02,537.758,537.86,80
PUNE_G004,Koregaon Bhima,2024-10-03,537.657,537.71,75
PUNE_G004,Koregaon Bhima,2024-10-04,537.602,537.64,73
PUNE_G004,Koregaon Bhima,2024-10-05,537.541,537.58,67
PUNE_G004,Koregaon Bhima,2024-10-06,537.498,537.52,73
PUNE_G004,Koregaon Bhima,2024-10-07,537.456,537.49,73
PUNE_G004,Koregaon Bhima,2024-10-08,537.424,537.45,73
PUNE_G004,Koregaon Bhima,2024-10-09,537.398,537.42,72
PUNE_G004,Koregaon Bhima,2024-10-10,537.386,537.41,68
PUNE_G004,Koregaon Bhima,2024-10-11,537.384,537.4,66
PUNE_G004,Koregaon Bhima,2024-10-12,537.371,537.39,57
PUNE_G004,Koregaon Bhima,2024-10-13,537.374,537.39,70
PUNE_G004,Koregaon Bhima,2024-10-14,537.371,537.39,70
PUNE_G004,Koregaon Bhima,2024-10-15,537.356,537.38,71
PUNE_G004,Koregaon Bhima,2024-10-16,537.323,537.38,58
PUNE_G004,Koregaon Bhima,2024-10-17,537.45,537.49,63
PUNE_G004,Koregaon Bhima,2024-10-18,537.465,537.5,69
PUNE_G004,Koregaon Bhima,2024-10-19,537.413,537.45,65
PUNE_G004,Koregaon Bhima,2024-10-20,537.368,537.41,72
PUNE_G004,Koregaon Bhima,2024-10-21,537.381,537.42,54
PUNE_G004,Koregaon Bhima,2024-10-22,537.534,537.59,65
PUNE_G004,Koregaon Bhima,2024-10-23,537.729,537.88,66
PUNE_G004,Koregaon Bhima,2024-10-24,537.634,537.8,73
PUNE_G004,Koregaon Bhima,2024-10-25,537.55,537.58,62
PUNE_G004,Koregaon Bhima,2024-10-26,537.419,537.5,65
PUNE_G004,Koregaon Bhima,2024-10-27,537.315,537.36,61
PUNE_G004,Koregaon Bhima,2024-10-28,537.275,537.32,71
PUNE_G004,Koregaon Bhima,2024-10-29,537.154,537.18,59
PUNE_G004,Koregaon Bhima,2024-10-30,537.038,537.09,64
PUNE_G004,Koregaon Bhima,2024-10-31,537.068,537.21,67
PUNE_G004,Koregaon Bhima,2024-11-01,537.333,537.45,58
PUNE_G004,Koregaon Bhima,2024-11-02,537.584,537.69,55
PUNE_G004,Koregaon Bhima,2024-11-03,537.793,537.88,56
PUNE_G004,Koregaon Bhima,2024-11-04,537.974,538.06,64
PUNE_G004,Koregaon Bhima,2024-11-05,538.149,538.23,64
PUNE_G004,Koregaon Bhima,2024-11-06,538.322,538.4,59
PUNE_G004,Koregaon Bhima,2024-11-07,538.499,538.58,56
PUNE_G004,Koregaon Bhima,2024-11-08,538.665,538.75,60
PUNE_G004,Koregaon Bhima,2024-11-09,538.825,538.88,60
PUNE_G004,Koregaon Bhima,2024-11-10,538.955,539.0,32
PUNE_G004,Koregaon Bhima,2024-11-11,539.052,539.11,56
PUNE_G004,Koregaon Bhima,2024-11-12,539.59,540.75,66
PUNE_G004,Koregaon Bhima,2024-11-13,540.872,540.89,64
PUNE_G004,Koregaon Bhima,2024-11-14,540.883,540.89,68
PUNE_G004,Koregaon Bhima,2024-11-15,540.882,540.89,69
PUNE_G004,Koregaon Bhima,2024-11-16,540.882,540.89,60
PUNE_G004,Koregaon Bhima,2024-11-17,540.869,540.88,54
PUNE_G004,Koregaon Bhima,2024-11-18,540.831,540.88,27
PUNE_G004,Koregaon Bhima,2024-11-19,540.836,540.87,36
PUNE_G004,Koregaon Bhima,2024-11-20,540.859,540.87,34
PUNE_G004,Koregaon Bhima,2024-11-21,540.856,540.87,35
PUNE_G004,Koregaon Bhima,2024-11-22,540.691,540.8,25
PUNE_G004,Koregaon Bhima,2024-11-23,540.594,540.6,27
PUNE_G004,Koregaon Bhima,2024-11-24,540.604,540.62,24
PUNE_G004,Koregaon Bhima,2024-11-25,540.605,540.61,33
PUNE_G004,Koregaon Bhima,2024-11-26,540.602,540.61,26
PUNE_G004,Koregaon Bhima,2024-11-27,540.596,540.61,29
PUNE_G004,Koregaon Bhima,2024-11-28,540.596,540.61,25
PUNE_G004,Koregaon Bhima,2024-11-29,540.583,540.61,25
PUNE_G004,Koregaon Bhima,2024-11-30,540.563,540.58,24
PUNE_G004,Koregaon Bhima,2024-12-01,540.548,540.56,28
PUNE_G004,Koregaon Bhima,2024-12-02,540.545,540.55,32
PUNE_G004,Koregaon Bhima,2024-12-03,540.528,540.54,28
PUNE_G004,Koregaon Bhima,2024-12-04,540.52,540.54,32
PUNE_G004,Koregaon Bhima,2024-12-05,540.532,540.54,65
PUNE_G004,Koregaon Bhima,2024-12-06,540.537,540.54,39
PUNE_G004,Koregaon Bhima,2024-12-07,540.537,540.54,64
PUNE_G004,Koregaon Bhima,2024-12-08,540.532,540.55,67
PUNE_G004,Koregaon Bhima,2024-12-09,540.534,540.54,60
PUNE_G004,Koregaon Bhima,2024-12-10,540.53,540.54,62
PUNE_G004,Koregaon Bhima,2024-12-11,540.527,540.54,61
PUNE_G004,Koregaon Bhima,2024-12-12,540.517,540.53,58
PUNE_G004,Koregaon Bhima,2024-12-13,540.496,540.51,43
PUNE_G004,Koregaon Bhima,2024-12-14,540.491,540.5,55
PUNE_G004,Koregaon Bhima,2024-12-15,540.496,540.51,69
PUNE_G004,Koregaon Bhima,2024-12-16,540.498,540.51,73
PUNE_G004,Koregaon Bhima,2024-12-17,540.499,540.51,81
PUNE_G004,Koregaon Bhima,2024-12-18,540.499,540.51,50
