Grid_ID,Date,Year,Month,Day,DayOfYear,Latitude,Longitude,Rainfall_mm
PUNE_G001,2015-01-01,2015,1,1,1,18.5,73.75,0.0
PUNE_G001,2015-01-02,2015,1,2,2,18.5,73.75,0.0
PUNE_G001,2015-01-03,2015,1,3,3,18.5,73.75,0.0
PUNE_G001,2015-01-04,2015,1,4,4,18.5,73.75,0.0
PUNE_G001,2015-01-05,2015,1,5,5,18.5,73.75,0.0
PUNE_G001,2015-01-06,2015,1,6,6,18.5,73.75,0.0
PUNE_G001,2015-01-07,2015,1,7,7,18.5,73.75,0.0
PUNE_G001,2015-01-08,2015,1,8,8,18.5,73.75,0.0
PUNE_G001,2015-01-09,2015,1,9,9,18.5,73.75,0.0
PUNE_G001,2015-01-10,2015,1,10,10,18.5,73.75,0.0
PUNE_G001,2015-01-11,2015,1,11,11,18.5,73.75,0.0
PUNE_G001,2015-01-12,2015,1,12,12,18.5,73.75,0.0
PUNE_G001,2015-01-13,2015,1,13,13,18.5,73.75,0.0
PUNE_G001,2015-01-14,2015,1,14,14,18.5,73.75,0.0
PUNE_G001,2015-01-15,2015,1,15,15,18.5,73.75,0.0
PUNE_G001,2015-01-16,2015,1,16,16,18.5,73.75,0.0
PUNE_G001,2015-01-17,2015,1,17,17,18.5,73.75,0.0
PUNE_G001,2015-01-18,2015,1,18,18,18.5,73.75,0.0
PUNE_G001,2015-01-19,2015,1,19,19,18.5,73.75,0.0
PUNE_G001,2015-01-20,2015,1,20,20,18.5,73.75,0.0
PUNE_G001,2015-01-21,2015,1,21,21,18.5,73.75,0.0
PUNE_G001,2015-01-22,2015,1,22,22,18.5,73.75,0.0
PUNE_G001,2015-01-23,2015,1,23,23,18.5,73.75,0.0
PUNE_G001,2015-01-24,2015,1,24,24,18.5,73.75,0.0
PUNE_G001,2015-01-25,2015,1,25,25,18.5,73.75,0.0
PUNE_G001,2015-01-26,2015,1,26,26,18.5,73.75,0.0
PUNE_G001,2015-01-27,2015,1,27,27,18.5,73.75,0.0
PUNE_G001,2015-01-28,2015,1,28,28,18.5,73.75,0.0
PUNE_G001,2015-01-29,2015,1,29,29,18.5,73.75,0.0
PUNE_G001,2015-01-30,2015,1,30,30,18.5,73.75,0.0
PUNE_G001,2015-01-31,2015,1,31,31,18.5,73.75,0.0
PUNE_G001,2015-02-01,2015,2,1,32,18.5,73.75,0.0
PUNE_G001,2015-02-02,2015,2,2,33,18.5,73.75,0.0
PUNE_G001,2015-02-03,2015,2,3,34,18.5,73.75,0.0
PUNE_G001,2015-02-04,2015,2,4,35,18.5,73.75,0.0
PUNE_G001,2015-02-05,2015,2,5,36,18.5,73.75,0.0
PUNE_G001,2015-02-06,2015,2,6,37,18.5,73.75,0.0
PUNE_G001,2015-02-07,2015,2,7,38,18.5,73.75,0.0
PUNE_G001,2015-02-08,2015,2,8,39,18.5,73.75,0.0
PUNE_G001,2015-02-09,2015,2,9,40,18.5,73.75,0.0
PUNE_G001,2015-02-10,2015,2,10,41,18.5,73.75,0.0
PUNE_G001,2015-02-11,2015,2,11,42,18.5,73.75,0.0
PUNE_G001,2015-02-12,2015,2,12,43,18.5,73.75,0.0
PUNE_G001,2015-02-13,2015,2,13,44,18.5,73.75,0.0
PUNE_G001,2015-02-14,2015,2,14,45,18.5,73.75,0.0
PUNE_G001,2015-02-15,2015,2,15,46,18.5,73.75,0.0
PUNE_G001,2015-02-16,2015,2,16,47,18.5,73.75,0.0
PUNE_G001,2015-02-17,2015,2,17,48,18.5,73.75,0.0
PUNE_G001,2015-02-18,2015,2,18,49,18.5,73.75,0.0
PUNE_G001,2015-02-19,2015,2,19,50,18.5,73.75,0.0
PUNE_G001,2015-02-20,2015,2,20,51,18.5,73.75,0.0
PUNE_G001,2015-02-21,2015,2,21,52,18.5,73.75,0.0
PUNE_G001,2015-02-22,2015,2,22,53,18.5,73.75,0.0
PUNE_G001,2015-02-23,2015,2,23,54,18.5,73.75,0.0
PUNE_G001,2015-02-24,2015,2,24,55,18.5,73.75,0.0
PUNE_G001,2015-02-25,2015,2,25,56,18.5,73.75,0.0
PUNE_G001,2015-02-26,2015,2,26,57,18.5,73.75,0.0
PUNE_G001,2015-02-27,2015,2,27,58,18.5,73.75,0.0
PUNE_G001,2015-02-28,2015,2,28,59,18.5,73.75,0.0
PUNE_G001,2015-03-01,2015,3,1,60,18.5,73.75,43.34177780151367
PUNE_G001,2015-03-02,2015,3,2,61,18.5,73.75,10.932628631591797
PUNE_G001,2015-03-03,2015,3,3,62,18.5,73.75,0.0
PUNE_G001,2015-03-04,2015,3,4,63,18.5,73.75,0.0
PUNE_G001,2015-03-05,2015,3,5,64,18.5,73.75,0.0
PUNE_G001,2015-03-06,2015,3,6,65,18.5,73.75,0.0
PUNE_G001,2015-03-07,2015,3,7,66,18.5,73.75,0.0
PUNE_G001,2015-03-08,2015,3,8,67,18.5,73.75,0.0
PUNE_G001,2015-03-09,2015,3,9,68,18.5,73.75,0.0
PUNE_G001,2015-03-10,2015,3,10,69,18.5,73.75,0.0
PUNE_G001,2015-03-11,2015,3,11,70,18.5,73.75,0.8875823616981506
PUNE_G001,2015-03-12,2015,3,12,71,18.5,73.75,0.0
PUNE_G001,2015-03-13,2015,3,13,72,18.5,73.75,0.0
PUNE_G001,2015-03-14,2015,3,14,73,18.5,73.75,0.0
PUNE_G001,2015-03-15,2015,3,15,74,18.5,73.75,0.0
PUNE_G001,2015-03-16,2015,3,16,75,18.5,73.75,0.0
PUNE_G001,2015-03-17,2015,3,17,76,18.5,73.75,0.0
PUNE_G001,2015-03-18,2015,3,18,77,18.5,73.75,0.0
PUNE_G001,2015-03-19,2015,3,19,78,18.5,73.75,0.0
PUNE_G001,2015-03-20,2015,3,20,79,18.5,73.75,0.0
PUNE_G001,2015-03-21,2015,3,21,80,18.5,73.75,0.0
PUNE_G001,2015-03-22,2015,3,22,81,18.5,73.75,0.0
PUNE_G001,2015-03-23,2015,3,23,82,18.5,73.75,0.0
PUNE_G001,2015-03-24,2015,3,24,83,18.5,73.75,0.0
PUNE_G001,2015-03-25,2015,3,25,84,18.5,73.75,0.0
PUNE_G001,2015-03-26,2015,3,26,85,18.5,73.75,0.0
PUNE_G001,2015-03-27,2015,3,27,86,18.5,73.75,0.0
PUNE_G001,2015-03-28,2015,3,28,87,18.5,73.75,0.0
PUNE_G001,2015-03-29,2015,3,29,88,18.5,73.75,0.8567609786987305
PUNE_G001,2015-03-30,2015,3,30,89,18.5,73.75,3.4218506813049316
PUNE_G001,2015-03-31,2015,3,31,90,18.5,73.75,0.0
PUNE_G001,2015-04-01,2015,4,1,91,18.5,73.75,0.0
PUNE_G001,2015-04-02,2015,4,2,92,18.5,73.75,0.0
PUNE_G001,2015-04-03,2015,4,3,93,18.5,73.75,0.0
PUNE_G001,2015-04-04,2015,4,4,94,18.5,73.75,0.0
PUNE_G001,2015-04-05,2015,4,5,95,18.5,73.75,0.0
PUNE_G001,2015-04-06,2015,4,6,96,18.5,73.75,0.0
PUNE_G001,2015-04-07,2015,4,7,97,18.5,73.75,0.0
PUNE_G001,2015-04-08,2015,4,8,98,18.5,73.75,0.0
PUNE_G001,2015-04-09,2015,4,9,99,18.5,73.75,0.0
PUNE_G001,2015-04-10,2015,4,10,100,18.5,73.75,0.0
PUNE_G001,2015-04-11,2015,4,11,101,18.5,73.75,0.0
PUNE_G001,2015-04-12,2015,4,12,102,18.5,73.75,0.0
PUNE_G001,2015-04-13,2015,4,13,103,18.5,73.75,0.0
PUNE_G001,2015-04-14,2015,4,14,104,18.5,73.75,0.0
PUNE_G001,2015-04-15,2015,4,15,105,18.5,73.75,0.0
PUNE_G001,2015-04-16,2015,4,16,106,18.5,73.75,0.0
PUNE_G001,2015-04-17,2015,4,17,107,18.5,73.75,0.0
PUNE_G001,2015-04-18,2015,4,18,108,18.5,73.75,0.0
PUNE_G001,2015-04-19,2015,4,19,109,18.5,73.75,0.0
PUNE_G001,2015-04-20,2015,4,20,110,18.5,73.75,0.0
PUNE_G001,2015-04-21,2015,4,21,111,18.5,73.75,0.0
PUNE_G001,2015-04-22,2015,4,22,112,18.5,73.75,0.1925501972436905
PUNE_G001,2015-04-23,2015,4,23,113,18.5,73.75,0.0
PUNE_G001,2015-04-24,2015,4,24,114,18.5,73.75,0.0
PUNE_G001,2015-04-25,2015,4,25,115,18.5,73.75,0.0
PUNE_G001,2015-04-26,2015,4,26,116,18.5,73.75,0.0
PUNE_G001,2015-04-27,2015,4,27,117,18.5,73.75,0.0
PUNE_G001,2015-04-28,2015,4,28,118,18.5,73.75,0.0
PUNE_G001,2015-04-29,2015,4,29,119,18.5,73.75,0.0
PUNE_G001,2015-04-30,2015,4,30,120,18.5,73.75,0.0
PUNE_G001,2015-05-01,2015,5,1,121,18.5,73.75,0.0
PUNE_G001,2015-05-02,2015,5,2,122,18.5,73.75,0.0
PUNE_G001,2015-05-03,2015,5,3,123,18.5,73.75,0.0
PUNE_G001,2015-05-04,2015,5,4,124,18.5,73.75,0.0
PUNE_G001,2015-05-05,2015,5,5,125,18.5,73.75,0.0
PUNE_G001,2015-05-06,2015,5,6,126,18.5,73.75,4.076027870178223
PUNE_G001,2015-05-07,2015,5,7,127,18.5,73.75,0.0
PUNE_G001,2015-05-08,2015,5,8,128,18.5,73.75,0.0
PUNE_G001,2015-05-09,2015,5,9,129,18.5,73.75,0.0
PUNE_G001,2015-05-10,2015,5,10,130,18.5,73.75,0.11289849132299423
PUNE_G001,2015-05-11,2015,5,11,131,18.5,73.75,0.0
PUNE_G001,2015-05-12,2015,5,12,132,18.5,73.75,0.0
PUNE_G001,2015-05-13,2015,5,13,133,18.5,73.75,0.3589990437030792
PUNE_G001,2015-05-14,2015,5,14,134,18.5,73.75,95.97357940673828
PUNE_G001,2015-05-15,2015,5,15,135,18.5,73.75,0.0
PUNE_G001,2015-05-16,2015,5,16,136,18.5,73.75,2.9617419242858887
PUNE_G001,2015-05-17,2015,5,17,137,18.5,73.75,0.0
PUNE_G001,2015-05-18,2015,5,18,138,18.5,73.75,0.0
PUNE_G001,2015-05-19,2015,5,19,139,18.5,73.75,0.0
PUNE_G001,2015-05-20,2015,5,20,140,18.5,73.75,0.0
PUNE_G001,2015-05-21,2015,5,21,141,18.5,73.75,0.0
PUNE_G001,2015-05-22,2015,5,22,142,18.5,73.75,0.0
PUNE_G001,2015-05-23,2015,5,23,143,18.5,73.75,0.0
PUNE_G001,2015-05-24,2015,5,24,144,18.5,73.75,0.0
PUNE_G001,2015-05-25,2015,5,25,145,18.5,73.75,0.0
PUNE_G001,2015-05-26,2015,5,26,146,18.5,73.75,0.0
PUNE_G001,2015-05-27,2015,5,27,147,18.5,73.75,0.0
PUNE_G001,2015-05-28,2015,5,28,148,18.5,73.75,0.0
PUNE_G001,2015-05-29,2015,5,29,149,18.5,73.75,0.0
PUNE_G001,2015-05-30,2015,5,30,150,18.5,73.75,1.2356555461883545
PUNE_G001,2015-05-31,2015,5,31,151,18.5,73.75,0.0
PUNE_G001,2015-06-01,2015,6,1,152,18.5,73.75,0.0
PUNE_G001,2015-06-02,2015,6,2,153,18.5,73.75,0.0
PUNE_G001,2015-06-03,2015,6,3,154,18.5,73.75,0.0
PUNE_G001,2015-06-04,2015,6,4,155,18.5,73.75,0.0
PUNE_G001,2015-06-05,2015,6,5,156,18.5,73.75,10.983392715454102
PUNE_G001,2015-06-06,2015,6,6,157,18.5,73.75,3.136960744857788
PUNE_G001,2015-06-07,2015,6,7,158,18.5,73.75,0.0
PUNE_G001,2015-06-08,2015,6,8,159,18.5,73.75,19.183975219726562
PUNE_G001,2015-06-09,2015,6,9,160,18.5,73.75,56.5423469543457
PUNE_G001,2015-06-10,2015,6,10,161,18.5,73.75,10.410972595214844
PUNE_G001,2015-06-11,2015,6,11,162,18.5,73.75,0.0
PUNE_G001,2015-06-12,2015,6,12,163,18.5,73.75,30.745216369628906
PUNE_G001,2015-06-13,2015,6,13,164,18.5,73.75,0.19227148592472076
PUNE_G001,2015-06-14,2015,6,14,165,18.5,73.75,0.0
PUNE_G001,2015-06-15,2015,6,15,166,18.5,73.75,0.3054487109184265
PUNE_G001,2015-06-16,2015,6,16,167,18.5,73.75,2.448629379272461
PUNE_G001,2015-06-17,2015,6,17,168,18.5,73.75,0.0
PUNE_G001,2015-06-18,2015,6,18,169,18.5,73.75,0.0
PUNE_G001,2015-06-19,2015,6,19,170,18.5,73.75,2.712205171585083
PUNE_G001,2015-06-20,2015,6,20,171,18.5,73.75,4.3147382736206055
PUNE_G001,2015-06-21,2015,6,21,172,18.5,73.75,3.773660659790039
PUNE_G001,2015-06-22,2015,6,22,173,18.5,73.75,59.34964370727539
PUNE_G001,2015-06-23,2015,6,23,174,18.5,73.75,7.767547607421875
PUNE_G001,2015-06-24,2015,6,24,175,18.5,73.75,43.597145080566406
PUNE_G001,2015-06-25,2015,6,25,176,18.5,73.75,4.261125564575195
PUNE_G001,2015-06-26,2015,6,26,177,18.5,73.75,0.0
PUNE_G001,2015-06-27,2015,6,27,178,18.5,73.75,0.0
PUNE_G001,2015-06-28,2015,6,28,179,18.5,73.75,0.0
PUNE_G001,2015-06-29,2015,6,29,180,18.5,73.75,0.3589990437030792
PUNE_G001,2015-06-30,2015,6,30,181,18.5,73.75,1.358091950416565
PUNE_G001,2015-07-01,2015,7,1,182,18.5,73.75,0.0
PUNE_G001,2015-07-02,2015,7,2,183,18.5,73.75,0.0
PUNE_G001,2015-07-03,2015,7,3,184,18.5,73.75,0.0
PUNE_G001,2015-07-04,2015,7,4,185,18.5,73.75,0.0
PUNE_G001,2015-07-05,2015,7,5,186,18.5,73.75,0.0
PUNE_G001,2015-07-06,2015,7,6,187,18.5,73.75,0.0
PUNE_G001,2015-07-07,2015,7,7,188,18.5,73.75,0.0
PUNE_G001,2015-07-08,2015,7,8,189,18.5,73.75,0.0
PUNE_G001,2015-07-09,2015,7,9,190,18.5,73.75,1.9182384014129639
PUNE_G001,2015-07-10,2015,7,10,191,18.5,73.75,1.023446798324585
PUNE_G001,2015-07-11,2015,7,11,192,18.5,73.75,1.0131083726882935
PUNE_G001,2015-07-12,2015,7,12,193,18.5,73.75,0.0
PUNE_G001,2015-07-13,2015,7,13,194,18.5,73.75,0.0
PUNE_G001,2015-07-14,2015,7,14,195,18.5,73.75,0.0
PUNE_G001,2015-07-15,2015,7,15,196,18.5,73.75,0.0
PUNE_G001,2015-07-16,2015,7,16,197,18.5,73.75,2.7155988216400146
PUNE_G001,2015-07-17,2015,7,17,198,18.5,73.75,1.1927486658096313
PUNE_G001,2015-07-18,2015,7,18,199,18.5,73.75,0.6263710856437683
PUNE_G001,2015-07-19,2015,7,19,200,18.5,73.75,3.1839773654937744
PUNE_G001,2015-07-20,2015,7,20,201,18.5,73.75,3.4228649139404297
PUNE_G001,2015-07-21,2015,7,21,202,18.5,73.75,9.053122520446777
PUNE_G001,2015-07-22,2015,7,22,203,18.5,73.75,14.912518501281738
PUNE_G001,2015-07-23,2015,7,23,204,18.5,73.75,2.1399710178375244
PUNE_G001,2015-07-24,2015,7,24,205,18.5,73.75,0.6485661864280701
PUNE_G001,2015-07-25,2015,7,25,206,18.5,73.75,3.377669334411621
PUNE_G001,2015-07-26,2015,7,26,207,18.5,73.75,1.533626675605774
PUNE_G001,2015-07-27,2015,7,27,208,18.5,73.75,0.9108678102493286
PUNE_G001,2015-07-28,2015,7,28,209,18.5,73.75,8.626864433288574
PUNE_G001,2015-07-29,2015,7,29,210,18.5,73.75,2.5814106464385986
PUNE_G001,2015-07-30,2015,7,30,211,18.5,73.75,6.4150896072387695
PUNE_G001,2015-07-31,2015,7,31,212,18.5,73.75,1.5554640293121338
PUNE_G001,2015-08-01,2015,8,1,213,18.5,73.75,0.7933781743049622
PUNE_G001,2015-08-02,2015,8,2,214,18.5,73.75,0.43769875168800354
PUNE_G001,2015-08-03,2015,8,3,215,18.5,73.75,0.13464291393756866
PUNE_G001,2015-08-04,2015,8,4,216,18.5,73.75,0.0
PUNE_G001,2015-08-05,2015,8,5,217,18.5,73.75,2.430187940597534
PUNE_G001,2015-08-06,2015,8,6,218,18.5,73.75,1.8435543775558472
PUNE_G001,2015-08-07,2015,8,7,219,18.5,73.75,0.6946066617965698
PUNE_G001,2015-08-08,2015,8,8,220,18.5,73.75,0.9910540580749512
PUNE_G001,2015-08-09,2015,8,9,221,18.5,73.75,0.23354920744895935
PUNE_G001,2015-08-10,2015,8,10,222,18.5,73.75,0.18951213359832764
PUNE_G001,2015-08-11,2015,8,11,223,18.5,73.75,0.0
PUNE_G001,2015-08-12,2015,8,12,224,18.5,73.75,2.5168442726135254
PUNE_G001,2015-08-13,2015,8,13,225,18.5,73.75,0.2223619967699051
PUNE_G001,2015-08-14,2015,8,14,226,18.5,73.75,2.7973790168762207
PUNE_G001,2015-08-15,2015,8,15,227,18.5,73.75,0.30852949619293213
PUNE_G001,2015-08-16,2015,8,16,228,18.5,73.75,0.0
PUNE_G001,2015-08-17,2015,8,17,229,18.5,73.75,0.6937850117683411
PUNE_G001,2015-08-18,2015,8,18,230,18.5,73.75,0.0
PUNE_G001,2015-08-19,2015,8,19,231,18.5,73.75,0.0
PUNE_G001,2015-08-20,2015,8,20,232,18.5,73.75,0.0
PUNE_G001,2015-08-21,2015,8,21,233,18.5,73.75,0.0
PUNE_G001,2015-08-22,2015,8,22,234,18.5,73.75,0.0
PUNE_G001,2015-08-23,2015,8,23,235,18.5,73.75,0.3072105944156647
PUNE_G001,2015-08-24,2015,8,24,236,18.5,73.75,0.3398674428462982
PUNE_G001,2015-08-25,2015,8,25,237,18.5,73.75,0.0
PUNE_G001,2015-08-26,2015,8,26,238,18.5,73.75,2.1134092807769775
PUNE_G001,2015-08-27,2015,8,27,239,18.5,73.75,0.0
PUNE_G001,2015-08-28,2015,8,28,240,18.5,73.75,1.6803315877914429
PUNE_G001,2015-08-29,2015,8,29,241,18.5,73.75,5.160794258117676
PUNE_G001,2015-08-30,2015,8,30,242,18.5,73.75,0.0
PUNE_G001,2015-08-31,2015,8,31,243,18.5,73.75,0.5539025664329529
PUNE_G001,2015-09-01,2015,9,1,244,18.5,73.75,0.23187318444252014
PUNE_G001,2015-09-02,2015,9,2,245,18.5,73.75,0.0
PUNE_G001,2015-09-03,2015,9,3,246,18.5,73.75,0.0
PUNE_G001,2015-09-04,2015,9,4,247,18.5,73.75,0.0
PUNE_G001,2015-09-05,2015,9,5,248,18.5,73.75,0.0
PUNE_G001,2015-09-06,2015,9,6,249,18.5,73.75,0.0
PUNE_G001,2015-09-07,2015,9,7,250,18.5,73.75,0.0
PUNE_G001,2015-09-08,2015,9,8,251,18.5,73.75,0.0
PUNE_G001,2015-09-09,2015,9,9,252,18.5,73.75,19.978931427001953
PUNE_G001,2015-09-10,2015,9,10,253,18.5,73.75,16.10659408569336
PUNE_G001,2015-09-11,2015,9,11,254,18.5,73.75,8.301405906677246
PUNE_G001,2015-09-12,2015,9,12,255,18.5,73.75,0.0
PUNE_G001,2015-09-13,2015,9,13,256,18.5,73.75,14.429824829101562
PUNE_G001,2015-09-14,2015,9,14,257,18.5,73.75,2.117521047592163
PUNE_G001,2015-09-15,2015,9,15,258,18.5,73.75,0.596192479133606
PUNE_G001,2015-09-16,2015,9,16,259,18.5,73.75,21.966644287109375
PUNE_G001,2015-09-17,2015,9,17,260,18.5,73.75,1.0865910053253174
PUNE_G001,2015-09-18,2015,9,18,261,18.5,73.75,8.998992919921875
PUNE_G001,2015-09-19,2015,9,19,262,18.5,73.75,39.58873748779297
PUNE_G001,2015-09-20,2015,9,20,263,18.5,73.75,4.045644283294678
PUNE_G001,2015-09-21,2015,9,21,264,18.5,73.75,0.0
PUNE_G001,2015-09-22,2015,9,22,265,18.5,73.75,0.0
PUNE_G001,2015-09-23,2015,9,23,266,18.5,73.75,0.0
PUNE_G001,2015-09-24,2015,9,24,267,18.5,73.75,0.0
PUNE_G001,2015-09-25,2015,9,25,268,18.5,73.75,0.0
PUNE_G001,2015-09-26,2015,9,26,269,18.5,73.75,0.0
PUNE_G001,2015-09-27,2015,9,27,270,18.5,73.75,0.0
PUNE_G001,2015-09-28,2015,9,28,271,18.5,73.75,0.0
PUNE_G001,2015-09-29,2015,9,29,272,18.5,73.75,0.0
PUNE_G001,2015-09-30,2015,9,30,273,18.5,73.75,0.0
PUNE_G001,2015-10-01,2015,10,1,274,18.5,73.75,0.0
PUNE_G001,2015-10-02,2015,10,2,275,18.5,73.75,2.4169387817382812
PUNE_G001,2015-10-03,2015,10,3,276,18.5,73.75,23.192035675048828
PUNE_G001,2015-10-04,2015,10,4,277,18.5,73.75,10.316387176513672
PUNE_G001,2015-10-05,2015,10,5,278,18.5,73.75,2.6632487773895264
PUNE_G001,2015-10-06,2015,10,6,279,18.5,73.75,0.0
PUNE_G001,2015-10-07,2015,10,7,280,18.5,73.75,0.0
PUNE_G001,2015-10-08,2015,10,8,281,18.5,73.75,0.0
PUNE_G001,2015-10-09,2015,10,9,282,18.5,73.75,0.0
PUNE_G001,2015-10-10,2015,10,10,283,18.5,73.75,0.0
PUNE_G001,2015-10-11,2015,10,11,284,18.5,73.75,8.61597728729248
PUNE_G001,2015-10-12,2015,10,12,285,18.5,73.75,29.337448120117188
PUNE_G001,2015-10-13,2015,10,13,286,18.5,73.75,0.0
PUNE_G001,2015-10-14,2015,10,14,287,18.5,73.75,0.0
PUNE_G001,2015-10-15,2015,10,15,288,18.5,73.75,0.0
PUNE_G001,2015-10-16,2015,10,16,289,18.5,73.75,0.0
PUNE_G001,2015-10-17,2015,10,17,290,18.5,73.75,0.0
PUNE_G001,2015-10-18,2015,10,18,291,18.5,73.75,0.0
PUNE_G001,2015-10-19,2015,10,19,292,18.5,73.75,0.0
PUNE_G001,2015-10-20,2015,10,20,293,18.5,73.75,0.0
PUNE_G001,2015-10-21,2015,10,21,294,18.5,73.75,0.0
PUNE_G001,2015-10-22,2015,10,22,295,18.5,73.75,0.0
PUNE_G001,2015-10-23,2015,10,23,296,18.5,73.75,0.0
PUNE_G001,2015-10-24,2015,10,24,297,18.5,73.75,0.0
PUNE_G001,2015-10-25,2015,10,25,298,18.5,73.75,0.0
PUNE_G001,2015-10-26,2015,10,26,299,18.5,73.75,0.0
PUNE_G001,2015-10-27,2015,10,27,300,18.5,73.75,0.0
PUNE_G001,2015-10-28,2015,10,28,301,18.5,73.75,0.0
PUNE_G001,2015-10-29,2015,10,29,302,18.5,73.75,0.0
PUNE_G001,2015-10-30,2015,10,30,303,18.5,73.75,0.0
PUNE_G001,2015-10-31,2015,10,31,304,18.5,73.75,0.0
PUNE_G001,2015-11-01,2015,11,1,305,18.5,73.75,0.0
PUNE_G001,2015-11-02,2015,11,2,306,18.5,73.75,0.0
PUNE_G001,2015-11-03,2015,11,3,307,18.5,73.75,0.0
PUNE_G001,2015-11-04,2015,11,4,308,18.5,73.75,0.0
PUNE_G001,2015-11-05,2015,11,5,309,18.5,73.75,0.0
PUNE_G001,2015-11-06,2015,11,6,310,18.5,73.75,0.0
PUNE_G001,2015-11-07,2015,11,7,311,18.5,73.75,0.0
PUNE_G001,2015-11-08,2015,11,8,312,18.5,73.75,0.0
PUNE_G001,2015-11-09,2015,11,9,313,18.5,73.75,0.0
PUNE_G001,2015-11-10,2015,11,10,314,18.5,73.75,0.0
PUNE_G001,2015-11-11,2015,11,11,315,18.5,73.75,0.0
PUNE_G001,2015-11-12,2015,11,12,316,18.5,73.75,0.0
PUNE_G001,2015-11-13,2015,11,13,317,18.5,73.75,0.0
PUNE_G001,2015-11-14,2015,11,14,318,18.5,73.75,0.0
PUNE_G001,2015-11-15,2015,11,15,319,18.5,73.75,0.0
PUNE_G001,2015-11-16,2015,11,16,320,18.5,73.75,0.0
PUNE_G001,2015-11-17,2015,11,17,321,18.5,73.75,0.0
PUNE_G001,2015-11-18,2015,11,18,322,18.5,73.75,0.0
PUNE_G001,2015-11-19,2015,11,19,323,18.5,73.75,0.0
PUNE_G001,2015-11-20,2015,11,20,324,18.5,73.75,0.0
PUNE_G001,2015-11-21,2015,11,21,325,18.5,73.75,0.0
PUNE_G001,2015-11-22,2015,11,22,326,18.5,73.75,0.36684271693229675
PUNE_G001,2015-11-23,2015,11,23,327,18.5,73.75,92.34730529785156
PUNE_G001,2015-11-24,2015,11,24,328,18.5,73.75,14.35088062286377
PUNE_G001,2015-11-25,2015,11,25,329,18.5,73.75,0.0
PUNE_G001,2015-11-26,2015,11,26,330,18.5,73.75,0.0
PUNE_G001,2015-11-27,2015,11,27,331,18.5,73.75,0.0
PUNE_G001,2015-11-28,2015,11,28,332,18.5,73.75,0.0
PUNE_G001,2015-11-29,2015,11,29,333,18.5,73.75,0.0
PUNE_G001,2015-11-30,2015,11,30,334,18.5,73.75,0.0
PUNE_G001,2015-12-01,2015,12,1,335,18.5,73.75,0.0
PUNE_G001,2015-12-02,2015,12,2,336,18.5,73.75,0.0
PUNE_G001,2015-12-03,2015,12,3,337,18.5,73.75,0.0
PUNE_G001,2015-12-04,2015,12,4,338,18.5,73.75,0.0
PUNE_G001,2015-12-05,2015,12,5,339,18.5,73.75,0.0
PUNE_G001,2015-12-06,2015,12,6,340,18.5,73.75,0.0
PUNE_G001,2015-12-07,2015,12,7,341,18.5,73.75,0.0
PUNE_G001,2015-12-08,2015,12,8,342,18.5,73.75,0.0
PUNE_G001,2015-12-09,2015,12,9,343,18.5,73.75,0.0
PUNE_G001,2015-12-10,2015,12,10,344,18.5,73.75,0.0
PUNE_G001,2015-12-11,2015,12,11,345,18.5,73.75,0.0
PUNE_G001,2015-12-12,2015,12,12,346,18.5,73.75,0.0
PUNE_G001,2015-12-13,2015,12,13,347,18.5,73.75,0.0
PUNE_G001,2015-12-14,2015,12,14,348,18.5,73.75,0.0
PUNE_G001,2015-12-15,2015,12,15,349,18.5,73.75,0.0
PUNE_G001,2015-12-16,2015,12,16,350,18.5,73.75,0.0
PUNE_G001,2015-12-17,2015,12,17,351,18.5,73.75,0.0
PUNE_G001,2015-12-18,2015,12,18,352,18.5,73.75,0.0
PUNE_G001,2015-12-19,2015,12,19,353,18.5,73.75,0.0
PUNE_G001,2015-12-20,2015,12,20,354,18.5,73.75,0.0
PUNE_G001,2015-12-21,2015,12,21,355,18.5,73.75,0.0
PUNE_G001,2015-12-22,2015,12,22,356,18.5,73.75,0.0
PUNE_G001,2015-12-23,2015,12,23,357,18.5,73.75,0.0
PUNE_G001,2015-12-24,2015,12,24,358,18.5,73.75,0.0
PUNE_G001,2015-12-25,2015,12,25,359,18.5,73.75,0.0
PUNE_G001,2015-12-26,2015,12,26,360,18.5,73.75,0.0
PUNE_G001,2015-12-27,2015,12,27,361,18.5,73.75,0.0
PUNE_G001,2015-12-28,2015,12,28,362,18.5,73.75,0.0
PUNE_G001,2015-12-29,2015,12,29,363,18.5,73.75,0.0
PUNE_G001,2015-12-30,2015,12,30,364,18.5,73.75,0.0
PUNE_G001,2015-12-31,2015,12,31,365,18.5,73.75,0.0
PUNE_G001,2016-01-01,2016,1,1,1,18.5,73.75,0.0
PUNE_G001,2016-01-02,2016,1,2,2,18.5,73.75,0.0
PUNE_G001,2016-01-03,2016,1,3,3,18.5,73.75,0.0
PUNE_G001,2016-01-04,2016,1,4,4,18.5,73.75,0.0
PUNE_G001,2016-01-05,2016,1,5,5,18.5,73.75,0.0
PUNE_G001,2016-01-06,2016,1,6,6,18.5,73.75,0.0
PUNE_G001,2016-01-07,2016,1,7,7,18.5,73.75,0.0
PUNE_G001,2016-01-08,2016,1,8,8,18.5,73.75,0.0
PUNE_G001,2016-01-09,2016,1,9,9,18.5,73.75,0.0
PUNE_G001,2016-01-10,2016,1,10,10,18.5,73.75,0.0
PUNE_G001,2016-01-11,2016,1,11,11,18.5,73.75,0.0
PUNE_G001,2016-01-12,2016,1,12,12,18.5,73.75,0.0
PUNE_G001,2016-01-13,2016,1,13,13,18.5,73.75,0.0
PUNE_G001,2016-01-14,2016,1,14,14,18.5,73.75,0.0
PUNE_G001,2016-01-15,2016,1,15,15,18.5,73.75,0.0
PUNE_G001,2016-01-16,2016,1,16,16,18.5,73.75,0.0
PUNE_G001,2016-01-17,2016,1,17,17,18.5,73.75,0.0
PUNE_G001,2016-01-18,2016,1,18,18,18.5,73.75,0.0
PUNE_G001,2016-01-19,2016,1,19,19,18.5,73.75,0.0
PUNE_G001,2016-01-20,2016,1,20,20,18.5,73.75,0.0
PUNE_G001,2016-01-21,2016,1,21,21,18.5,73.75,0.0
PUNE_G001,2016-01-22,2016,1,22,22,18.5,73.75,0.0
PUNE_G001,2016-01-23,2016,1,23,23,18.5,73.75,0.0
PUNE_G001,2016-01-24,2016,1,24,24,18.5,73.75,0.0
PUNE_G001,2016-01-25,2016,1,25,25,18.5,73.75,0.0
PUNE_G001,2016-01-26,2016,1,26,26,18.5,73.75,0.0
PUNE_G001,2016-01-27,2016,1,27,27,18.5,73.75,0.0
PUNE_G001,2016-01-28,2016,1,28,28,18.5,73.75,0.0
PUNE_G001,2016-01-29,2016,1,29,29,18.5,73.75,0.0
PUNE_G001,2016-01-30,2016,1,30,30,18.5,73.75,0.0
PUNE_G001,2016-01-31,2016,1,31,31,18.5,73.75,0.0
PUNE_G001,2016-02-01,2016,2,1,32,18.5,73.75,0.0
PUNE_G001,2016-02-02,2016,2,2,33,18.5,73.75,0.0
PUNE_G001,2016-02-03,2016,2,3,34,18.5,73.75,0.0
PUNE_G001,2016-02-04,2016,2,4,35,18.5,73.75,0.0
PUNE_G001,2016-02-05,2016,2,5,36,18.5,73.75,0.0
PUNE_G001,2016-02-06,2016,2,6,37,18.5,73.75,0.0
PUNE_G001,2016-02-07,2016,2,7,38,18.5,73.75,0.0
PUNE_G001,2016-02-08,2016,2,8,39,18.5,73.75,0.0
PUNE_G001,2016-02-09,2016,2,9,40,18.5,73.75,0.0
PUNE_G001,2016-02-10,2016,2,10,41,18.5,73.75,0.0
PUNE_G001,2016-02-11,2016,2,11,42,18.5,73.75,0.0
PUNE_G001,2016-02-12,2016,2,12,43,18.5,73.75,0.0
PUNE_G001,2016-02-13,2016,2,13,44,18.5,73.75,0.0
PUNE_G001,2016-02-14,2016,2,14,45,18.5,73.75,0.0
PUNE_G001,2016-02-15,2016,2,15,46,18.5,73.75,0.0
PUNE_G001,2016-02-16,2016,2,16,47,18.5,73.75,0.0
PUNE_G001,2016-02-17,2016,2,17,48,18.5,73.75,0.0
PUNE_G001,2016-02-18,2016,2,18,49,18.5,73.75,0.0
PUNE_G001,2016-02-19,2016,2,19,50,18.5,73.75,0.0
PUNE_G001,2016-02-20,2016,2,20,51,18.5,73.75,0.0
PUNE_G001,2016-02-21,2016,2,21,52,18.5,73.75,0.0
PUNE_G001,2016-02-22,2016,2,22,53,18.5,73.75,0.0
PUNE_G001,2016-02-23,2016,2,23,54,18.5,73.75,0.0
PUNE_G001,2016-02-24,2016,2,24,55,18.5,73.75,0.0
PUNE_G001,2016-02-25,2016,2,25,56,18.5,73.75,0.0
PUNE_G001,2016-02-26,2016,2,26,57,18.5,73.75,0.0
PUNE_G001,2016-02-27,2016,2,27,58,18.5,73.75,0.0
PUNE_G001,2016-02-28,2016,2,28,59,18.5,73.75,0.0
PUNE_G001,2016-02-29,2016,2,29,60,18.5,73.75,0.0
PUNE_G001,2016-03-01,2016,3,1,61,18.5,73.75,0.0
PUNE_G001,2016-03-02,2016,3,2,62,18.5,73.75,0.0
PUNE_G001,2016-03-03,2016,3,3,63,18.5,73.75,11.526411056518555
PUNE_G001,2016-03-04,2016,3,4,64,18.5,73.75,0.0
PUNE_G001,2016-03-05,2016,3,5,65,18.5,73.75,2.036693811416626
PUNE_G001,2016-03-06,2016,3,6,66,18.5,73.75,0.0
PUNE_G001,2016-03-07,2016,3,7,67,18.5,73.75,0.0
PUNE_G001,2016-03-08,2016,3,8,68,18.5,73.75,0.0
PUNE_G001,2016-03-09,2016,3,9,69,18.5,73.75,0.0
PUNE_G001,2016-03-10,2016,3,10,70,18.5,73.75,0.0
PUNE_G001,2016-03-11,2016,3,11,71,18.5,73.75,0.0
PUNE_G001,2016-03-12,2016,3,12,72,18.5,73.75,0.0
PUNE_G001,2016-03-13,2016,3,13,73,18.5,73.75,0.0
PUNE_G001,2016-03-14,2016,3,14,74,18.5,73.75,0.0
PUNE_G001,2016-03-15,2016,3,15,75,18.5,73.75,0.0
PUNE_G001,2016-03-16,2016,3,16,76,18.5,73.75,0.0
PUNE_G001,2016-03-17,2016,3,17,77,18.5,73.75,0.0
PUNE_G001,2016-03-18,2016,3,18,78,18.5,73.75,0.0
PUNE_G001,2016-03-19,2016,3,19,79,18.5,73.75,0.0
PUNE_G001,2016-03-20,2016,3,20,80,18.5,73.75,0.0
PUNE_G001,2016-03-21,2016,3,21,81,18.5,73.75,0.0
PUNE_G001,2016-03-22,2016,3,22,82,18.5,73.75,0.0
PUNE_G001,2016-03-23,2016,3,23,83,18.5,73.75,0.0
PUNE_G001,2016-03-24,2016,3,24,84,18.5,73.75,0.0
PUNE_G001,2016-03-25,2016,3,25,85,18.5,73.75,0.0
PUNE_G001,2016-03-26,2016,3,26,86,18.5,73.75,0.0
PUNE_G001,2016-03-27,2016,3,27,87,18.5,73.75,0.0
PUNE_G001,2016-03-28,2016,3,28,88,18.5,73.75,0.0
PUNE_G001,2016-03-29,2016,3,29,89,18.5,73.75,0.0
PUNE_G001,2016-03-30,2016,3,30,90,18.5,73.75,0.0
PUNE_G001,2016-03-31,2016,3,31,91,18.5,73.75,0.0
PUNE_G001,2016-04-01,2016,4,1,92,18.5,73.75,0.0
PUNE_G001,2016-04-02,2016,4,2,93,18.5,73.75,0.0
PUNE_G001,2016-04-03,2016,4,3,94,18.5,73.75,0.0
PUNE_G001,2016-04-04,2016,4,4,95,18.5,73.75,0.0
PUNE_G001,2016-04-05,2016,4,5,96,18.5,73.75,0.0
PUNE_G001,2016-04-06,2016,4,6,97,18.5,73.75,1.0876609086990356
PUNE_G001,2016-04-07,2016,4,7,98,18.5,73.75,0.0
PUNE_G001,2016-04-08,2016,4,8,99,18.5,73.75,0.0
PUNE_G001,2016-04-09,2016,4,9,100,18.5,73.75,0.0
PUNE_G001,2016-04-10,2016,4,10,101,18.5,73.75,0.0
PUNE_G001,2016-04-11,2016,4,11,102,18.5,73.75,0.0
PUNE_G001,2016-04-12,2016,4,12,103,18.5,73.75,0.0
PUNE_G001,2016-04-13,2016,4,13,104,18.5,73.75,0.0
PUNE_G001,2016-04-14,2016,4,14,105,18.5,73.75,0.0
PUNE_G001,2016-04-15,2016,4,15,106,18.5,73.75,0.0
PUNE_G001,2016-04-16,2016,4,16,107,18.5,73.75,0.0
PUNE_G001,2016-04-17,2016,4,17,108,18.5,73.75,0.0
PUNE_G001,2016-04-18,2016,4,18,109,18.5,73.75,0.0
PUNE_G001,2016-04-19,2016,4,19,110,18.5,73.75,0.0
PUNE_G001,2016-04-20,2016,4,20,111,18.5,73.75,0.1812768131494522
PUNE_G001,2016-04-21,2016,4,21,112,18.5,73.75,0.0
PUNE_G001,2016-04-22,2016,4,22,113,18.5,73.75,0.0
PUNE_G001,2016-04-23,2016,4,23,114,18.5,73.75,0.0
PUNE_G001,2016-04-24,2016,4,24,115,18.5,73.75,0.0
PUNE_G001,2016-04-25,2016,4,25,116,18.5,73.75,0.0
PUNE_G001,2016-04-26,2016,4,26,117,18.5,73.75,0.0
PUNE_G001,2016-04-27,2016,4,27,118,18.5,73.75,0.0
PUNE_G001,2016-04-28,2016,4,28,119,18.5,73.75,0.0
PUNE_G001,2016-04-29,2016,4,29,120,18.5,73.75,0.0
PUNE_G001,2016-04-30,2016,4,30,121,18.5,73.75,0.0
PUNE_G001,2016-05-01,2016,5,1,122,18.5,73.75,0.0
PUNE_G001,2016-05-02,2016,5,2,123,18.5,73.75,0.0
PUNE_G001,2016-05-03,2016,5,3,124,18.5,73.75,0.0
PUNE_G001,2016-05-04,2016,5,4,125,18.5,73.75,0.0
PUNE_G001,2016-05-05,2016,5,5,126,18.5,73.75,0.0
PUNE_G001,2016-05-06,2016,5,6,127,18.5,73.75,0.0
PUNE_G001,2016-05-07,2016,5,7,128,18.5,73.75,0.0
PUNE_G001,2016-05-08,2016,5,8,129,18.5,73.75,0.0
PUNE_G001,2016-05-09,2016,5,9,130,18.5,73.75,0.0
PUNE_G001,2016-05-10,2016,5,10,131,18.5,73.75,4.299434661865234
PUNE_G001,2016-05-11,2016,5,11,132,18.5,73.75,0.0
PUNE_G001,2016-05-12,2016,5,12,133,18.5,73.75,3.4853827953338623
PUNE_G001,2016-05-13,2016,5,13,134,18.5,73.75,0.0
PUNE_G001,2016-05-14,2016,5,14,135,18.5,73.75,0.8974975943565369
PUNE_G001,2016-05-15,2016,5,15,136,18.5,73.75,0.0
PUNE_G001,2016-05-16,2016,5,16,137,18.5,73.75,0.0
PUNE_G001,2016-05-17,2016,5,17,138,18.5,73.75,0.0
PUNE_G001,2016-05-18,2016,5,18,139,18.5,73.75,0.0
PUNE_G001,2016-05-19,2016,5,19,140,18.5,73.75,0.0
PUNE_G001,2016-05-20,2016,5,20,141,18.5,73.75,0.0
PUNE_G001,2016-05-21,2016,5,21,142,18.5,73.75,0.0
PUNE_G001,2016-05-22,2016,5,22,143,18.5,73.75,0.0
PUNE_G001,2016-05-23,2016,5,23,144,18.5,73.75,0.0
PUNE_G001,2016-05-24,2016,5,24,145,18.5,73.75,0.0
PUNE_G001,2016-05-25,2016,5,25,146,18.5,73.75,0.0
PUNE_G001,2016-05-26,2016,5,26,147,18.5,73.75,0.0
PUNE_G001,2016-05-27,2016,5,27,148,18.5,73.75,0.0
PUNE_G001,2016-05-28,2016,5,28,149,18.5,73.75,0.0
PUNE_G001,2016-05-29,2016,5,29,150,18.5,73.75,0.0
PUNE_G001,2016-05-30,2016,5,30,151,18.5,73.75,0.0
PUNE_G001,2016-05-31,2016,5,31,152,18.5,73.75,0.0
PUNE_G001,2016-06-01,2016,6,1,153,18.5,73.75,0.0
PUNE_G001,2016-06-02,2016,6,2,154,18.5,73.75,4.275115489959717
PUNE_G001,2016-06-03,2016,6,3,155,18.5,73.75,0.0
PUNE_G001,2016-06-04,2016,6,4,156,18.5,73.75,0.1478867381811142
PUNE_G001,2016-06-05,2016,6,5,157,18.5,73.75,16.192546844482422
PUNE_G001,2016-06-06,2016,6,6,158,18.5,73.75,15.779475212097168
PUNE_G001,2016-06-07,2016,6,7,159,18.5,73.75,0.0
PUNE_G001,2016-06-08,2016,6,8,160,18.5,73.75,0.0
PUNE_G001,2016-06-09,2016,6,9,161,18.5,73.75,0.0
PUNE_G001,2016-06-10,2016,6,10,162,18.5,73.75,0.0
PUNE_G001,2016-06-11,2016,6,11,163,18.5,73.75,0.0
PUNE_G001,2016-06-12,2016,6,12,164,18.5,73.75,0.0
PUNE_G001,2016-06-13,2016,6,13,165,18.5,73.75,0.0
PUNE_G001,2016-06-14,2016,6,14,166,18.5,73.75,0.0
PUNE_G001,2016-06-15,2016,6,15,167,18.5,73.75,0.0
PUNE_G001,2016-06-16,2016,6,16,168,18.5,73.75,0.0
PUNE_G001,2016-06-17,2016,6,17,169,18.5,73.75,0.0
PUNE_G001,2016-06-18,2016,6,18,170,18.5,73.75,0.0
PUNE_G001,2016-06-19,2016,6,19,171,18.5,73.75,0.0
PUNE_G001,2016-06-20,2016,6,20,172,18.5,73.75,1.9454281330108643
PUNE_G001,2016-06-21,2016,6,21,173,18.5,73.75,5.006911277770996
PUNE_G001,2016-06-22,2016,6,22,174,18.5,73.75,3.4226505756378174
PUNE_G001,2016-06-23,2016,6,23,175,18.5,73.75,0.0
PUNE_G001,2016-06-24,2016,6,24,176,18.5,73.75,2.3015756607055664
PUNE_G001,2016-06-25,2016,6,25,177,18.5,73.75,0.0
PUNE_G001,2016-06-26,2016,6,26,178,18.5,73.75,4.562585830688477
PUNE_G001,2016-06-27,2016,6,27,179,18.5,73.75,4.251219272613525
PUNE_G001,2016-06-28,2016,6,28,180,18.5,73.75,0.25168806314468384
PUNE_G001,2016-06-29,2016,6,29,181,18.5,73.75,5.313264846801758
PUNE_G001,2016-06-30,2016,6,30,182,18.5,73.75,0.14842423796653748
PUNE_G001,2016-07-01,2016,7,1,183,18.5,73.75,0.32101109623908997
PUNE_G001,2016-07-02,2016,7,2,184,18.5,73.75,11.550283432006836
PUNE_G001,2016-07-03,2016,7,3,185,18.5,73.75,67.61665344238281
PUNE_G001,2016-07-04,2016,7,4,186,18.5,73.75,45.67396545410156
PUNE_G001,2016-07-05,2016,7,5,187,18.5,73.75,11.608977317810059
PUNE_G001,2016-07-06,2016,7,6,188,18.5,73.75,18.113861083984375
PUNE_G001,2016-07-07,2016,7,7,189,18.5,73.75,2.7271270751953125
PUNE_G001,2016-07-08,2016,7,8,190,18.5,73.75,3.8544814586639404
PUNE_G001,2016-07-09,2016,7,9,191,18.5,73.75,9.081647872924805
PUNE_G001,2016-07-10,2016,7,10,192,18.5,73.75,18.695178985595703
PUNE_G001,2016-07-11,2016,7,11,193,18.5,73.75,18.390321731567383
PUNE_G001,2016-07-12,2016,7,12,194,18.5,73.75,14.469793319702148
PUNE_G001,2016-07-13,2016,7,13,195,18.5,73.75,4.833550453186035
PUNE_G001,2016-07-14,2016,7,14,196,18.5,73.75,1.5853297710418701
PUNE_G001,2016-07-15,2016,7,15,197,18.5,73.75,0.38100066781044006
PUNE_G001,2016-07-16,2016,7,16,198,18.5,73.75,0.25573062896728516
PUNE_G001,2016-07-17,2016,7,17,199,18.5,73.75,0.0
PUNE_G001,2016-07-18,2016,7,18,200,18.5,73.75,0.6264649629592896
PUNE_G001,2016-07-19,2016,7,19,201,18.5,73.75,1.282613754272461
PUNE_G001,2016-07-20,2016,7,20,202,18.5,73.75,0.9061886072158813
PUNE_G001,2016-07-21,2016,7,21,203,18.5,73.75,2.5642271041870117
PUNE_G001,2016-07-22,2016,7,22,204,18.5,73.75,0.0
PUNE_G001,2016-07-23,2016,7,23,205,18.5,73.75,2.741306781768799
PUNE_G001,2016-07-24,2016,7,24,206,18.5,73.75,0.12077661603689194
PUNE_G001,2016-07-25,2016,7,25,207,18.5,73.75,0.0
PUNE_G001,2016-07-26,2016,7,26,208,18.5,73.75,0.0
PUNE_G001,2016-07-27,2016,7,27,209,18.5,73.75,0.28491413593292236
PUNE_G001,2016-07-28,2016,7,28,210,18.5,73.75,0.0
PUNE_G001,2016-07-29,2016,7,29,211,18.5,73.75,0.8821955919265747
PUNE_G001,2016-07-30,2016,7,30,212,18.5,73.75,1.9642970561981201
PUNE_G001,2016-07-31,2016,7,31,213,18.5,73.75,2.464508295059204
PUNE_G001,2016-08-01,2016,8,1,214,18.5,73.75,6.945406913757324
PUNE_G001,2016-08-02,2016,8,2,215,18.5,73.75,15.003453254699707
PUNE_G001,2016-08-03,2016,8,3,216,18.5,73.75,44.64622116088867
PUNE_G001,2016-08-04,2016,8,4,217,18.5,73.75,74.56262969970703
PUNE_G001,2016-08-05,2016,8,5,218,18.5,73.75,2.8392410278320312
PUNE_G001,2016-08-06,2016,8,6,219,18.5,73.75,47.073974609375
PUNE_G001,2016-08-07,2016,8,7,220,18.5,73.75,2.748230218887329
PUNE_G001,2016-08-08,2016,8,8,221,18.5,73.75,9.455842971801758
PUNE_G001,2016-08-09,2016,8,9,222,18.5,73.75,5.337109565734863
PUNE_G001,2016-08-10,2016,8,10,223,18.5,73.75,8.803654670715332
PUNE_G001,2016-08-11,2016,8,11,224,18.5,73.75,9.309925079345703
PUNE_G001,2016-08-12,2016,8,12,225,18.5,73.75,3.2221055030822754
PUNE_G001,2016-08-13,2016,8,13,226,18.5,73.75,0.0
PUNE_G001,2016-08-14,2016,8,14,227,18.5,73.75,0.332399845123291
PUNE_G001,2016-08-15,2016,8,15,228,18.5,73.75,0.0
PUNE_G001,2016-08-16,2016,8,16,229,18.5,73.75,0.0
PUNE_G001,2016-08-17,2016,8,17,230,18.5,73.75,0.0
PUNE_G001,2016-08-18,2016,8,18,231,18.5,73.75,0.0
PUNE_G001,2016-08-19,2016,8,19,232,18.5,73.75,0.0
PUNE_G001,2016-08-20,2016,8,20,233,18.5,73.75,0.0
PUNE_G001,2016-08-21,2016,8,21,234,18.5,73.75,0.0
PUNE_G001,2016-08-22,2016,8,22,235,18.5,73.75,0.6647996306419373
PUNE_G001,2016-08-23,2016,8,23,236,18.5,73.75,2.203143835067749
PUNE_G001,2016-08-24,2016,8,24,237,18.5,73.75,7.156496524810791
PUNE_G001,2016-08-25,2016,8,25,238,18.5,73.75,3.0962209701538086
PUNE_G001,2016-08-26,2016,8,26,239,18.5,73.75,0.0
PUNE_G001,2016-08-27,2016,8,27,240,18.5,73.75,0.2082449495792389
PUNE_G001,2016-08-28,2016,8,28,241,18.5,73.75,0.2374284267425537
PUNE_G001,2016-08-29,2016,8,29,242,18.5,73.75,0.14245706796646118
PUNE_G001,2016-08-30,2016,8,30,243,18.5,73.75,0.0
PUNE_G001,2016-08-31,2016,8,31,244,18.5,73.75,0.0
PUNE_G001,2016-09-01,2016,9,1,245,18.5,73.75,0.0
PUNE_G001,2016-09-02,2016,9,2,246,18.5,73.75,0.46397554874420166
PUNE_G001,2016-09-03,2016,9,3,247,18.5,73.75,0.0
PUNE_G001,2016-09-04,2016,9,4,248,18.5,73.75,1.828449010848999
PUNE_G001,2016-09-05,2016,9,5,249,18.5,73.75,0.0
PUNE_G001,2016-09-06,2016,9,6,250,18.5,73.75,0.0
PUNE_G001,2016-09-07,2016,9,7,251,18.5,73.75,0.16463035345077515
PUNE_G001,2016-09-08,2016,9,8,252,18.5,73.75,0.5594470500946045
PUNE_G001,2016-09-09,2016,9,9,253,18.5,73.75,0.0
PUNE_G001,2016-09-10,2016,9,10,254,18.5,73.75,0.0
PUNE_G001,2016-09-11,2016,9,11,255,18.5,73.75,0.5698282718658447
PUNE_G001,2016-09-12,2016,9,12,256,18.5,73.75,0.0
PUNE_G001,2016-09-13,2016,9,13,257,18.5,73.75,0.0
PUNE_G001,2016-09-14,2016,9,14,258,18.5,73.75,0.0
PUNE_G001,2016-09-15,2016,9,15,259,18.5,73.75,3.8632335662841797
PUNE_G001,2016-09-16,2016,9,16,260,18.5,73.75,3.1345555782318115
PUNE_G001,2016-09-17,2016,9,17,261,18.5,73.75,11.4818696975708
PUNE_G001,2016-09-18,2016,9,18,262,18.5,73.75,17.64564323425293
PUNE_G001,2016-09-19,2016,9,19,263,18.5,73.75,4.76045036315918
PUNE_G001,2016-09-20,2016,9,20,264,18.5,73.75,0.46051517128944397
PUNE_G001,2016-09-21,2016,9,21,265,18.5,73.75,3.979531764984131
PUNE_G001,2016-09-22,2016,9,22,266,18.5,73.75,3.7671024799346924
PUNE_G001,2016-09-23,2016,9,23,267,18.5,73.75,3.376335859298706
PUNE_G001,2016-09-24,2016,9,24,268,18.5,73.75,2.7618610858917236
PUNE_G001,2016-09-25,2016,9,25,269,18.5,73.75,1.4065895080566406
PUNE_G001,2016-09-26,2016,9,26,270,18.5,73.75,0.0
PUNE_G001,2016-09-27,2016,9,27,271,18.5,73.75,0.0
PUNE_G001,2016-09-28,2016,9,28,272,18.5,73.75,0.0
PUNE_G001,2016-09-29,2016,9,29,273,18.5,73.75,2.9315009117126465
PUNE_G001,2016-09-30,2016,9,30,274,18.5,73.75,0.0
PUNE_G001,2016-10-01,2016,10,1,275,18.5,73.75,0.0
PUNE_G001,2016-10-02,2016,10,2,276,18.5,73.75,37.18400192260742
PUNE_G001,2016-10-03,2016,10,3,277,18.5,73.75,0.9782822132110596
PUNE_G001,2016-10-04,2016,10,4,278,18.5,73.75,2.069337844848633
PUNE_G001,2016-10-05,2016,10,5,279,18.5,73.75,0.0
PUNE_G001,2016-10-06,2016,10,6,280,18.5,73.75,0.5223425626754761
PUNE_G001,2016-10-07,2016,10,7,281,18.5,73.75,0.0
PUNE_G001,2016-10-08,2016,10,8,282,18.5,73.75,0.0
PUNE_G001,2016-10-09,2016,10,9,283,18.5,73.75,0.0
PUNE_G001,2016-10-10,2016,10,10,284,18.5,73.75,1.0836814641952515
PUNE_G001,2016-10-11,2016,10,11,285,18.5,73.75,13.53342056274414
PUNE_G001,2016-10-12,2016,10,12,286,18.5,73.75,3.5614264011383057
PUNE_G001,2016-10-13,2016,10,13,287,18.5,73.75,0.9497137069702148
PUNE_G001,2016-10-14,2016,10,14,288,18.5,73.75,0.0
PUNE_G001,2016-10-15,2016,10,15,289,18.5,73.75,0.0
PUNE_G001,2016-10-16,2016,10,16,290,18.5,73.75,0.0
PUNE_G001,2016-10-17,2016,10,17,291,18.5,73.75,0.0
PUNE_G001,2016-10-18,2016,10,18,292,18.5,73.75,0.0
PUNE_G001,2016-10-19,2016,10,19,293,18.5,73.75,0.0
PUNE_G001,2016-10-20,2016,10,20,294,18.5,73.75,0.0
PUNE_G001,2016-10-21,2016,10,21,295,18.5,73.75,0.0
PUNE_G001,2016-10-22,2016,10,22,296,18.5,73.75,0.0
PUNE_G001,2016-10-23,2016,10,23,297,18.5,73.75,0.0
PUNE_G001,2016-10-24,2016,10,24,298,18.5,73.75,0.0
PUNE_G001,2016-10-25,2016,10,25,299,18.5,73.75,0.0
PUNE_G001,2016-10-26,2016,10,26,300,18.5,73.75,0.0
PUNE_G001,2016-10-27,2016,10,27,301,18.5,73.75,0.0
PUNE_G001,2016-10-28,2016,10,28,302,18.5,73.75,0.0
PUNE_G001,2016-10-29,2016,10,29,303,18.5,73.75,0.0
PUNE_G001,2016-10-30,2016,10,30,304,18.5,73.75,0.0
PUNE_G001,2016-10-31,2016,10,31,305,18.5,73.75,0.0
PUNE_G001,2016-11-01,2016,11,1,306,18.5,73.75,0.0
PUNE_G001,2016-11-02,2016,11,2,307,18.5,73.75,0.0
PUNE_G001,2016-11-03,2016,11,3,308,18.5,73.75,0.0
PUNE_G001,2016-11-04,2016,11,4,309,18.5,73.75,0.0
PUNE_G001,2016-11-05,2016,11,5,310,18.5,73.75,0.0
PUNE_G001,2016-11-06,2016,11,6,311,18.5,73.75,0.0
PUNE_G001,2016-11-07,2016,11,7,312,18.5,73.75,0.0
PUNE_G001,2016-11-08,2016,11,8,313,18.5,73.75,0.0
PUNE_G001,2016-11-09,2016,11,9,314,18.5,73.75,0.0
PUNE_G001,2016-11-10,2016,11,10,315,18.5,73.75,0.0
PUNE_G001,2016-11-11,2016,11,11,316,18.5,73.75,0.0
PUNE_G001,2016-11-12,2016,11,12,317,18.5,73.75,0.0
PUNE_G001,2016-11-13,2016,11,13,318,18.5,73.75,0.0
PUNE_G001,2016-11-14,2016,11,14,319,18.5,73.75,0.0
PUNE_G001,2016-11-15,2016,11,15,320,18.5,73.75,0.0
PUNE_G001,2016-11-16,2016,11,16,321,18.5,73.75,0.0
PUNE_G001,2016-11-17,2016,11,17,322,18.5,73.75,0.0
PUNE_G001,2016-11-18,2016,11,18,323,18.5,73.75,0.0
PUNE_G001,2016-11-19,2016,11,19,324,18.5,73.75,0.0
PUNE_G001,2016-11-20,2016,11,20,325,18.5,73.75,0.0
PUNE_G001,2016-11-21,2016,11,21,326,18.5,73.75,0.0
PUNE_G001,2016-11-22,2016,11,22,327,18.5,73.75,0.0
PUNE_G001,2016-11-23,2016,11,23,328,18.5,73.75,0.0
PUNE_G001,2016-11-24,2016,11,24,329,18.5,73.75,0.0
PUNE_G001,2016-11-25,2016,11,25,330,18.5,73.75,0.0
PUNE_G001,2016-11-26,2016,11,26,331,18.5,73.75,0.0
PUNE_G001,2016-11-27,2016,11,27,332,18.5,73.75,0.0
PUNE_G001,2016-11-28,2016,11,28,333,18.5,73.75,0.0
PUNE_G001,2016-11-29,2016,11,29,334,18.5,73.75,0.0
PUNE_G001,2016-11-30,2016,11,30,335,18.5,73.75,0.0
PUNE_G001,2016-12-01,2016,12,1,336,18.5,73.75,0.0
PUNE_G001,2016-12-02,2016,12,2,337,18.5,73.75,0.0
PUNE_G001,2016-12-03,2016,12,3,338,18.5,73.75,0.0
PUNE_G001,2016-12-04,2016,12,4,339,18.5,73.75,0.0
PUNE_G001,2016-12-05,2016,12,5,340,18.5,73.75,0.0
PUNE_G001,2016-12-06,2016,12,6,341,18.5,73.75,0.0
PUNE_G001,2016-12-07,2016,12,7,342,18.5,73.75,0.0
PUNE_G001,2016-12-08,2016,12,8,343,18.5,73.75,0.0
PUNE_G001,2016-12-09,2016,12,9,344,18.5,73.75,0.0
PUNE_G001,2016-12-10,2016,12,10,345,18.5,73.75,0.0
PUNE_G001,2016-12-11,2016,12,11,346,18.5,73.75,0.0
PUNE_G001,2016-12-12,2016,12,12,347,18.5,73.75,0.0
PUNE_G001,2016-12-13,2016,12,13,348,18.5,73.75,0.0
PUNE_G001,2016-12-14,2016,12,14,349,18.5,73.75,0.0
PUNE_G001,2016-12-15,2016,12,15,350,18.5,73.75,0.0
PUNE_G001,2016-12-16,2016,12,16,351,18.5,73.75,0.0
PUNE_G001,2016-12-17,2016,12,17,352,18.5,73.75,0.0
PUNE_G001,2016-12-18,2016,12,18,353,18.5,73.75,0.0
PUNE_G001,2016-12-19,2016,12,19,354,18.5,73.75,0.0
PUNE_G001,2016-12-20,2016,12,20,355,18.5,73.75,0.0
PUNE_G001,2016-12-21,2016,12,21,356,18.5,73.75,0.0
PUNE_G001,2016-12-22,2016,12,22,357,18.5,73.75,0.0
PUNE_G001,2016-12-23,2016,12,23,358,18.5,73.75,0.0
PUNE_G001,2016-12-24,2016,12,24,359,18.5,73.75,0.0
PUNE_G001,2016-12-25,2016,12,25,360,18.5,73.75,0.0
PUNE_G001,2016-12-26,2016,12,26,361,18.5,73.75,0.0
PUNE_G001,2016-12-27,2016,12,27,362,18.5,73.75,0.0
PUNE_G001,2016-12-28,2016,12,28,363,18.5,73.75,0.0
PUNE_G001,2016-12-29,2016,12,29,364,18.5,73.75,0.0
PUNE_G001,2016-12-30,2016,12,30,365,18.5,73.75,0.0
PUNE_G001,2016-12-31,2016,12,31,366,18.5,73.75,0.0
PUNE_G001,2017-01-01,2017,1,1,1,18.5,73.75,0.0
PUNE_G001,2017-01-02,2017,1,2,2,18.5,73.75,0.0
PUNE_G001,2017-01-03,2017,1,3,3,18.5,73.75,0.0
PUNE_G001,2017-01-04,2017,1,4,4,18.5,73.75,0.0
PUNE_G001,2017-01-05,2017,1,5,5,18.5,73.75,0.0
PUNE_G001,2017-01-06,2017,1,6,6,18.5,73.75,0.0
PUNE_G001,2017-01-07,2017,1,7,7,18.5,73.75,0.0
PUNE_G001,2017-01-08,2017,1,8,8,18.5,73.75,0.0
PUNE_G001,2017-01-09,2017,1,9,9,18.5,73.75,0.0
PUNE_G001,2017-01-10,2017,1,10,10,18.5,73.75,0.0
PUNE_G001,2017-01-11,2017,1,11,11,18.5,73.75,0.0
PUNE_G001,2017-01-12,2017,1,12,12,18.5,73.75,0.0
PUNE_G001,2017-01-13,2017,1,13,13,18.5,73.75,0.0
PUNE_G001,2017-01-14,2017,1,14,14,18.5,73.75,0.0
PUNE_G001,2017-01-15,2017,1,15,15,18.5,73.75,0.0
PUNE_G001,2017-01-16,2017,1,16,16,18.5,73.75,0.0
PUNE_G001,2017-01-17,2017,1,17,17,18.5,73.75,0.0
PUNE_G001,2017-01-18,2017,1,18,18,18.5,73.75,0.0
PUNE_G001,2017-01-19,2017,1,19,19,18.5,73.75,0.0
PUNE_G001,2017-01-20,2017,1,20,20,18.5,73.75,0.0
PUNE_G001,2017-01-21,2017,1,21,21,18.5,73.75,0.0
PUNE_G001,2017-01-22,2017,1,22,22,18.5,73.75,0.0
PUNE_G001,2017-01-23,2017,1,23,23,18.5,73.75,0.0
PUNE_G001,2017-01-24,2017,1,24,24,18.5,73.75,0.0
PUNE_G001,2017-01-25,2017,1,25,25,18.5,73.75,0.0
PUNE_G001,2017-01-26,2017,1,26,26,18.5,73.75,0.0
PUNE_G001,2017-01-27,2017,1,27,27,18.5,73.75,0.0
PUNE_G001,2017-01-28,2017,1,28,28,18.5,73.75,0.0
PUNE_G001,2017-01-29,2017,1,29,29,18.5,73.75,0.0
PUNE_G001,2017-01-30,2017,1,30,30,18.5,73.75,0.0
PUNE_G001,2017-01-31,2017,1,31,31,18.5,73.75,0.0
PUNE_G001,2017-02-01,2017,2,1,32,18.5,73.75,0.0
PUNE_G001,2017-02-02,2017,2,2,33,18.5,73.75,0.0
PUNE_G001,2017-02-03,2017,2,3,34,18.5,73.75,0.0
PUNE_G001,2017-02-04,2017,2,4,35,18.5,73.75,0.0
PUNE_G001,2017-02-05,2017,2,5,36,18.5,73.75,0.0
PUNE_G001,2017-02-06,2017,2,6,37,18.5,73.75,0.0
PUNE_G001,2017-02-07,2017,2,7,38,18.5,73.75,0.0
PUNE_G001,2017-02-08,2017,2,8,39,18.5,73.75,0.0
PUNE_G001,2017-02-09,2017,2,9,40,18.5,73.75,0.0
PUNE_G001,2017-02-10,2017,2,10,41,18.5,73.75,0.0
PUNE_G001,2017-02-11,2017,2,11,42,18.5,73.75,0.0
PUNE_G001,2017-02-12,2017,2,12,43,18.5,73.75,0.0
PUNE_G001,2017-02-13,2017,2,13,44,18.5,73.75,0.0
PUNE_G001,2017-02-14,2017,2,14,45,18.5,73.75,0.0
PUNE_G001,2017-02-15,2017,2,15,46,18.5,73.75,0.0
PUNE_G001,2017-02-16,2017,2,16,47,18.5,73.75,0.0
PUNE_G001,2017-02-17,2017,2,17,48,18.5,73.75,0.0
PUNE_G001,2017-02-18,2017,2,18,49,18.5,73.75,0.0
PUNE_G001,2017-02-19,2017,2,19,50,18.5,73.75,0.0
PUNE_G001,2017-02-20,2017,2,20,51,18.5,73.75,0.0
PUNE_G001,2017-02-21,2017,2,21,52,18.5,73.75,0.0
PUNE_G001,2017-02-22,2017,2,22,53,18.5,73.75,0.0
PUNE_G001,2017-02-23,2017,2,23,54,18.5,73.75,0.0
PUNE_G001,2017-02-24,2017,2,24,55,18.5,73.75,0.0
PUNE_G001,2017-02-25,2017,2,25,56,18.5,73.75,0.0
PUNE_G001,2017-02-26,2017,2,26,57,18.5,73.75,0.0
PUNE_G001,2017-02-27,2017,2,27,58,18.5,73.75,0.0
PUNE_G001,2017-02-28,2017,2,28,59,18.5,73.75,0.0
PUNE_G001,2017-03-01,2017,3,1,60,18.5,73.75,0.0
PUNE_G001,2017-03-02,2017,3,2,61,18.5,73.75,0.0
PUNE_G001,2017-03-03,2017,3,3,62,18.5,73.75,0.0
PUNE_G001,2017-03-04,2017,3,4,63,18.5,73.75,0.0
PUNE_G001,2017-03-05,2017,3,5,64,18.5,73.75,0.0
PUNE_G001,2017-03-06,2017,3,6,65,18.5,73.75,0.0
PUNE_G001,2017-03-07,2017,3,7,66,18.5,73.75,0.0
PUNE_G001,2017-03-08,2017,3,8,67,18.5,73.75,0.0
PUNE_G001,2017-03-09,2017,3,9,68,18.5,73.75,0.0
PUNE_G001,2017-03-10,2017,3,10,69,18.5,73.75,0.0
PUNE_G001,2017-03-11,2017,3,11,70,18.5,73.75,0.0
PUNE_G001,2017-03-12,2017,3,12,71,18.5,73.75,0.0
PUNE_G001,2017-03-13,2017,3,13,72,18.5,73.75,0.0
PUNE_G001,2017-03-14,2017,3,14,73,18.5,73.75,0.0
PUNE_G001,2017-03-15,2017,3,15,74,18.5,73.75,0.0
PUNE_G001,2017-03-16,2017,3,16,75,18.5,73.75,0.0
PUNE_G001,2017-03-17,2017,3,17,76,18.5,73.75,0.0
PUNE_G001,2017-03-18,2017,3,18,77,18.5,73.75,0.0
PUNE_G001,2017-03-19,2017,3,19,78,18.5,73.75,0.0
PUNE_G001,2017-03-20,2017,3,20,79,18.5,73.75,0.0
PUNE_G001,2017-03-21,2017,3,21,80,18.5,73.75,0.0
PUNE_G001,2017-03-22,2017,3,22,81,18.5,73.75,0.0
PUNE_G001,2017-03-23,2017,3,23,82,18.5,73.75,0.0
PUNE_G001,2017-03-24,2017,3,24,83,18.5,73.75,0.0
PUNE_G001,2017-03-25,2017,3,25,84,18.5,73.75,0.0
PUNE_G001,2017-03-26,2017,3,26,85,18.5,73.75,0.0
PUNE_G001,2017-03-27,2017,3,27,86,18.5,73.75,0.0
PUNE_G001,2017-03-28,2017,3,28,87,18.5,73.75,0.0
PUNE_G001,2017-03-29,2017,3,29,88,18.5,73.75,0.0
PUNE_G001,2017-03-30,2017,3,30,89,18.5,73.75,0.0
PUNE_G001,2017-03-31,2017,3,31,90,18.5,73.75,0.0
PUNE_G001,2017-04-01,2017,4,1,91,18.5,73.75,0.0
PUNE_G001,2017-04-02,2017,4,2,92,18.5,73.75,0.0
PUNE_G001,2017-04-03,2017,4,3,93,18.5,73.75,0.0
PUNE_G001,2017-04-04,2017,4,4,94,18.5,73.75,0.0
PUNE_G001,2017-04-05,2017,4,5,95,18.5,73.75,0.0
PUNE_G001,2017-04-06,2017,4,6,96,18.5,73.75,0.0
PUNE_G001,2017-04-07,2017,4,7,97,18.5,73.75,0.0
PUNE_G001,2017-04-08,2017,4,8,98,18.5,73.75,0.0
PUNE_G001,2017-04-09,2017,4,9,99,18.5,73.75,0.0
PUNE_G001,2017-04-10,2017,4,10,100,18.5,73.75,0.0
PUNE_G001,2017-04-11,2017,4,11,101,18.5,73.75,0.0
PUNE_G001,2017-04-12,2017,4,12,102,18.5,73.75,0.0
PUNE_G001,2017-04-13,2017,4,13,103,18.5,73.75,0.0
PUNE_G001,2017-04-14,2017,4,14,104,18.5,73.75,0.0
PUNE_G001,2017-04-15,2017,4,15,105,18.5,73.75,0.0
PUNE_G001,2017-04-16,2017,4,16,106,18.5,73.75,0.0
PUNE_G001,2017-04-17,2017,4,17,107,18.5,73.75,0.0
PUNE_G001,2017-04-18,2017,4,18,108,18.5,73.75,0.0
PUNE_G001,2017-04-19,2017,4,19,109,18.5,73.75,0.0
PUNE_G001,2017-04-20,2017,4,20,110,18.5,73.75,0.0
PUNE_G001,2017-04-21,2017,4,21,111,18.5,73.75,0.0
PUNE_G001,2017-04-22,2017,4,22,112,18.5,73.75,0.0
PUNE_G001,2017-04-23,2017,4,23,113,18.5,73.75,0.0
PUNE_G001,2017-04-24,2017,4,24,114,18.5,73.75,0.0
PUNE_G001,2017-04-25,2017,4,25,115,18.5,73.75,0.0
PUNE_G001,2017-04-26,2017,4,26,116,18.5,73.75,0.0
PUNE_G001,2017-04-27,2017,4,27,117,18.5,73.75,0.0
PUNE_G001,2017-04-28,2017,4,28,118,18.5,73.75,0.0
PUNE_G001,2017-04-29,2017,4,29,119,18.5,73.75,0.0
PUNE_G001,2017-04-30,2017,4,30,120,18.5,73.75,0.0
PUNE_G001,2017-05-01,2017,5,1,121,18.5,73.75,0.0
PUNE_G001,2017-05-02,2017,5,2,122,18.5,73.75,0.0
PUNE_G001,2017-05-03,2017,5,3,123,18.5,73.75,0.0
PUNE_G001,2017-05-04,2017,5,4,124,18.5,73.75,0.0
PUNE_G001,2017-05-05,2017,5,5,125,18.5,73.75,0.0
PUNE_G001,2017-05-06,2017,5,6,126,18.5,73.75,0.0
PUNE_G001,2017-05-07,2017,5,7,127,18.5,73.75,0.0
PUNE_G001,2017-05-08,2017,5,8,128,18.5,73.75,0.0
PUNE_G001,2017-05-09,2017,5,9,129,18.5,73.75,0.0
PUNE_G001,2017-05-10,2017,5,10,130,18.5,73.75,0.0
PUNE_G001,2017-05-11,2017,5,11,131,18.5,73.75,0.0
PUNE_G001,2017-05-12,2017,5,12,132,18.5,73.75,0.0
PUNE_G001,2017-05-13,2017,5,13,133,18.5,73.75,2.024463176727295
PUNE_G001,2017-05-14,2017,5,14,134,18.5,73.75,5.735778331756592
PUNE_G001,2017-05-15,2017,5,15,135,18.5,73.75,0.0
PUNE_G001,2017-05-16,2017,5,16,136,18.5,73.75,0.0
PUNE_G001,2017-05-17,2017,5,17,137,18.5,73.75,0.0
PUNE_G001,2017-05-18,2017,5,18,138,18.5,73.75,0.0
PUNE_G001,2017-05-19,2017,5,19,139,18.5,73.75,0.0
PUNE_G001,2017-05-20,2017,5,20,140,18.5,73.75,0.0
PUNE_G001,2017-05-21,2017,5,21,141,18.5,73.75,0.0
PUNE_G001,2017-05-22,2017,5,22,142,18.5,73.75,0.0
PUNE_G001,2017-05-23,2017,5,23,143,18.5,73.75,0.0
PUNE_G001,2017-05-24,2017,5,24,144,18.5,73.75,0.0
PUNE_G001,2017-05-25,2017,5,25,145,18.5,73.75,0.0
PUNE_G001,2017-05-26,2017,5,26,146,18.5,73.75,0.0
PUNE_G001,2017-05-27,2017,5,27,147,18.5,73.75,0.0
PUNE_G001,2017-05-28,2017,5,28,148,18.5,73.75,0.0
PUNE_G001,2017-05-29,2017,5,29,149,18.5,73.75,0.0
PUNE_G001,2017-05-30,2017,5,30,150,18.5,73.75,0.53849858045578
PUNE_G001,2017-05-31,2017,5,31,151,18.5,73.75,0.19256559014320374
PUNE_G001,2017-06-01,2017,6,1,152,18.5,73.75,0.0
PUNE_G001,2017-06-02,2017,6,2,153,18.5,73.75,2.0940768718719482
PUNE_G001,2017-06-03,2017,6,3,154,18.5,73.75,0.0
PUNE_G001,2017-06-04,2017,6,4,155,18.5,73.75,0.48450809717178345
PUNE_G001,2017-06-05,2017,6,5,156,18.5,73.75,0.0
PUNE_G001,2017-06-06,2017,6,6,157,18.5,73.75,0.0
PUNE_G001,2017-06-07,2017,6,7,158,18.5,73.75,0.0
PUNE_G001,2017-06-08,2017,6,8,159,18.5,73.75,0.0
PUNE_G001,2017-06-09,2017,6,9,160,18.5,73.75,0.0
PUNE_G001,2017-06-10,2017,6,10,161,18.5,73.75,0.0
PUNE_G001,2017-06-11,2017,6,11,162,18.5,73.75,0.0
PUNE_G001,2017-06-12,2017,6,12,163,18.5,73.75,0.0
PUNE_G001,2017-06-13,2017,6,13,164,18.5,73.75,26.003917694091797
PUNE_G001,2017-06-14,2017,6,14,165,18.5,73.75,0.0
PUNE_G001,2017-06-15,2017,6,15,166,18.5,73.75,49.526920318603516
PUNE_G001,2017-06-16,2017,6,16,167,18.5,73.75,3.455573558807373
PUNE_G001,2017-06-17,2017,6,17,168,18.5,73.75,24.39656639099121
PUNE_G001,2017-06-18,2017,6,18,169,18.5,73.75,22.086978912353516
PUNE_G001,2017-06-19,2017,6,19,170,18.5,73.75,0.0
PUNE_G001,2017-06-20,2017,6,20,171,18.5,73.75,0.0
PUNE_G001,2017-06-21,2017,6,21,172,18.5,73.75,0.0
PUNE_G001,2017-06-22,2017,6,22,173,18.5,73.75,0.0
PUNE_G001,2017-06-23,2017,6,23,174,18.5,73.75,1.1544982194900513
PUNE_G001,2017-06-24,2017,6,24,175,18.5,73.75,0.9920088052749634
PUNE_G001,2017-06-25,2017,6,25,176,18.5,73.75,4.014520645141602
PUNE_G001,2017-06-26,2017,6,26,177,18.5,73.75,11.19105052947998
PUNE_G001,2017-06-27,2017,6,27,178,18.5,73.75,7.967214107513428
PUNE_G001,2017-06-28,2017,6,28,179,18.5,73.75,3.8886356353759766
PUNE_G001,2017-06-29,2017,6,29,180,18.5,73.75,3.1872313022613525
PUNE_G001,2017-06-30,2017,6,30,181,18.5,73.75,16.895437240600586
PUNE_G001,2017-07-01,2017,7,1,182,18.5,73.75,5.026562213897705
PUNE_G001,2017-07-02,2017,7,2,183,18.5,73.75,2.712374687194824
PUNE_G001,2017-07-03,2017,7,3,184,18.5,73.75,8.582797050476074
PUNE_G001,2017-07-04,2017,7,4,185,18.5,73.75,0.0
PUNE_G001,2017-07-05,2017,7,5,186,18.5,73.75,1.3444410562515259
PUNE_G001,2017-07-06,2017,7,6,187,18.5,73.75,0.0
PUNE_G001,2017-07-07,2017,7,7,188,18.5,73.75,0.7511200308799744
PUNE_G001,2017-07-08,2017,7,8,189,18.5,73.75,1.2346278429031372
PUNE_G001,2017-07-09,2017,7,9,190,18.5,73.75,0.0
PUNE_G001,2017-07-10,2017,7,10,191,18.5,73.75,0.0
PUNE_G001,2017-07-11,2017,7,11,192,18.5,73.75,0.0
PUNE_G001,2017-07-12,2017,7,12,193,18.5,73.75,0.23089908063411713
PUNE_G001,2017-07-13,2017,7,13,194,18.5,73.75,0.5023101568222046
PUNE_G001,2017-07-14,2017,7,14,195,18.5,73.75,29.443740844726562
PUNE_G001,2017-07-15,2017,7,15,196,18.5,73.75,27.49448013305664
PUNE_G001,2017-07-16,2017,7,16,197,18.5,73.75,8.716514587402344
PUNE_G001,2017-07-17,2017,7,17,198,18.5,73.75,7.646586894989014
PUNE_G001,2017-07-18,2017,7,18,199,18.5,73.75,21.23368263244629
PUNE_G001,2017-07-19,2017,7,19,200,18.5,73.75,2.883131742477417
PUNE_G001,2017-07-20,2017,7,20,201,18.5,73.75,12.270251274108887
PUNE_G001,2017-07-21,2017,7,21,202,18.5,73.75,24.84157943725586
PUNE_G001,2017-07-22,2017,7,22,203,18.5,73.75,19.699798583984375
PUNE_G001,2017-07-23,2017,7,23,204,18.5,73.75,9.8671236038208
PUNE_G001,2017-07-24,2017,7,24,205,18.5,73.75,8.150850296020508
PUNE_G001,2017-07-25,2017,7,25,206,18.5,73.75,6.087818622589111
PUNE_G001,2017-07-26,2017,7,26,207,18.5,73.75,0.8713143467903137
PUNE_G001,2017-07-27,2017,7,27,208,18.5,73.75,4.644946098327637
PUNE_G001,2017-07-28,2017,7,28,209,18.5,73.75,8.876863479614258
PUNE_G001,2017-07-29,2017,7,29,210,18.5,73.75,2.4183099269866943
PUNE_G001,2017-07-30,2017,7,30,211,18.5,73.75,2.4886727333068848
PUNE_G001,2017-07-31,2017,7,31,212,18.5,73.75,0.644767165184021
PUNE_G001,2017-08-01,2017,8,1,213,18.5,73.75,1.0904406309127808
PUNE_G001,2017-08-02,2017,8,2,214,18.5,73.75,0.24484935402870178
PUNE_G001,2017-08-03,2017,8,3,215,18.5,73.75,1.3999626636505127
PUNE_G001,2017-08-04,2017,8,4,216,18.5,73.75,2.3609683513641357
PUNE_G001,2017-08-05,2017,8,5,217,18.5,73.75,0.0
PUNE_G001,2017-08-06,2017,8,6,218,18.5,73.75,0.2849141061306
PUNE_G001,2017-08-07,2017,8,7,219,18.5,73.75,0.0
PUNE_G001,2017-08-08,2017,8,8,220,18.5,73.75,0.0
PUNE_G001,2017-08-09,2017,8,9,221,18.5,73.75,0.48500826954841614
PUNE_G001,2017-08-10,2017,8,10,222,18.5,73.75,1.1739940643310547
PUNE_G001,2017-08-11,2017,8,11,223,18.5,73.75,0.60185706615448
PUNE_G001,2017-08-12,2017,8,12,224,18.5,73.75,0.7746127843856812
PUNE_G001,2017-08-13,2017,8,13,225,18.5,73.75,0.0
PUNE_G001,2017-08-14,2017,8,14,226,18.5,73.75,0.0
PUNE_G001,2017-08-15,2017,8,15,227,18.5,73.75,0.15618371963500977
PUNE_G001,2017-08-16,2017,8,16,228,18.5,73.75,0.0
PUNE_G001,2017-08-17,2017,8,17,229,18.5,73.75,0.0
PUNE_G001,2017-08-18,2017,8,18,230,18.5,73.75,0.0
PUNE_G001,2017-08-19,2017,8,19,231,18.5,73.75,2.116823434829712
PUNE_G001,2017-08-20,2017,8,20,232,18.5,73.75,28.063880920410156
PUNE_G001,2017-08-21,2017,8,21,233,18.5,73.75,60.358795166015625
PUNE_G001,2017-08-22,2017,8,22,234,18.5,73.75,1.726056694984436
PUNE_G001,2017-08-23,2017,8,23,235,18.5,73.75,0.2849141061306
PUNE_G001,2017-08-24,2017,8,24,236,18.5,73.75,0.5698282718658447
PUNE_G001,2017-08-25,2017,8,25,237,18.5,73.75,1.101321816444397
PUNE_G001,2017-08-26,2017,8,26,238,18.5,73.75,5.96935510635376
PUNE_G001,2017-08-27,2017,8,27,239,18.5,73.75,9.242318153381348
PUNE_G001,2017-08-28,2017,8,28,240,18.5,73.75,21.515300750732422
PUNE_G001,2017-08-29,2017,8,29,241,18.5,73.75,18.54389190673828
PUNE_G001,2017-08-30,2017,8,30,242,18.5,73.75,4.114433765411377
PUNE_G001,2017-08-31,2017,8,31,243,18.5,73.75,5.645053863525391
PUNE_G001,2017-09-01,2017,9,1,244,18.5,73.75,0.0
PUNE_G001,2017-09-02,2017,9,2,245,18.5,73.75,0.8460913896560669
PUNE_G001,2017-09-03,2017,9,3,246,18.5,73.75,0.0
PUNE_G001,2017-09-04,2017,9,4,247,18.5,73.75,0.0
PUNE_G001,2017-09-05,2017,9,5,248,18.5,73.75,0.0
PUNE_G001,2017-09-06,2017,9,6,249,18.5,73.75,0.0
PUNE_G001,2017-09-07,2017,9,7,250,18.5,73.75,0.0
PUNE_G001,2017-09-08,2017,9,8,251,18.5,73.75,23.706254959106445
PUNE_G001,2017-09-09,2017,9,9,252,18.5,73.75,2.329028844833374
PUNE_G001,2017-09-10,2017,9,10,253,18.5,73.75,0.1359277069568634
PUNE_G001,2017-09-11,2017,9,11,254,18.5,73.75,13.806488990783691
PUNE_G001,2017-09-12,2017,9,12,255,18.5,73.75,1.7094846963882446
PUNE_G001,2017-09-13,2017,9,13,256,18.5,73.75,0.7974010705947876
PUNE_G001,2017-09-14,2017,9,14,257,18.5,73.75,4.280064582824707
PUNE_G001,2017-09-15,2017,9,15,258,18.5,73.75,2.061396598815918
PUNE_G001,2017-09-16,2017,9,16,259,18.5,73.75,8.516510009765625
PUNE_G001,2017-09-17,2017,9,17,260,18.5,73.75,0.4931561350822449
PUNE_G001,2017-09-18,2017,9,18,261,18.5,73.75,0.0
PUNE_G001,2017-09-19,2017,9,19,262,18.5,73.75,7.356393337249756
PUNE_G001,2017-09-20,2017,9,20,263,18.5,73.75,37.15582275390625
PUNE_G001,2017-09-21,2017,9,21,264,18.5,73.75,18.85532569885254
PUNE_G001,2017-09-22,2017,9,22,265,18.5,73.75,7.178259372711182
PUNE_G001,2017-09-23,2017,9,23,266,18.5,73.75,0.0
PUNE_G001,2017-09-24,2017,9,24,267,18.5,73.75,0.0
PUNE_G001,2017-09-25,2017,9,25,268,18.5,73.75,0.0
PUNE_G001,2017-09-26,2017,9,26,269,18.5,73.75,0.0
PUNE_G001,2017-09-27,2017,9,27,270,18.5,73.75,8.594908714294434
PUNE_G001,2017-09-28,2017,9,28,271,18.5,73.75,0.7946451902389526
PUNE_G001,2017-09-29,2017,9,29,272,18.5,73.75,6.419629096984863
PUNE_G001,2017-09-30,2017,9,30,273,18.5,73.75,11.704025268554688
PUNE_G001,2017-10-01,2017,10,1,274,18.5,73.75,0.0
PUNE_G001,2017-10-02,2017,10,2,275,18.5,73.75,0.0
PUNE_G001,2017-10-03,2017,10,3,276,18.5,73.75,0.0
PUNE_G001,2017-10-04,2017,10,4,277,18.5,73.75,0.0
PUNE_G001,2017-10-05,2017,10,5,278,18.5,73.75,0.0
PUNE_G001,2017-10-06,2017,10,6,279,18.5,73.75,0.0
PUNE_G001,2017-10-07,2017,10,7,280,18.5,73.75,3.220702886581421
PUNE_G001,2017-10-08,2017,10,8,281,18.5,73.75,7.667137622833252
PUNE_G001,2017-10-09,2017,10,9,282,18.5,73.75,9.601465225219727
PUNE_G001,2017-10-10,2017,10,10,283,18.5,73.75,0.0
PUNE_G001,2017-10-11,2017,10,11,284,18.5,73.75,4.921549320220947
PUNE_G001,2017-10-12,2017,10,12,285,18.5,73.75,8.647825241088867
PUNE_G001,2017-10-13,2017,10,13,286,18.5,73.75,3.500952959060669
PUNE_G001,2017-10-14,2017,10,14,287,18.5,73.75,94.67606353759766
PUNE_G001,2017-10-15,2017,10,15,288,18.5,73.75,19.34267234802246
PUNE_G001,2017-10-16,2017,10,16,289,18.5,73.75,2.0893702507019043
PUNE_G001,2017-10-17,2017,10,17,290,18.5,73.75,0.0
PUNE_G001,2017-10-18,2017,10,18,291,18.5,73.75,0.0
PUNE_G001,2017-10-19,2017,10,19,292,18.5,73.75,0.0
PUNE_G001,2017-10-20,2017,10,20,293,18.5,73.75,0.0
PUNE_G001,2017-10-21,2017,10,21,294,18.5,73.75,0.0
PUNE_G001,2017-10-22,2017,10,22,295,18.5,73.75,0.0
PUNE_G001,2017-10-23,2017,10,23,296,18.5,73.75,9.117252349853516
PUNE_G001,2017-10-24,2017,10,24,297,18.5,73.75,0.0
PUNE_G001,2017-10-25,2017,10,25,298,18.5,73.75,0.0
PUNE_G001,2017-10-26,2017,10,26,299,18.5,73.75,0.0
PUNE_G001,2017-10-27,2017,10,27,300,18.5,73.75,0.0
PUNE_G001,2017-10-28,2017,10,28,301,18.5,73.75,0.6732208728790283
PUNE_G001,2017-10-29,2017,10,29,302,18.5,73.75,0.0
PUNE_G001,2017-10-30,2017,10,30,303,18.5,73.75,0.0
PUNE_G001,2017-10-31,2017,10,31,304,18.5,73.75,0.0
PUNE_G001,2017-11-01,2017,11,1,305,18.5,73.75,0.0
PUNE_G001,2017-11-02,2017,11,2,306,18.5,73.75,0.0
PUNE_G001,2017-11-03,2017,11,3,307,18.5,73.75,0.0
PUNE_G001,2017-11-04,2017,11,4,308,18.5,73.75,0.0
PUNE_G001,2017-11-05,2017,11,5,309,18.5,73.75,0.0
PUNE_G001,2017-11-06,2017,11,6,310,18.5,73.75,0.0
PUNE_G001,2017-11-07,2017,11,7,311,18.5,73.75,0.0
PUNE_G001,2017-11-08,2017,11,8,312,18.5,73.75,0.0
PUNE_G001,2017-11-09,2017,11,9,313,18.5,73.75,0.0
PUNE_G001,2017-11-10,2017,11,10,314,18.5,73.75,0.0
PUNE_G001,2017-11-11,2017,11,11,315,18.5,73.75,0.0
PUNE_G001,2017-11-12,2017,11,12,316,18.5,73.75,0.0
PUNE_G001,2017-11-13,2017,11,13,317,18.5,73.75,0.0
PUNE_G001,2017-11-14,2017,11,14,318,18.5,73.75,0.0
PUNE_G001,2017-11-15,2017,11,15,319,18.5,73.75,0.0
PUNE_G001,2017-11-16,2017,11,16,320,18.5,73.75,0.0
PUNE_G001,2017-11-17,2017,11,17,321,18.5,73.75,0.0
PUNE_G001,2017-11-18,2017,11,18,322,18.5,73.75,0.0
PUNE_G001,2017-11-19,2017,11,19,323,18.5,73.75,0.0
PUNE_G001,2017-11-20,2017,11,20,324,18.5,73.75,0.0
PUNE_G001,2017-11-21,2017,11,21,325,18.5,73.75,7.064867973327637
PUNE_G001,2017-11-22,2017,11,22,326,18.5,73.75,0.848334789276123
PUNE_G001,2017-11-23,2017,11,23,327,18.5,73.75,4.436194896697998
PUNE_G001,2017-11-24,2017,11,24,328,18.5,73.75,0.28560253977775574
PUNE_G001,2017-11-25,2017,11,25,329,18.5,73.75,0.0
PUNE_G001,2017-11-26,2017,11,26,330,18.5,73.75,0.0
PUNE_G001,2017-11-27,2017,11,27,331,18.5,73.75,0.0
PUNE_G001,2017-11-28,2017,11,28,332,18.5,73.75,0.0
PUNE_G001,2017-11-29,2017,11,29,333,18.5,73.75,0.0
PUNE_G001,2017-11-30,2017,11,30,334,18.5,73.75,0.0
PUNE_G001,2017-12-01,2017,12,1,335,18.5,73.75,0.0
PUNE_G001,2017-12-02,2017,12,2,336,18.5,73.75,0.0
PUNE_G001,2017-12-03,2017,12,3,337,18.5,73.75,0.0
PUNE_G001,2017-12-04,2017,12,4,338,18.5,73.75,0.0
PUNE_G001,2017-12-05,2017,12,5,339,18.5,73.75,2.6923422813415527
PUNE_G001,2017-12-06,2017,12,6,340,18.5,73.75,0.0
PUNE_G001,2017-12-07,2017,12,7,341,18.5,73.75,0.0
PUNE_G001,2017-12-08,2017,12,8,342,18.5,73.75,0.0
PUNE_G001,2017-12-09,2017,12,9,343,18.5,73.75,0.0
PUNE_G001,2017-12-10,2017,12,10,344,18.5,73.75,0.0
PUNE_G001,2017-12-11,2017,12,11,345,18.5,73.75,0.0
PUNE_G001,2017-12-12,2017,12,12,346,18.5,73.75,0.0
PUNE_G001,2017-12-13,2017,12,13,347,18.5,73.75,0.0
PUNE_G001,2017-12-14,2017,12,14,348,18.5,73.75,0.0
PUNE_G001,2017-12-15,2017,12,15,349,18.5,73.75,0.0
PUNE_G001,2017-12-16,2017,12,16,350,18.5,73.75,0.0
PUNE_G001,2017-12-17,2017,12,17,351,18.5,73.75,0.0
PUNE_G001,2017-12-18,2017,12,18,352,18.5,73.75,0.0
PUNE_G001,2017-12-19,2017,12,19,353,18.5,73.75,0.0
PUNE_G001,2017-12-20,2017,12,20,354,18.5,73.75,0.0
PUNE_G001,2017-12-21,2017,12,21,355,18.5,73.75,0.0
PUNE_G001,2017-12-22,2017,12,22,356,18.5,73.75,0.0
PUNE_G001,2017-12-23,2017,12,23,357,18.5,73.75,0.0
PUNE_G001,2017-12-24,2017,12,24,358,18.5,73.75,0.0
PUNE_G001,2017-12-25,2017,12,25,359,18.5,73.75,0.0
PUNE_G001,2017-12-26,2017,12,26,360,18.5,73.75,0.0
PUNE_G001,2017-12-27,2017,12,27,361,18.5,73.75,0.0
PUNE_G001,2017-12-28,2017,12,28,362,18.5,73.75,0.0
PUNE_G001,2017-12-29,2017,12,29,363,18.5,73.75,0.0
PUNE_G001,2017-12-30,2017,12,30,364,18.5,73.75,0.0
PUNE_G001,2017-12-31,2017,12,31,365,18.5,73.75,0.0
PUNE_G001,2018-01-01,2018,1,1,1,18.5,73.75,0.0
PUNE_G001,2018-01-02,2018,1,2,2,18.5,73.75,0.0
PUNE_G001,2018-01-03,2018,1,3,3,18.5,73.75,0.0
PUNE_G001,2018-01-04,2018,1,4,4,18.5,73.75,0.0
PUNE_G001,2018-01-05,2018,1,5,5,18.5,73.75,0.0
PUNE_G001,2018-01-06,2018,1,6,6,18.5,73.75,0.0
PUNE_G001,2018-01-07,2018,1,7,7,18.5,73.75,0.0
PUNE_G001,2018-01-08,2018,1,8,8,18.5,73.75,0.0
PUNE_G001,2018-01-09,2018,1,9,9,18.5,73.75,0.0
PUNE_G001,2018-01-10,2018,1,10,10,18.5,73.75,0.0
PUNE_G001,2018-01-11,2018,1,11,11,18.5,73.75,0.0
PUNE_G001,2018-01-12,2018,1,12,12,18.5,73.75,0.0
PUNE_G001,2018-01-13,2018,1,13,13,18.5,73.75,0.0
PUNE_G001,2018-01-14,2018,1,14,14,18.5,73.75,0.0
PUNE_G001,2018-01-15,2018,1,15,15,18.5,73.75,0.0
PUNE_G001,2018-01-16,2018,1,16,16,18.5,73.75,0.0
PUNE_G001,2018-01-17,2018,1,17,17,18.5,73.75,0.0
PUNE_G001,2018-01-18,2018,1,18,18,18.5,73.75,0.0
PUNE_G001,2018-01-19,2018,1,19,19,18.5,73.75,0.0
PUNE_G001,2018-01-20,2018,1,20,20,18.5,73.75,0.0
PUNE_G001,2018-01-21,2018,1,21,21,18.5,73.75,0.0
PUNE_G001,2018-01-22,2018,1,22,22,18.5,73.75,0.0
PUNE_G001,2018-01-23,2018,1,23,23,18.5,73.75,0.0
PUNE_G001,2018-01-24,2018,1,24,24,18.5,73.75,0.0
PUNE_G001,2018-01-25,2018,1,25,25,18.5,73.75,0.0
PUNE_G001,2018-01-26,2018,1,26,26,18.5,73.75,0.0
PUNE_G001,2018-01-27,2018,1,27,27,18.5,73.75,0.0
PUNE_G001,2018-01-28,2018,1,28,28,18.5,73.75,0.0
PUNE_G001,2018-01-29,2018,1,29,29,18.5,73.75,0.0
PUNE_G001,2018-01-30,2018,1,30,30,18.5,73.75,0.0
PUNE_G001,2018-01-31,2018,1,31,31,18.5,73.75,0.0
PUNE_G001,2018-02-01,2018,2,1,32,18.5,73.75,0.0
PUNE_G001,2018-02-02,2018,2,2,33,18.5,73.75,0.0
PUNE_G001,2018-02-03,2018,2,3,34,18.5,73.75,0.0
PUNE_G001,2018-02-04,2018,2,4,35,18.5,73.75,0.0
PUNE_G001,2018-02-05,2018,2,5,36,18.5,73.75,0.0
PUNE_G001,2018-02-06,2018,2,6,37,18.5,73.75,0.0
PUNE_G001,2018-02-07,2018,2,7,38,18.5,73.75,0.0
PUNE_G001,2018-02-08,2018,2,8,39,18.5,73.75,0.0
PUNE_G001,2018-02-09,2018,2,9,40,18.5,73.75,0.0
PUNE_G001,2018-02-10,2018,2,10,41,18.5,73.75,0.0
PUNE_G001,2018-02-11,2018,2,11,42,18.5,73.75,0.0
PUNE_G001,2018-02-12,2018,2,12,43,18.5,73.75,0.0
PUNE_G001,2018-02-13,2018,2,13,44,18.5,73.75,0.0
PUNE_G001,2018-02-14,2018,2,14,45,18.5,73.75,0.0
PUNE_G001,2018-02-15,2018,2,15,46,18.5,73.75,0.0
PUNE_G001,2018-02-16,2018,2,16,47,18.5,73.75,0.0
PUNE_G001,2018-02-17,2018,2,17,48,18.5,73.75,0.0
PUNE_G001,2018-02-18,2018,2,18,49,18.5,73.75,0.0
PUNE_G001,2018-02-19,2018,2,19,50,18.5,73.75,0.0
PUNE_G001,2018-02-20,2018,2,20,51,18.5,73.75,0.0
PUNE_G001,2018-02-21,2018,2,21,52,18.5,73.75,0.0
PUNE_G001,2018-02-22,2018,2,22,53,18.5,73.75,0.0
PUNE_G001,2018-02-23,2018,2,23,54,18.5,73.75,0.0
PUNE_G001,2018-02-24,2018,2,24,55,18.5,73.75,0.0
PUNE_G001,2018-02-25,2018,2,25,56,18.5,73.75,0.0
PUNE_G001,2018-02-26,2018,2,26,57,18.5,73.75,0.0
PUNE_G001,2018-02-27,2018,2,27,58,18.5,73.75,0.0
PUNE_G001,2018-02-28,2018,2,28,59,18.5,73.75,0.0
PUNE_G001,2018-03-01,2018,3,1,60,18.5,73.75,0.0
PUNE_G001,2018-03-02,2018,3,2,61,18.5,73.75,0.0
PUNE_G001,2018-03-03,2018,3,3,62,18.5,73.75,0.0
PUNE_G001,2018-03-04,2018,3,4,63,18.5,73.75,0.0
PUNE_G001,2018-03-05,2018,3,5,64,18.5,73.75,0.0
PUNE_G001,2018-03-06,2018,3,6,65,18.5,73.75,0.0
PUNE_G001,2018-03-07,2018,3,7,66,18.5,73.75,0.0
PUNE_G001,2018-03-08,2018,3,8,67,18.5,73.75,0.0
PUNE_G001,2018-03-09,2018,3,9,68,18.5,73.75,0.0
PUNE_G001,2018-03-10,2018,3,10,69,18.5,73.75,0.0
PUNE_G001,2018-03-11,2018,3,11,70,18.5,73.75,0.0
PUNE_G001,2018-03-12,2018,3,12,71,18.5,73.75,0.0
PUNE_G001,2018-03-13,2018,3,13,72,18.5,73.75,0.0
PUNE_G001,2018-03-14,2018,3,14,73,18.5,73.75,0.0
PUNE_G001,2018-03-15,2018,3,15,74,18.5,73.75,0.0
PUNE_G001,2018-03-16,2018,3,16,75,18.5,73.75,0.0
PUNE_G001,2018-03-17,2018,3,17,76,18.5,73.75,0.0
PUNE_G001,2018-03-18,2018,3,18,77,18.5,73.75,0.0
PUNE_G001,2018-03-19,2018,3,19,78,18.5,73.75,0.18651431798934937
PUNE_G001,2018-03-20,2018,3,20,79,18.5,73.75,0.0
PUNE_G001,2018-03-21,2018,3,21,80,18.5,73.75,0.0
PUNE_G001,2018-03-22,2018,3,22,81,18.5,73.75,0.0
PUNE_G001,2018-03-23,2018,3,23,82,18.5,73.75,0.0
PUNE_G001,2018-03-24,2018,3,24,83,18.5,73.75,0.0
PUNE_G001,2018-03-25,2018,3,25,84,18.5,73.75,0.0
PUNE_G001,2018-03-26,2018,3,26,85,18.5,73.75,0.0
PUNE_G001,2018-03-27,2018,3,27,86,18.5,73.75,0.0
PUNE_G001,2018-03-28,2018,3,28,87,18.5,73.75,0.0
PUNE_G001,2018-03-29,2018,3,29,88,18.5,73.75,0.0
PUNE_G001,2018-03-30,2018,3,30,89,18.5,73.75,0.0
PUNE_G001,2018-03-31,2018,3,31,90,18.5,73.75,0.0
PUNE_G001,2018-04-01,2018,4,1,91,18.5,73.75,0.0
PUNE_G001,2018-04-02,2018,4,2,92,18.5,73.75,0.0
PUNE_G001,2018-04-03,2018,4,3,93,18.5,73.75,0.0
PUNE_G001,2018-04-04,2018,4,4,94,18.5,73.75,0.0
PUNE_G001,2018-04-05,2018,4,5,95,18.5,73.75,0.0
PUNE_G001,2018-04-06,2018,4,6,96,18.5,73.75,0.0
PUNE_G001,2018-04-07,2018,4,7,97,18.5,73.75,0.0
PUNE_G001,2018-04-08,2018,4,8,98,18.5,73.75,0.0
PUNE_G001,2018-04-09,2018,4,9,99,18.5,73.75,0.0
PUNE_G001,2018-04-10,2018,4,10,100,18.5,73.75,0.0
PUNE_G001,2018-04-11,2018,4,11,101,18.5,73.75,0.0
PUNE_G001,2018-04-12,2018,4,12,102,18.5,73.75,0.0
PUNE_G001,2018-04-13,2018,4,13,103,18.5,73.75,0.0
PUNE_G001,2018-04-14,2018,4,14,104,18.5,73.75,0.0
PUNE_G001,2018-04-15,2018,4,15,105,18.5,73.75,0.0
PUNE_G001,2018-04-16,2018,4,16,106,18.5,73.75,0.0
PUNE_G001,2018-04-17,2018,4,17,107,18.5,73.75,0.0
PUNE_G001,2018-04-18,2018,4,18,108,18.5,73.75,0.644767165184021
PUNE_G001,2018-04-19,2018,4,19,109,18.5,73.75,0.0
PUNE_G001,2018-04-20,2018,4,20,110,18.5,73.75,0.0
PUNE_G001,2018-04-21,2018,4,21,111,18.5,73.75,0.0
PUNE_G001,2018-04-22,2018,4,22,112,18.5,73.75,0.0
PUNE_G001,2018-04-23,2018,4,23,113,18.5,73.75,0.0
PUNE_G001,2018-04-24,2018,4,24,114,18.5,73.75,0.0
PUNE_G001,2018-04-25,2018,4,25,115,18.5,73.75,0.0
PUNE_G001,2018-04-26,2018,4,26,116,18.5,73.75,0.0
PUNE_G001,2018-04-27,2018,4,27,117,18.5,73.75,0.0
PUNE_G001,2018-04-28,2018,4,28,118,18.5,73.75,0.0
PUNE_G001,2018-04-29,2018,4,29,119,18.5,73.75,0.0
PUNE_G001,2018-04-30,2018,4,30,120,18.5,73.75,0.0
PUNE_G001,2018-05-01,2018,5,1,121,18.5,73.75,0.0
PUNE_G001,2018-05-02,2018,5,2,122,18.5,73.75,0.0
PUNE_G001,2018-05-03,2018,5,3,123,18.5,73.75,0.0
PUNE_G001,2018-05-04,2018,5,4,124,18.5,73.75,0.0
PUNE_G001,2018-05-05,2018,5,5,125,18.5,73.75,0.0
PUNE_G001,2018-05-06,2018,5,6,126,18.5,73.75,0.0
PUNE_G001,2018-05-07,2018,5,7,127,18.5,73.75,0.0
PUNE_G001,2018-05-08,2018,5,8,128,18.5,73.75,0.0
PUNE_G001,2018-05-09,2018,5,9,129,18.5,73.75,0.0
PUNE_G001,2018-05-10,2018,5,10,130,18.5,73.75,0.0
PUNE_G001,2018-05-11,2018,5,11,131,18.5,73.75,0.0
PUNE_G001,2018-05-12,2018,5,12,132,18.5,73.75,0.0
PUNE_G001,2018-05-13,2018,5,13,133,18.5,73.75,0.0
PUNE_G001,2018-05-14,2018,5,14,134,18.5,73.75,0.0
PUNE_G001,2018-05-15,2018,5,15,135,18.5,73.75,0.0
PUNE_G001,2018-05-16,2018,5,16,136,18.5,73.75,0.0
PUNE_G001,2018-05-17,2018,5,17,137,18.5,73.75,0.0
PUNE_G001,2018-05-18,2018,5,18,138,18.5,73.75,0.1099335327744484
PUNE_G001,2018-05-19,2018,5,19,139,18.5,73.75,0.0
PUNE_G001,2018-05-20,2018,5,20,140,18.5,73.75,0.0
PUNE_G001,2018-05-21,2018,5,21,141,18.5,73.75,0.0
PUNE_G001,2018-05-22,2018,5,22,142,18.5,73.75,0.0
PUNE_G001,2018-05-23,2018,5,23,143,18.5,73.75,0.19957394897937775
PUNE_G001,2018-05-24,2018,5,24,144,18.5,73.75,0.0
PUNE_G001,2018-05-25,2018,5,25,145,18.5,73.75,0.0
PUNE_G001,2018-05-26,2018,5,26,146,18.5,73.75,0.0
PUNE_G001,2018-05-27,2018,5,27,147,18.5,73.75,0.0
PUNE_G001,2018-05-28,2018,5,28,148,18.5,73.75,0.0
PUNE_G001,2018-05-29,2018,5,29,149,18.5,73.75,0.0
PUNE_G001,2018-05-30,2018,5,30,150,18.5,73.75,0.0
PUNE_G001,2018-05-31,2018,5,31,151,18.5,73.75,0.0
PUNE_G001,2018-06-01,2018,6,1,152,18.5,73.75,0.0
PUNE_G001,2018-06-02,2018,6,2,153,18.5,73.75,24.424959182739258
PUNE_G001,2018-06-03,2018,6,3,154,18.5,73.75,6.772650718688965
PUNE_G001,2018-06-04,2018,6,4,155,18.5,73.75,0.0
PUNE_G001,2018-06-05,2018,6,5,156,18.5,73.75,0.0
PUNE_G001,2018-06-06,2018,6,6,157,18.5,73.75,0.0
PUNE_G001,2018-06-07,2018,6,7,158,18.5,73.75,32.20431900024414
PUNE_G001,2018-06-08,2018,6,8,159,18.5,73.75,0.0
PUNE_G001,2018-06-09,2018,6,9,160,18.5,73.75,8.414347648620605
PUNE_G001,2018-06-10,2018,6,10,161,18.5,73.75,0.0
PUNE_G001,2018-06-11,2018,6,11,162,18.5,73.75,1.0446851253509521
PUNE_G001,2018-06-12,2018,6,12,163,18.5,73.75,0.2374284267425537
PUNE_G001,2018-06-13,2018,6,13,164,18.5,73.75,0.0
PUNE_G001,2018-06-14,2018,6,14,165,18.5,73.75,0.0
PUNE_G001,2018-06-15,2018,6,15,166,18.5,73.75,0.0
PUNE_G001,2018-06-16,2018,6,16,167,18.5,73.75,0.0
PUNE_G001,2018-06-17,2018,6,17,168,18.5,73.75,0.8179029226303101
PUNE_G001,2018-06-18,2018,6,18,169,18.5,73.75,7.737970352172852
PUNE_G001,2018-06-19,2018,6,19,170,18.5,73.75,0.0
PUNE_G001,2018-06-20,2018,6,20,171,18.5,73.75,0.0
PUNE_G001,2018-06-21,2018,6,21,172,18.5,73.75,0.2917460799217224
PUNE_G001,2018-06-22,2018,6,22,173,18.5,73.75,63.39781188964844
PUNE_G001,2018-06-23,2018,6,23,174,18.5,73.75,0.2441609650850296
PUNE_G001,2018-06-24,2018,6,24,175,18.5,73.75,0.5495664477348328
PUNE_G001,2018-06-25,2018,6,25,176,18.5,73.75,1.0168888568878174
PUNE_G001,2018-06-26,2018,6,26,177,18.5,73.75,6.52584981918335
PUNE_G001,2018-06-27,2018,6,27,178,18.5,73.75,5.025942802429199
PUNE_G001,2018-06-28,2018,6,28,179,18.5,73.75,0.19909384846687317
PUNE_G001,2018-06-29,2018,6,29,180,18.5,73.75,1.9661962985992432
PUNE_G001,2018-06-30,2018,6,30,181,18.5,73.75,0.2387622445821762
PUNE_G001,2018-07-01,2018,7,1,182,18.5,73.75,0.0
PUNE_G001,2018-07-02,2018,7,2,183,18.5,73.75,0.0
PUNE_G001,2018-07-03,2018,7,3,184,18.5,73.75,2.54459285736084
PUNE_G001,2018-07-04,2018,7,4,185,18.5,73.75,2.458526134490967
PUNE_G001,2018-07-05,2018,7,5,186,18.5,73.75,33.512874603271484
PUNE_G001,2018-07-06,2018,7,6,187,18.5,73.75,7.345997333526611
PUNE_G001,2018-07-07,2018,7,7,188,18.5,73.75,1.512071967124939
PUNE_G001,2018-07-08,2018,7,8,189,18.5,73.75,11.415717124938965
PUNE_G001,2018-07-09,2018,7,9,190,18.5,73.75,0.28691110014915466
PUNE_G001,2018-07-10,2018,7,10,191,18.5,73.75,4.938924789428711
PUNE_G001,2018-07-11,2018,7,11,192,18.5,73.75,6.709918975830078
PUNE_G001,2018-07-12,2018,7,12,193,18.5,73.75,3.409069061279297
PUNE_G001,2018-07-13,2018,7,13,194,18.5,73.75,5.640415668487549
PUNE_G001,2018-07-14,2018,7,14,195,18.5,73.75,1.7969043254852295
PUNE_G001,2018-07-15,2018,7,15,196,18.5,73.75,9.788444519042969
PUNE_G001,2018-07-16,2018,7,16,197,18.5,73.75,27.02543067932129
PUNE_G001,2018-07-17,2018,7,17,198,18.5,73.75,51.336483001708984
PUNE_G001,2018-07-18,2018,7,18,199,18.5,73.75,6.648406505584717
PUNE_G001,2018-07-19,2018,7,19,200,18.5,73.75,2.909648895263672
PUNE_G001,2018-07-20,2018,7,20,201,18.5,73.75,2.752439498901367
PUNE_G001,2018-07-21,2018,7,21,202,18.5,73.75,8.306990623474121
PUNE_G001,2018-07-22,2018,7,22,203,18.5,73.75,1.5652974843978882
PUNE_G001,2018-07-23,2018,7,23,204,18.5,73.75,6.227385997772217
PUNE_G001,2018-07-24,2018,7,24,205,18.5,73.75,0.7334328293800354
PUNE_G001,2018-07-25,2018,7,25,206,18.5,73.75,1.6019017696380615
PUNE_G001,2018-07-26,2018,7,26,207,18.5,73.75,0.6693751811981201
PUNE_G001,2018-07-27,2018,7,27,208,18.5,73.75,0.7242817878723145
PUNE_G001,2018-07-28,2018,7,28,209,18.5,73.75,0.15844473242759705
PUNE_G001,2018-07-29,2018,7,29,210,18.5,73.75,0.0
PUNE_G001,2018-07-30,2018,7,30,211,18.5,73.75,0.0
PUNE_G001,2018-07-31,2018,7,31,212,18.5,73.75,0.1794995218515396
PUNE_G001,2018-08-01,2018,8,1,213,18.5,73.75,0.3507020175457001
PUNE_G001,2018-08-02,2018,8,2,214,18.5,73.75,0.9113790988922119
PUNE_G001,2018-08-03,2018,8,3,215,18.5,73.75,3.0246975421905518
PUNE_G001,2018-08-04,2018,8,4,216,18.5,73.75,0.18994274735450745
PUNE_G001,2018-08-05,2018,8,5,217,18.5,73.75,4.611802577972412
PUNE_G001,2018-08-06,2018,8,6,218,18.5,73.75,0.2374284416437149
PUNE_G001,2018-08-07,2018,8,7,219,18.5,73.75,0.730542778968811
PUNE_G001,2018-08-08,2018,8,8,220,18.5,73.75,0.0
PUNE_G001,2018-08-09,2018,8,9,221,18.5,73.75,2.2684314250946045
PUNE_G001,2018-08-10,2018,8,10,222,18.5,73.75,0.28491413593292236
PUNE_G001,2018-08-11,2018,8,11,223,18.5,73.75,0.8157480359077454
PUNE_G001,2018-08-12,2018,8,12,224,18.5,73.75,4.3382697105407715
PUNE_G001,2018-08-13,2018,8,13,225,18.5,73.75,5.564137935638428
PUNE_G001,2018-08-14,2018,8,14,226,18.5,73.75,5.990983009338379
PUNE_G001,2018-08-15,2018,8,15,227,18.5,73.75,1.2224606275558472
PUNE_G001,2018-08-16,2018,8,16,228,18.5,73.75,0.35181716084480286
PUNE_G001,2018-08-17,2018,8,17,229,18.5,73.75,9.017598152160645
PUNE_G001,2018-08-18,2018,8,18,230,18.5,73.75,2.7609753608703613
PUNE_G001,2018-08-19,2018,8,19,231,18.5,73.75,2.910719633102417
PUNE_G001,2018-08-20,2018,8,20,232,18.5,73.75,6.040244102478027
PUNE_G001,2018-08-21,2018,8,21,233,18.5,73.75,7.9221906661987305
PUNE_G001,2018-08-22,2018,8,22,234,18.5,73.75,10.773061752319336
PUNE_G001,2018-08-23,2018,8,23,235,18.5,73.75,5.755284786224365
PUNE_G001,2018-08-24,2018,8,24,236,18.5,73.75,0.5835101008415222
PUNE_G001,2018-08-25,2018,8,25,237,18.5,73.75,2.7706971168518066
PUNE_G001,2018-08-26,2018,8,26,238,18.5,73.75,9.65418815612793
PUNE_G001,2018-08-27,2018,8,27,239,18.5,73.75,6.3908562660217285
PUNE_G001,2018-08-28,2018,8,28,240,18.5,73.75,2.2638113498687744
PUNE_G001,2018-08-29,2018,8,29,241,18.5,73.75,0.5004457831382751
PUNE_G001,2018-08-30,2018,8,30,242,18.5,73.75,0.0
PUNE_G001,2018-08-31,2018,8,31,243,18.5,73.75,0.0
PUNE_G001,2018-09-01,2018,9,1,244,18.5,73.75,0.5955513715744019
PUNE_G001,2018-09-02,2018,9,2,245,18.5,73.75,3.1694297790527344
PUNE_G001,2018-09-03,2018,9,3,246,18.5,73.75,8.023716926574707
PUNE_G001,2018-09-04,2018,9,4,247,18.5,73.75,0.0
PUNE_G001,2018-09-05,2018,9,5,248,18.5,73.75,0.6047024130821228
PUNE_G001,2018-09-06,2018,9,6,249,18.5,73.75,0.19909384846687317
PUNE_G001,2018-09-07,2018,9,7,250,18.5,73.75,0.0
PUNE_G001,2018-09-08,2018,9,8,251,18.5,73.75,0.5692131519317627
PUNE_G001,2018-09-09,2018,9,9,252,18.5,73.75,0.0
PUNE_G001,2018-09-10,2018,9,10,253,18.5,73.75,0.0
PUNE_G001,2018-09-11,2018,9,11,254,18.5,73.75,0.0
PUNE_G001,2018-09-12,2018,9,12,255,18.5,73.75,0.0
PUNE_G001,2018-09-13,2018,9,13,256,18.5,73.75,0.0
PUNE_G001,2018-09-14,2018,9,14,257,18.5,73.75,0.0
PUNE_G001,2018-09-15,2018,9,15,258,18.5,73.75,0.0
PUNE_G001,2018-09-16,2018,9,16,259,18.5,73.75,0.0
PUNE_G001,2018-09-17,2018,9,17,260,18.5,73.75,0.0
PUNE_G001,2018-09-18,2018,9,18,261,18.5,73.75,0.0
PUNE_G001,2018-09-19,2018,9,19,262,18.5,73.75,2.493025064468384
PUNE_G001,2018-09-20,2018,9,20,263,18.5,73.75,1.5235024690628052
PUNE_G001,2018-09-21,2018,9,21,264,18.5,73.75,7.301914215087891
PUNE_G001,2018-09-22,2018,9,22,265,18.5,73.75,0.0
PUNE_G001,2018-09-23,2018,9,23,266,18.5,73.75,0.0
PUNE_G001,2018-09-24,2018,9,24,267,18.5,73.75,0.0
PUNE_G001,2018-09-25,2018,9,25,268,18.5,73.75,0.0
PUNE_G001,2018-09-26,2018,9,26,269,18.5,73.75,0.0
PUNE_G001,2018-09-27,2018,9,27,270,18.5,73.75,5.793254375457764
PUNE_G001,2018-09-28,2018,9,28,271,18.5,73.75,7.312796115875244
PUNE_G001,2018-09-29,2018,9,29,272,18.5,73.75,1.549457311630249
PUNE_G001,2018-09-30,2018,9,30,273,18.5,73.75,0.0
PUNE_G001,2018-10-01,2018,10,1,274,18.5,73.75,3.439842462539673
PUNE_G001,2018-10-02,2018,10,2,275,18.5,73.75,10.089049339294434
PUNE_G001,2018-10-03,2018,10,3,276,18.5,73.75,4.82783842086792
PUNE_G001,2018-10-04,2018,10,4,277,18.5,73.75,1.7323176860809326
PUNE_G001,2018-10-05,2018,10,5,278,18.5,73.75,0.2129487842321396
PUNE_G001,2018-10-06,2018,10,6,279,18.5,73.75,0.0
PUNE_G001,2018-10-07,2018,10,7,280,18.5,73.75,0.0
PUNE_G001,2018-10-08,2018,10,8,281,18.5,73.75,0.0
PUNE_G001,2018-10-09,2018,10,9,282,18.5,73.75,0.0
PUNE_G001,2018-10-10,2018,10,10,283,18.5,73.75,0.0
PUNE_G001,2018-10-11,2018,10,11,284,18.5,73.75,0.0
PUNE_G001,2018-10-12,2018,10,12,285,18.5,73.75,0.0
PUNE_G001,2018-10-13,2018,10,13,286,18.5,73.75,0.0
PUNE_G001,2018-10-14,2018,10,14,287,18.5,73.75,0.0
PUNE_G001,2018-10-15,2018,10,15,288,18.5,73.75,0.0
PUNE_G001,2018-10-16,2018,10,16,289,18.5,73.75,0.0
PUNE_G001,2018-10-17,2018,10,17,290,18.5,73.75,0.0
PUNE_G001,2018-10-18,2018,10,18,291,18.5,73.75,0.9771669507026672
PUNE_G001,2018-10-19,2018,10,19,292,18.5,73.75,6.0916008949279785
PUNE_G001,2018-10-20,2018,10,20,293,18.5,73.75,6.9660539627075195
PUNE_G001,2018-10-21,2018,10,21,294,18.5,73.75,0.0
PUNE_G001,2018-10-22,2018,10,22,295,18.5,73.75,0.0
PUNE_G001,2018-10-23,2018,10,23,296,18.5,73.75,0.0
PUNE_G001,2018-10-24,2018,10,24,297,18.5,73.75,0.0
PUNE_G001,2018-10-25,2018,10,25,298,18.5,73.75,0.0
PUNE_G001,2018-10-26,2018,10,26,299,18.5,73.75,0.0
PUNE_G001,2018-10-27,2018,10,27,300,18.5,73.75,0.0
PUNE_G001,2018-10-28,2018,10,28,301,18.5,73.75,0.0
PUNE_G001,2018-10-29,2018,10,29,302,18.5,73.75,0.0
PUNE_G001,2018-10-30,2018,10,30,303,18.5,73.75,0.0
PUNE_G001,2018-10-31,2018,10,31,304,18.5,73.75,0.0
PUNE_G001,2018-11-01,2018,11,1,305,18.5,73.75,0.0
PUNE_G001,2018-11-02,2018,11,2,306,18.5,73.75,0.0
PUNE_G001,2018-11-03,2018,11,3,307,18.5,73.75,0.0
PUNE_G001,2018-11-04,2018,11,4,308,18.5,73.75,0.0
PUNE_G001,2018-11-05,2018,11,5,309,18.5,73.75,2.204271078109741
PUNE_G001,2018-11-06,2018,11,6,310,18.5,73.75,0.0
PUNE_G001,2018-11-07,2018,11,7,311,18.5,73.75,0.0
PUNE_G001,2018-11-08,2018,11,8,312,18.5,73.75,0.0
PUNE_G001,2018-11-09,2018,11,9,313,18.5,73.75,0.0
PUNE_G001,2018-11-10,2018,11,10,314,18.5,73.75,0.0
PUNE_G001,2018-11-11,2018,11,11,315,18.5,73.75,0.0
PUNE_G001,2018-11-12,2018,11,12,316,18.5,73.75,0.0
PUNE_G001,2018-11-13,2018,11,13,317,18.5,73.75,0.0
PUNE_G001,2018-11-14,2018,11,14,318,18.5,73.75,0.0
PUNE_G001,2018-11-15,2018,11,15,319,18.5,73.75,0.0
PUNE_G001,2018-11-16,2018,11,16,320,18.5,73.75,0.0
PUNE_G001,2018-11-17,2018,11,17,321,18.5,73.75,0.0
PUNE_G001,2018-11-18,2018,11,18,322,18.5,73.75,0.0
PUNE_G001,2018-11-19,2018,11,19,323,18.5,73.75,0.0
PUNE_G001,2018-11-20,2018,11,20,324,18.5,73.75,0.4972142279148102
PUNE_G001,2018-11-21,2018,11,21,325,18.5,73.75,0.0
PUNE_G001,2018-11-22,2018,11,22,326,18.5,73.75,0.0
PUNE_G001,2018-11-23,2018,11,23,327,18.5,73.75,0.0
PUNE_G001,2018-11-24,2018,11,24,328,18.5,73.75,0.0
PUNE_G001,2018-11-25,2018,11,25,329,18.5,73.75,0.0
PUNE_G001,2018-11-26,2018,11,26,330,18.5,73.75,0.0
PUNE_G001,2018-11-27,2018,11,27,331,18.5,73.75,0.0
PUNE_G001,2018-11-28,2018,11,28,332,18.5,73.75,0.0
PUNE_G001,2018-11-29,2018,11,29,333,18.5,73.75,0.0
PUNE_G001,2018-11-30,2018,11,30,334,18.5,73.75,0.0
PUNE_G001,2018-12-01,2018,12,1,335,18.5,73.75,0.0
PUNE_G001,2018-12-02,2018,12,2,336,18.5,73.75,0.0
PUNE_G001,2018-12-03,2018,12,3,337,18.5,73.75,0.0
PUNE_G001,2018-12-04,2018,12,4,338,18.5,73.75,0.0
PUNE_G001,2018-12-05,2018,12,5,339,18.5,73.75,0.0
PUNE_G001,2018-12-06,2018,12,6,340,18.5,73.75,0.0
PUNE_G001,2018-12-07,2018,12,7,341,18.5,73.75,0.0
PUNE_G001,2018-12-08,2018,12,8,342,18.5,73.75,0.0
PUNE_G001,2018-12-09,2018,12,9,343,18.5,73.75,0.0
PUNE_G001,2018-12-10,2018,12,10,344,18.5,73.75,0.0
PUNE_G001,2018-12-11,2018,12,11,345,18.5,73.75,0.0
PUNE_G001,2018-12-12,2018,12,12,346,18.5,73.75,0.0
PUNE_G001,2018-12-13,2018,12,13,347,18.5,73.75,0.0
PUNE_G001,2018-12-14,2018,12,14,348,18.5,73.75,0.0
PUNE_G001,2018-12-15,2018,12,15,349,18.5,73.75,0.0
PUNE_G001,2018-12-16,2018,12,16,350,18.5,73.75,0.0
PUNE_G001,2018-12-17,2018,12,17,351,18.5,73.75,0.0
PUNE_G001,2018-12-18,2018,12,18,352,18.5,73.75,0.0
PUNE_G001,2018-12-19,2018,12,19,353,18.5,73.75,0.0
PUNE_G001,2018-12-20,2018,12,20,354,18.5,73.75,0.0
PUNE_G001,2018-12-21,2018,12,21,355,18.5,73.75,0.0
PUNE_G001,2018-12-22,2018,12,22,356,18.5,73.75,0.0
PUNE_G001,2018-12-23,2018,12,23,357,18.5,73.75,0.0
PUNE_G001,2018-12-24,2018,12,24,358,18.5,73.75,0.0
PUNE_G001,2018-12-25,2018,12,25,359,18.5,73.75,0.0
PUNE_G001,2018-12-26,2018,12,26,360,18.5,73.75,0.0
PUNE_G001,2018-12-27,2018,12,27,361,18.5,73.75,0.0
PUNE_G001,2018-12-28,2018,12,28,362,18.5,73.75,0.0
PUNE_G001,2018-12-29,2018,12,29,363,18.5,73.75,0.0
PUNE_G001,2018-12-30,2018,12,30,364,18.5,73.75,0.0
PUNE_G001,2018-12-31,2018,12,31,365,18.5,73.75,0.0
PUNE_G001,2019-01-01,2019,1,1,1,18.5,73.75,0.0
PUNE_G001,2019-01-02,2019,1,2,2,18.5,73.75,0.0
PUNE_G001,2019-01-03,2019,1,3,3,18.5,73.75,0.0
PUNE_G001,2019-01-04,2019,1,4,4,18.5,73.75,0.0
PUNE_G001,2019-01-05,2019,1,5,5,18.5,73.75,0.0
PUNE_G001,2019-01-06,2019,1,6,6,18.5,73.75,0.0
PUNE_G001,2019-01-07,2019,1,7,7,18.5,73.75,0.0
PUNE_G001,2019-01-08,2019,1,8,8,18.5,73.75,0.0
PUNE_G001,2019-01-09,2019,1,9,9,18.5,73.75,0.0
PUNE_G001,2019-01-10,2019,1,10,10,18.5,73.75,0.0
PUNE_G001,2019-01-11,2019,1,11,11,18.5,73.75,0.0
PUNE_G001,2019-01-12,2019,1,12,12,18.5,73.75,0.0
PUNE_G001,2019-01-13,2019,1,13,13,18.5,73.75,0.0
PUNE_G001,2019-01-14,2019,1,14,14,18.5,73.75,0.0
PUNE_G001,2019-01-15,2019,1,15,15,18.5,73.75,0.0
PUNE_G001,2019-01-16,2019,1,16,16,18.5,73.75,0.0
PUNE_G001,2019-01-17,2019,1,17,17,18.5,73.75,0.0
PUNE_G001,2019-01-18,2019,1,18,18,18.5,73.75,0.0
PUNE_G001,2019-01-19,2019,1,19,19,18.5,73.75,0.0
PUNE_G001,2019-01-20,2019,1,20,20,18.5,73.75,0.0
PUNE_G001,2019-01-21,2019,1,21,21,18.5,73.75,0.0
PUNE_G001,2019-01-22,2019,1,22,22,18.5,73.75,0.0
PUNE_G001,2019-01-23,2019,1,23,23,18.5,73.75,0.0
PUNE_G001,2019-01-24,2019,1,24,24,18.5,73.75,0.0
PUNE_G001,2019-01-25,2019,1,25,25,18.5,73.75,0.0
PUNE_G001,2019-01-26,2019,1,26,26,18.5,73.75,0.0
PUNE_G001,2019-01-27,2019,1,27,27,18.5,73.75,0.0
PUNE_G001,2019-01-28,2019,1,28,28,18.5,73.75,0.0
PUNE_G001,2019-01-29,2019,1,29,29,18.5,73.75,0.0
PUNE_G001,2019-01-30,2019,1,30,30,18.5,73.75,0.0
PUNE_G001,2019-01-31,2019,1,31,31,18.5,73.75,0.0
PUNE_G001,2019-02-01,2019,2,1,32,18.5,73.75,0.0
PUNE_G001,2019-02-02,2019,2,2,33,18.5,73.75,0.0
PUNE_G001,2019-02-03,2019,2,3,34,18.5,73.75,0.0
PUNE_G001,2019-02-04,2019,2,4,35,18.5,73.75,0.0
PUNE_G001,2019-02-05,2019,2,5,36,18.5,73.75,0.0
PUNE_G001,2019-02-06,2019,2,6,37,18.5,73.75,0.0
PUNE_G001,2019-02-07,2019,2,7,38,18.5,73.75,0.0
PUNE_G001,2019-02-08,2019,2,8,39,18.5,73.75,0.0
PUNE_G001,2019-02-09,2019,2,9,40,18.5,73.75,0.0
PUNE_G001,2019-02-10,2019,2,10,41,18.5,73.75,0.0
PUNE_G001,2019-02-11,2019,2,11,42,18.5,73.75,0.0
PUNE_G001,2019-02-12,2019,2,12,43,18.5,73.75,0.0
PUNE_G001,2019-02-13,2019,2,13,44,18.5,73.75,0.0
PUNE_G001,2019-02-14,2019,2,14,45,18.5,73.75,0.0
PUNE_G001,2019-02-15,2019,2,15,46,18.5,73.75,0.0
PUNE_G001,2019-02-16,2019,2,16,47,18.5,73.75,0.0
PUNE_G001,2019-02-17,2019,2,17,48,18.5,73.75,0.0
PUNE_G001,2019-02-18,2019,2,18,49,18.5,73.75,0.0
PUNE_G001,2019-02-19,2019,2,19,50,18.5,73.75,0.0
PUNE_G001,2019-02-20,2019,2,20,51,18.5,73.75,0.0
PUNE_G001,2019-02-21,2019,2,21,52,18.5,73.75,0.0
PUNE_G001,2019-02-22,2019,2,22,53,18.5,73.75,0.0
PUNE_G001,2019-02-23,2019,2,23,54,18.5,73.75,0.0
PUNE_G001,2019-02-24,2019,2,24,55,18.5,73.75,0.0
PUNE_G001,2019-02-25,2019,2,25,56,18.5,73.75,0.0
PUNE_G001,2019-02-26,2019,2,26,57,18.5,73.75,0.0
PUNE_G001,2019-02-27,2019,2,27,58,18.5,73.75,0.0
PUNE_G001,2019-02-28,2019,2,28,59,18.5,73.75,0.0
PUNE_G001,2019-03-01,2019,3,1,60,18.5,73.75,0.0
PUNE_G001,2019-03-02,2019,3,2,61,18.5,73.75,0.0
PUNE_G001,2019-03-03,2019,3,3,62,18.5,73.75,0.0
PUNE_G001,2019-03-04,2019,3,4,63,18.5,73.75,0.0
PUNE_G001,2019-03-05,2019,3,5,64,18.5,73.75,0.0
PUNE_G001,2019-03-06,2019,3,6,65,18.5,73.75,0.0
PUNE_G001,2019-03-07,2019,3,7,66,18.5,73.75,0.0
PUNE_G001,2019-03-08,2019,3,8,67,18.5,73.75,0.0
PUNE_G001,2019-03-09,2019,3,9,68,18.5,73.75,0.0
PUNE_G001,2019-03-10,2019,3,10,69,18.5,73.75,0.0
PUNE_G001,2019-03-11,2019,3,11,70,18.5,73.75,0.0
PUNE_G001,2019-03-12,2019,3,12,71,18.5,73.75,0.0
PUNE_G001,2019-03-13,2019,3,13,72,18.5,73.75,0.0
PUNE_G001,2019-03-14,2019,3,14,73,18.5,73.75,0.0
PUNE_G001,2019-03-15,2019,3,15,74,18.5,73.75,0.0
PUNE_G001,2019-03-16,2019,3,16,75,18.5,73.75,0.0
PUNE_G001,2019-03-17,2019,3,17,76,18.5,73.75,0.0
PUNE_G001,2019-03-18,2019,3,18,77,18.5,73.75,0.0
PUNE_G001,2019-03-19,2019,3,19,78,18.5,73.75,0.0
PUNE_G001,2019-03-20,2019,3,20,79,18.5,73.75,0.0
PUNE_G001,2019-03-21,2019,3,21,80,18.5,73.75,0.0
PUNE_G001,2019-03-22,2019,3,22,81,18.5,73.75,0.0
PUNE_G001,2019-03-23,2019,3,23,82,18.5,73.75,0.0
PUNE_G001,2019-03-24,2019,3,24,83,18.5,73.75,0.0
PUNE_G001,2019-03-25,2019,3,25,84,18.5,73.75,0.0
PUNE_G001,2019-03-26,2019,3,26,85,18.5,73.75,0.0
PUNE_G001,2019-03-27,2019,3,27,86,18.5,73.75,0.0
PUNE_G001,2019-03-28,2019,3,28,87,18.5,73.75,0.0
PUNE_G001,2019-03-29,2019,3,29,88,18.5,73.75,0.0
PUNE_G001,2019-03-30,2019,3,30,89,18.5,73.75,0.0
PUNE_G001,2019-03-31,2019,3,31,90,18.5,73.75,0.0
PUNE_G001,2019-04-01,2019,4,1,91,18.5,73.75,0.0
PUNE_G001,2019-04-02,2019,4,2,92,18.5,73.75,0.0
PUNE_G001,2019-04-03,2019,4,3,93,18.5,73.75,0.0
PUNE_G001,2019-04-04,2019,4,4,94,18.5,73.75,0.0
PUNE_G001,2019-04-05,2019,4,5,95,18.5,73.75,0.0
PUNE_G001,2019-04-06,2019,4,6,96,18.5,73.75,0.0
PUNE_G001,2019-04-07,2019,4,7,97,18.5,73.75,0.0
PUNE_G001,2019-04-08,2019,4,8,98,18.5,73.75,0.0
PUNE_G001,2019-04-09,2019,4,9,99,18.5,73.75,0.0
PUNE_G001,2019-04-10,2019,4,10,100,18.5,73.75,0.0
PUNE_G001,2019-04-11,2019,4,11,101,18.5,73.75,0.0
PUNE_G001,2019-04-12,2019,4,12,102,18.5,73.75,0.0
PUNE_G001,2019-04-13,2019,4,13,103,18.5,73.75,0.0
PUNE_G001,2019-04-14,2019,4,14,104,18.5,73.75,0.2719152271747589
PUNE_G001,2019-04-15,2019,4,15,105,18.5,73.75,1.104404330253601
PUNE_G001,2019-04-16,2019,4,16,106,18.5,73.75,0.17551547288894653
PUNE_G001,2019-04-17,2019,4,17,107,18.5,73.75,0.4434075355529785
PUNE_G001,2019-04-18,2019,4,18,108,18.5,73.75,0.0
PUNE_G001,2019-04-19,2019,4,19,109,18.5,73.75,0.0
PUNE_G001,2019-04-20,2019,4,20,110,18.5,73.75,0.0
PUNE_G001,2019-04-21,2019,4,21,111,18.5,73.75,0.0
PUNE_G001,2019-04-22,2019,4,22,112,18.5,73.75,0.0
PUNE_G001,2019-04-23,2019,4,23,113,18.5,73.75,0.0
PUNE_G001,2019-04-24,2019,4,24,114,18.5,73.75,0.0
PUNE_G001,2019-04-25,2019,4,25,115,18.5,73.75,0.0
PUNE_G001,2019-04-26,2019,4,26,116,18.5,73.75,0.0
PUNE_G001,2019-04-27,2019,4,27,117,18.5,73.75,0.0
PUNE_G001,2019-04-28,2019,4,28,118,18.5,73.75,0.0
PUNE_G001,2019-04-29,2019,4,29,119,18.5,73.75,0.0
PUNE_G001,2019-04-30,2019,4,30,120,18.5,73.75,0.0
PUNE_G001,2019-05-01,2019,5,1,121,18.5,73.75,0.0
PUNE_G001,2019-05-02,2019,5,2,122,18.5,73.75,0.0
PUNE_G001,2019-05-03,2019,5,3,123,18.5,73.75,0.0
PUNE_G001,2019-05-04,2019,5,4,124,18.5,73.75,0.0
PUNE_G001,2019-05-05,2019,5,5,125,18.5,73.75,0.0
PUNE_G001,2019-05-06,2019,5,6,126,18.5,73.75,0.0
PUNE_G001,2019-05-07,2019,5,7,127,18.5,73.75,0.0
PUNE_G001,2019-05-08,2019,5,8,128,18.5,73.75,0.0
PUNE_G001,2019-05-09,2019,5,9,129,18.5,73.75,0.0
PUNE_G001,2019-05-10,2019,5,10,130,18.5,73.75,0.0
PUNE_G001,2019-05-11,2019,5,11,131,18.5,73.75,0.0
PUNE_G001,2019-05-12,2019,5,12,132,18.5,73.75,0.0
PUNE_G001,2019-05-13,2019,5,13,133,18.5,73.75,0.0
PUNE_G001,2019-05-14,2019,5,14,134,18.5,73.75,0.0
PUNE_G001,2019-05-15,2019,5,15,135,18.5,73.75,0.0
PUNE_G001,2019-05-16,2019,5,16,136,18.5,73.75,0.0
PUNE_G001,2019-05-17,2019,5,17,137,18.5,73.75,0.0
PUNE_G001,2019-05-18,2019,5,18,138,18.5,73.75,0.0
PUNE_G001,2019-05-19,2019,5,19,139,18.5,73.75,0.0
PUNE_G001,2019-05-20,2019,5,20,140,18.5,73.75,0.0
PUNE_G001,2019-05-21,2019,5,21,141,18.5,73.75,0.0
PUNE_G001,2019-05-22,2019,5,22,142,18.5,73.75,0.0
PUNE_G001,2019-05-23,2019,5,23,143,18.5,73.75,0.0
PUNE_G001,2019-05-24,2019,5,24,144,18.5,73.75,0.0
PUNE_G001,2019-05-25,2019,5,25,145,18.5,73.75,0.0
PUNE_G001,2019-05-26,2019,5,26,146,18.5,73.75,0.0
PUNE_G001,2019-05-27,2019,5,27,147,18.5,73.75,0.0
PUNE_G001,2019-05-28,2019,5,28,148,18.5,73.75,0.0
PUNE_G001,2019-05-29,2019,5,29,149,18.5,73.75,0.0
PUNE_G001,2019-05-30,2019,5,30,150,18.5,73.75,0.0
PUNE_G001,2019-05-31,2019,5,31,151,18.5,73.75,0.0
PUNE_G001,2019-06-01,2019,6,1,152,18.5,73.75,0.0
PUNE_G001,2019-06-02,2019,6,2,153,18.5,73.75,0.0
PUNE_G001,2019-06-03,2019,6,3,154,18.5,73.75,0.0
PUNE_G001,2019-06-04,2019,6,4,155,18.5,73.75,0.0
PUNE_G001,2019-06-05,2019,6,5,156,18.5,73.75,0.0
PUNE_G001,2019-06-06,2019,6,6,157,18.5,73.75,0.0
PUNE_G001,2019-06-07,2019,6,7,158,18.5,73.75,0.0
PUNE_G001,2019-06-08,2019,6,8,159,18.5,73.75,1.980879783630371
PUNE_G001,2019-06-09,2019,6,9,160,18.5,73.75,0.0
PUNE_G001,2019-06-10,2019,6,10,161,18.5,73.75,31.1918888092041
PUNE_G001,2019-06-11,2019,6,11,162,18.5,73.75,0.9426214098930359
PUNE_G001,2019-06-12,2019,6,12,163,18.5,73.75,0.0
PUNE_G001,2019-06-13,2019,6,13,164,18.5,73.75,4.698737621307373
PUNE_G001,2019-06-14,2019,6,14,165,18.5,73.75,1.811876893043518
PUNE_G001,2019-06-15,2019,6,15,166,18.5,73.75,1.5744901895523071
PUNE_G001,2019-06-16,2019,6,16,167,18.5,73.75,0.0
PUNE_G001,2019-06-17,2019,6,17,168,18.5,73.75,0.0
PUNE_G001,2019-06-18,2019,6,18,169,18.5,73.75,0.0
PUNE_G001,2019-06-19,2019,6,19,170,18.5,73.75,0.3798854947090149
PUNE_G001,2019-06-20,2019,6,20,171,18.5,73.75,0.28318390250205994
PUNE_G001,2019-06-21,2019,6,21,172,18.5,73.75,0.0
PUNE_G001,2019-06-22,2019,6,22,173,18.5,73.75,0.0
PUNE_G001,2019-06-23,2019,6,23,174,18.5,73.75,0.0
PUNE_G001,2019-06-24,2019,6,24,175,18.5,73.75,1.5090348720550537
PUNE_G001,2019-06-25,2019,6,25,176,18.5,73.75,6.60971212387085
PUNE_G001,2019-06-26,2019,6,26,177,18.5,73.75,23.267986297607422
PUNE_G001,2019-06-27,2019,6,27,178,18.5,73.75,1.994398832321167
PUNE_G001,2019-06-28,2019,6,28,179,18.5,73.75,61.75618362426758
PUNE_G001,2019-06-29,2019,6,29,180,18.5,73.75,64.07926177978516
PUNE_G001,2019-06-30,2019,6,30,181,18.5,73.75,5.194844722747803
PUNE_G001,2019-07-01,2019,7,1,182,18.5,73.75,5.386018753051758
PUNE_G001,2019-07-02,2019,7,2,183,18.5,73.75,25.778024673461914
PUNE_G001,2019-07-03,2019,7,3,184,18.5,73.75,1.6269618272781372
PUNE_G001,2019-07-04,2019,7,4,185,18.5,73.75,0.6989372372627258
PUNE_G001,2019-07-05,2019,7,5,186,18.5,73.75,0.8160758018493652
PUNE_G001,2019-07-06,2019,7,6,187,18.5,73.75,8.79948616027832
PUNE_G001,2019-07-07,2019,7,7,188,18.5,73.75,48.60979461669922
PUNE_G001,2019-07-08,2019,7,8,189,18.5,73.75,8.907963752746582
PUNE_G001,2019-07-09,2019,7,9,190,18.5,73.75,30.885330200195312
PUNE_G001,2019-07-10,2019,7,10,191,18.5,73.75,7.155546188354492
PUNE_G001,2019-07-11,2019,7,11,192,18.5,73.75,32.6906852722168
PUNE_G001,2019-07-12,2019,7,12,193,18.5,73.75,4.062183856964111
PUNE_G001,2019-07-13,2019,7,13,194,18.5,73.75,1.1149616241455078
PUNE_G001,2019-07-14,2019,7,14,195,18.5,73.75,0.0
PUNE_G001,2019-07-15,2019,7,15,196,18.5,73.75,3.32155442237854
PUNE_G001,2019-07-16,2019,7,16,197,18.5,73.75,0.20282123982906342
PUNE_G001,2019-07-17,2019,7,17,198,18.5,73.75,0.2692183554172516
PUNE_G001,2019-07-18,2019,7,18,199,18.5,73.75,0.0
PUNE_G001,2019-07-19,2019,7,19,200,18.5,73.75,0.0
PUNE_G001,2019-07-20,2019,7,20,201,18.5,73.75,29.127798080444336
PUNE_G001,2019-07-21,2019,7,21,202,18.5,73.75,4.613903999328613
PUNE_G001,2019-07-22,2019,7,22,203,18.5,73.75,0.3079831898212433
PUNE_G001,2019-07-23,2019,7,23,204,18.5,73.75,0.3242924213409424
PUNE_G001,2019-07-24,2019,7,24,205,18.5,73.75,0.0
PUNE_G001,2019-07-25,2019,7,25,206,18.5,73.75,2.8356382846832275
PUNE_G001,2019-07-26,2019,7,26,207,18.5,73.75,7.73435640335083
PUNE_G001,2019-07-27,2019,7,27,208,18.5,73.75,78.68441009521484
PUNE_G001,2019-07-28,2019,7,28,209,18.5,73.75,32.77370834350586
PUNE_G001,2019-07-29,2019,7,29,210,18.5,73.75,4.487802982330322
PUNE_G001,2019-07-30,2019,7,30,211,18.5,73.75,40.39291000366211
PUNE_G001,2019-07-31,2019,7,31,212,18.5,73.75,15.644946098327637
PUNE_G001,2019-08-01,2019,8,1,213,18.5,73.75,5.81458854675293
PUNE_G001,2019-08-02,2019,8,2,214,18.5,73.75,20.208898544311523
PUNE_G001,2019-08-03,2019,8,3,215,18.5,73.75,23.364118576049805
PUNE_G001,2019-08-04,2019,8,4,216,18.5,73.75,47.69707489013672
PUNE_G001,2019-08-05,2019,8,5,217,18.5,73.75,45.25951385498047
PUNE_G001,2019-08-06,2019,8,6,218,18.5,73.75,25.40304946899414
PUNE_G001,2019-08-07,2019,8,7,219,18.5,73.75,7.461264610290527
PUNE_G001,2019-08-08,2019,8,8,220,18.5,73.75,6.369664192199707
PUNE_G001,2019-08-09,2019,8,9,221,18.5,73.75,3.2564797401428223
PUNE_G001,2019-08-10,2019,8,10,222,18.5,73.75,7.360602378845215
PUNE_G001,2019-08-11,2019,8,11,223,18.5,73.75,12.358372688293457
PUNE_G001,2019-08-12,2019,8,12,224,18.5,73.75,1.6520987749099731
PUNE_G001,2019-08-13,2019,8,13,225,18.5,73.75,1.6807119846343994
PUNE_G001,2019-08-14,2019,8,14,226,18.5,73.75,0.4548245072364807
PUNE_G001,2019-08-15,2019,8,15,227,18.5,73.75,0.16075925529003143
PUNE_G001,2019-08-16,2019,8,16,228,18.5,73.75,0.9907594323158264
PUNE_G001,2019-08-17,2019,8,17,229,18.5,73.75,3.037353992462158
PUNE_G001,2019-08-18,2019,8,18,230,18.5,73.75,0.14698787033557892
PUNE_G001,2019-08-19,2019,8,19,231,18.5,73.75,0.0
PUNE_G001,2019-08-20,2019,8,20,232,18.5,73.75,0.0
PUNE_G001,2019-08-21,2019,8,21,233,18.5,73.75,0.0
PUNE_G001,2019-08-22,2019,8,22,234,18.5,73.75,0.7214363813400269
PUNE_G001,2019-08-23,2019,8,23,235,18.5,73.75,4.604381084442139
PUNE_G001,2019-08-24,2019,8,24,236,18.5,73.75,3.6912717819213867
PUNE_G001,2019-08-25,2019,8,25,237,18.5,73.75,0.0
PUNE_G001,2019-08-26,2019,8,26,238,18.5,73.75,0.0
PUNE_G001,2019-08-27,2019,8,27,239,18.5,73.75,0.0
PUNE_G001,2019-08-28,2019,8,28,240,18.5,73.75,1.7151755094528198
PUNE_G001,2019-08-29,2019,8,29,241,18.5,73.75,0.0
PUNE_G001,2019-08-30,2019,8,30,242,18.5,73.75,0.0
PUNE_G001,2019-08-31,2019,8,31,243,18.5,73.75,1.566253423690796
PUNE_G001,2019-09-01,2019,9,1,244,18.5,73.75,0.14072686433792114
PUNE_G001,2019-09-02,2019,9,2,245,18.5,73.75,2.6746294498443604
PUNE_G001,2019-09-03,2019,9,3,246,18.5,73.75,0.5478943586349487
PUNE_G001,2019-09-04,2019,9,4,247,18.5,73.75,15.014184951782227
PUNE_G001,2019-09-05,2019,9,5,248,18.5,73.75,3.069627046585083
PUNE_G001,2019-09-06,2019,9,6,249,18.5,73.75,0.9985251426696777
PUNE_G001,2019-09-07,2019,9,7,250,18.5,73.75,4.892509937286377
PUNE_G001,2019-09-08,2019,9,8,251,18.5,73.75,3.181580066680908
PUNE_G001,2019-09-09,2019,9,9,252,18.5,73.75,3.9480106830596924
PUNE_G001,2019-09-10,2019,9,10,253,18.5,73.75,3.1980085372924805
PUNE_G001,2019-09-11,2019,9,11,254,18.5,73.75,1.5144426822662354
PUNE_G001,2019-09-12,2019,9,12,255,18.5,73.75,0.3199544847011566
PUNE_G001,2019-09-13,2019,9,13,256,18.5,73.75,2.3339762687683105
PUNE_G001,2019-09-14,2019,9,14,257,18.5,73.75,14.508889198303223
PUNE_G001,2019-09-15,2019,9,15,258,18.5,73.75,0.3835316300392151
PUNE_G001,2019-09-16,2019,9,16,259,18.5,73.75,0.26488175988197327
PUNE_G001,2019-09-17,2019,9,17,260,18.5,73.75,0.8072566390037537
PUNE_G001,2019-09-18,2019,9,18,261,18.5,73.75,4.878414154052734
PUNE_G001,2019-09-19,2019,9,19,262,18.5,73.75,35.609073638916016
PUNE_G001,2019-09-20,2019,9,20,263,18.5,73.75,4.791575908660889
PUNE_G001,2019-09-21,2019,9,21,264,18.5,73.75,1.0063505172729492
PUNE_G001,2019-09-22,2019,9,22,265,18.5,73.75,0.0
PUNE_G001,2019-09-23,2019,9,23,266,18.5,73.75,0.0
PUNE_G001,2019-09-24,2019,9,24,267,18.5,73.75,37.64255905151367
PUNE_G001,2019-09-25,2019,9,25,268,18.5,73.75,78.09248352050781
PUNE_G001,2019-09-26,2019,9,26,269,18.5,73.75,57.683677673339844
PUNE_G001,2019-09-27,2019,9,27,270,18.5,73.75,0.3352004289627075
PUNE_G001,2019-09-28,2019,9,28,271,18.5,73.75,0.0
PUNE_G001,2019-09-29,2019,9,29,272,18.5,73.75,0.0
PUNE_G001,2019-09-30,2019,9,30,273,18.5,73.75,0.0
PUNE_G001,2019-10-01,2019,10,1,274,18.5,73.75,0.0
PUNE_G001,2019-10-02,2019,10,2,275,18.5,73.75,0.0
PUNE_G001,2019-10-03,2019,10,3,276,18.5,73.75,0.0
PUNE_G001,2019-10-04,2019,10,4,277,18.5,73.75,0.0
PUNE_G001,2019-10-05,2019,10,5,278,18.5,73.75,46.412601470947266
PUNE_G001,2019-10-06,2019,10,6,279,18.5,73.75,2.5847036838531494
PUNE_G001,2019-10-07,2019,10,7,280,18.5,73.75,6.742967128753662
PUNE_G001,2019-10-08,2019,10,8,281,18.5,73.75,0.0
PUNE_G001,2019-10-09,2019,10,9,282,18.5,73.75,31.839406967163086
PUNE_G001,2019-10-10,2019,10,10,283,18.5,73.75,31.090511322021484
PUNE_G001,2019-10-11,2019,10,11,284,18.5,73.75,29.73956298828125
PUNE_G001,2019-10-12,2019,10,12,285,18.5,73.75,0.3798854947090149
PUNE_G001,2019-10-13,2019,10,13,286,18.5,73.75,0.0
PUNE_G001,2019-10-14,2019,10,14,287,18.5,73.75,1.5195419788360596
PUNE_G001,2019-10-15,2019,10,15,288,18.5,73.75,0.0
PUNE_G001,2019-10-16,2019,10,16,289,18.5,73.75,0.0
PUNE_G001,2019-10-17,2019,10,17,290,18.5,73.75,0.0
PUNE_G001,2019-10-18,2019,10,18,291,18.5,73.75,0.0
PUNE_G001,2019-10-19,2019,10,19,292,18.5,73.75,1.2580846548080444
PUNE_G001,2019-10-20,2019,10,20,293,18.5,73.75,39.8206901550293
PUNE_G001,2019-10-21,2019,10,21,294,18.5,73.75,17.5979061126709
PUNE_G001,2019-10-22,2019,10,22,295,18.5,73.75,43.48136520385742
PUNE_G001,2019-10-23,2019,10,23,296,18.5,73.75,7.928074359893799
PUNE_G001,2019-10-24,2019,10,24,297,18.5,73.75,4.137196063995361
PUNE_G001,2019-10-25,2019,10,25,298,18.5,73.75,4.752439498901367
PUNE_G001,2019-10-26,2019,10,26,299,18.5,73.75,1.2308989763259888
PUNE_G001,2019-10-27,2019,10,27,300,18.5,73.75,1.3953869342803955
PUNE_G001,2019-10-28,2019,10,28,301,18.5,73.75,0.0
PUNE_G001,2019-10-29,2019,10,29,302,18.5,73.75,2.6364986896514893
PUNE_G001,2019-10-30,2019,10,30,303,18.5,73.75,0.0
PUNE_G001,2019-10-31,2019,10,31,304,18.5,73.75,8.248405456542969
PUNE_G001,2019-11-01,2019,11,1,305,18.5,73.75,0.3211607336997986
PUNE_G001,2019-11-02,2019,11,2,306,18.5,73.75,5.461406707763672
PUNE_G001,2019-11-03,2019,11,3,307,18.5,73.75,0.0
PUNE_G001,2019-11-04,2019,11,4,308,18.5,73.75,49.06786346435547
PUNE_G001,2019-11-05,2019,11,5,309,18.5,73.75,30.565208435058594
PUNE_G001,2019-11-06,2019,11,6,310,18.5,73.75,0.0
PUNE_G001,2019-11-07,2019,11,7,311,18.5,73.75,4.590610027313232
PUNE_G001,2019-11-08,2019,11,8,312,18.5,73.75,0.0
PUNE_G001,2019-11-09,2019,11,9,313,18.5,73.75,0.0
PUNE_G001,2019-11-10,2019,11,10,314,18.5,73.75,0.0
PUNE_G001,2019-11-11,2019,11,11,315,18.5,73.75,0.0
PUNE_G001,2019-11-12,2019,11,12,316,18.5,73.75,0.0
PUNE_G001,2019-11-13,2019,11,13,317,18.5,73.75,0.0
PUNE_G001,2019-11-14,2019,11,14,318,18.5,73.75,0.0
PUNE_G001,2019-11-15,2019,11,15,319,18.5,73.75,0.0
PUNE_G001,2019-11-16,2019,11,16,320,18.5,73.75,0.0
PUNE_G001,2019-11-17,2019,11,17,321,18.5,73.75,0.0
PUNE_G001,2019-11-18,2019,11,18,322,18.5,73.75,0.0
PUNE_G001,2019-11-19,2019,11,19,323,18.5,73.75,0.0
PUNE_G001,2019-11-20,2019,11,20,324,18.5,73.75,0.0
PUNE_G001,2019-11-21,2019,11,21,325,18.5,73.75,0.0
PUNE_G001,2019-11-22,2019,11,22,326,18.5,73.75,0.0
PUNE_G001,2019-11-23,2019,11,23,327,18.5,73.75,0.0
PUNE_G001,2019-11-24,2019,11,24,328,18.5,73.75,0.0
PUNE_G001,2019-11-25,2019,11,25,329,18.5,73.75,0.0
PUNE_G001,2019-11-26,2019,11,26,330,18.5,73.75,0.0
PUNE_G001,2019-11-27,2019,11,27,331,18.5,73.75,0.0
PUNE_G001,2019-11-28,2019,11,28,332,18.5,73.75,0.0
PUNE_G001,2019-11-29,2019,11,29,333,18.5,73.75,0.0
PUNE_G001,2019-11-30,2019,11,30,334,18.5,73.75,0.0
PUNE_G001,2019-12-01,2019,12,1,335,18.5,73.75,0.0
PUNE_G001,2019-12-02,2019,12,2,336,18.5,73.75,0.0
PUNE_G001,2019-12-03,2019,12,3,337,18.5,73.75,0.0
PUNE_G001,2019-12-04,2019,12,4,338,18.5,73.75,0.0
PUNE_G001,2019-12-05,2019,12,5,339,18.5,73.75,0.0
PUNE_G001,2019-12-06,2019,12,6,340,18.5,73.75,0.0
PUNE_G001,2019-12-07,2019,12,7,341,18.5,73.75,0.0
PUNE_G001,2019-12-08,2019,12,8,342,18.5,73.75,0.0
PUNE_G001,2019-12-09,2019,12,9,343,18.5,73.75,0.0
PUNE_G001,2019-12-10,2019,12,10,344,18.5,73.75,0.0
PUNE_G001,2019-12-11,2019,12,11,345,18.5,73.75,0.0
PUNE_G001,2019-12-12,2019,12,12,346,18.5,73.75,0.0
PUNE_G001,2019-12-13,2019,12,13,347,18.5,73.75,0.0
PUNE_G001,2019-12-14,2019,12,14,348,18.5,73.75,0.0
PUNE_G001,2019-12-15,2019,12,15,349,18.5,73.75,0.0
PUNE_G001,2019-12-16,2019,12,16,350,18.5,73.75,0.0
PUNE_G001,2019-12-17,2019,12,17,351,18.5,73.75,0.0
PUNE_G001,2019-12-18,2019,12,18,352,18.5,73.75,0.0
PUNE_G001,2019-12-19,2019,12,19,353,18.5,73.75,0.0
PUNE_G001,2019-12-20,2019,12,20,354,18.5,73.75,0.0
PUNE_G001,2019-12-21,2019,12,21,355,18.5,73.75,0.0
PUNE_G001,2019-12-22,2019,12,22,356,18.5,73.75,0.0
PUNE_G001,2019-12-23,2019,12,23,357,18.5,73.75,0.0
PUNE_G001,2019-12-24,2019,12,24,358,18.5,73.75,0.0
PUNE_G001,2019-12-25,2019,12,25,359,18.5,73.75,0.0
PUNE_G001,2019-12-26,2019,12,26,360,18.5,73.75,0.9326397776603699
PUNE_G001,2019-12-27,2019,12,27,361,18.5,73.75,0.0
PUNE_G001,2019-12-28,2019,12,28,362,18.5,73.75,0.0
PUNE_G001,2019-12-29,2019,12,29,363,18.5,73.75,0.0
PUNE_G001,2019-12-30,2019,12,30,364,18.5,73.75,0.0
PUNE_G001,2019-12-31,2019,12,31,365,18.5,73.75,0.0
PUNE_G001,2020-01-01,2020,1,1,1,18.5,73.75,0.0
PUNE_G001,2020-01-02,2020,1,2,2,18.5,73.75,0.0
PUNE_G001,2020-01-03,2020,1,3,3,18.5,73.75,0.0
PUNE_G001,2020-01-04,2020,1,4,4,18.5,73.75,0.0
PUNE_G001,2020-01-05,2020,1,5,5,18.5,73.75,0.0
PUNE_G001,2020-01-06,2020,1,6,6,18.5,73.75,0.0
PUNE_G001,2020-01-07,2020,1,7,7,18.5,73.75,0.0
PUNE_G001,2020-01-08,2020,1,8,8,18.5,73.75,0.0
PUNE_G001,2020-01-09,2020,1,9,9,18.5,73.75,0.0
PUNE_G001,2020-01-10,2020,1,10,10,18.5,73.75,0.0
PUNE_G001,2020-01-11,2020,1,11,11,18.5,73.75,0.0
PUNE_G001,2020-01-12,2020,1,12,12,18.5,73.75,0.0
PUNE_G001,2020-01-13,2020,1,13,13,18.5,73.75,0.0
PUNE_G001,2020-01-14,2020,1,14,14,18.5,73.75,0.0
PUNE_G001,2020-01-15,2020,1,15,15,18.5,73.75,0.0
PUNE_G001,2020-01-16,2020,1,16,16,18.5,73.75,0.0
PUNE_G001,2020-01-17,2020,1,17,17,18.5,73.75,0.0
PUNE_G001,2020-01-18,2020,1,18,18,18.5,73.75,0.0
PUNE_G001,2020-01-19,2020,1,19,19,18.5,73.75,0.0
PUNE_G001,2020-01-20,2020,1,20,20,18.5,73.75,0.0
PUNE_G001,2020-01-21,2020,1,21,21,18.5,73.75,0.0
PUNE_G001,2020-01-22,2020,1,22,22,18.5,73.75,0.0
PUNE_G001,2020-01-23,2020,1,23,23,18.5,73.75,0.0
PUNE_G001,2020-01-24,2020,1,24,24,18.5,73.75,0.0
PUNE_G001,2020-01-25,2020,1,25,25,18.5,73.75,0.0
PUNE_G001,2020-01-26,2020,1,26,26,18.5,73.75,0.0
PUNE_G001,2020-01-27,2020,1,27,27,18.5,73.75,0.0
PUNE_G001,2020-01-28,2020,1,28,28,18.5,73.75,0.0
PUNE_G001,2020-01-29,2020,1,29,29,18.5,73.75,0.0
PUNE_G001,2020-01-30,2020,1,30,30,18.5,73.75,0.0
PUNE_G001,2020-01-31,2020,1,31,31,18.5,73.75,0.0
PUNE_G001,2020-02-01,2020,2,1,32,18.5,73.75,0.0
PUNE_G001,2020-02-02,2020,2,2,33,18.5,73.75,0.0
PUNE_G001,2020-02-03,2020,2,3,34,18.5,73.75,0.0
PUNE_G001,2020-02-04,2020,2,4,35,18.5,73.75,0.0
PUNE_G001,2020-02-05,2020,2,5,36,18.5,73.75,0.0
PUNE_G001,2020-02-06,2020,2,6,37,18.5,73.75,0.0
PUNE_G001,2020-02-07,2020,2,7,38,18.5,73.75,0.0
PUNE_G001,2020-02-08,2020,2,8,39,18.5,73.75,0.0
PUNE_G001,2020-02-09,2020,2,9,40,18.5,73.75,0.0
PUNE_G001,2020-02-10,2020,2,10,41,18.5,73.75,0.0
PUNE_G001,2020-02-11,2020,2,11,42,18.5,73.75,0.0
PUNE_G001,2020-02-12,2020,2,12,43,18.5,73.75,0.0
PUNE_G001,2020-02-13,2020,2,13,44,18.5,73.75,0.0
PUNE_G001,2020-02-14,2020,2,14,45,18.5,73.75,0.0
PUNE_G001,2020-02-15,2020,2,15,46,18.5,73.75,0.0
PUNE_G001,2020-02-16,2020,2,16,47,18.5,73.75,0.0
PUNE_G001,2020-02-17,2020,2,17,48,18.5,73.75,0.0
PUNE_G001,2020-02-18,2020,2,18,49,18.5,73.75,0.0
PUNE_G001,2020-02-19,2020,2,19,50,18.5,73.75,0.0
PUNE_G001,2020-02-20,2020,2,20,51,18.5,73.75,0.0
PUNE_G001,2020-02-21,2020,2,21,52,18.5,73.75,0.0
PUNE_G001,2020-02-22,2020,2,22,53,18.5,73.75,0.0
PUNE_G001,2020-02-23,2020,2,23,54,18.5,73.75,0.0
PUNE_G001,2020-02-24,2020,2,24,55,18.5,73.75,0.0
PUNE_G001,2020-02-25,2020,2,25,56,18.5,73.75,0.0
PUNE_G001,2020-02-26,2020,2,26,57,18.5,73.75,0.0
PUNE_G001,2020-02-27,2020,2,27,58,18.5,73.75,0.0
PUNE_G001,2020-02-28,2020,2,28,59,18.5,73.75,0.0
PUNE_G001,2020-02-29,2020,2,29,60,18.5,73.75,0.0
PUNE_G001,2020-03-01,2020,3,1,61,18.5,73.75,0.0
PUNE_G001,2020-03-02,2020,3,2,62,18.5,73.75,0.0
PUNE_G001,2020-03-03,2020,3,3,63,18.5,73.75,0.0
PUNE_G001,2020-03-04,2020,3,4,64,18.5,73.75,0.0
PUNE_G001,2020-03-05,2020,3,5,65,18.5,73.75,0.0
PUNE_G001,2020-03-06,2020,3,6,66,18.5,73.75,0.0
PUNE_G001,2020-03-07,2020,3,7,67,18.5,73.75,0.0
PUNE_G001,2020-03-08,2020,3,8,68,18.5,73.75,0.0
PUNE_G001,2020-03-09,2020,3,9,69,18.5,73.75,0.0
PUNE_G001,2020-03-10,2020,3,10,70,18.5,73.75,0.0
PUNE_G001,2020-03-11,2020,3,11,71,18.5,73.75,0.0
PUNE_G001,2020-03-12,2020,3,12,72,18.5,73.75,0.0
PUNE_G001,2020-03-13,2020,3,13,73,18.5,73.75,0.0
PUNE_G001,2020-03-14,2020,3,14,74,18.5,73.75,0.0
PUNE_G001,2020-03-15,2020,3,15,75,18.5,73.75,0.0
PUNE_G001,2020-03-16,2020,3,16,76,18.5,73.75,0.0
PUNE_G001,2020-03-17,2020,3,17,77,18.5,73.75,0.0
PUNE_G001,2020-03-18,2020,3,18,78,18.5,73.75,0.0
PUNE_G001,2020-03-19,2020,3,19,79,18.5,73.75,0.0
PUNE_G001,2020-03-20,2020,3,20,80,18.5,73.75,0.0
PUNE_G001,2020-03-21,2020,3,21,81,18.5,73.75,0.0
PUNE_G001,2020-03-22,2020,3,22,82,18.5,73.75,0.0
PUNE_G001,2020-03-23,2020,3,23,83,18.5,73.75,0.0
PUNE_G001,2020-03-24,2020,3,24,84,18.5,73.75,0.0
PUNE_G001,2020-03-25,2020,3,25,85,18.5,73.75,1.4721416234970093
PUNE_G001,2020-03-26,2020,3,26,86,18.5,73.75,0.873293399810791
PUNE_G001,2020-03-27,2020,3,27,87,18.5,73.75,0.0
PUNE_G001,2020-03-28,2020,3,28,88,18.5,73.75,0.21552005410194397
PUNE_G001,2020-03-29,2020,3,29,89,18.5,73.75,4.562180519104004
PUNE_G001,2020-03-30,2020,3,30,90,18.5,73.75,2.0518195629119873
PUNE_G001,2020-03-31,2020,3,31,91,18.5,73.75,0.0
PUNE_G001,2020-04-01,2020,4,1,92,18.5,73.75,0.0
PUNE_G001,2020-04-02,2020,4,2,93,18.5,73.75,0.0
PUNE_G001,2020-04-03,2020,4,3,94,18.5,73.75,0.0
PUNE_G001,2020-04-04,2020,4,4,95,18.5,73.75,0.0
PUNE_G001,2020-04-05,2020,4,5,96,18.5,73.75,0.0
PUNE_G001,2020-04-06,2020,4,6,97,18.5,73.75,0.0
PUNE_G001,2020-04-07,2020,4,7,98,18.5,73.75,0.0
PUNE_G001,2020-04-08,2020,4,8,99,18.5,73.75,0.0
PUNE_G001,2020-04-09,2020,4,9,100,18.5,73.75,0.0
PUNE_G001,2020-04-10,2020,4,10,101,18.5,73.75,0.0
PUNE_G001,2020-04-11,2020,4,11,102,18.5,73.75,0.0
PUNE_G001,2020-04-12,2020,4,12,103,18.5,73.75,0.20198926329612732
PUNE_G001,2020-04-13,2020,4,13,104,18.5,73.75,0.0
PUNE_G001,2020-04-14,2020,4,14,105,18.5,73.75,0.0
PUNE_G001,2020-04-15,2020,4,15,106,18.5,73.75,0.0
PUNE_G001,2020-04-16,2020,4,16,107,18.5,73.75,0.0
PUNE_G001,2020-04-17,2020,4,17,108,18.5,73.75,0.0
PUNE_G001,2020-04-18,2020,4,18,109,18.5,73.75,0.0
PUNE_G001,2020-04-19,2020,4,19,110,18.5,73.75,0.0
PUNE_G001,2020-04-20,2020,4,20,111,18.5,73.75,0.0
PUNE_G001,2020-04-21,2020,4,21,112,18.5,73.75,0.0
PUNE_G001,2020-04-22,2020,4,22,113,18.5,73.75,0.0
PUNE_G001,2020-04-23,2020,4,23,114,18.5,73.75,0.0
PUNE_G001,2020-04-24,2020,4,24,115,18.5,73.75,0.0
PUNE_G001,2020-04-25,2020,4,25,116,18.5,73.75,0.0
PUNE_G001,2020-04-26,2020,4,26,117,18.5,73.75,0.0
PUNE_G001,2020-04-27,2020,4,27,118,18.5,73.75,0.0
PUNE_G001,2020-04-28,2020,4,28,119,18.5,73.75,0.0
PUNE_G001,2020-04-29,2020,4,29,120,18.5,73.75,0.0
PUNE_G001,2020-04-30,2020,4,30,121,18.5,73.75,0.0
PUNE_G001,2020-05-01,2020,5,1,122,18.5,73.75,0.14280126988887787
PUNE_G001,2020-05-02,2020,5,2,123,18.5,73.75,2.064244270324707
PUNE_G001,2020-05-03,2020,5,3,124,18.5,73.75,0.0
PUNE_G001,2020-05-04,2020,5,4,125,18.5,73.75,0.0
PUNE_G001,2020-05-05,2020,5,5,126,18.5,73.75,0.0
PUNE_G001,2020-05-06,2020,5,6,127,18.5,73.75,0.0
PUNE_G001,2020-05-07,2020,5,7,128,18.5,73.75,0.0
PUNE_G001,2020-05-08,2020,5,8,129,18.5,73.75,0.0
PUNE_G001,2020-05-09,2020,5,9,130,18.5,73.75,0.0
PUNE_G001,2020-05-10,2020,5,10,131,18.5,73.75,0.0
PUNE_G001,2020-05-11,2020,5,11,132,18.5,73.75,0.0
PUNE_G001,2020-05-12,2020,5,12,133,18.5,73.75,0.0
PUNE_G001,2020-05-13,2020,5,13,134,18.5,73.75,0.0
PUNE_G001,2020-05-14,2020,5,14,135,18.5,73.75,0.0
PUNE_G001,2020-05-15,2020,5,15,136,18.5,73.75,16.27853012084961
PUNE_G001,2020-05-16,2020,5,16,137,18.5,73.75,0.0
PUNE_G001,2020-05-17,2020,5,17,138,18.5,73.75,1.2762864828109741
PUNE_G001,2020-05-18,2020,5,18,139,18.5,73.75,3.4364681243896484
PUNE_G001,2020-05-19,2020,5,19,140,18.5,73.75,0.0
PUNE_G001,2020-05-20,2020,5,20,141,18.5,73.75,0.0
PUNE_G001,2020-05-21,2020,5,21,142,18.5,73.75,0.0
PUNE_G001,2020-05-22,2020,5,22,143,18.5,73.75,0.0
PUNE_G001,2020-05-23,2020,5,23,144,18.5,73.75,0.0
PUNE_G001,2020-05-24,2020,5,24,145,18.5,73.75,0.0
PUNE_G001,2020-05-25,2020,5,25,146,18.5,73.75,0.0
PUNE_G001,2020-05-26,2020,5,26,147,18.5,73.75,0.0
PUNE_G001,2020-05-27,2020,5,27,148,18.5,73.75,0.0
PUNE_G001,2020-05-28,2020,5,28,149,18.5,73.75,0.0
PUNE_G001,2020-05-29,2020,5,29,150,18.5,73.75,0.0
PUNE_G001,2020-05-30,2020,5,30,151,18.5,73.75,0.0
PUNE_G001,2020-05-31,2020,5,31,152,18.5,73.75,0.0
PUNE_G001,2020-06-01,2020,6,1,153,18.5,73.75,8.352458953857422
PUNE_G001,2020-06-02,2020,6,2,154,18.5,73.75,3.7680835723876953
PUNE_G001,2020-06-03,2020,6,3,155,18.5,73.75,47.635765075683594
PUNE_G001,2020-06-04,2020,6,4,156,18.5,73.75,42.7781867980957
PUNE_G001,2020-06-05,2020,6,5,157,18.5,73.75,8.28905963897705
PUNE_G001,2020-06-06,2020,6,6,158,18.5,73.75,0.0
PUNE_G001,2020-06-07,2020,6,7,159,18.5,73.75,6.5717267990112305
PUNE_G001,2020-06-08,2020,6,8,160,18.5,73.75,0.3798854947090149
PUNE_G001,2020-06-09,2020,6,9,161,18.5,73.75,0.0
PUNE_G001,2020-06-10,2020,6,10,162,18.5,73.75,0.2374284267425537
PUNE_G001,2020-06-11,2020,6,11,163,18.5,73.75,0.6647996306419373
PUNE_G001,2020-06-12,2020,6,12,164,18.5,73.75,0.0
PUNE_G001,2020-06-13,2020,6,13,165,18.5,73.75,0.1840020716190338
PUNE_G001,2020-06-14,2020,6,14,166,18.5,73.75,0.3821050524711609
PUNE_G001,2020-06-15,2020,6,15,167,18.5,73.75,2.3227694034576416
PUNE_G001,2020-06-16,2020,6,16,168,18.5,73.75,8.450775146484375
PUNE_G001,2020-06-17,2020,6,17,169,18.5,73.75,0.6886136531829834
PUNE_G001,2020-06-18,2020,6,18,170,18.5,73.75,14.255846977233887
PUNE_G001,2020-06-19,2020,6,19,171,18.5,73.75,12.997987747192383
PUNE_G001,2020-06-20,2020,6,20,172,18.5,73.75,0.0
PUNE_G001,2020-06-21,2020,6,21,173,18.5,73.75,0.0
PUNE_G001,2020-06-22,2020,6,22,174,18.5,73.75,0.5698282122612
PUNE_G001,2020-06-23,2020,6,23,175,18.5,73.75,0.0
PUNE_G001,2020-06-24,2020,6,24,176,18.5,73.75,0.0
PUNE_G001,2020-06-25,2020,6,25,177,18.5,73.75,3.8169782161712646
PUNE_G001,2020-06-26,2020,6,26,178,18.5,73.75,1.319603681564331
PUNE_G001,2020-06-27,2020,6,27,179,18.5,73.75,0.0
PUNE_G001,2020-06-28,2020,6,28,180,18.5,73.75,0.0
PUNE_G001,2020-06-29,2020,6,29,181,18.5,73.75,6.6005096435546875
PUNE_G001,2020-06-30,2020,6,30,182,18.5,73.75,28.714038848876953
PUNE_G001,2020-07-01,2020,7,1,183,18.5,73.75,0.18994274735450745
PUNE_G001,2020-07-02,2020,7,2,184,18.5,73.75,4.7239603996276855
PUNE_G001,2020-07-03,2020,7,3,185,18.5,73.75,0.0
PUNE_G001,2020-07-04,2020,7,4,186,18.5,73.75,0.15729889273643494
PUNE_G001,2020-07-05,2020,7,5,187,18.5,73.75,6.6901116371154785
PUNE_G001,2020-07-06,2020,7,6,188,18.5,73.75,1.5880409479141235
PUNE_G001,2020-07-07,2020,7,7,189,18.5,73.75,4.582895278930664
PUNE_G001,2020-07-08,2020,7,8,190,18.5,73.75,15.345894813537598
PUNE_G001,2020-07-09,2020,7,9,191,18.5,73.75,2.7687430381774902
PUNE_G001,2020-07-10,2020,7,10,192,18.5,73.75,1.2126933336257935
PUNE_G001,2020-07-11,2020,7,11,193,18.5,73.75,1.2045801877975464
PUNE_G001,2020-07-12,2020,7,12,194,18.5,73.75,0.0
PUNE_G001,2020-07-13,2020,7,13,195,18.5,73.75,0.24519924819469452
PUNE_G001,2020-07-14,2020,7,14,196,18.5,73.75,2.329341173171997
PUNE_G001,2020-07-15,2020,7,15,197,18.5,73.75,0.0
PUNE_G001,2020-07-16,2020,7,16,198,18.5,73.75,0.36980628967285156
PUNE_G001,2020-07-17,2020,7,17,199,18.5,73.75,0.8484366536140442
PUNE_G001,2020-07-18,2020,7,18,200,18.5,73.75,0.6813715696334839
PUNE_G001,2020-07-19,2020,7,19,201,18.5,73.75,8.280811309814453
PUNE_G001,2020-07-20,2020,7,20,202,18.5,73.75,0.0
PUNE_G001,2020-07-21,2020,7,21,203,18.5,73.75,0.0
PUNE_G001,2020-07-22,2020,7,22,204,18.5,73.75,0.0
PUNE_G001,2020-07-23,2020,7,23,205,18.5,73.75,2.236058235168457
PUNE_G001,2020-07-24,2020,7,24,206,18.5,73.75,7.727713584899902
PUNE_G001,2020-07-25,2020,7,25,207,18.5,73.75,26.721881866455078
PUNE_G001,2020-07-26,2020,7,26,208,18.5,73.75,30.213045120239258
PUNE_G001,2020-07-27,2020,7,27,209,18.5,73.75,0.0
PUNE_G001,2020-07-28,2020,7,28,210,18.5,73.75,0.0
PUNE_G001,2020-07-29,2020,7,29,211,18.5,73.75,0.0
PUNE_G001,2020-07-30,2020,7,30,212,18.5,73.75,0.0
PUNE_G001,2020-07-31,2020,7,31,213,18.5,73.75,0.8077477812767029
PUNE_G001,2020-08-01,2020,8,1,214,18.5,73.75,8.638114929199219
PUNE_G001,2020-08-02,2020,8,2,215,18.5,73.75,0.0
PUNE_G001,2020-08-03,2020,8,3,216,18.5,73.75,0.0
PUNE_G001,2020-08-04,2020,8,4,217,18.5,73.75,13.171297073364258
PUNE_G001,2020-08-05,2020,8,5,218,18.5,73.75,59.766544342041016
PUNE_G001,2020-08-06,2020,8,6,219,18.5,73.75,12.440646171569824
PUNE_G001,2020-08-07,2020,8,7,220,18.5,73.75,8.143831253051758
PUNE_G001,2020-08-08,2020,8,8,221,18.5,73.75,1.8819693326950073
PUNE_G001,2020-08-09,2020,8,9,222,18.5,73.75,2.9415576457977295
PUNE_G001,2020-08-10,2020,8,10,223,18.5,73.75,1.2683079242706299
PUNE_G001,2020-08-11,2020,8,11,224,18.5,73.75,27.592151641845703
PUNE_G001,2020-08-12,2020,8,12,225,18.5,73.75,0.963064432144165
PUNE_G001,2020-08-13,2020,8,13,226,18.5,73.75,7.870119571685791
PUNE_G001,2020-08-14,2020,8,14,227,18.5,73.75,20.482938766479492
PUNE_G001,2020-08-15,2020,8,15,228,18.5,73.75,22.172531127929688
PUNE_G001,2020-08-16,2020,8,16,229,18.5,73.75,18.837574005126953
PUNE_G001,2020-08-17,2020,8,17,230,18.5,73.75,8.26857852935791
PUNE_G001,2020-08-18,2020,8,18,231,18.5,73.75,2.327087879180908
PUNE_G001,2020-08-19,2020,8,19,232,18.5,73.75,2.861541748046875
PUNE_G001,2020-08-20,2020,8,20,233,18.5,73.75,1.6113307476043701
PUNE_G001,2020-08-21,2020,8,21,234,18.5,73.75,15.070356369018555
PUNE_G001,2020-08-22,2020,8,22,235,18.5,73.75,3.5903608798980713
PUNE_G001,2020-08-23,2020,8,23,236,18.5,73.75,0.989984929561615
PUNE_G001,2020-08-24,2020,8,24,237,18.5,73.75,1.0767139196395874
PUNE_G001,2020-08-25,2020,8,25,238,18.5,73.75,2.964148759841919
PUNE_G001,2020-08-26,2020,8,26,239,18.5,73.75,0.0
PUNE_G001,2020-08-27,2020,8,27,240,18.5,73.75,0.8077477812767029
PUNE_G001,2020-08-28,2020,8,28,241,18.5,73.75,0.48400795459747314
PUNE_G001,2020-08-29,2020,8,29,242,18.5,73.75,5.142302989959717
PUNE_G001,2020-08-30,2020,8,30,243,18.5,73.75,8.11189079284668
PUNE_G001,2020-08-31,2020,8,31,244,18.5,73.75,2.8770217895507812
PUNE_G001,2020-09-01,2020,9,1,245,18.5,73.75,0.33239981532096863
PUNE_G001,2020-09-02,2020,9,2,246,18.5,73.75,0.0
PUNE_G001,2020-09-03,2020,9,3,247,18.5,73.75,0.0
PUNE_G001,2020-09-04,2020,9,4,248,18.5,73.75,0.0
PUNE_G001,2020-09-05,2020,9,5,249,18.5,73.75,0.0
PUNE_G001,2020-09-06,2020,9,6,250,18.5,73.75,25.642269134521484
PUNE_G001,2020-09-07,2020,9,7,251,18.5,73.75,21.94797706604004
PUNE_G001,2020-09-08,2020,9,8,252,18.5,73.75,0.37469491362571716
PUNE_G001,2020-09-09,2020,9,9,253,18.5,73.75,2.9076545238494873
PUNE_G001,2020-09-10,2020,9,10,254,18.5,73.75,35.168060302734375
PUNE_G001,2020-09-11,2020,9,11,255,18.5,73.75,7.523662090301514
PUNE_G001,2020-09-12,2020,9,12,256,18.5,73.75,37.68476486206055
PUNE_G001,2020-09-13,2020,9,13,257,18.5,73.75,5.2516984939575195
PUNE_G001,2020-09-14,2020,9,14,258,18.5,73.75,0.6001268625259399
PUNE_G001,2020-09-15,2020,9,15,259,18.5,73.75,0.0
PUNE_G001,2020-09-16,2020,9,16,260,18.5,73.75,0.0
PUNE_G001,2020-09-17,2020,9,17,261,18.5,73.75,0.8447526097297668
PUNE_G001,2020-09-18,2020,9,18,262,18.5,73.75,0.6647996306419373
PUNE_G001,2020-09-19,2020,9,19,263,18.5,73.75,0.18994274735450745
PUNE_G001,2020-09-20,2020,9,20,264,18.5,73.75,11.941269874572754
PUNE_G001,2020-09-21,2020,9,21,265,18.5,73.75,20.589641571044922
PUNE_G001,2020-09-22,2020,9,22,266,18.5,73.75,28.575963973999023
PUNE_G001,2020-09-23,2020,9,23,267,18.5,73.75,0.0
PUNE_G001,2020-09-24,2020,9,24,268,18.5,73.75,0.3000573217868805
PUNE_G001,2020-09-25,2020,9,25,269,18.5,73.75,2.1368558406829834
PUNE_G001,2020-09-26,2020,9,26,270,18.5,73.75,9.802960395812988
PUNE_G001,2020-09-27,2020,9,27,271,18.5,73.75,0.0
PUNE_G001,2020-09-28,2020,9,28,272,18.5,73.75,0.0
PUNE_G001,2020-09-29,2020,9,29,273,18.5,73.75,0.0
PUNE_G001,2020-09-30,2020,9,30,274,18.5,73.75,0.0
PUNE_G001,2020-10-01,2020,10,1,275,18.5,73.75,0.0
PUNE_G001,2020-10-02,2020,10,2,276,18.5,73.75,0.0
PUNE_G001,2020-10-03,2020,10,3,277,18.5,73.75,0.0
PUNE_G001,2020-10-04,2020,10,4,278,18.5,73.75,5.113382816314697
PUNE_G001,2020-10-05,2020,10,5,279,18.5,73.75,0.0
PUNE_G001,2020-10-06,2020,10,6,280,18.5,73.75,1.127044916152954
PUNE_G001,2020-10-07,2020,10,7,281,18.5,73.75,0.0
PUNE_G001,2020-10-08,2020,10,8,282,18.5,73.75,0.0
PUNE_G001,2020-10-09,2020,10,9,283,18.5,73.75,0.4748568534851074
PUNE_G001,2020-10-10,2020,10,10,284,18.5,73.75,0.0
PUNE_G001,2020-10-11,2020,10,11,285,18.5,73.75,24.27077865600586
PUNE_G001,2020-10-12,2020,10,12,286,18.5,73.75,2.5411787033081055
PUNE_G001,2020-10-13,2020,10,13,287,18.5,73.75,16.468257904052734
PUNE_G001,2020-10-14,2020,10,14,288,18.5,73.75,5.933625221252441
PUNE_G001,2020-10-15,2020,10,15,289,18.5,73.75,116.42317199707031
PUNE_G001,2020-10-16,2020,10,16,290,18.5,73.75,7.257852554321289
PUNE_G001,2020-10-17,2020,10,17,291,18.5,73.75,3.1567094326019287
PUNE_G001,2020-10-18,2020,10,18,292,18.5,73.75,6.512959957122803
PUNE_G001,2020-10-19,2020,10,19,293,18.5,73.75,36.03776168823242
PUNE_G001,2020-10-20,2020,10,20,294,18.5,73.75,8.151857376098633
PUNE_G001,2020-10-21,2020,10,21,295,18.5,73.75,36.18864059448242
PUNE_G001,2020-10-22,2020,10,22,296,18.5,73.75,6.828057289123535
PUNE_G001,2020-10-23,2020,10,23,297,18.5,73.75,2.078258991241455
PUNE_G001,2020-10-24,2020,10,24,298,18.5,73.75,0.0
PUNE_G001,2020-10-25,2020,10,25,299,18.5,73.75,29.233150482177734
PUNE_G001,2020-10-26,2020,10,26,300,18.5,73.75,9.786581993103027
PUNE_G001,2020-10-27,2020,10,27,301,18.5,73.75,0.0
PUNE_G001,2020-10-28,2020,10,28,302,18.5,73.75,0.0
PUNE_G001,2020-10-29,2020,10,29,303,18.5,73.75,0.0
PUNE_G001,2020-10-30,2020,10,30,304,18.5,73.75,0.0
PUNE_G001,2020-10-31,2020,10,31,305,18.5,73.75,0.0
PUNE_G001,2020-11-01,2020,11,1,306,18.5,73.75,0.0
PUNE_G001,2020-11-02,2020,11,2,307,18.5,73.75,0.0
PUNE_G001,2020-11-03,2020,11,3,308,18.5,73.75,0.0
PUNE_G001,2020-11-04,2020,11,4,309,18.5,73.75,0.0
PUNE_G001,2020-11-05,2020,11,5,310,18.5,73.75,0.0
PUNE_G001,2020-11-06,2020,11,6,311,18.5,73.75,0.0
PUNE_G001,2020-11-07,2020,11,7,312,18.5,73.75,0.0
PUNE_G001,2020-11-08,2020,11,8,313,18.5,73.75,0.0
PUNE_G001,2020-11-09,2020,11,9,314,18.5,73.75,0.0
PUNE_G001,2020-11-10,2020,11,10,315,18.5,73.75,0.0
PUNE_G001,2020-11-11,2020,11,11,316,18.5,73.75,0.0
PUNE_G001,2020-11-12,2020,11,12,317,18.5,73.75,0.0
PUNE_G001,2020-11-13,2020,11,13,318,18.5,73.75,0.0
PUNE_G001,2020-11-14,2020,11,14,319,18.5,73.75,0.0
PUNE_G001,2020-11-15,2020,11,15,320,18.5,73.75,0.0
PUNE_G001,2020-11-16,2020,11,16,321,18.5,73.75,0.0
PUNE_G001,2020-11-17,2020,11,17,322,18.5,73.75,0.0
PUNE_G001,2020-11-18,2020,11,18,323,18.5,73.75,0.0
PUNE_G001,2020-11-19,2020,11,19,324,18.5,73.75,0.0
PUNE_G001,2020-11-20,2020,11,20,325,18.5,73.75,0.0
PUNE_G001,2020-11-21,2020,11,21,326,18.5,73.75,5.266340732574463
PUNE_G001,2020-11-22,2020,11,22,327,18.5,73.75,0.0
PUNE_G001,2020-11-23,2020,11,23,328,18.5,73.75,0.0
PUNE_G001,2020-11-24,2020,11,24,329,18.5,73.75,0.0
PUNE_G001,2020-11-25,2020,11,25,330,18.5,73.75,0.0
PUNE_G001,2020-11-26,2020,11,26,331,18.5,73.75,0.0
PUNE_G001,2020-11-27,2020,11,27,332,18.5,73.75,0.0
PUNE_G001,2020-11-28,2020,11,28,333,18.5,73.75,0.0
PUNE_G001,2020-11-29,2020,11,29,334,18.5,73.75,0.0
PUNE_G001,2020-11-30,2020,11,30,335,18.5,73.75,0.0
PUNE_G001,2020-12-01,2020,12,1,336,18.5,73.75,0.0
PUNE_G001,2020-12-02,2020,12,2,337,18.5,73.75,0.0
PUNE_G001,2020-12-03,2020,12,3,338,18.5,73.75,0.0
PUNE_G001,2020-12-04,2020,12,4,339,18.5,73.75,0.0
PUNE_G001,2020-12-05,2020,12,5,340,18.5,73.75,0.0
PUNE_G001,2020-12-06,2020,12,6,341,18.5,73.75,0.0
PUNE_G001,2020-12-07,2020,12,7,342,18.5,73.75,0.0
PUNE_G001,2020-12-08,2020,12,8,343,18.5,73.75,0.0
PUNE_G001,2020-12-09,2020,12,9,344,18.5,73.75,0.0
PUNE_G001,2020-12-10,2020,12,10,345,18.5,73.75,0.0
PUNE_G001,2020-12-11,2020,12,11,346,18.5,73.75,0.0
PUNE_G001,2020-12-12,2020,12,12,347,18.5,73.75,0.0
PUNE_G001,2020-12-13,2020,12,13,348,18.5,73.75,0.0
PUNE_G001,2020-12-14,2020,12,14,349,18.5,73.75,0.0
PUNE_G001,2020-12-15,2020,12,15,350,18.5,73.75,3.95351243019104
PUNE_G001,2020-12-16,2020,12,16,351,18.5,73.75,0.0
PUNE_G001,2020-12-17,2020,12,17,352,18.5,73.75,0.0
PUNE_G001,2020-12-18,2020,12,18,353,18.5,73.75,0.0
PUNE_G001,2020-12-19,2020,12,19,354,18.5,73.75,0.0
PUNE_G001,2020-12-20,2020,12,20,355,18.5,73.75,0.0
PUNE_G001,2020-12-21,2020,12,21,356,18.5,73.75,0.0
PUNE_G001,2020-12-22,2020,12,22,357,18.5,73.75,0.0
PUNE_G001,2020-12-23,2020,12,23,358,18.5,73.75,0.0
PUNE_G001,2020-12-24,2020,12,24,359,18.5,73.75,0.0
PUNE_G001,2020-12-25,2020,12,25,360,18.5,73.75,0.0
PUNE_G001,2020-12-26,2020,12,26,361,18.5,73.75,0.0
PUNE_G001,2020-12-27,2020,12,27,362,18.5,73.75,0.0
PUNE_G001,2020-12-28,2020,12,28,363,18.5,73.75,0.0
PUNE_G001,2020-12-29,2020,12,29,364,18.5,73.75,0.0
PUNE_G001,2020-12-30,2020,12,30,365,18.5,73.75,0.0
PUNE_G001,2020-12-31,2020,12,31,366,18.5,73.75,0.0
PUNE_G001,2021-01-01,2021,1,1,1,18.5,73.75,0.0
PUNE_G001,2021-01-02,2021,1,2,2,18.5,73.75,0.0
PUNE_G001,2021-01-03,2021,1,3,3,18.5,73.75,0.0
PUNE_G001,2021-01-04,2021,1,4,4,18.5,73.75,0.0
PUNE_G001,2021-01-05,2021,1,5,5,18.5,73.75,0.0
PUNE_G001,2021-01-06,2021,1,6,6,18.5,73.75,0.0
PUNE_G001,2021-01-07,2021,1,7,7,18.5,73.75,0.0
PUNE_G001,2021-01-08,2021,1,8,8,18.5,73.75,4.196863651275635
PUNE_G001,2021-01-09,2021,1,9,9,18.5,73.75,28.689817428588867
PUNE_G001,2021-01-10,2021,1,10,10,18.5,73.75,0.0
PUNE_G001,2021-01-11,2021,1,11,11,18.5,73.75,0.0
PUNE_G001,2021-01-12,2021,1,12,12,18.5,73.75,0.0
PUNE_G001,2021-01-13,2021,1,13,13,18.5,73.75,0.0
PUNE_G001,2021-01-14,2021,1,14,14,18.5,73.75,0.0
PUNE_G001,2021-01-15,2021,1,15,15,18.5,73.75,0.0
PUNE_G001,2021-01-16,2021,1,16,16,18.5,73.75,0.0
PUNE_G001,2021-01-17,2021,1,17,17,18.5,73.75,0.0
PUNE_G001,2021-01-18,2021,1,18,18,18.5,73.75,0.0
PUNE_G001,2021-01-19,2021,1,19,19,18.5,73.75,0.0
PUNE_G001,2021-01-20,2021,1,20,20,18.5,73.75,0.0
PUNE_G001,2021-01-21,2021,1,21,21,18.5,73.75,0.0
PUNE_G001,2021-01-22,2021,1,22,22,18.5,73.75,0.0
PUNE_G001,2021-01-23,2021,1,23,23,18.5,73.75,0.0
PUNE_G001,2021-01-24,2021,1,24,24,18.5,73.75,0.0
PUNE_G001,2021-01-25,2021,1,25,25,18.5,73.75,0.0
PUNE_G001,2021-01-26,2021,1,26,26,18.5,73.75,0.0
PUNE_G001,2021-01-27,2021,1,27,27,18.5,73.75,0.0
PUNE_G001,2021-01-28,2021,1,28,28,18.5,73.75,0.0
PUNE_G001,2021-01-29,2021,1,29,29,18.5,73.75,0.0
PUNE_G001,2021-01-30,2021,1,30,30,18.5,73.75,0.0
PUNE_G001,2021-01-31,2021,1,31,31,18.5,73.75,0.0
PUNE_G001,2021-02-01,2021,2,1,32,18.5,73.75,0.0
PUNE_G001,2021-02-02,2021,2,2,33,18.5,73.75,0.0
PUNE_G001,2021-02-03,2021,2,3,34,18.5,73.75,0.0
PUNE_G001,2021-02-04,2021,2,4,35,18.5,73.75,0.0
PUNE_G001,2021-02-05,2021,2,5,36,18.5,73.75,0.0
PUNE_G001,2021-02-06,2021,2,6,37,18.5,73.75,0.0
PUNE_G001,2021-02-07,2021,2,7,38,18.5,73.75,0.0
PUNE_G001,2021-02-08,2021,2,8,39,18.5,73.75,0.0
PUNE_G001,2021-02-09,2021,2,9,40,18.5,73.75,0.0
PUNE_G001,2021-02-10,2021,2,10,41,18.5,73.75,0.0
PUNE_G001,2021-02-11,2021,2,11,42,18.5,73.75,0.0
PUNE_G001,2021-02-12,2021,2,12,43,18.5,73.75,0.0
PUNE_G001,2021-02-13,2021,2,13,44,18.5,73.75,0.0
PUNE_G001,2021-02-14,2021,2,14,45,18.5,73.75,0.0
PUNE_G001,2021-02-15,2021,2,15,46,18.5,73.75,0.0
PUNE_G001,2021-02-16,2021,2,16,47,18.5,73.75,0.0
PUNE_G001,2021-02-17,2021,2,17,48,18.5,73.75,0.0
PUNE_G001,2021-02-18,2021,2,18,49,18.5,73.75,0.0
PUNE_G001,2021-02-19,2021,2,19,50,18.5,73.75,0.3075682520866394
PUNE_G001,2021-02-20,2021,2,20,51,18.5,73.75,0.0
PUNE_G001,2021-02-21,2021,2,21,52,18.5,73.75,0.0
PUNE_G001,2021-02-22,2021,2,22,53,18.5,73.75,0.0
PUNE_G001,2021-02-23,2021,2,23,54,18.5,73.75,0.0
PUNE_G001,2021-02-24,2021,2,24,55,18.5,73.75,0.0
PUNE_G001,2021-02-25,2021,2,25,56,18.5,73.75,0.0
PUNE_G001,2021-02-26,2021,2,26,57,18.5,73.75,0.0
PUNE_G001,2021-02-27,2021,2,27,58,18.5,73.75,0.0
PUNE_G001,2021-02-28,2021,2,28,59,18.5,73.75,0.0
PUNE_G001,2021-03-01,2021,3,1,60,18.5,73.75,0.0
PUNE_G001,2021-03-02,2021,3,2,61,18.5,73.75,0.0
PUNE_G001,2021-03-03,2021,3,3,62,18.5,73.75,0.0
PUNE_G001,2021-03-04,2021,3,4,63,18.5,73.75,0.0
PUNE_G001,2021-03-05,2021,3,5,64,18.5,73.75,0.0
PUNE_G001,2021-03-06,2021,3,6,65,18.5,73.75,0.0
PUNE_G001,2021-03-07,2021,3,7,66,18.5,73.75,0.0
PUNE_G001,2021-03-08,2021,3,8,67,18.5,73.75,0.0
PUNE_G001,2021-03-09,2021,3,9,68,18.5,73.75,0.0
PUNE_G001,2021-03-10,2021,3,10,69,18.5,73.75,0.0
PUNE_G001,2021-03-11,2021,3,11,70,18.5,73.75,0.0
PUNE_G001,2021-03-12,2021,3,12,71,18.5,73.75,0.0
PUNE_G001,2021-03-13,2021,3,13,72,18.5,73.75,0.0
PUNE_G001,2021-03-14,2021,3,14,73,18.5,73.75,0.0
PUNE_G001,2021-03-15,2021,3,15,74,18.5,73.75,0.0
PUNE_G001,2021-03-16,2021,3,16,75,18.5,73.75,0.0
PUNE_G001,2021-03-17,2021,3,17,76,18.5,73.75,0.0
PUNE_G001,2021-03-18,2021,3,18,77,18.5,73.75,0.0
PUNE_G001,2021-03-19,2021,3,19,78,18.5,73.75,0.0
PUNE_G001,2021-03-20,2021,3,20,79,18.5,73.75,0.0
PUNE_G001,2021-03-21,2021,3,21,80,18.5,73.75,0.0
PUNE_G001,2021-03-22,2021,3,22,81,18.5,73.75,0.0
PUNE_G001,2021-03-23,2021,3,23,82,18.5,73.75,2.1843414306640625
PUNE_G001,2021-03-24,2021,3,24,83,18.5,73.75,0.0
PUNE_G001,2021-03-25,2021,3,25,84,18.5,73.75,0.0
PUNE_G001,2021-03-26,2021,3,26,85,18.5,73.75,0.0
PUNE_G001,2021-03-27,2021,3,27,86,18.5,73.75,0.0
PUNE_G001,2021-03-28,2021,3,28,87,18.5,73.75,0.0
PUNE_G001,2021-03-29,2021,3,29,88,18.5,73.75,0.0
PUNE_G001,2021-03-30,2021,3,30,89,18.5,73.75,0.0
PUNE_G001,2021-03-31,2021,3,31,90,18.5,73.75,0.0
PUNE_G001,2021-04-01,2021,4,1,91,18.5,73.75,0.0
PUNE_G001,2021-04-02,2021,4,2,92,18.5,73.75,0.0
PUNE_G001,2021-04-03,2021,4,3,93,18.5,73.75,0.0
PUNE_G001,2021-04-04,2021,4,4,94,18.5,73.75,0.0
PUNE_G001,2021-04-05,2021,4,5,95,18.5,73.75,0.0
PUNE_G001,2021-04-06,2021,4,6,96,18.5,73.75,0.0
PUNE_G001,2021-04-07,2021,4,7,97,18.5,73.75,0.0
PUNE_G001,2021-04-08,2021,4,8,98,18.5,73.75,0.0
PUNE_G001,2021-04-09,2021,4,9,99,18.5,73.75,0.0
PUNE_G001,2021-04-10,2021,4,10,100,18.5,73.75,0.0
PUNE_G001,2021-04-11,2021,4,11,101,18.5,73.75,0.0
PUNE_G001,2021-04-12,2021,4,12,102,18.5,73.75,0.0
PUNE_G001,2021-04-13,2021,4,13,103,18.5,73.75,17.898096084594727
PUNE_G001,2021-04-14,2021,4,14,104,18.5,73.75,0.0
PUNE_G001,2021-04-15,2021,4,15,105,18.5,73.75,7.876105308532715
PUNE_G001,2021-04-16,2021,4,16,106,18.5,73.75,0.0
PUNE_G001,2021-04-17,2021,4,17,107,18.5,73.75,0.0
PUNE_G001,2021-04-18,2021,4,18,108,18.5,73.75,0.0
PUNE_G001,2021-04-19,2021,4,19,109,18.5,73.75,0.0
PUNE_G001,2021-04-20,2021,4,20,110,18.5,73.75,0.0
PUNE_G001,2021-04-21,2021,4,21,111,18.5,73.75,0.0
PUNE_G001,2021-04-22,2021,4,22,112,18.5,73.75,0.0
PUNE_G001,2021-04-23,2021,4,23,113,18.5,73.75,0.0
PUNE_G001,2021-04-24,2021,4,24,114,18.5,73.75,0.0
PUNE_G001,2021-04-25,2021,4,25,115,18.5,73.75,0.0
PUNE_G001,2021-04-26,2021,4,26,116,18.5,73.75,0.0
PUNE_G001,2021-04-27,2021,4,27,117,18.5,73.75,0.0
PUNE_G001,2021-04-28,2021,4,28,118,18.5,73.75,5.983750343322754
PUNE_G001,2021-04-29,2021,4,29,119,18.5,73.75,0.0
PUNE_G001,2021-04-30,2021,4,30,120,18.5,73.75,0.9218097925186157
PUNE_G001,2021-05-01,2021,5,1,121,18.5,73.75,0.4474928081035614
PUNE_G001,2021-05-02,2021,5,2,122,18.5,73.75,0.0
PUNE_G001,2021-05-03,2021,5,3,123,18.5,73.75,24.612104415893555
PUNE_G001,2021-05-04,2021,5,4,124,18.5,73.75,0.98880535364151
PUNE_G001,2021-05-05,2021,5,5,125,18.5,73.75,0.0
PUNE_G001,2021-05-06,2021,5,6,126,18.5,73.75,0.0
PUNE_G001,2021-05-07,2021,5,7,127,18.5,73.75,0.24229367077350616
PUNE_G001,2021-05-08,2021,5,8,128,18.5,73.75,0.0
PUNE_G001,2021-05-09,2021,5,9,129,18.5,73.75,0.8982418179512024
PUNE_G001,2021-05-10,2021,5,10,130,18.5,73.75,0.0
PUNE_G001,2021-05-11,2021,5,11,131,18.5,73.75,0.0
PUNE_G001,2021-05-12,2021,5,12,132,18.5,73.75,0.0
PUNE_G001,2021-05-13,2021,5,13,133,18.5,73.75,0.0
PUNE_G001,2021-05-14,2021,5,14,134,18.5,73.75,0.0
PUNE_G001,2021-05-15,2021,5,15,135,18.5,73.75,1.7899712324142456
PUNE_G001,2021-05-16,2021,5,16,136,18.5,73.75,4.705159664154053
PUNE_G001,2021-05-17,2021,5,17,137,18.5,73.75,8.267065048217773
PUNE_G001,2021-05-18,2021,5,18,138,18.5,73.75,3.259596586227417
PUNE_G001,2021-05-19,2021,5,19,139,18.5,73.75,0.0
PUNE_G001,2021-05-20,2021,5,20,140,18.5,73.75,7.704415321350098
PUNE_G001,2021-05-21,2021,5,21,141,18.5,73.75,0.0
PUNE_G001,2021-05-22,2021,5,22,142,18.5,73.75,8.168889999389648
PUNE_G001,2021-05-23,2021,5,23,143,18.5,73.75,0.0
PUNE_G001,2021-05-24,2021,5,24,144,18.5,73.75,1.309922456741333
PUNE_G001,2021-05-25,2021,5,25,145,18.5,73.75,0.0
PUNE_G001,2021-05-26,2021,5,26,146,18.5,73.75,0.0
PUNE_G001,2021-05-27,2021,5,27,147,18.5,73.75,0.0
PUNE_G001,2021-05-28,2021,5,28,148,18.5,73.75,0.0
PUNE_G001,2021-05-29,2021,5,29,149,18.5,73.75,0.0
PUNE_G001,2021-05-30,2021,5,30,150,18.5,73.75,26.5356388092041
PUNE_G001,2021-05-31,2021,5,31,151,18.5,73.75,0.0
PUNE_G001,2021-06-01,2021,6,1,152,18.5,73.75,25.38690185546875
PUNE_G001,2021-06-02,2021,6,2,153,18.5,73.75,1.0133241415023804
PUNE_G001,2021-06-03,2021,6,3,154,18.5,73.75,2.201597213745117
PUNE_G001,2021-06-04,2021,6,4,155,18.5,73.75,0.0
PUNE_G001,2021-06-05,2021,6,5,156,18.5,73.75,6.973536014556885
PUNE_G001,2021-06-06,2021,6,6,157,18.5,73.75,19.266220092773438
PUNE_G001,2021-06-07,2021,6,7,158,18.5,73.75,0.4748568534851074
PUNE_G001,2021-06-08,2021,6,8,159,18.5,73.75,0.0
PUNE_G001,2021-06-09,2021,6,9,160,18.5,73.75,0.0
PUNE_G001,2021-06-10,2021,6,10,161,18.5,73.75,3.6712396144866943
PUNE_G001,2021-06-11,2021,6,11,162,18.5,73.75,1.0921707153320312
PUNE_G001,2021-06-12,2021,6,12,163,18.5,73.75,0.10412247478961945
PUNE_G001,2021-06-13,2021,6,13,164,18.5,73.75,0.8164076805114746
PUNE_G001,2021-06-14,2021,6,14,165,18.5,73.75,0.5097310543060303
PUNE_G001,2021-06-15,2021,6,15,166,18.5,73.75,0.0
PUNE_G001,2021-06-16,2021,6,16,167,18.5,73.75,4.033714771270752
PUNE_G001,2021-06-17,2021,6,17,168,18.5,73.75,4.328528881072998
PUNE_G001,2021-06-18,2021,6,18,169,18.5,73.75,16.841060638427734
PUNE_G001,2021-06-19,2021,6,19,170,18.5,73.75,42.42311096191406
PUNE_G001,2021-06-20,2021,6,20,171,18.5,73.75,6.16331148147583
PUNE_G001,2021-06-21,2021,6,21,172,18.5,73.75,1.6127831935882568
PUNE_G001,2021-06-22,2021,6,22,173,18.5,73.75,0.3507020175457001
PUNE_G001,2021-06-23,2021,6,23,174,18.5,73.75,0.10066208988428116
PUNE_G001,2021-06-24,2021,6,24,175,18.5,73.75,0.42737117409706116
PUNE_G001,2021-06-25,2021,6,25,176,18.5,73.75,0.0
PUNE_G001,2021-06-26,2021,6,26,177,18.5,73.75,2.113363265991211
PUNE_G001,2021-06-27,2021,6,27,178,18.5,73.75,0.0
PUNE_G001,2021-06-28,2021,6,28,179,18.5,73.75,4.517722129821777
PUNE_G001,2021-06-29,2021,6,29,180,18.5,73.75,0.17864099144935608
PUNE_G001,2021-06-30,2021,6,30,181,18.5,73.75,0.0
PUNE_G001,2021-07-01,2021,7,1,182,18.5,73.75,0.0
PUNE_G001,2021-07-02,2021,7,2,183,18.5,73.75,0.17994049191474915
PUNE_G001,2021-07-03,2021,7,3,184,18.5,73.75,0.0
PUNE_G001,2021-07-04,2021,7,4,185,18.5,73.75,0.0
PUNE_G001,2021-07-05,2021,7,5,186,18.5,73.75,0.0
PUNE_G001,2021-07-06,2021,7,6,187,18.5,73.75,4.731081962585449
PUNE_G001,2021-07-07,2021,7,7,188,18.5,73.75,34.728511810302734
PUNE_G001,2021-07-08,2021,7,8,189,18.5,73.75,0.0
PUNE_G001,2021-07-09,2021,7,9,190,18.5,73.75,2.9956164360046387
PUNE_G001,2021-07-10,2021,7,10,191,18.5,73.75,0.2255028486251831
PUNE_G001,2021-07-11,2021,7,11,192,18.5,73.75,0.9351040720939636
PUNE_G001,2021-07-12,2021,7,12,193,18.5,73.75,0.13495537638664246
PUNE_G001,2021-07-13,2021,7,13,194,18.5,73.75,3.2119462490081787
PUNE_G001,2021-07-14,2021,7,14,195,18.5,73.75,1.6827951669692993
PUNE_G001,2021-07-15,2021,7,15,196,18.5,73.75,0.6511949896812439
PUNE_G001,2021-07-16,2021,7,16,197,18.5,73.75,1.0979887247085571
PUNE_G001,2021-07-17,2021,7,17,198,18.5,73.75,1.827500581741333
PUNE_G001,2021-07-18,2021,7,18,199,18.5,73.75,0.9580724835395813
PUNE_G001,2021-07-19,2021,7,19,200,18.5,73.75,10.04743766784668
PUNE_G001,2021-07-20,2021,7,20,201,18.5,73.75,14.818399429321289
PUNE_G001,2021-07-21,2021,7,21,202,18.5,73.75,4.597573757171631
PUNE_G001,2021-07-22,2021,7,22,203,18.5,73.75,20.23008918762207
PUNE_G001,2021-07-23,2021,7,23,204,18.5,73.75,10.099859237670898
PUNE_G001,2021-07-24,2021,7,24,205,18.5,73.75,74.64928436279297
PUNE_G001,2021-07-25,2021,7,25,206,18.5,73.75,7.853084087371826
PUNE_G001,2021-07-26,2021,7,26,207,18.5,73.75,10.456408500671387
PUNE_G001,2021-07-27,2021,7,27,208,18.5,73.75,6.290637493133545
PUNE_G001,2021-07-28,2021,7,28,209,18.5,73.75,3.8574318885803223
PUNE_G001,2021-07-29,2021,7,29,210,18.5,73.75,1.1818435192108154
PUNE_G001,2021-07-30,2021,7,30,211,18.5,73.75,5.648261070251465
PUNE_G001,2021-07-31,2021,7,31,212,18.5,73.75,3.180220127105713
PUNE_G001,2021-08-01,2021,8,1,213,18.5,73.75,0.5435866117477417
PUNE_G001,2021-08-02,2021,8,2,214,18.5,73.75,1.3732658624649048
PUNE_G001,2021-08-03,2021,8,3,215,18.5,73.75,4.371060848236084
PUNE_G001,2021-08-04,2021,8,4,216,18.5,73.75,2.101623296737671
PUNE_G001,2021-08-05,2021,8,5,217,18.5,73.75,3.1915934085845947
PUNE_G001,2021-08-06,2021,8,6,218,18.5,73.75,0.15635865926742554
PUNE_G001,2021-08-07,2021,8,7,219,18.5,73.75,0.0
PUNE_G001,2021-08-08,2021,8,8,220,18.5,73.75,0.0
PUNE_G001,2021-08-09,2021,8,9,221,18.5,73.75,0.0
PUNE_G001,2021-08-10,2021,8,10,222,18.5,73.75,0.0
PUNE_G001,2021-08-11,2021,8,11,223,18.5,73.75,0.4079236686229706
PUNE_G001,2021-08-12,2021,8,12,224,18.5,73.75,0.0
PUNE_G001,2021-08-13,2021,8,13,225,18.5,73.75,2.6114461421966553
PUNE_G001,2021-08-14,2021,8,14,226,18.5,73.75,0.2704879343509674
PUNE_G001,2021-08-15,2021,8,15,227,18.5,73.75,5.330921173095703
PUNE_G001,2021-08-16,2021,8,16,228,18.5,73.75,0.7603635191917419
PUNE_G001,2021-08-17,2021,8,17,229,18.5,73.75,1.0796430110931396
PUNE_G001,2021-08-18,2021,8,18,230,18.5,73.75,2.1032824516296387
PUNE_G001,2021-08-19,2021,8,19,231,18.5,73.75,0.6870073080062866
PUNE_G001,2021-08-20,2021,8,20,232,18.5,73.75,0.6062098741531372
PUNE_G001,2021-08-21,2021,8,21,233,18.5,73.75,4.843537330627441
PUNE_G001,2021-08-22,2021,8,22,234,18.5,73.75,2.464561939239502
PUNE_G001,2021-08-23,2021,8,23,235,18.5,73.75,0.2735455632209778
PUNE_G001,2021-08-24,2021,8,24,236,18.5,73.75,0.0
PUNE_G001,2021-08-25,2021,8,25,237,18.5,73.75,0.0
PUNE_G001,2021-08-26,2021,8,26,238,18.5,73.75,0.0
PUNE_G001,2021-08-27,2021,8,27,239,18.5,73.75,0.801542341709137
PUNE_G001,2021-08-28,2021,8,28,240,18.5,73.75,0.321213960647583
PUNE_G001,2021-08-29,2021,8,29,241,18.5,73.75,0.0
PUNE_G001,2021-08-30,2021,8,30,242,18.5,73.75,0.0
PUNE_G001,2021-08-31,2021,8,31,243,18.5,73.75,2.159790515899658
PUNE_G001,2021-09-01,2021,9,1,244,18.5,73.75,1.115283727645874
PUNE_G001,2021-09-02,2021,9,2,245,18.5,73.75,0.0
PUNE_G001,2021-09-03,2021,9,3,246,18.5,73.75,0.10641274601221085
PUNE_G001,2021-09-04,2021,9,4,247,18.5,73.75,0.0
PUNE_G001,2021-09-05,2021,9,5,248,18.5,73.75,15.492408752441406
PUNE_G001,2021-09-06,2021,9,6,249,18.5,73.75,1.96326744556427
PUNE_G001,2021-09-07,2021,9,7,250,18.5,73.75,18.146240234375
PUNE_G001,2021-09-08,2021,9,8,251,18.5,73.75,1.770690679550171
PUNE_G001,2021-09-09,2021,9,9,252,18.5,73.75,2.6254079341888428
PUNE_G001,2021-09-10,2021,9,10,253,18.5,73.75,8.434797286987305
PUNE_G001,2021-09-11,2021,9,11,254,18.5,73.75,3.3599798679351807
PUNE_G001,2021-09-12,2021,9,12,255,18.5,73.75,9.990145683288574
PUNE_G001,2021-09-13,2021,9,13,256,18.5,73.75,4.70257043838501
PUNE_G001,2021-09-14,2021,9,14,257,18.5,73.75,4.306471824645996
PUNE_G001,2021-09-15,2021,9,15,258,18.5,73.75,0.9413653016090393
PUNE_G001,2021-09-16,2021,9,16,259,18.5,73.75,0.2624695599079132
PUNE_G001,2021-09-17,2021,9,17,260,18.5,73.75,0.2550283968448639
PUNE_G001,2021-09-18,2021,9,18,261,18.5,73.75,0.17001892626285553
PUNE_G001,2021-09-19,2021,9,19,262,18.5,73.75,0.0
PUNE_G001,2021-09-20,2021,9,20,263,18.5,73.75,0.0
PUNE_G001,2021-09-21,2021,9,21,264,18.5,73.75,0.10090119391679764
PUNE_G001,2021-09-22,2021,9,22,265,18.5,73.75,1.0655211210250854
PUNE_G001,2021-09-23,2021,9,23,266,18.5,73.75,2.9653685092926025
PUNE_G001,2021-09-24,2021,9,24,267,18.5,73.75,0.6297916769981384
PUNE_G001,2021-09-25,2021,9,25,268,18.5,73.75,0.5398215055465698
PUNE_G001,2021-09-26,2021,9,26,269,18.5,73.75,0.0
PUNE_G001,2021-09-27,2021,9,27,270,18.5,73.75,0.8372507691383362
PUNE_G001,2021-09-28,2021,9,28,271,18.5,73.75,0.4360194802284241
PUNE_G001,2021-09-29,2021,9,29,272,18.5,73.75,2.2555015087127686
PUNE_G001,2021-09-30,2021,9,30,273,18.5,73.75,2.8227202892303467
PUNE_G001,2021-10-01,2021,10,1,274,18.5,73.75,0.4063432216644287
PUNE_G001,2021-10-02,2021,10,2,275,18.5,73.75,16.354867935180664
PUNE_G001,2021-10-03,2021,10,3,276,18.5,73.75,0.0
PUNE_G001,2021-10-04,2021,10,4,277,18.5,73.75,15.446964263916016
PUNE_G001,2021-10-05,2021,10,5,278,18.5,73.75,25.36185646057129
PUNE_G001,2021-10-06,2021,10,6,279,18.5,73.75,1.4106611013412476
PUNE_G001,2021-10-07,2021,10,7,280,18.5,73.75,14.207196235656738
PUNE_G001,2021-10-08,2021,10,8,281,18.5,73.75,0.0
PUNE_G001,2021-10-09,2021,10,9,282,18.5,73.75,2.2251689434051514
PUNE_G001,2021-10-10,2021,10,10,283,18.5,73.75,50.735294342041016
PUNE_G001,2021-10-11,2021,10,11,284,18.5,73.75,0.7842664122581482
PUNE_G001,2021-10-12,2021,10,12,285,18.5,73.75,1.262453556060791
PUNE_G001,2021-10-13,2021,10,13,286,18.5,73.75,0.12023366987705231
PUNE_G001,2021-10-14,2021,10,14,287,18.5,73.75,0.0
PUNE_G001,2021-10-15,2021,10,15,288,18.5,73.75,0.0
PUNE_G001,2021-10-16,2021,10,16,289,18.5,73.75,0.0
PUNE_G001,2021-10-17,2021,10,17,290,18.5,73.75,0.0
PUNE_G001,2021-10-18,2021,10,18,291,18.5,73.75,0.0
PUNE_G001,2021-10-19,2021,10,19,292,18.5,73.75,0.0
PUNE_G001,2021-10-20,2021,10,20,293,18.5,73.75,0.0
PUNE_G001,2021-10-21,2021,10,21,294,18.5,73.75,0.0
PUNE_G001,2021-10-22,2021,10,22,295,18.5,73.75,0.0
PUNE_G001,2021-10-23,2021,10,23,296,18.5,73.75,0.0
PUNE_G001,2021-10-24,2021,10,24,297,18.5,73.75,0.0
PUNE_G001,2021-10-25,2021,10,25,298,18.5,73.75,0.0
PUNE_G001,2021-10-26,2021,10,26,299,18.5,73.75,0.0
PUNE_G001,2021-10-27,2021,10,27,300,18.5,73.75,0.0
PUNE_G001,2021-10-28,2021,10,28,301,18.5,73.75,0.0
PUNE_G001,2021-10-29,2021,10,29,302,18.5,73.75,0.0
PUNE_G001,2021-10-30,2021,10,30,303,18.5,73.75,0.0
PUNE_G001,2021-10-31,2021,10,31,304,18.5,73.75,0.0
PUNE_G001,2021-11-01,2021,11,1,305,18.5,73.75,0.0
PUNE_G001,2021-11-02,2021,11,2,306,18.5,73.75,0.0
PUNE_G001,2021-11-03,2021,11,3,307,18.5,73.75,0.0
PUNE_G001,2021-11-04,2021,11,4,308,18.5,73.75,0.0
PUNE_G001,2021-11-05,2021,11,5,309,18.5,73.75,4.923276901245117
PUNE_G001,2021-11-06,2021,11,6,310,18.5,73.75,0.0
PUNE_G001,2021-11-07,2021,11,7,311,18.5,73.75,1.5052019357681274
PUNE_G001,2021-11-08,2021,11,8,312,18.5,73.75,0.0
PUNE_G001,2021-11-09,2021,11,9,313,18.5,73.75,0.0
PUNE_G001,2021-11-10,2021,11,10,314,18.5,73.75,0.0
PUNE_G001,2021-11-11,2021,11,11,315,18.5,73.75,0.0
PUNE_G001,2021-11-12,2021,11,12,316,18.5,73.75,0.0
PUNE_G001,2021-11-13,2021,11,13,317,18.5,73.75,0.0
PUNE_G001,2021-11-14,2021,11,14,318,18.5,73.75,0.0
PUNE_G001,2021-11-15,2021,11,15,319,18.5,73.75,0.0
PUNE_G001,2021-11-16,2021,11,16,320,18.5,73.75,0.17994049191474915
PUNE_G001,2021-11-17,2021,11,17,321,18.5,73.75,8.333818435668945
PUNE_G001,2021-11-18,2021,11,18,322,18.5,73.75,0.2550283968448639
PUNE_G001,2021-11-19,2021,11,19,323,18.5,73.75,0.0
PUNE_G001,2021-11-20,2021,11,20,324,18.5,73.75,0.0
PUNE_G001,2021-11-21,2021,11,21,325,18.5,73.75,2.7264678478240967
PUNE_G001,2021-11-22,2021,11,22,326,18.5,73.75,2.3817312717437744
PUNE_G001,2021-11-23,2021,11,23,327,18.5,73.75,0.0
PUNE_G001,2021-11-24,2021,11,24,328,18.5,73.75,0.0
PUNE_G001,2021-11-25,2021,11,25,329,18.5,73.75,0.0
PUNE_G001,2021-11-26,2021,11,26,330,18.5,73.75,0.0
PUNE_G001,2021-11-27,2021,11,27,331,18.5,73.75,0.0
PUNE_G001,2021-11-28,2021,11,28,332,18.5,73.75,0.0
PUNE_G001,2021-11-29,2021,11,29,333,18.5,73.75,0.0
PUNE_G001,2021-11-30,2021,11,30,334,18.5,73.75,0.0
PUNE_G001,2021-12-01,2021,12,1,335,18.5,73.75,0.7319923639297485
PUNE_G001,2021-12-02,2021,12,2,336,18.5,73.75,76.40960693359375
PUNE_G001,2021-12-03,2021,12,3,337,18.5,73.75,1.2850635051727295
PUNE_G001,2021-12-04,2021,12,4,338,18.5,73.75,0.4913318157196045
PUNE_G001,2021-12-05,2021,12,5,339,18.5,73.75,0.0
PUNE_G001,2021-12-06,2021,12,6,340,18.5,73.75,0.0
PUNE_G001,2021-12-07,2021,12,7,341,18.5,73.75,0.0
PUNE_G001,2021-12-08,2021,12,8,342,18.5,73.75,0.0
PUNE_G001,2021-12-09,2021,12,9,343,18.5,73.75,0.0
PUNE_G001,2021-12-10,2021,12,10,344,18.5,73.75,0.0
PUNE_G001,2021-12-11,2021,12,11,345,18.5,73.75,0.0
PUNE_G001,2021-12-12,2021,12,12,346,18.5,73.75,0.0
PUNE_G001,2021-12-13,2021,12,13,347,18.5,73.75,0.0
PUNE_G001,2021-12-14,2021,12,14,348,18.5,73.75,0.0
PUNE_G001,2021-12-15,2021,12,15,349,18.5,73.75,0.0
PUNE_G001,2021-12-16,2021,12,16,350,18.5,73.75,0.0
PUNE_G001,2021-12-17,2021,12,17,351,18.5,73.75,0.0
PUNE_G001,2021-12-18,2021,12,18,352,18.5,73.75,0.0
PUNE_G001,2021-12-19,2021,12,19,353,18.5,73.75,0.0
PUNE_G001,2021-12-20,2021,12,20,354,18.5,73.75,0.0
PUNE_G001,2021-12-21,2021,12,21,355,18.5,73.75,0.0
PUNE_G001,2021-12-22,2021,12,22,356,18.5,73.75,0.0
PUNE_G001,2021-12-23,2021,12,23,357,18.5,73.75,0.0
PUNE_G001,2021-12-24,2021,12,24,358,18.5,73.75,0.0
PUNE_G001,2021-12-25,2021,12,25,359,18.5,73.75,0.0
PUNE_G001,2021-12-26,2021,12,26,360,18.5,73.75,0.0
PUNE_G001,2021-12-27,2021,12,27,361,18.5,73.75,0.0
PUNE_G001,2021-12-28,2021,12,28,362,18.5,73.75,0.0
PUNE_G001,2021-12-29,2021,12,29,363,18.5,73.75,0.0
PUNE_G001,2021-12-30,2021,12,30,364,18.5,73.75,0.0
PUNE_G001,2021-12-31,2021,12,31,365,18.5,73.75,0.0
PUNE_G001,2022-01-01,2022,1,1,1,18.5,73.75,0.0
PUNE_G001,2022-01-02,2022,1,2,2,18.5,73.75,0.0
PUNE_G001,2022-01-03,2022,1,3,3,18.5,73.75,0.0
PUNE_G001,2022-01-04,2022,1,4,4,18.5,73.75,0.0
PUNE_G001,2022-01-05,2022,1,5,5,18.5,73.75,0.0
PUNE_G001,2022-01-06,2022,1,6,6,18.5,73.75,0.0
PUNE_G001,2022-01-07,2022,1,7,7,18.5,73.75,0.0
PUNE_G001,2022-01-08,2022,1,8,8,18.5,73.75,0.0
PUNE_G001,2022-01-09,2022,1,9,9,18.5,73.75,0.17994049191474915
PUNE_G001,2022-01-10,2022,1,10,10,18.5,73.75,0.0
PUNE_G001,2022-01-11,2022,1,11,11,18.5,73.75,0.0
PUNE_G001,2022-01-12,2022,1,12,12,18.5,73.75,0.0
PUNE_G001,2022-01-13,2022,1,13,13,18.5,73.75,0.0
PUNE_G001,2022-01-14,2022,1,14,14,18.5,73.75,0.0
PUNE_G001,2022-01-15,2022,1,15,15,18.5,73.75,0.0
PUNE_G001,2022-01-16,2022,1,16,16,18.5,73.75,0.0
PUNE_G001,2022-01-17,2022,1,17,17,18.5,73.75,0.0
PUNE_G001,2022-01-18,2022,1,18,18,18.5,73.75,0.0
PUNE_G001,2022-01-19,2022,1,19,19,18.5,73.75,0.0
PUNE_G001,2022-01-20,2022,1,20,20,18.5,73.75,0.0
PUNE_G001,2022-01-21,2022,1,21,21,18.5,73.75,0.0
PUNE_G001,2022-01-22,2022,1,22,22,18.5,73.75,0.0
PUNE_G001,2022-01-23,2022,1,23,23,18.5,73.75,0.0
PUNE_G001,2022-01-24,2022,1,24,24,18.5,73.75,0.0
PUNE_G001,2022-01-25,2022,1,25,25,18.5,73.75,0.0
PUNE_G001,2022-01-26,2022,1,26,26,18.5,73.75,0.0
PUNE_G001,2022-01-27,2022,1,27,27,18.5,73.75,0.0
PUNE_G001,2022-01-28,2022,1,28,28,18.5,73.75,0.0
PUNE_G001,2022-01-29,2022,1,29,29,18.5,73.75,0.0
PUNE_G001,2022-01-30,2022,1,30,30,18.5,73.75,0.0
PUNE_G001,2022-01-31,2022,1,31,31,18.5,73.75,0.0
PUNE_G001,2022-02-01,2022,2,1,32,18.5,73.75,0.0
PUNE_G001,2022-02-02,2022,2,2,33,18.5,73.75,0.0
PUNE_G001,2022-02-03,2022,2,3,34,18.5,73.75,0.0
PUNE_G001,2022-02-04,2022,2,4,35,18.5,73.75,0.0
PUNE_G001,2022-02-05,2022,2,5,36,18.5,73.75,0.0
PUNE_G001,2022-02-06,2022,2,6,37,18.5,73.75,0.0
PUNE_G001,2022-02-07,2022,2,7,38,18.5,73.75,0.0
PUNE_G001,2022-02-08,2022,2,8,39,18.5,73.75,0.0
PUNE_G001,2022-02-09,2022,2,9,40,18.5,73.75,0.0
PUNE_G001,2022-02-10,2022,2,10,41,18.5,73.75,0.0
PUNE_G001,2022-02-11,2022,2,11,42,18.5,73.75,0.0
PUNE_G001,2022-02-12,2022,2,12,43,18.5,73.75,0.0
PUNE_G001,2022-02-13,2022,2,13,44,18.5,73.75,0.0
PUNE_G001,2022-02-14,2022,2,14,45,18.5,73.75,0.0
PUNE_G001,2022-02-15,2022,2,15,46,18.5,73.75,0.0
PUNE_G001,2022-02-16,2022,2,16,47,18.5,73.75,0.0
PUNE_G001,2022-02-17,2022,2,17,48,18.5,73.75,0.0
PUNE_G001,2022-02-18,2022,2,18,49,18.5,73.75,0.0
PUNE_G001,2022-02-19,2022,2,19,50,18.5,73.75,0.0
PUNE_G001,2022-02-20,2022,2,20,51,18.5,73.75,0.0
PUNE_G001,2022-02-21,2022,2,21,52,18.5,73.75,0.0
PUNE_G001,2022-02-22,2022,2,22,53,18.5,73.75,0.0
PUNE_G001,2022-02-23,2022,2,23,54,18.5,73.75,0.0
PUNE_G001,2022-02-24,2022,2,24,55,18.5,73.75,0.0
PUNE_G001,2022-02-25,2022,2,25,56,18.5,73.75,0.0
PUNE_G001,2022-02-26,2022,2,26,57,18.5,73.75,0.0
PUNE_G001,2022-02-27,2022,2,27,58,18.5,73.75,0.0
PUNE_G001,2022-02-28,2022,2,28,59,18.5,73.75,0.0
PUNE_G001,2022-03-01,2022,3,1,60,18.5,73.75,0.0
PUNE_G001,2022-03-02,2022,3,2,61,18.5,73.75,0.0
PUNE_G001,2022-03-03,2022,3,3,62,18.5,73.75,0.0
PUNE_G001,2022-03-04,2022,3,4,63,18.5,73.75,0.0
PUNE_G001,2022-03-05,2022,3,5,64,18.5,73.75,0.0
PUNE_G001,2022-03-06,2022,3,6,65,18.5,73.75,0.0
PUNE_G001,2022-03-07,2022,3,7,66,18.5,73.75,0.0
PUNE_G001,2022-03-08,2022,3,8,67,18.5,73.75,0.0
PUNE_G001,2022-03-09,2022,3,9,68,18.5,73.75,0.0
PUNE_G001,2022-03-10,2022,3,10,69,18.5,73.75,0.0
PUNE_G001,2022-03-11,2022,3,11,70,18.5,73.75,0.0
PUNE_G001,2022-03-12,2022,3,12,71,18.5,73.75,1.818833351135254
PUNE_G001,2022-03-13,2022,3,13,72,18.5,73.75,0.0
PUNE_G001,2022-03-14,2022,3,14,73,18.5,73.75,0.0
PUNE_G001,2022-03-15,2022,3,15,74,18.5,73.75,0.0
PUNE_G001,2022-03-16,2022,3,16,75,18.5,73.75,0.0
PUNE_G001,2022-03-17,2022,3,17,76,18.5,73.75,0.0
PUNE_G001,2022-03-18,2022,3,18,77,18.5,73.75,0.0
PUNE_G001,2022-03-19,2022,3,19,78,18.5,73.75,0.0
PUNE_G001,2022-03-20,2022,3,20,79,18.5,73.75,0.0
PUNE_G001,2022-03-21,2022,3,21,80,18.5,73.75,0.0
PUNE_G001,2022-03-22,2022,3,22,81,18.5,73.75,0.0
PUNE_G001,2022-03-23,2022,3,23,82,18.5,73.75,0.0
PUNE_G001,2022-03-24,2022,3,24,83,18.5,73.75,0.0
PUNE_G001,2022-03-25,2022,3,25,84,18.5,73.75,0.0
PUNE_G001,2022-03-26,2022,3,26,85,18.5,73.75,0.0
PUNE_G001,2022-03-27,2022,3,27,86,18.5,73.75,0.0
PUNE_G001,2022-03-28,2022,3,28,87,18.5,73.75,0.0
PUNE_G001,2022-03-29,2022,3,29,88,18.5,73.75,0.0
PUNE_G001,2022-03-30,2022,3,30,89,18.5,73.75,0.0
PUNE_G001,2022-03-31,2022,3,31,90,18.5,73.75,0.0
PUNE_G001,2022-04-01,2022,4,1,91,18.5,73.75,0.0
PUNE_G001,2022-04-02,2022,4,2,92,18.5,73.75,0.0
PUNE_G001,2022-04-03,2022,4,3,93,18.5,73.75,0.0
PUNE_G001,2022-04-04,2022,4,4,94,18.5,73.75,0.0
PUNE_G001,2022-04-05,2022,4,5,95,18.5,73.75,0.0
PUNE_G001,2022-04-06,2022,4,6,96,18.5,73.75,0.0
PUNE_G001,2022-04-07,2022,4,7,97,18.5,73.75,0.0
PUNE_G001,2022-04-08,2022,4,8,98,18.5,73.75,0.0
PUNE_G001,2022-04-09,2022,4,9,99,18.5,73.75,0.0
PUNE_G001,2022-04-10,2022,4,10,100,18.5,73.75,0.0
PUNE_G001,2022-04-11,2022,4,11,101,18.5,73.75,0.0
PUNE_G001,2022-04-12,2022,4,12,102,18.5,73.75,0.0
PUNE_G001,2022-04-13,2022,4,13,103,18.5,73.75,0.0
PUNE_G001,2022-04-14,2022,4,14,104,18.5,73.75,0.0
PUNE_G001,2022-04-15,2022,4,15,105,18.5,73.75,0.0
PUNE_G001,2022-04-16,2022,4,16,106,18.5,73.75,0.0
PUNE_G001,2022-04-17,2022,4,17,107,18.5,73.75,0.0
PUNE_G001,2022-04-18,2022,4,18,108,18.5,73.75,0.0
PUNE_G001,2022-04-19,2022,4,19,109,18.5,73.75,0.0
PUNE_G001,2022-04-20,2022,4,20,110,18.5,73.75,0.0
PUNE_G001,2022-04-21,2022,4,21,111,18.5,73.75,0.0
PUNE_G001,2022-04-22,2022,4,22,112,18.5,73.75,0.0
PUNE_G001,2022-04-23,2022,4,23,113,18.5,73.75,0.0
PUNE_G001,2022-04-24,2022,4,24,114,18.5,73.75,0.0
PUNE_G001,2022-04-25,2022,4,25,115,18.5,73.75,0.0
PUNE_G001,2022-04-26,2022,4,26,116,18.5,73.75,0.0
PUNE_G001,2022-04-27,2022,4,27,117,18.5,73.75,0.0
PUNE_G001,2022-04-28,2022,4,28,118,18.5,73.75,0.0
PUNE_G001,2022-04-29,2022,4,29,119,18.5,73.75,0.0
PUNE_G001,2022-04-30,2022,4,30,120,18.5,73.75,0.0
PUNE_G001,2022-05-01,2022,5,1,121,18.5,73.75,0.0
PUNE_G001,2022-05-02,2022,5,2,122,18.5,73.75,0.0
PUNE_G001,2022-05-03,2022,5,3,123,18.5,73.75,0.0
PUNE_G001,2022-05-04,2022,5,4,124,18.5,73.75,0.0
PUNE_G001,2022-05-05,2022,5,5,125,18.5,73.75,0.0
PUNE_G001,2022-05-06,2022,5,6,126,18.5,73.75,0.0
PUNE_G001,2022-05-07,2022,5,7,127,18.5,73.75,0.0
PUNE_G001,2022-05-08,2022,5,8,128,18.5,73.75,0.0
PUNE_G001,2022-05-09,2022,5,9,129,18.5,73.75,0.0
PUNE_G001,2022-05-10,2022,5,10,130,18.5,73.75,0.0
PUNE_G001,2022-05-11,2022,5,11,131,18.5,73.75,0.0
PUNE_G001,2022-05-12,2022,5,12,132,18.5,73.75,0.0
PUNE_G001,2022-05-13,2022,5,13,133,18.5,73.75,0.0
PUNE_G001,2022-05-14,2022,5,14,134,18.5,73.75,0.0
PUNE_G001,2022-05-15,2022,5,15,135,18.5,73.75,0.0
PUNE_G001,2022-05-16,2022,5,16,136,18.5,73.75,0.0
PUNE_G001,2022-05-17,2022,5,17,137,18.5,73.75,0.0
PUNE_G001,2022-05-18,2022,5,18,138,18.5,73.75,0.0
PUNE_G001,2022-05-19,2022,5,19,139,18.5,73.75,0.0
PUNE_G001,2022-05-20,2022,5,20,140,18.5,73.75,0.40792369842529297
PUNE_G001,2022-05-21,2022,5,21,141,18.5,73.75,0.0
PUNE_G001,2022-05-22,2022,5,22,142,18.5,73.75,0.0
PUNE_G001,2022-05-23,2022,5,23,143,18.5,73.75,0.0
PUNE_G001,2022-05-24,2022,5,24,144,18.5,73.75,0.0
PUNE_G001,2022-05-25,2022,5,25,145,18.5,73.75,0.0
PUNE_G001,2022-05-26,2022,5,26,146,18.5,73.75,0.0
PUNE_G001,2022-05-27,2022,5,27,147,18.5,73.75,0.0
PUNE_G001,2022-05-28,2022,5,28,148,18.5,73.75,0.0
PUNE_G001,2022-05-29,2022,5,29,149,18.5,73.75,0.0
PUNE_G001,2022-05-30,2022,5,30,150,18.5,73.75,0.0
PUNE_G001,2022-05-31,2022,5,31,151,18.5,73.75,0.0
PUNE_G001,2022-06-01,2022,6,1,152,18.5,73.75,0.0
PUNE_G001,2022-06-02,2022,6,2,153,18.5,73.75,0.0
PUNE_G001,2022-06-03,2022,6,3,154,18.5,73.75,0.0
PUNE_G001,2022-06-04,2022,6,4,155,18.5,73.75,0.0
PUNE_G001,2022-06-05,2022,6,5,156,18.5,73.75,0.0
PUNE_G001,2022-06-06,2022,6,6,157,18.5,73.75,0.0
PUNE_G001,2022-06-07,2022,6,7,158,18.5,73.75,0.0
PUNE_G001,2022-06-08,2022,6,8,159,18.5,73.75,0.0
PUNE_G001,2022-06-09,2022,6,9,160,18.5,73.75,0.0
PUNE_G001,2022-06-10,2022,6,10,161,18.5,73.75,0.3148958683013916
PUNE_G001,2022-06-11,2022,6,11,162,18.5,73.75,25.312543869018555
PUNE_G001,2022-06-12,2022,6,12,163,18.5,73.75,1.0429548025131226
PUNE_G001,2022-06-13,2022,6,13,164,18.5,73.75,0.0
PUNE_G001,2022-06-14,2022,6,14,165,18.5,73.75,0.0
PUNE_G001,2022-06-15,2022,6,15,166,18.5,73.75,0.0
PUNE_G001,2022-06-16,2022,6,16,167,18.5,73.75,0.0
PUNE_G001,2022-06-17,2022,6,17,168,18.5,73.75,0.0
PUNE_G001,2022-06-18,2022,6,18,169,18.5,73.75,0.0
PUNE_G001,2022-06-19,2022,6,19,170,18.5,73.75,0.0
PUNE_G001,2022-06-20,2022,6,20,171,18.5,73.75,0.0
PUNE_G001,2022-06-21,2022,6,21,172,18.5,73.75,1.6993898153305054
PUNE_G001,2022-06-22,2022,6,22,173,18.5,73.75,0.0
PUNE_G001,2022-06-23,2022,6,23,174,18.5,73.75,1.3727151155471802
PUNE_G001,2022-06-24,2022,6,24,175,18.5,73.75,0.7622666954994202
PUNE_G001,2022-06-25,2022,6,25,176,18.5,73.75,0.28025156259536743
PUNE_G001,2022-06-26,2022,6,26,177,18.5,73.75,0.0
PUNE_G001,2022-06-27,2022,6,27,178,18.5,73.75,0.0
PUNE_G001,2022-06-28,2022,6,28,179,18.5,73.75,1.417953372001648
PUNE_G001,2022-06-29,2022,6,29,180,18.5,73.75,0.29742923378944397
PUNE_G001,2022-06-30,2022,6,30,181,18.5,73.75,0.20433643460273743
PUNE_G001,2022-07-01,2022,7,1,182,18.5,73.75,8.863157272338867
PUNE_G001,2022-07-02,2022,7,2,183,18.5,73.75,5.58125114440918
PUNE_G001,2022-07-03,2022,7,3,184,18.5,73.75,3.5839006900787354
PUNE_G001,2022-07-04,2022,7,4,185,18.5,73.75,3.508434534072876
PUNE_G001,2022-07-05,2022,7,5,186,18.5,73.75,10.389322280883789
PUNE_G001,2022-07-06,2022,7,6,187,18.5,73.75,20.015975952148438
PUNE_G001,2022-07-07,2022,7,7,188,18.5,73.75,14.954911231994629
PUNE_G001,2022-07-08,2022,7,8,189,18.5,73.75,14.920239448547363
PUNE_G001,2022-07-09,2022,7,9,190,18.5,73.75,10.81035041809082
PUNE_G001,2022-07-10,2022,7,10,191,18.5,73.75,19.032989501953125
PUNE_G001,2022-07-11,2022,7,11,192,18.5,73.75,20.59268569946289
PUNE_G001,2022-07-12,2022,7,12,193,18.5,73.75,61.18720245361328
PUNE_G001,2022-07-13,2022,7,13,194,18.5,73.75,49.10592269897461
PUNE_G001,2022-07-14,2022,7,14,195,18.5,73.75,53.27753829956055
PUNE_G001,2022-07-15,2022,7,15,196,18.5,73.75,18.267559051513672
PUNE_G001,2022-07-16,2022,7,16,197,18.5,73.75,9.933362007141113
PUNE_G001,2022-07-17,2022,7,17,198,18.5,73.75,4.270475387573242
PUNE_G001,2022-07-18,2022,7,18,199,18.5,73.75,1.7047724723815918
PUNE_G001,2022-07-19,2022,7,19,200,18.5,73.75,3.780609369277954
PUNE_G001,2022-07-20,2022,7,20,201,18.5,73.75,0.49339136481285095
PUNE_G001,2022-07-21,2022,7,21,202,18.5,73.75,0.3821347653865814
PUNE_G001,2022-07-22,2022,7,22,203,18.5,73.75,1.2760899066925049
PUNE_G001,2022-07-23,2022,7,23,204,18.5,73.75,0.21047943830490112
PUNE_G001,2022-07-24,2022,7,24,205,18.5,73.75,4.879547119140625
PUNE_G001,2022-07-25,2022,7,25,206,18.5,73.75,0.911909282207489
PUNE_G001,2022-07-26,2022,7,26,207,18.5,73.75,3.999781608581543
PUNE_G001,2022-07-27,2022,7,27,208,18.5,73.75,1.0439140796661377
PUNE_G001,2022-07-28,2022,7,28,209,18.5,73.75,41.190486907958984
PUNE_G001,2022-07-29,2022,7,29,210,18.5,73.75,2.8663382530212402
PUNE_G001,2022-07-30,2022,7,30,211,18.5,73.75,0.70207279920578
PUNE_G001,2022-07-31,2022,7,31,212,18.5,73.75,0.1543441116809845
PUNE_G001,2022-08-01,2022,8,1,213,18.5,73.75,0.0
PUNE_G001,2022-08-02,2022,8,2,214,18.5,73.75,0.0
PUNE_G001,2022-08-03,2022,8,3,215,18.5,73.75,0.0
PUNE_G001,2022-08-04,2022,8,4,216,18.5,73.75,4.323614597320557
PUNE_G001,2022-08-05,2022,8,5,217,18.5,73.75,8.745396614074707
PUNE_G001,2022-08-06,2022,8,6,218,18.5,73.75,13.139297485351562
PUNE_G001,2022-08-07,2022,8,7,219,18.5,73.75,1.2462430000305176
PUNE_G001,2022-08-08,2022,8,8,220,18.5,73.75,30.596847534179688
PUNE_G001,2022-08-09,2022,8,9,221,18.5,73.75,12.889647483825684
PUNE_G001,2022-08-10,2022,8,10,222,18.5,73.75,24.568328857421875
PUNE_G001,2022-08-11,2022,8,11,223,18.5,73.75,14.293108940124512
PUNE_G001,2022-08-12,2022,8,12,224,18.5,73.75,3.752655029296875
PUNE_G001,2022-08-13,2022,8,13,225,18.5,73.75,4.98635196685791
PUNE_G001,2022-08-14,2022,8,14,226,18.5,73.75,2.698035717010498
PUNE_G001,2022-08-15,2022,8,15,227,18.5,73.75,2.0983963012695312
PUNE_G001,2022-08-16,2022,8,16,228,18.5,73.75,9.771190643310547
PUNE_G001,2022-08-17,2022,8,17,229,18.5,73.75,1.4377449750900269
PUNE_G001,2022-08-18,2022,8,18,230,18.5,73.75,9.503259658813477
PUNE_G001,2022-08-19,2022,8,19,231,18.5,73.75,3.069356679916382
PUNE_G001,2022-08-20,2022,8,20,232,18.5,73.75,0.6169636249542236
PUNE_G001,2022-08-21,2022,8,21,233,18.5,73.75,0.5478697419166565
PUNE_G001,2022-08-22,2022,8,22,234,18.5,73.75,0.45011627674102783
PUNE_G001,2022-08-23,2022,8,23,235,18.5,73.75,1.3605562448501587
PUNE_G001,2022-08-24,2022,8,24,236,18.5,73.75,1.783407211303711
PUNE_G001,2022-08-25,2022,8,25,237,18.5,73.75,2.137282609939575
PUNE_G001,2022-08-26,2022,8,26,238,18.5,73.75,0.0
PUNE_G001,2022-08-27,2022,8,27,239,18.5,73.75,0.0
PUNE_G001,2022-08-28,2022,8,28,240,18.5,73.75,0.0
PUNE_G001,2022-08-29,2022,8,29,241,18.5,73.75,0.0
PUNE_G001,2022-08-30,2022,8,30,242,18.5,73.75,0.0
PUNE_G001,2022-08-31,2022,8,31,243,18.5,73.75,9.381431579589844
PUNE_G001,2022-09-01,2022,9,1,244,18.5,73.75,12.639305114746094
PUNE_G001,2022-09-02,2022,9,2,245,18.5,73.75,0.0
PUNE_G001,2022-09-03,2022,9,3,246,18.5,73.75,0.0
PUNE_G001,2022-09-04,2022,9,4,247,18.5,73.75,8.54100513458252
PUNE_G001,2022-09-05,2022,9,5,248,18.5,73.75,0.0
PUNE_G001,2022-09-06,2022,9,6,249,18.5,73.75,0.0
PUNE_G001,2022-09-07,2022,9,7,250,18.5,73.75,15.676467895507812
PUNE_G001,2022-09-08,2022,9,8,251,18.5,73.75,40.58750915527344
PUNE_G001,2022-09-09,2022,9,9,252,18.5,73.75,1.9902067184448242
PUNE_G001,2022-09-10,2022,9,10,253,18.5,73.75,0.0
PUNE_G001,2022-09-11,2022,9,11,254,18.5,73.75,0.5029324293136597
PUNE_G001,2022-09-12,2022,9,12,255,18.5,73.75,32.11082077026367
PUNE_G001,2022-09-13,2022,9,13,256,18.5,73.75,6.012030601501465
PUNE_G001,2022-09-14,2022,9,14,257,18.5,73.75,9.38090705871582
PUNE_G001,2022-09-15,2022,9,15,258,18.5,73.75,4.010442733764648
PUNE_G001,2022-09-16,2022,9,16,259,18.5,73.75,13.48745059967041
PUNE_G001,2022-09-17,2022,9,17,260,18.5,73.75,28.072872161865234
PUNE_G001,2022-09-18,2022,9,18,261,18.5,73.75,1.7307981252670288
PUNE_G001,2022-09-19,2022,9,19,262,18.5,73.75,0.7705239057540894
PUNE_G001,2022-09-20,2022,9,20,263,18.5,73.75,4.322417736053467
PUNE_G001,2022-09-21,2022,9,21,264,18.5,73.75,1.74297297000885
PUNE_G001,2022-09-22,2022,9,22,265,18.5,73.75,0.0
PUNE_G001,2022-09-23,2022,9,23,266,18.5,73.75,0.0
PUNE_G001,2022-09-24,2022,9,24,267,18.5,73.75,0.0
PUNE_G001,2022-09-25,2022,9,25,268,18.5,73.75,0.46646007895469666
PUNE_G001,2022-09-26,2022,9,26,269,18.5,73.75,0.0
PUNE_G001,2022-09-27,2022,9,27,270,18.5,73.75,0.30392277240753174
PUNE_G001,2022-09-28,2022,9,28,271,18.5,73.75,0.48761188983917236
PUNE_G001,2022-09-29,2022,9,29,272,18.5,73.75,0.5778576135635376
PUNE_G001,2022-09-30,2022,9,30,273,18.5,73.75,21.784046173095703
PUNE_G001,2022-10-01,2022,10,1,274,18.5,73.75,40.43430709838867
PUNE_G001,2022-10-02,2022,10,2,275,18.5,73.75,0.0
PUNE_G001,2022-10-03,2022,10,3,276,18.5,73.75,0.0
PUNE_G001,2022-10-04,2022,10,4,277,18.5,73.75,0.0
PUNE_G001,2022-10-05,2022,10,5,278,18.5,73.75,7.070372104644775
PUNE_G001,2022-10-06,2022,10,6,279,18.5,73.75,3.982163906097412
PUNE_G001,2022-10-07,2022,10,7,280,18.5,73.75,3.3930137157440186
PUNE_G001,2022-10-08,2022,10,8,281,18.5,73.75,0.9473947286605835
PUNE_G001,2022-10-09,2022,10,9,282,18.5,73.75,3.8196260929107666
PUNE_G001,2022-10-10,2022,10,10,283,18.5,73.75,0.0
PUNE_G001,2022-10-11,2022,10,11,284,18.5,73.75,13.129598617553711
PUNE_G001,2022-10-12,2022,10,12,285,18.5,73.75,5.477005481719971
PUNE_G001,2022-10-13,2022,10,13,286,18.5,73.75,0.2843814194202423
PUNE_G001,2022-10-14,2022,10,14,287,18.5,73.75,1.0505061149597168
PUNE_G001,2022-10-15,2022,10,15,288,18.5,73.75,65.1833267211914
PUNE_G001,2022-10-16,2022,10,16,289,18.5,73.75,0.0
PUNE_G001,2022-10-17,2022,10,17,290,18.5,73.75,4.679515361785889
PUNE_G001,2022-10-18,2022,10,18,291,18.5,73.75,92.63134002685547
PUNE_G001,2022-10-19,2022,10,19,292,18.5,73.75,6.0739970207214355
PUNE_G001,2022-10-20,2022,10,20,293,18.5,73.75,11.283294677734375
PUNE_G001,2022-10-21,2022,10,21,294,18.5,73.75,17.12494659423828
PUNE_G001,2022-10-22,2022,10,22,295,18.5,73.75,1.6296534538269043
PUNE_G001,2022-10-23,2022,10,23,296,18.5,73.75,0.0
PUNE_G001,2022-10-24,2022,10,24,297,18.5,73.75,0.0
PUNE_G001,2022-10-25,2022,10,25,298,18.5,73.75,0.0
PUNE_G001,2022-10-26,2022,10,26,299,18.5,73.75,0.0
PUNE_G001,2022-10-27,2022,10,27,300,18.5,73.75,0.0
PUNE_G001,2022-10-28,2022,10,28,301,18.5,73.75,0.0
PUNE_G001,2022-10-29,2022,10,29,302,18.5,73.75,0.0
PUNE_G001,2022-10-30,2022,10,30,303,18.5,73.75,0.0
PUNE_G001,2022-10-31,2022,10,31,304,18.5,73.75,0.0
PUNE_G001,2022-11-01,2022,11,1,305,18.5,73.75,0.0
PUNE_G001,2022-11-02,2022,11,2,306,18.5,73.75,0.0
PUNE_G001,2022-11-03,2022,11,3,307,18.5,73.75,0.0
PUNE_G001,2022-11-04,2022,11,4,308,18.5,73.75,0.0
PUNE_G001,2022-11-05,2022,11,5,309,18.5,73.75,0.0
PUNE_G001,2022-11-06,2022,11,6,310,18.5,73.75,0.0
PUNE_G001,2022-11-07,2022,11,7,311,18.5,73.75,0.0
PUNE_G001,2022-11-08,2022,11,8,312,18.5,73.75,0.0
PUNE_G001,2022-11-09,2022,11,9,313,18.5,73.75,0.0
PUNE_G001,2022-11-10,2022,11,10,314,18.5,73.75,0.0
PUNE_G001,2022-11-11,2022,11,11,315,18.5,73.75,0.0
PUNE_G001,2022-11-12,2022,11,12,316,18.5,73.75,0.0
PUNE_G001,2022-11-13,2022,11,13,317,18.5,73.75,0.0
PUNE_G001,2022-11-14,2022,11,14,318,18.5,73.75,0.0
PUNE_G001,2022-11-15,2022,11,15,319,18.5,73.75,0.0
PUNE_G001,2022-11-16,2022,11,16,320,18.5,73.75,0.0
PUNE_G001,2022-11-17,2022,11,17,321,18.5,73.75,0.0
PUNE_G001,2022-11-18,2022,11,18,322,18.5,73.75,0.0
PUNE_G001,2022-11-19,2022,11,19,323,18.5,73.75,0.0
PUNE_G001,2022-11-20,2022,11,20,324,18.5,73.75,0.0
PUNE_G001,2022-11-21,2022,11,21,325,18.5,73.75,0.0
PUNE_G001,2022-11-22,2022,11,22,326,18.5,73.75,0.0
PUNE_G001,2022-11-23,2022,11,23,327,18.5,73.75,0.0
PUNE_G001,2022-11-24,2022,11,24,328,18.5,73.75,0.0
PUNE_G001,2022-11-25,2022,11,25,329,18.5,73.75,0.0
PUNE_G001,2022-11-26,2022,11,26,330,18.5,73.75,0.0
PUNE_G001,2022-11-27,2022,11,27,331,18.5,73.75,0.0
PUNE_G001,2022-11-28,2022,11,28,332,18.5,73.75,0.0
PUNE_G001,2022-11-29,2022,11,29,333,18.5,73.75,0.0
PUNE_G001,2022-11-30,2022,11,30,334,18.5,73.75,0.0
PUNE_G001,2022-12-01,2022,12,1,335,18.5,73.75,0.0
PUNE_G001,2022-12-02,2022,12,2,336,18.5,73.75,0.0
PUNE_G001,2022-12-03,2022,12,3,337,18.5,73.75,0.0
PUNE_G001,2022-12-04,2022,12,4,338,18.5,73.75,0.0
PUNE_G001,2022-12-05,2022,12,5,339,18.5,73.75,0.0
PUNE_G001,2022-12-06,2022,12,6,340,18.5,73.75,0.0
PUNE_G001,2022-12-07,2022,12,7,341,18.5,73.75,0.0
PUNE_G001,2022-12-08,2022,12,8,342,18.5,73.75,0.0
PUNE_G001,2022-12-09,2022,12,9,343,18.5,73.75,0.0
PUNE_G001,2022-12-10,2022,12,10,344,18.5,73.75,0.0
PUNE_G001,2022-12-11,2022,12,11,345,18.5,73.75,0.0
PUNE_G001,2022-12-12,2022,12,12,346,18.5,73.75,0.9752237796783447
PUNE_G001,2022-12-13,2022,12,13,347,18.5,73.75,0.0
PUNE_G001,2022-12-14,2022,12,14,348,18.5,73.75,0.0
PUNE_G001,2022-12-15,2022,12,15,349,18.5,73.75,0.0
PUNE_G001,2022-12-16,2022,12,16,350,18.5,73.75,0.0
PUNE_G001,2022-12-17,2022,12,17,351,18.5,73.75,0.0
PUNE_G001,2022-12-18,2022,12,18,352,18.5,73.75,0.0
PUNE_G001,2022-12-19,2022,12,19,353,18.5,73.75,0.0
PUNE_G001,2022-12-20,2022,12,20,354,18.5,73.75,0.0
PUNE_G001,2022-12-21,2022,12,21,355,18.5,73.75,0.0
PUNE_G001,2022-12-22,2022,12,22,356,18.5,73.75,0.0
PUNE_G001,2022-12-23,2022,12,23,357,18.5,73.75,0.0
PUNE_G001,2022-12-24,2022,12,24,358,18.5,73.75,0.0
PUNE_G001,2022-12-25,2022,12,25,359,18.5,73.75,0.0
PUNE_G001,2022-12-26,2022,12,26,360,18.5,73.75,0.0
PUNE_G001,2022-12-27,2022,12,27,361,18.5,73.75,0.0
PUNE_G001,2022-12-28,2022,12,28,362,18.5,73.75,0.0
PUNE_G001,2022-12-29,2022,12,29,363,18.5,73.75,0.0
PUNE_G001,2022-12-30,2022,12,30,364,18.5,73.75,0.0
PUNE_G001,2022-12-31,2022,12,31,365,18.5,73.75,0.0
PUNE_G001,2023-01-01,2023,1,1,1,18.5,73.75,0.0
PUNE_G001,2023-01-02,2023,1,2,2,18.5,73.75,0.0
PUNE_G001,2023-01-03,2023,1,3,3,18.5,73.75,0.0
PUNE_G001,2023-01-04,2023,1,4,4,18.5,73.75,0.0
PUNE_G001,2023-01-05,2023,1,5,5,18.5,73.75,0.0
PUNE_G001,2023-01-06,2023,1,6,6,18.5,73.75,0.0
PUNE_G001,2023-01-07,2023,1,7,7,18.5,73.75,0.0
PUNE_G001,2023-01-08,2023,1,8,8,18.5,73.75,0.0
PUNE_G001,2023-01-09,2023,1,9,9,18.5,73.75,0.0
PUNE_G001,2023-01-10,2023,1,10,10,18.5,73.75,0.0
PUNE_G001,2023-01-11,2023,1,11,11,18.5,73.75,0.0
PUNE_G001,2023-01-12,2023,1,12,12,18.5,73.75,0.0
PUNE_G001,2023-01-13,2023,1,13,13,18.5,73.75,0.0
PUNE_G001,2023-01-14,2023,1,14,14,18.5,73.75,0.0
PUNE_G001,2023-01-15,2023,1,15,15,18.5,73.75,0.0
PUNE_G001,2023-01-16,2023,1,16,16,18.5,73.75,0.0
PUNE_G001,2023-01-17,2023,1,17,17,18.5,73.75,0.0
PUNE_G001,2023-01-18,2023,1,18,18,18.5,73.75,0.0
PUNE_G001,2023-01-19,2023,1,19,19,18.5,73.75,0.0
PUNE_G001,2023-01-20,2023,1,20,20,18.5,73.75,0.0
PUNE_G001,2023-01-21,2023,1,21,21,18.5,73.75,0.0
PUNE_G001,2023-01-22,2023,1,22,22,18.5,73.75,0.0
PUNE_G001,2023-01-23,2023,1,23,23,18.5,73.75,0.0
PUNE_G001,2023-01-24,2023,1,24,24,18.5,73.75,0.0
PUNE_G001,2023-01-25,2023,1,25,25,18.5,73.75,0.0
PUNE_G001,2023-01-26,2023,1,26,26,18.5,73.75,0.0
PUNE_G001,2023-01-27,2023,1,27,27,18.5,73.75,0.0
PUNE_G001,2023-01-28,2023,1,28,28,18.5,73.75,0.0
PUNE_G001,2023-01-29,2023,1,29,29,18.5,73.75,0.0
PUNE_G001,2023-01-30,2023,1,30,30,18.5,73.75,0.0
PUNE_G001,2023-01-31,2023,1,31,31,18.5,73.75,0.0
PUNE_G001,2023-02-01,2023,2,1,32,18.5,73.75,0.0
PUNE_G001,2023-02-02,2023,2,2,33,18.5,73.75,0.0
PUNE_G001,2023-02-03,2023,2,3,34,18.5,73.75,0.0
PUNE_G001,2023-02-04,2023,2,4,35,18.5,73.75,0.0
PUNE_G001,2023-02-05,2023,2,5,36,18.5,73.75,0.0
PUNE_G001,2023-02-06,2023,2,6,37,18.5,73.75,0.0
PUNE_G001,2023-02-07,2023,2,7,38,18.5,73.75,0.0
PUNE_G001,2023-02-08,2023,2,8,39,18.5,73.75,0.0
PUNE_G001,2023-02-09,2023,2,9,40,18.5,73.75,0.0
PUNE_G001,2023-02-10,2023,2,10,41,18.5,73.75,0.0
PUNE_G001,2023-02-11,2023,2,11,42,18.5,73.75,0.0
PUNE_G001,2023-02-12,2023,2,12,43,18.5,73.75,0.0
PUNE_G001,2023-02-13,2023,2,13,44,18.5,73.75,0.0
PUNE_G001,2023-02-14,2023,2,14,45,18.5,73.75,0.0
PUNE_G001,2023-02-15,2023,2,15,46,18.5,73.75,0.0
PUNE_G001,2023-02-16,2023,2,16,47,18.5,73.75,0.0
PUNE_G001,2023-02-17,2023,2,17,48,18.5,73.75,0.0
PUNE_G001,2023-02-18,2023,2,18,49,18.5,73.75,0.0
PUNE_G001,2023-02-19,2023,2,19,50,18.5,73.75,0.0
PUNE_G001,2023-02-20,2023,2,20,51,18.5,73.75,0.0
PUNE_G001,2023-02-21,2023,2,21,52,18.5,73.75,0.0
PUNE_G001,2023-02-22,2023,2,22,53,18.5,73.75,0.0
PUNE_G001,2023-02-23,2023,2,23,54,18.5,73.75,0.0
PUNE_G001,2023-02-24,2023,2,24,55,18.5,73.75,0.0
PUNE_G001,2023-02-25,2023,2,25,56,18.5,73.75,0.0
PUNE_G001,2023-02-26,2023,2,26,57,18.5,73.75,0.0
PUNE_G001,2023-02-27,2023,2,27,58,18.5,73.75,0.0
PUNE_G001,2023-02-28,2023,2,28,59,18.5,73.75,0.0
PUNE_G001,2023-03-01,2023,3,1,60,18.5,73.75,0.0
PUNE_G001,2023-03-02,2023,3,2,61,18.5,73.75,0.0
PUNE_G001,2023-03-03,2023,3,3,62,18.5,73.75,0.0
PUNE_G001,2023-03-04,2023,3,4,63,18.5,73.75,0.0
PUNE_G001,2023-03-05,2023,3,5,64,18.5,73.75,0.0
PUNE_G001,2023-03-06,2023,3,6,65,18.5,73.75,0.0
PUNE_G001,2023-03-07,2023,3,7,66,18.5,73.75,3.6138572692871094
PUNE_G001,2023-03-08,2023,3,8,67,18.5,73.75,0.12909242510795593
PUNE_G001,2023-03-09,2023,3,9,68,18.5,73.75,0.0
PUNE_G001,2023-03-10,2023,3,10,69,18.5,73.75,0.0
PUNE_G001,2023-03-11,2023,3,11,70,18.5,73.75,0.0
PUNE_G001,2023-03-12,2023,3,12,71,18.5,73.75,0.0
PUNE_G001,2023-03-13,2023,3,13,72,18.5,73.75,0.0
PUNE_G001,2023-03-14,2023,3,14,73,18.5,73.75,0.0
PUNE_G001,2023-03-15,2023,3,15,74,18.5,73.75,0.0
PUNE_G001,2023-03-16,2023,3,16,75,18.5,73.75,1.2642329931259155
PUNE_G001,2023-03-17,2023,3,17,76,18.5,73.75,4.1437883377075195
PUNE_G001,2023-03-18,2023,3,18,77,18.5,73.75,0.0
PUNE_G001,2023-03-19,2023,3,19,78,18.5,73.75,0.0
PUNE_G001,2023-03-20,2023,3,20,79,18.5,73.75,0.0
PUNE_G001,2023-03-21,2023,3,21,80,18.5,73.75,0.0
PUNE_G001,2023-03-22,2023,3,22,81,18.5,73.75,0.3889947831630707
PUNE_G001,2023-03-23,2023,3,23,82,18.5,73.75,0.0
PUNE_G001,2023-03-24,2023,3,24,83,18.5,73.75,0.0
PUNE_G001,2023-03-25,2023,3,25,84,18.5,73.75,0.0
PUNE_G001,2023-03-26,2023,3,26,85,18.5,73.75,0.0
PUNE_G001,2023-03-27,2023,3,27,86,18.5,73.75,0.0
PUNE_G001,2023-03-28,2023,3,28,87,18.5,73.75,0.0
PUNE_G001,2023-03-29,2023,3,29,88,18.5,73.75,0.0
PUNE_G001,2023-03-30,2023,3,30,89,18.5,73.75,0.0
PUNE_G001,2023-03-31,2023,3,31,90,18.5,73.75,0.0
PUNE_G001,2023-04-01,2023,4,1,91,18.5,73.75,0.0
PUNE_G001,2023-04-02,2023,4,2,92,18.5,73.75,0.0
PUNE_G001,2023-04-03,2023,4,3,93,18.5,73.75,0.0
PUNE_G001,2023-04-04,2023,4,4,94,18.5,73.75,0.0
PUNE_G001,2023-04-05,2023,4,5,95,18.5,73.75,0.0
PUNE_G001,2023-04-06,2023,4,6,96,18.5,73.75,0.0
PUNE_G001,2023-04-07,2023,4,7,97,18.5,73.75,0.0
PUNE_G001,2023-04-08,2023,4,8,98,18.5,73.75,0.48624345660209656
PUNE_G001,2023-04-09,2023,4,9,99,18.5,73.75,0.0
PUNE_G001,2023-04-10,2023,4,10,100,18.5,73.75,6.766224384307861
PUNE_G001,2023-04-11,2023,4,11,101,18.5,73.75,0.0
PUNE_G001,2023-04-12,2023,4,12,102,18.5,73.75,0.0
PUNE_G001,2023-04-13,2023,4,13,103,18.5,73.75,0.0
PUNE_G001,2023-04-14,2023,4,14,104,18.5,73.75,23.97321891784668
PUNE_G001,2023-04-15,2023,4,15,105,18.5,73.75,0.0
PUNE_G001,2023-04-16,2023,4,16,106,18.5,73.75,3.831676721572876
PUNE_G001,2023-04-17,2023,4,17,107,18.5,73.75,0.2818005383014679
PUNE_G001,2023-04-18,2023,4,18,108,18.5,73.75,0.0
PUNE_G001,2023-04-19,2023,4,19,109,18.5,73.75,0.0
PUNE_G001,2023-04-20,2023,4,20,110,18.5,73.75,0.3178611993789673
PUNE_G001,2023-04-21,2023,4,21,111,18.5,73.75,1.333483099937439
PUNE_G001,2023-04-22,2023,4,22,112,18.5,73.75,0.0
PUNE_G001,2023-04-23,2023,4,23,113,18.5,73.75,0.0
PUNE_G001,2023-04-24,2023,4,24,114,18.5,73.75,0.0
PUNE_G001,2023-04-25,2023,4,25,115,18.5,73.75,0.0
PUNE_G001,2023-04-26,2023,4,26,116,18.5,73.75,0.0
PUNE_G001,2023-04-27,2023,4,27,117,18.5,73.75,0.0
PUNE_G001,2023-04-28,2023,4,28,118,18.5,73.75,0.0
PUNE_G001,2023-04-29,2023,4,29,119,18.5,73.75,0.0
PUNE_G001,2023-04-30,2023,4,30,120,18.5,73.75,0.0
PUNE_G001,2023-05-01,2023,5,1,121,18.5,73.75,0.0
PUNE_G001,2023-05-02,2023,5,2,122,18.5,73.75,0.0
PUNE_G001,2023-05-03,2023,5,3,123,18.5,73.75,0.0
PUNE_G001,2023-05-04,2023,5,4,124,18.5,73.75,4.376191139221191
PUNE_G001,2023-05-05,2023,5,5,125,18.5,73.75,0.10595373809337616
PUNE_G001,2023-05-06,2023,5,6,126,18.5,73.75,0.0
PUNE_G001,2023-05-07,2023,5,7,127,18.5,73.75,0.7108671069145203
PUNE_G001,2023-05-08,2023,5,8,128,18.5,73.75,0.41370323300361633
PUNE_G001,2023-05-09,2023,5,9,129,18.5,73.75,8.946879386901855
PUNE_G001,2023-05-10,2023,5,10,130,18.5,73.75,0.0
PUNE_G001,2023-05-11,2023,5,11,131,18.5,73.75,0.0
PUNE_G001,2023-05-12,2023,5,12,132,18.5,73.75,0.0
PUNE_G001,2023-05-13,2023,5,13,133,18.5,73.75,0.0
PUNE_G001,2023-05-14,2023,5,14,134,18.5,73.75,0.0
PUNE_G001,2023-05-15,2023,5,15,135,18.5,73.75,0.0
PUNE_G001,2023-05-16,2023,5,16,136,18.5,73.75,0.0
PUNE_G001,2023-05-17,2023,5,17,137,18.5,73.75,0.0
PUNE_G001,2023-05-18,2023,5,18,138,18.5,73.75,0.0
PUNE_G001,2023-05-19,2023,5,19,139,18.5,73.75,0.0
PUNE_G001,2023-05-20,2023,5,20,140,18.5,73.75,0.0
PUNE_G001,2023-05-21,2023,5,21,141,18.5,73.75,0.0
PUNE_G001,2023-05-22,2023,5,22,142,18.5,73.75,0.0
PUNE_G001,2023-05-23,2023,5,23,143,18.5,73.75,0.0
PUNE_G001,2023-05-24,2023,5,24,144,18.5,73.75,0.0
PUNE_G001,2023-05-25,2023,5,25,145,18.5,73.75,0.0
PUNE_G001,2023-05-26,2023,5,26,146,18.5,73.75,0.0
PUNE_G001,2023-05-27,2023,5,27,147,18.5,73.75,0.0
PUNE_G001,2023-05-28,2023,5,28,148,18.5,73.75,0.0
PUNE_G001,2023-05-29,2023,5,29,149,18.5,73.75,0.0
PUNE_G001,2023-05-30,2023,5,30,150,18.5,73.75,4.8851799964904785
PUNE_G001,2023-05-31,2023,5,31,151,18.5,73.75,0.013647312298417091
PUNE_G001,2023-06-01,2023,6,1,152,18.5,73.75,0.17348185181617737
PUNE_G001,2023-06-02,2023,6,2,153,18.5,73.75,6.918304920196533
PUNE_G001,2023-06-03,2023,6,3,154,18.5,73.75,0.0
PUNE_G001,2023-06-04,2023,6,4,155,18.5,73.75,0.0
PUNE_G001,2023-06-05,2023,6,5,156,18.5,73.75,13.294726371765137
PUNE_G001,2023-06-06,2023,6,6,157,18.5,73.75,0.0
PUNE_G001,2023-06-07,2023,6,7,158,18.5,73.75,0.0
PUNE_G001,2023-06-08,2023,6,8,159,18.5,73.75,0.0
PUNE_G001,2023-06-09,2023,6,9,160,18.5,73.75,0.2573162317276001
PUNE_G001,2023-06-10,2023,6,10,161,18.5,73.75,0.23465299606323242
PUNE_G001,2023-06-11,2023,6,11,162,18.5,73.75,0.10595373809337616
PUNE_G001,2023-06-12,2023,6,12,163,18.5,73.75,0.0
PUNE_G001,2023-06-13,2023,6,13,164,18.5,73.75,0.0
PUNE_G001,2023-06-14,2023,6,14,165,18.5,73.75,0.08717083185911179
PUNE_G001,2023-06-15,2023,6,15,166,18.5,73.75,0.1275802105665207
PUNE_G001,2023-06-16,2023,6,16,167,18.5,73.75,0.0
PUNE_G001,2023-06-17,2023,6,17,168,18.5,73.75,0.2717498540878296
PUNE_G001,2023-06-18,2023,6,18,169,18.5,73.75,0.09724869579076767
PUNE_G001,2023-06-19,2023,6,19,170,18.5,73.75,0.0
PUNE_G001,2023-06-20,2023,6,20,171,18.5,73.75,0.0
PUNE_G001,2023-06-21,2023,6,21,172,18.5,73.75,0.0
PUNE_G001,2023-06-22,2023,6,22,173,18.5,73.75,0.0
PUNE_G001,2023-06-23,2023,6,23,174,18.5,73.75,0.0
PUNE_G001,2023-06-24,2023,6,24,175,18.5,73.75,0.004549103789031506
PUNE_G001,2023-06-25,2023,6,25,176,18.5,73.75,14.326095581054688
PUNE_G001,2023-06-26,2023,6,26,177,18.5,73.75,10.943657875061035
PUNE_G001,2023-06-27,2023,6,27,178,18.5,73.75,7.121515274047852
PUNE_G001,2023-06-28,2023,6,28,179,18.5,73.75,15.143331527709961
PUNE_G001,2023-06-29,2023,6,29,180,18.5,73.75,10.524134635925293
PUNE_G001,2023-06-30,2023,6,30,181,18.5,73.75,6.079826354980469
PUNE_G001,2023-07-01,2023,7,1,182,18.5,73.75,20.482152938842773
PUNE_G001,2023-07-02,2023,7,2,183,18.5,73.75,3.412371873855591
PUNE_G001,2023-07-03,2023,7,3,184,18.5,73.75,8.17345905303955
PUNE_G001,2023-07-04,2023,7,4,185,18.5,73.75,0.7409722805023193
PUNE_G001,2023-07-05,2023,7,5,186,18.5,73.75,0.36801573634147644
PUNE_G001,2023-07-06,2023,7,6,187,18.5,73.75,4.29583215713501
PUNE_G001,2023-07-07,2023,7,7,188,18.5,73.75,0.38949084281921387
PUNE_G001,2023-07-08,2023,7,8,189,18.5,73.75,2.847473382949829
PUNE_G001,2023-07-09,2023,7,9,190,18.5,73.75,1.6024158000946045
PUNE_G001,2023-07-10,2023,7,10,191,18.5,73.75,0.5948894023895264
PUNE_G001,2023-07-11,2023,7,11,192,18.5,73.75,2.337005376815796
PUNE_G001,2023-07-12,2023,7,12,193,18.5,73.75,0.05204841494560242
PUNE_G001,2023-07-13,2023,7,13,194,18.5,73.75,0.024753792211413383
PUNE_G001,2023-07-14,2023,7,14,195,18.5,73.75,1.1806316375732422
PUNE_G001,2023-07-15,2023,7,15,196,18.5,73.75,1.4723045825958252
PUNE_G001,2023-07-16,2023,7,16,197,18.5,73.75,1.9181753396987915
PUNE_G001,2023-07-17,2023,7,17,198,18.5,73.75,2.0745158195495605
PUNE_G001,2023-07-18,2023,7,18,199,18.5,73.75,5.050836086273193
PUNE_G001,2023-07-19,2023,7,19,200,18.5,73.75,6.743990898132324
PUNE_G001,2023-07-20,2023,7,20,201,18.5,73.75,17.992246627807617
PUNE_G001,2023-07-21,2023,7,21,202,18.5,73.75,1.8079736232757568
PUNE_G001,2023-07-22,2023,7,22,203,18.5,73.75,7.413599967956543
PUNE_G001,2023-07-23,2023,7,23,204,18.5,73.75,7.105978488922119
PUNE_G001,2023-07-24,2023,7,24,205,18.5,73.75,14.025141716003418
PUNE_G001,2023-07-25,2023,7,25,206,18.5,73.75,9.457587242126465
PUNE_G001,2023-07-26,2023,7,26,207,18.5,73.75,11.141841888427734
PUNE_G001,2023-07-27,2023,7,27,208,18.5,73.75,5.62772274017334
PUNE_G001,2023-07-28,2023,7,28,209,18.5,73.75,10.831123352050781
PUNE_G001,2023-07-29,2023,7,29,210,18.5,73.75,6.342870712280273
PUNE_G001,2023-07-30,2023,7,30,211,18.5,73.75,2.8151063919067383
PUNE_G001,2023-07-31,2023,7,31,212,18.5,73.75,3.2228665351867676
PUNE_G001,2023-08-01,2023,8,1,213,18.5,73.75,4.748709201812744
PUNE_G001,2023-08-02,2023,8,2,214,18.5,73.75,1.7156082391738892
PUNE_G001,2023-08-03,2023,8,3,215,18.5,73.75,0.720461368560791
PUNE_G001,2023-08-04,2023,8,4,216,18.5,73.75,3.519622325897217
PUNE_G001,2023-08-05,2023,8,5,217,18.5,73.75,3.4074690341949463
PUNE_G001,2023-08-06,2023,8,6,218,18.5,73.75,1.7347743511199951
PUNE_G001,2023-08-07,2023,8,7,219,18.5,73.75,0.894877016544342
PUNE_G001,2023-08-08,2023,8,8,220,18.5,73.75,0.14951564371585846
PUNE_G001,2023-08-09,2023,8,9,221,18.5,73.75,0.8413630127906799
PUNE_G001,2023-08-10,2023,8,10,222,18.5,73.75,0.33924540877342224
PUNE_G001,2023-08-11,2023,8,11,223,18.5,73.75,0.07881048321723938
PUNE_G001,2023-08-12,2023,8,12,224,18.5,73.75,0.022745518013834953
PUNE_G001,2023-08-13,2023,8,13,225,18.5,73.75,1.3455842733383179
PUNE_G001,2023-08-14,2023,8,14,226,18.5,73.75,0.09394673258066177
PUNE_G001,2023-08-15,2023,8,15,227,18.5,73.75,0.5609551072120667
PUNE_G001,2023-08-16,2023,8,16,228,18.5,73.75,0.5991377234458923
PUNE_G001,2023-08-17,2023,8,17,229,18.5,73.75,0.16823138296604156
PUNE_G001,2023-08-18,2023,8,18,230,18.5,73.75,1.1407182216644287
PUNE_G001,2023-08-19,2023,8,19,231,18.5,73.75,1.1114153861999512
PUNE_G001,2023-08-20,2023,8,20,232,18.5,73.75,2.024393320083618
PUNE_G001,2023-08-21,2023,8,21,233,18.5,73.75,3.5473766326904297
PUNE_G001,2023-08-22,2023,8,22,234,18.5,73.75,0.022745518013834953
PUNE_G001,2023-08-23,2023,8,23,235,18.5,73.75,2.9368913173675537
PUNE_G001,2023-08-24,2023,8,24,236,18.5,73.75,0.04167979583144188
PUNE_G001,2023-08-25,2023,8,25,237,18.5,73.75,1.803553581237793
PUNE_G001,2023-08-26,2023,8,26,238,18.5,73.75,4.195062637329102
PUNE_G001,2023-08-27,2023,8,27,239,18.5,73.75,6.225024700164795
PUNE_G001,2023-08-28,2023,8,28,240,18.5,73.75,0.22028297185897827
PUNE_G001,2023-08-29,2023,8,29,241,18.5,73.75,0.687288224697113
PUNE_G001,2023-08-30,2023,8,30,242,18.5,73.75,0.0
PUNE_G001,2023-08-31,2023,8,31,243,18.5,73.75,0.0
PUNE_G001,2023-09-01,2023,9,1,244,18.5,73.75,0.0
PUNE_G001,2023-09-02,2023,9,2,245,18.5,73.75,19.07893943786621
PUNE_G001,2023-09-03,2023,9,3,246,18.5,73.75,8.582544326782227
PUNE_G001,2023-09-04,2023,9,4,247,18.5,73.75,0.0
PUNE_G001,2023-09-05,2023,9,5,248,18.5,73.75,0.0
PUNE_G001,2023-09-06,2023,9,6,249,18.5,73.75,0.0
PUNE_G001,2023-09-07,2023,9,7,250,18.5,73.75,0.0
PUNE_G001,2023-09-08,2023,9,8,251,18.5,73.75,10.41348648071289
PUNE_G001,2023-09-09,2023,9,9,252,18.5,73.75,18.065473556518555
PUNE_G001,2023-09-10,2023,9,10,253,18.5,73.75,0.1257772445678711
PUNE_G001,2023-09-11,2023,9,11,254,18.5,73.75,0.04167979583144188
PUNE_G001,2023-09-12,2023,9,12,255,18.5,73.75,0.0
PUNE_G001,2023-09-13,2023,9,13,256,18.5,73.75,0.009098207578063011
PUNE_G001,2023-09-14,2023,9,14,257,18.5,73.75,0.04749931022524834
PUNE_G001,2023-09-15,2023,9,15,258,18.5,73.75,0.013647312298417091
PUNE_G001,2023-09-16,2023,9,16,259,18.5,73.75,0.022745518013834953
PUNE_G001,2023-09-17,2023,9,17,260,18.5,73.75,0.9201967120170593
PUNE_G001,2023-09-18,2023,9,18,261,18.5,73.75,1.9538791179656982
PUNE_G001,2023-09-19,2023,9,19,262,18.5,73.75,1.9712523221969604
PUNE_G001,2023-09-20,2023,9,20,263,18.5,73.75,0.15307186543941498
PUNE_G001,2023-09-21,2023,9,21,264,18.5,73.75,0.2319188416004181
PUNE_G001,2023-09-22,2023,9,22,265,18.5,73.75,3.6525487899780273
PUNE_G001,2023-09-23,2023,9,23,266,18.5,73.75,9.310257911682129
PUNE_G001,2023-09-24,2023,9,24,267,18.5,73.75,24.993410110473633
PUNE_G001,2023-09-25,2023,9,25,268,18.5,73.75,6.99853515625
PUNE_G001,2023-09-26,2023,9,26,269,18.5,73.75,0.0
PUNE_G001,2023-09-27,2023,9,27,270,18.5,73.75,38.23881912231445
PUNE_G001,2023-09-28,2023,9,28,271,18.5,73.75,6.277539253234863
PUNE_G001,2023-09-29,2023,9,29,272,18.5,73.75,5.088342666625977
PUNE_G001,2023-09-30,2023,9,30,273,18.5,73.75,16.827186584472656
PUNE_G001,2023-10-01,2023,10,1,274,18.5,73.75,11.597000122070312
PUNE_G001,2023-10-02,2023,10,2,275,18.5,73.75,5.133194446563721
PUNE_G001,2023-10-03,2023,10,3,276,18.5,73.75,0.2124268114566803
PUNE_G001,2023-10-04,2023,10,4,277,18.5,73.75,0.0
PUNE_G001,2023-10-05,2023,10,5,278,18.5,73.75,0.0
PUNE_G001,2023-10-06,2023,10,6,279,18.5,73.75,0.0
PUNE_G001,2023-10-07,2023,10,7,280,18.5,73.75,0.0
PUNE_G001,2023-10-08,2023,10,8,281,18.5,73.75,0.0
PUNE_G001,2023-10-09,2023,10,9,282,18.5,73.75,0.0
PUNE_G001,2023-10-10,2023,10,10,283,18.5,73.75,0.0
PUNE_G001,2023-10-11,2023,10,11,284,18.5,73.75,0.0
PUNE_G001,2023-10-12,2023,10,12,285,18.5,73.75,0.0
PUNE_G001,2023-10-13,2023,10,13,286,18.5,73.75,0.0
PUNE_G001,2023-10-14,2023,10,14,287,18.5,73.75,0.0
PUNE_G001,2023-10-15,2023,10,15,288,18.5,73.75,0.0
PUNE_G001,2023-10-16,2023,10,16,289,18.5,73.75,0.0
PUNE_G001,2023-10-17,2023,10,17,290,18.5,73.75,0.0
PUNE_G001,2023-10-18,2023,10,18,291,18.5,73.75,0.0
PUNE_G001,2023-10-19,2023,10,19,292,18.5,73.75,0.9724869132041931
PUNE_G001,2023-10-20,2023,10,20,293,18.5,73.75,0.8752382397651672
PUNE_G001,2023-10-21,2023,10,21,294,18.5,73.75,0.0
PUNE_G001,2023-10-22,2023,10,22,295,18.5,73.75,0.01565558649599552
PUNE_G001,2023-10-23,2023,10,23,296,18.5,73.75,0.0
PUNE_G001,2023-10-24,2023,10,24,297,18.5,73.75,0.0
PUNE_G001,2023-10-25,2023,10,25,298,18.5,73.75,0.0
PUNE_G001,2023-10-26,2023,10,26,299,18.5,73.75,0.0
PUNE_G001,2023-10-27,2023,10,27,300,18.5,73.75,0.0
PUNE_G001,2023-10-28,2023,10,28,301,18.5,73.75,0.0
PUNE_G001,2023-10-29,2023,10,29,302,18.5,73.75,0.0
PUNE_G001,2023-10-30,2023,10,30,303,18.5,73.75,0.0
PUNE_G001,2023-10-31,2023,10,31,304,18.5,73.75,0.0
PUNE_G001,2023-11-01,2023,11,1,305,18.5,73.75,0.0
PUNE_G001,2023-11-02,2023,11,2,306,18.5,73.75,0.0
PUNE_G001,2023-11-03,2023,11,3,307,18.5,73.75,0.0
PUNE_G001,2023-11-04,2023,11,4,308,18.5,73.75,0.0
PUNE_G001,2023-11-05,2023,11,5,309,18.5,73.75,0.0
PUNE_G001,2023-11-06,2023,11,6,310,18.5,73.75,0.0
PUNE_G001,2023-11-07,2023,11,7,311,18.5,73.75,0.0
PUNE_G001,2023-11-08,2023,11,8,312,18.5,73.75,0.0
PUNE_G001,2023-11-09,2023,11,9,313,18.5,73.75,0.0
PUNE_G001,2023-11-10,2023,11,10,314,18.5,73.75,0.0
PUNE_G001,2023-11-11,2023,11,11,315,18.5,73.75,27.152551651000977
PUNE_G001,2023-11-12,2023,11,12,316,18.5,73.75,0.0
PUNE_G001,2023-11-13,2023,11,13,317,18.5,73.75,0.0
PUNE_G001,2023-11-14,2023,11,14,318,18.5,73.75,0.0
PUNE_G001,2023-11-15,2023,11,15,319,18.5,73.75,0.0
PUNE_G001,2023-11-16,2023,11,16,320,18.5,73.75,0.0
PUNE_G001,2023-11-17,2023,11,17,321,18.5,73.75,0.0
PUNE_G001,2023-11-18,2023,11,18,322,18.5,73.75,0.0
PUNE_G001,2023-11-19,2023,11,19,323,18.5,73.75,0.0
PUNE_G001,2023-11-20,2023,11,20,324,18.5,73.75,0.0
PUNE_G001,2023-11-21,2023,11,21,325,18.5,73.75,0.0
PUNE_G001,2023-11-22,2023,11,22,326,18.5,73.75,0.0
PUNE_G001,2023-11-23,2023,11,23,327,18.5,73.75,0.0
PUNE_G001,2023-11-24,2023,11,24,328,18.5,73.75,0.0
PUNE_G001,2023-11-25,2023,11,25,329,18.5,73.75,0.0
PUNE_G001,2023-11-26,2023,11,26,330,18.5,73.75,0.0
PUNE_G001,2023-11-27,2023,11,27,331,18.5,73.75,5.2634077072143555
PUNE_G001,2023-11-28,2023,11,28,332,18.5,73.75,0.0
PUNE_G001,2023-11-29,2023,11,29,333,18.5,73.75,0.0
PUNE_G001,2023-11-30,2023,11,30,334,18.5,73.75,0.0
PUNE_G001,2023-12-01,2023,12,1,335,18.5,73.75,0.0
PUNE_G001,2023-12-02,2023,12,2,336,18.5,73.75,0.0
PUNE_G001,2023-12-03,2023,12,3,337,18.5,73.75,0.0
PUNE_G001,2023-12-04,2023,12,4,338,18.5,73.75,0.0
PUNE_G001,2023-12-05,2023,12,5,339,18.5,73.75,0.0
PUNE_G001,2023-12-06,2023,12,6,340,18.5,73.75,0.0
PUNE_G001,2023-12-07,2023,12,7,341,18.5,73.75,0.0
PUNE_G001,2023-12-08,2023,12,8,342,18.5,73.75,0.0
PUNE_G001,2023-12-09,2023,12,9,343,18.5,73.75,0.0
PUNE_G001,2023-12-10,2023,12,10,344,18.5,73.75,0.0
PUNE_G001,2023-12-11,2023,12,11,345,18.5,73.75,0.0
PUNE_G001,2023-12-12,2023,12,12,346,18.5,73.75,0.0
PUNE_G001,2023-12-13,2023,12,13,347,18.5,73.75,0.0
PUNE_G001,2023-12-14,2023,12,14,348,18.5,73.75,0.0
PUNE_G001,2023-12-15,2023,12,15,349,18.5,73.75,0.0
PUNE_G001,2023-12-16,2023,12,16,350,18.5,73.75,0.0
PUNE_G001,2023-12-17,2023,12,17,351,18.5,73.75,0.0
PUNE_G001,2023-12-18,2023,12,18,352,18.5,73.75,0.0
PUNE_G001,2023-12-19,2023,12,19,353,18.5,73.75,0.0
PUNE_G001,2023-12-20,2023,12,20,354,18.5,73.75,0.0
PUNE_G001,2023-12-21,2023,12,21,355,18.5,73.75,0.0
PUNE_G001,2023-12-22,2023,12,22,356,18.5,73.75,0.0
PUNE_G001,2023-12-23,2023,12,23,357,18.5,73.75,0.0
PUNE_G001,2023-12-24,2023,12,24,358,18.5,73.75,0.0
PUNE_G001,2023-12-25,2023,12,25,359,18.5,73.75,0.0
PUNE_G001,2023-12-26,2023,12,26,360,18.5,73.75,0.0
PUNE_G001,2023-12-27,2023,12,27,361,18.5,73.75,0.0
PUNE_G001,2023-12-28,2023,12,28,362,18.5,73.75,0.0
PUNE_G001,2023-12-29,2023,12,29,363,18.5,73.75,0.0
PUNE_G001,2023-12-30,2023,12,30,364,18.5,73.75,0.0
PUNE_G001,2023-12-31,2023,12,31,365,18.5,73.75,0.0
PUNE_G001,2024-01-01,2024,1,1,1,18.5,73.75,0.0
PUNE_G001,2024-01-02,2024,1,2,2,18.5,73.75,0.0
PUNE_G001,2024-01-03,2024,1,3,3,18.5,73.75,0.0
PUNE_G001,2024-01-04,2024,1,4,4,18.5,73.75,0.0
PUNE_G001,2024-01-05,2024,1,5,5,18.5,73.75,0.0
PUNE_G001,2024-01-06,2024,1,6,6,18.5,73.75,0.0
PUNE_G001,2024-01-07,2024,1,7,7,18.5,73.75,0.0
PUNE_G001,2024-01-08,2024,1,8,8,18.5,73.75,0.0
PUNE_G001,2024-01-09,2024,1,9,9,18.5,73.75,0.0
PUNE_G001,2024-01-10,2024,1,10,10,18.5,73.75,1.61585533618927
PUNE_G001,2024-01-11,2024,1,11,11,18.5,73.75,0.0
PUNE_G001,2024-01-12,2024,1,12,12,18.5,73.75,0.0
PUNE_G001,2024-01-13,2024,1,13,13,18.5,73.75,0.0
PUNE_G001,2024-01-14,2024,1,14,14,18.5,73.75,0.0
PUNE_G001,2024-01-15,2024,1,15,15,18.5,73.75,0.0
PUNE_G001,2024-01-16,2024,1,16,16,18.5,73.75,0.0
PUNE_G001,2024-01-17,2024,1,17,17,18.5,73.75,0.0
PUNE_G001,2024-01-18,2024,1,18,18,18.5,73.75,0.0
PUNE_G001,2024-01-19,2024,1,19,19,18.5,73.75,0.0
PUNE_G001,2024-01-20,2024,1,20,20,18.5,73.75,0.0
PUNE_G001,2024-01-21,2024,1,21,21,18.5,73.75,0.0
PUNE_G001,2024-01-22,2024,1,22,22,18.5,73.75,0.0
PUNE_G001,2024-01-23,2024,1,23,23,18.5,73.75,0.0
PUNE_G001,2024-01-24,2024,1,24,24,18.5,73.75,0.0
PUNE_G001,2024-01-25,2024,1,25,25,18.5,73.75,0.0
PUNE_G001,2024-01-26,2024,1,26,26,18.5,73.75,0.0
PUNE_G001,2024-01-27,2024,1,27,27,18.5,73.75,0.0
PUNE_G001,2024-01-28,2024,1,28,28,18.5,73.75,0.0
PUNE_G001,2024-01-29,2024,1,29,29,18.5,73.75,0.0
PUNE_G001,2024-01-30,2024,1,30,30,18.5,73.75,0.0
PUNE_G001,2024-01-31,2024,1,31,31,18.5,73.75,0.0
PUNE_G001,2024-02-01,2024,2,1,32,18.5,73.75,0.0
PUNE_G001,2024-02-02,2024,2,2,33,18.5,73.75,0.0
PUNE_G001,2024-02-03,2024,2,3,34,18.5,73.75,0.0
PUNE_G001,2024-02-04,2024,2,4,35,18.5,73.75,0.0
PUNE_G001,2024-02-05,2024,2,5,36,18.5,73.75,0.0
PUNE_G001,2024-02-06,2024,2,6,37,18.5,73.75,0.0
PUNE_G001,2024-02-07,2024,2,7,38,18.5,73.75,0.0
PUNE_G001,2024-02-08,2024,2,8,39,18.5,73.75,0.0
PUNE_G001,2024-02-09,2024,2,9,40,18.5,73.75,0.0
PUNE_G001,2024-02-10,2024,2,10,41,18.5,73.75,0.0
PUNE_G001,2024-02-11,2024,2,11,42,18.5,73.75,0.0
PUNE_G001,2024-02-12,2024,2,12,43,18.5,73.75,0.0
PUNE_G001,2024-02-13,2024,2,13,44,18.5,73.75,0.0
PUNE_G001,2024-02-14,2024,2,14,45,18.5,73.75,0.0
PUNE_G001,2024-02-15,2024,2,15,46,18.5,73.75,0.0
PUNE_G001,2024-02-16,2024,2,16,47,18.5,73.75,0.0
PUNE_G001,2024-02-17,2024,2,17,48,18.5,73.75,0.0
PUNE_G001,2024-02-18,2024,2,18,49,18.5,73.75,0.0
PUNE_G001,2024-02-19,2024,2,19,50,18.5,73.75,0.0
PUNE_G001,2024-02-20,2024,2,20,51,18.5,73.75,0.0
PUNE_G001,2024-02-21,2024,2,21,52,18.5,73.75,0.0
PUNE_G001,2024-02-22,2024,2,22,53,18.5,73.75,0.0
PUNE_G001,2024-02-23,2024,2,23,54,18.5,73.75,0.0
PUNE_G001,2024-02-24,2024,2,24,55,18.5,73.75,0.0
PUNE_G001,2024-02-25,2024,2,25,56,18.5,73.75,0.0
PUNE_G001,2024-02-26,2024,2,26,57,18.5,73.75,0.0
PUNE_G001,2024-02-27,2024,2,27,58,18.5,73.75,0.0
PUNE_G001,2024-02-28,2024,2,28,59,18.5,73.75,0.0
PUNE_G001,2024-02-29,2024,2,29,60,18.5,73.75,0.0
PUNE_G001,2024-03-01,2024,3,1,61,18.5,73.75,0.19449739158153534
PUNE_G001,2024-03-02,2024,3,2,62,18.5,73.75,1.9449738264083862
PUNE_G001,2024-03-03,2024,3,3,63,18.5,73.75,0.0
PUNE_G001,2024-03-04,2024,3,4,64,18.5,73.75,0.0
PUNE_G001,2024-03-05,2024,3,5,65,18.5,73.75,0.0
PUNE_G001,2024-03-06,2024,3,6,66,18.5,73.75,0.0
PUNE_G001,2024-03-07,2024,3,7,67,18.5,73.75,0.0
PUNE_G001,2024-03-08,2024,3,8,68,18.5,73.75,0.0
PUNE_G001,2024-03-09,2024,3,9,69,18.5,73.75,0.0
PUNE_G001,2024-03-10,2024,3,10,70,18.5,73.75,0.0
PUNE_G001,2024-03-11,2024,3,11,71,18.5,73.75,0.0
PUNE_G001,2024-03-12,2024,3,12,72,18.5,73.75,0.0
PUNE_G001,2024-03-13,2024,3,13,73,18.5,73.75,0.0
PUNE_G001,2024-03-14,2024,3,14,74,18.5,73.75,0.0
PUNE_G001,2024-03-15,2024,3,15,75,18.5,73.75,0.0
PUNE_G001,2024-03-16,2024,3,16,76,18.5,73.75,0.0
PUNE_G001,2024-03-17,2024,3,17,77,18.5,73.75,0.0
PUNE_G001,2024-03-18,2024,3,18,78,18.5,73.75,0.0
PUNE_G001,2024-03-19,2024,3,19,79,18.5,73.75,0.0
PUNE_G001,2024-03-20,2024,3,20,80,18.5,73.75,0.0
PUNE_G001,2024-03-21,2024,3,21,81,18.5,73.75,0.0
PUNE_G001,2024-03-22,2024,3,22,82,18.5,73.75,0.0
PUNE_G001,2024-03-23,2024,3,23,83,18.5,73.75,0.0
PUNE_G001,2024-03-24,2024,3,24,84,18.5,73.75,0.0
PUNE_G001,2024-03-25,2024,3,25,85,18.5,73.75,0.0
PUNE_G001,2024-03-26,2024,3,26,86,18.5,73.75,0.0
PUNE_G001,2024-03-27,2024,3,27,87,18.5,73.75,0.0
PUNE_G001,2024-03-28,2024,3,28,88,18.5,73.75,0.0
PUNE_G001,2024-03-29,2024,3,29,89,18.5,73.75,0.0
PUNE_G001,2024-03-30,2024,3,30,90,18.5,73.75,0.0
PUNE_G001,2024-03-31,2024,3,31,91,18.5,73.75,0.0
PUNE_G001,2024-04-01,2024,4,1,92,18.5,73.75,0.0
PUNE_G001,2024-04-02,2024,4,2,93,18.5,73.75,0.0
PUNE_G001,2024-04-03,2024,4,3,94,18.5,73.75,0.0
PUNE_G001,2024-04-04,2024,4,4,95,18.5,73.75,0.0
PUNE_G001,2024-04-05,2024,4,5,96,18.5,73.75,0.0
PUNE_G001,2024-04-06,2024,4,6,97,18.5,73.75,0.0
PUNE_G001,2024-04-07,2024,4,7,98,18.5,73.75,0.0
PUNE_G001,2024-04-08,2024,4,8,99,18.5,73.75,0.0
PUNE_G001,2024-04-09,2024,4,9,100,18.5,73.75,0.0
PUNE_G001,2024-04-10,2024,4,10,101,18.5,73.75,0.0
PUNE_G001,2024-04-11,2024,4,11,102,18.5,73.75,0.0
PUNE_G001,2024-04-12,2024,4,12,103,18.5,73.75,0.0
PUNE_G001,2024-04-13,2024,4,13,104,18.5,73.75,0.0
PUNE_G001,2024-04-14,2024,4,14,105,18.5,73.75,0.0
PUNE_G001,2024-04-15,2024,4,15,106,18.5,73.75,0.0
PUNE_G001,2024-04-16,2024,4,16,107,18.5,73.75,0.0
PUNE_G001,2024-04-17,2024,4,17,108,18.5,73.75,4.862434387207031
PUNE_G001,2024-04-18,2024,4,18,109,18.5,73.75,4.084444999694824
PUNE_G001,2024-04-19,2024,4,19,110,18.5,73.75,0.0
PUNE_G001,2024-04-20,2024,4,20,111,18.5,73.75,0.0
PUNE_G001,2024-04-21,2024,4,21,112,18.5,73.75,2.409754514694214
PUNE_G001,2024-04-22,2024,4,22,113,18.5,73.75,0.0
PUNE_G001,2024-04-23,2024,4,23,114,18.5,73.75,0.0
PUNE_G001,2024-04-24,2024,4,24,115,18.5,73.75,0.0
PUNE_G001,2024-04-25,2024,4,25,116,18.5,73.75,0.0
PUNE_G001,2024-04-26,2024,4,26,117,18.5,73.75,0.0
PUNE_G001,2024-04-27,2024,4,27,118,18.5,73.75,0.16649872064590454
PUNE_G001,2024-04-28,2024,4,28,119,18.5,73.75,0.0
PUNE_G001,2024-04-29,2024,4,29,120,18.5,73.75,0.0
PUNE_G001,2024-04-30,2024,4,30,121,18.5,73.75,0.0
PUNE_G001,2024-05-01,2024,5,1,122,18.5,73.75,0.0
PUNE_G001,2024-05-02,2024,5,2,123,18.5,73.75,0.0
PUNE_G001,2024-05-03,2024,5,3,124,18.5,73.75,0.0
PUNE_G001,2024-05-04,2024,5,4,125,18.5,73.75,0.0
PUNE_G001,2024-05-05,2024,5,5,126,18.5,73.75,0.0
PUNE_G001,2024-05-06,2024,5,6,127,18.5,73.75,0.0
PUNE_G001,2024-05-07,2024,5,7,128,18.5,73.75,0.0
PUNE_G001,2024-05-08,2024,5,8,129,18.5,73.75,0.0
PUNE_G001,2024-05-09,2024,5,9,130,18.5,73.75,0.0
PUNE_G001,2024-05-10,2024,5,10,131,18.5,73.75,0.48624345660209656
PUNE_G001,2024-05-11,2024,5,11,132,18.5,73.75,27.424131393432617
PUNE_G001,2024-05-12,2024,5,12,133,18.5,73.75,39.839412689208984
PUNE_G001,2024-05-13,2024,5,13,134,18.5,73.75,0.0
PUNE_G001,2024-05-14,2024,5,14,135,18.5,73.75,3.303931474685669
PUNE_G001,2024-05-15,2024,5,15,136,18.5,73.75,0.0
PUNE_G001,2024-05-16,2024,5,16,137,18.5,73.75,12.447833061218262
PUNE_G001,2024-05-17,2024,5,17,138,18.5,73.75,3.4037039279937744
PUNE_G001,2024-05-18,2024,5,18,139,18.5,73.75,0.0
PUNE_G001,2024-05-19,2024,5,19,140,18.5,73.75,0.0
PUNE_G001,2024-05-20,2024,5,20,141,18.5,73.75,6.761447429656982
PUNE_G001,2024-05-21,2024,5,21,142,18.5,73.75,0.5033426880836487
PUNE_G001,2024-05-22,2024,5,22,143,18.5,73.75,0.18163497745990753
PUNE_G001,2024-05-23,2024,5,23,144,18.5,73.75,0.30921709537506104
PUNE_G001,2024-05-24,2024,5,24,145,18.5,73.75,0.0
PUNE_G001,2024-05-25,2024,5,25,146,18.5,73.75,0.0
PUNE_G001,2024-05-26,2024,5,26,147,18.5,73.75,0.0
PUNE_G001,2024-05-27,2024,5,27,148,18.5,73.75,0.0
PUNE_G001,2024-05-28,2024,5,28,149,18.5,73.75,0.0
PUNE_G001,2024-05-29,2024,5,29,150,18.5,73.75,0.0
PUNE_G001,2024-05-30,2024,5,30,151,18.5,73.75,0.0
PUNE_G001,2024-05-31,2024,5,31,152,18.5,73.75,0.0
PUNE_G001,2024-06-01,2024,6,1,153,18.5,73.75,0.0
PUNE_G001,2024-06-02,2024,6,2,154,18.5,73.75,0.0
PUNE_G001,2024-06-03,2024,6,3,155,18.5,73.75,0.0
PUNE_G001,2024-06-04,2024,6,4,156,18.5,73.75,0.0
PUNE_G001,2024-06-05,2024,6,5,157,18.5,73.75,66.72410583496094
PUNE_G001,2024-06-06,2024,6,6,158,18.5,73.75,9.17776870727539
PUNE_G001,2024-06-07,2024,6,7,159,18.5,73.75,14.17760944366455
PUNE_G001,2024-06-08,2024,6,8,160,18.5,73.75,0.16495269536972046
PUNE_G001,2024-06-09,2024,6,9,161,18.5,73.75,114.00235748291016
PUNE_G001,2024-06-10,2024,6,10,162,18.5,73.75,12.442797660827637
PUNE_G001,2024-06-11,2024,6,11,163,18.5,73.75,7.881690979003906
PUNE_G001,2024-06-12,2024,6,12,164,18.5,73.75,0.0
PUNE_G001,2024-06-13,2024,6,13,165,18.5,73.75,0.0
PUNE_G001,2024-06-14,2024,6,14,166,18.5,73.75,2.116090774536133
PUNE_G001,2024-06-15,2024,6,15,167,18.5,73.75,0.16167400777339935
PUNE_G001,2024-06-16,2024,6,16,168,18.5,73.75,0.5213658213615417
PUNE_G001,2024-06-17,2024,6,17,169,18.5,73.75,5.08383321762085
PUNE_G001,2024-06-18,2024,6,18,170,18.5,73.75,0.7779895663261414
PUNE_G001,2024-06-19,2024,6,19,171,18.5,73.75,0.19679641723632812
PUNE_G001,2024-06-20,2024,6,20,172,18.5,73.75,0.0
PUNE_G001,2024-06-21,2024,6,21,173,18.5,73.75,5.843023777008057
PUNE_G001,2024-06-22,2024,6,22,174,18.5,73.75,0.9070455431938171
PUNE_G001,2024-06-23,2024,6,23,175,18.5,73.75,0.0
PUNE_G001,2024-06-24,2024,6,24,176,18.5,73.75,0.5155463814735413
PUNE_G001,2024-06-25,2024,6,25,177,18.5,73.75,0.19449739158153534
PUNE_G001,2024-06-26,2024,6,26,178,18.5,73.75,0.7012801170349121
PUNE_G001,2024-06-27,2024,6,27,179,18.5,73.75,1.1679097414016724
PUNE_G001,2024-06-28,2024,6,28,180,18.5,73.75,1.1657629013061523
PUNE_G001,2024-06-29,2024,6,29,181,18.5,73.75,5.365943908691406
PUNE_G001,2024-06-30,2024,6,30,182,18.5,73.75,0.39940232038497925
PUNE_G001,2024-07-01,2024,7,1,183,18.5,73.75,2.313988208770752
PUNE_G001,2024-07-02,2024,7,2,184,18.5,73.75,4.474226474761963
PUNE_G001,2024-07-03,2024,7,3,185,18.5,73.75,13.14090347290039
PUNE_G001,2024-07-04,2024,7,4,186,18.5,73.75,0.38248637318611145
PUNE_G001,2024-07-05,2024,7,5,187,18.5,73.75,1.1508941650390625
PUNE_G001,2024-07-06,2024,7,6,188,18.5,73.75,1.8736594915390015
PUNE_G001,2024-07-07,2024,7,7,189,18.5,73.75,2.0764217376708984
PUNE_G001,2024-07-08,2024,7,8,190,18.5,73.75,0.1345878541469574
PUNE_G001,2024-07-09,2024,7,9,191,18.5,73.75,15.920368194580078
PUNE_G001,2024-07-10,2024,7,10,192,18.5,73.75,0.0
PUNE_G001,2024-07-11,2024,7,11,193,18.5,73.75,0.0
PUNE_G001,2024-07-12,2024,7,12,194,18.5,73.75,2.281231164932251
PUNE_G001,2024-07-13,2024,7,13,195,18.5,73.75,10.781746864318848
PUNE_G001,2024-07-14,2024,7,14,196,18.5,73.75,37.27340316772461
PUNE_G001,2024-07-15,2024,7,15,197,18.5,73.75,16.493085861206055
PUNE_G001,2024-07-16,2024,7,16,198,18.5,73.75,2.3567142486572266
PUNE_G001,2024-07-17,2024,7,17,199,18.5,73.75,0.0
PUNE_G001,2024-07-18,2024,7,18,200,18.5,73.75,5.927394866943359
PUNE_G001,2024-07-19,2024,7,19,201,18.5,73.75,2.591137409210205
PUNE_G001,2024-07-20,2024,7,20,202,18.5,73.75,2.9376676082611084
PUNE_G001,2024-07-21,2024,7,21,203,18.5,73.75,3.3351593017578125
PUNE_G001,2024-07-22,2024,7,22,204,18.5,73.75,4.9132280349731445
PUNE_G001,2024-07-23,2024,7,23,205,18.5,73.75,11.91722297668457
PUNE_G001,2024-07-24,2024,7,24,206,18.5,73.75,40.20032501220703
PUNE_G001,2024-07-25,2024,7,25,207,18.5,73.75,113.94840240478516
PUNE_G001,2024-07-26,2024,7,26,208,18.5,73.75,56.19855499267578
PUNE_G001,2024-07-27,2024,7,27,209,18.5,73.75,2.3983354568481445
PUNE_G001,2024-07-28,2024,7,28,210,18.5,73.75,3.543468713760376
PUNE_G001,2024-07-29,2024,7,29,211,18.5,73.75,8.982203483581543
PUNE_G001,2024-07-30,2024,7,30,212,18.5,73.75,7.455883026123047
PUNE_G001,2024-07-31,2024,7,31,213,18.5,73.75,29.533658981323242
PUNE_G001,2024-08-01,2024,8,1,214,18.5,73.75,2.1096482276916504
PUNE_G001,2024-08-02,2024,8,2,215,18.5,73.75,11.424546241760254
PUNE_G001,2024-08-03,2024,8,3,216,18.5,73.75,17.03076171875
PUNE_G001,2024-08-04,2024,8,4,217,18.5,73.75,16.786924362182617
PUNE_G001,2024-08-05,2024,8,5,218,18.5,73.75,38.57849884033203
PUNE_G001,2024-08-06,2024,8,6,219,18.5,73.75,4.786177158355713
PUNE_G001,2024-08-07,2024,8,7,220,18.5,73.75,0.0
PUNE_G001,2024-08-08,2024,8,8,221,18.5,73.75,1.7567921876907349
PUNE_G001,2024-08-09,2024,8,9,222,18.5,73.75,3.927574634552002
PUNE_G001,2024-08-10,2024,8,10,223,18.5,73.75,1.0200352668762207
PUNE_G001,2024-08-11,2024,8,11,224,18.5,73.75,0.47563305497169495
PUNE_G001,2024-08-12,2024,8,12,225,18.5,73.75,2.797224760055542
PUNE_G001,2024-08-13,2024,8,13,226,18.5,73.75,0.704224169254303
PUNE_G001,2024-08-14,2024,8,14,227,18.5,73.75,0.0
PUNE_G001,2024-08-15,2024,8,15,228,18.5,73.75,0.0
PUNE_G001,2024-08-16,2024,8,16,229,18.5,73.75,0.0
PUNE_G001,2024-08-17,2024,8,17,230,18.5,73.75,0.0
PUNE_G001,2024-08-18,2024,8,18,231,18.5,73.75,34.54058074951172
PUNE_G001,2024-08-19,2024,8,19,232,18.5,73.75,37.49415588378906
PUNE_G001,2024-08-20,2024,8,20,233,18.5,73.75,12.660859107971191
PUNE_G001,2024-08-21,2024,8,21,234,18.5,73.75,0.7776554226875305
PUNE_G001,2024-08-22,2024,8,22,235,18.5,73.75,1.7504764795303345
PUNE_G001,2024-08-23,2024,8,23,236,18.5,73.75,6.459355354309082
PUNE_G001,2024-08-24,2024,8,24,237,18.5,73.75,10.37895393371582
PUNE_G001,2024-08-25,2024,8,25,238,18.5,73.75,34.72044372558594
PUNE_G001,2024-08-26,2024,8,26,239,18.5,73.75,13.1602144241333
PUNE_G001,2024-08-27,2024,8,27,240,18.5,73.75,2.1383423805236816
PUNE_G001,2024-08-28,2024,8,28,241,18.5,73.75,7.155433177947998
PUNE_G001,2024-08-29,2024,8,29,242,18.5,73.75,1.4606952667236328
PUNE_G001,2024-08-30,2024,8,30,243,18.5,73.75,1.313740611076355
PUNE_G001,2024-08-31,2024,8,31,244,18.5,73.75,5.512360095977783
PUNE_G001,2024-09-01,2024,9,1,245,18.5,73.75,0.8752382397651672
PUNE_G001,2024-09-02,2024,9,2,246,18.5,73.75,2.1825475692749023
PUNE_G001,2024-09-03,2024,9,3,247,18.5,73.75,1.095885992050171
PUNE_G001,2024-09-04,2024,9,4,248,18.5,73.75,0.256060928106308
PUNE_G001,2024-09-05,2024,9,5,249,18.5,73.75,5.654160499572754
PUNE_G001,2024-09-06,2024,9,6,250,18.5,73.75,6.042050361633301
PUNE_G001,2024-09-07,2024,9,7,251,18.5,73.75,0.4880099296569824
PUNE_G001,2024-09-08,2024,9,8,252,18.5,73.75,0.446330189704895
PUNE_G001,2024-09-09,2024,9,9,253,18.5,73.75,1.6873705387115479
PUNE_G001,2024-09-10,2024,9,10,254,18.5,73.75,0.4281337261199951
PUNE_G001,2024-09-11,2024,9,11,255,18.5,73.75,2.1901566982269287
PUNE_G001,2024-09-12,2024,9,12,256,18.5,73.75,0.37182697653770447
PUNE_G001,2024-09-13,2024,9,13,257,18.5,73.75,0.21724291145801544
PUNE_G001,2024-09-14,2024,9,14,258,18.5,73.75,0.10179779678583145
PUNE_G001,2024-09-15,2024,9,15,259,18.5,73.75,0.0
PUNE_G001,2024-09-16,2024,9,16,260,18.5,73.75,0.0
PUNE_G001,2024-09-17,2024,9,17,261,18.5,73.75,0.0
PUNE_G001,2024-09-18,2024,9,18,262,18.5,73.75,0.0
PUNE_G001,2024-09-19,2024,9,19,263,18.5,73.75,0.0
PUNE_G001,2024-09-20,2024,9,20,264,18.5,73.75,0.0
PUNE_G001,2024-09-21,2024,9,21,265,18.5,73.75,0.0
PUNE_G001,2024-09-22,2024,9,22,266,18.5,73.75,0.3889947831630707
PUNE_G001,2024-09-23,2024,9,23,267,18.5,73.75,17.061901092529297
PUNE_G001,2024-09-24,2024,9,24,268,18.5,73.75,4.647398471832275
PUNE_G001,2024-09-25,2024,9,25,269,18.5,73.75,19.322946548461914
PUNE_G001,2024-09-26,2024,9,26,270,18.5,73.75,129.69529724121094
PUNE_G001,2024-09-27,2024,9,27,271,18.5,73.75,6.077175617218018
PUNE_G001,2024-09-28,2024,9,28,272,18.5,73.75,4.01072883605957
PUNE_G001,2024-09-29,2024,9,29,273,18.5,73.75,1.813631296157837
PUNE_G001,2024-09-30,2024,9,30,274,18.5,73.75,0.0
PUNE_G001,2024-10-01,2024,10,1,275,18.5,73.75,0.0
PUNE_G001,2024-10-02,2024,10,2,276,18.5,73.75,0.0
PUNE_G001,2024-10-03,2024,10,3,277,18.5,73.75,2.3339686393737793
PUNE_G001,2024-10-04,2024,10,4,278,18.5,73.75,0.0
PUNE_G001,2024-10-05,2024,10,5,279,18.5,73.75,0.0
PUNE_G001,2024-10-06,2024,10,6,280,18.5,73.75,0.0
PUNE_G001,2024-10-07,2024,10,7,281,18.5,73.75,0.0
PUNE_G001,2024-10-08,2024,10,8,282,18.5,73.75,0.0
PUNE_G001,2024-10-09,2024,10,9,283,18.5,73.75,0.0
PUNE_G001,2024-10-10,2024,10,10,284,18.5,73.75,1.8712084293365479
PUNE_G001,2024-10-11,2024,10,11,285,18.5,73.75,0.0
PUNE_G001,2024-10-12,2024,10,12,286,18.5,73.75,22.06954002380371
PUNE_G001,2024-10-13,2024,10,13,287,18.5,73.75,0.0
PUNE_G001,2024-10-14,2024,10,14,288,18.5,73.75,0.0
PUNE_G001,2024-10-15,2024,10,15,289,18.5,73.75,0.0
PUNE_G001,2024-10-16,2024,10,16,290,18.5,73.75,4.491635799407959
PUNE_G001,2024-10-17,2024,10,17,291,18.5,73.75,2.4379830360412598
PUNE_G001,2024-10-18,2024,10,18,292,18.5,73.75,0.22476987540721893
PUNE_G001,2024-10-19,2024,10,19,293,18.5,73.75,0.0
PUNE_G001,2024-10-20,2024,10,20,294,18.5,73.75,19.225696563720703
PUNE_G001,2024-10-21,2024,10,21,295,18.5,73.75,1.3614816665649414
PUNE_G001,2024-10-22,2024,10,22,296,18.5,73.75,0.0
PUNE_G001,2024-10-23,2024,10,23,297,18.5,73.75,0.0
PUNE_G001,2024-10-24,2024,10,24,298,18.5,73.75,0.0
PUNE_G001,2024-10-25,2024,10,25,299,18.5,73.75,0.0
PUNE_G001,2024-10-26,2024,10,26,300,18.5,73.75,0.0
PUNE_G001,2024-10-27,2024,10,27,301,18.5,73.75,0.0
PUNE_G001,2024-10-28,2024,10,28,302,18.5,73.75,0.0
PUNE_G001,2024-10-29,2024,10,29,303,18.5,73.75,0.0
PUNE_G001,2024-10-30,2024,10,30,304,18.5,73.75,0.0
PUNE_G001,2024-10-31,2024,10,31,305,18.5,73.75,0.0
PUNE_G001,2024-11-01,2024,11,1,306,18.5,73.75,0.0
PUNE_G001,2024-11-02,2024,11,2,307,18.5,73.75,0.0
PUNE_G001,2024-11-03,2024,11,3,308,18.5,73.75,0.0
PUNE_G001,2024-11-04,2024,11,4,309,18.5,73.75,0.0
PUNE_G001,2024-11-05,2024,11,5,310,18.5,73.75,0.0
PUNE_G001,2024-11-06,2024,11,6,311,18.5,73.75,0.0
PUNE_G001,2024-11-07,2024,11,7,312,18.5,73.75,0.0
PUNE_G001,2024-11-08,2024,11,8,313,18.5,73.75,0.0
PUNE_G001,2024-11-09,2024,11,9,314,18.5,73.75,0.0
PUNE_G001,2024-11-10,2024,11,10,315,18.5,73.75,0.0
PUNE_G001,2024-11-11,2024,11,11,316,18.5,73.75,0.0
PUNE_G001,2024-11-12,2024,11,12,317,18.5,73.75,0.0
PUNE_G001,2024-11-13,2024,11,13,318,18.5,73.75,0.0
PUNE_G001,2024-11-14,2024,11,14,319,18.5,73.75,0.0
PUNE_G001,2024-11-15,2024,11,15,320,18.5,73.75,0.0
PUNE_G001,2024-11-16,2024,11,16,321,18.5,73.75,0.0
PUNE_G001,2024-11-17,2024,11,17,322,18.5,73.75,0.0
PUNE_G001,2024-11-18,2024,11,18,323,18.5,73.75,0.0
PUNE_G001,2024-11-19,2024,11,19,324,18.5,73.75,0.0
PUNE_G001,2024-11-20,2024,11,20,325,18.5,73.75,0.0
PUNE_G001,2024-11-21,2024,11,21,326,18.5,73.75,0.0
PUNE_G001,2024-11-22,2024,11,22,327,18.5,73.75,0.0
PUNE_G001,2024-11-23,2024,11,23,328,18.5,73.75,0.0
PUNE_G001,2024-11-24,2024,11,24,329,18.5,73.75,0.0
PUNE_G001,2024-11-25,2024,11,25,330,18.5,73.75,0.0
PUNE_G001,2024-11-26,2024,11,26,331,18.5,73.75,0.0
PUNE_G001,2024-11-27,2024,11,27,332,18.5,73.75,0.0
PUNE_G001,2024-11-28,2024,11,28,333,18.5,73.75,0.0
PUNE_G001,2024-11-29,2024,11,29,334,18.5,73.75,0.0
PUNE_G001,2024-11-30,2024,11,30,335,18.5,73.75,0.0
PUNE_G001,2024-12-01,2024,12,1,336,18.5,73.75,0.0
PUNE_G001,2024-12-02,2024,12,2,337,18.5,73.75,0.0
PUNE_G001,2024-12-03,2024,12,3,338,18.5,73.75,0.0
PUNE_G001,2024-12-04,2024,12,4,339,18.5,73.75,0.3889947831630707
PUNE_G001,2024-12-05,2024,12,5,340,18.5,73.75,0.0
PUNE_G001,2024-12-06,2024,12,6,341,18.5,73.75,0.0
PUNE_G001,2024-12-07,2024,12,7,342,18.5,73.75,0.0
PUNE_G001,2024-12-08,2024,12,8,343,18.5,73.75,0.0
PUNE_G001,2024-12-09,2024,12,9,344,18.5,73.75,0.0
PUNE_G001,2024-12-10,2024,12,10,345,18.5,73.75,0.0
PUNE_G001,2024-12-11,2024,12,11,346,18.5,73.75,0.0
PUNE_G001,2024-12-12,2024,12,12,347,18.5,73.75,0.0
PUNE_G001,2024-12-13,2024,12,13,348,18.5,73.75,0.0
PUNE_G001,2024-12-14,2024,12,14,349,18.5,73.75,0.0
PUNE_G001,2024-12-15,2024,12,15,350,18.5,73.75,0.0
PUNE_G001,2024-12-16,2024,12,16,351,18.5,73.75,0.0
PUNE_G001,2024-12-17,2024,12,17,352,18.5,73.75,0.0
PUNE_G001,2024-12-18,2024,12,18,353,18.5,73.75,0.0
PUNE_G001,2024-12-19,2024,12,19,354,18.5,73.75,0.0
PUNE_G001,2024-12-20,2024,12,20,355,18.5,73.75,0.0
PUNE_G001,2024-12-21,2024,12,21,356,18.5,73.75,0.0
PUNE_G001,2024-12-22,2024,12,22,357,18.5,73.75,0.0
PUNE_G001,2024-12-23,2024,12,23,358,18.5,73.75,0.0
PUNE_G001,2024-12-24,2024,12,24,359,18.5,73.75,0.0
PUNE_G001,2024-12-25,2024,12,25,360,18.5,73.75,0.0
PUNE_G001,2024-12-26,2024,12,26,361,18.5,73.75,0.0
PUNE_G001,2024-12-27,2024,12,27,362,18.5,73.75,0.0
PUNE_G001,2024-12-28,2024,12,28,363,18.5,73.75,0.0
PUNE_G001,2024-12-29,2024,12,29,364,18.5,73.75,5.834921836853027
PUNE_G001,2024-12-30,2024,12,30,365,18.5,73.75,0.0
PUNE_G001,2024-12-31,2024,12,31,366,18.5,73.75,0.0
PUNE_G001,2025-01-01,2025,1,1,1,18.5,73.75,0.0
PUNE_G001,2025-01-02,2025,1,2,2,18.5,73.75,0.0
PUNE_G001,2025-01-03,2025,1,3,3,18.5,73.75,0.0
PUNE_G001,2025-01-04,2025,1,4,4,18.5,73.75,0.0
PUNE_G001,2025-01-05,2025,1,5,5,18.5,73.75,0.0
PUNE_G001,2025-01-06,2025,1,6,6,18.5,73.75,0.0
PUNE_G001,2025-01-07,2025,1,7,7,18.5,73.75,0.0
PUNE_G001,2025-01-08,2025,1,8,8,18.5,73.75,0.0
PUNE_G001,2025-01-09,2025,1,9,9,18.5,73.75,0.0
PUNE_G001,2025-01-10,2025,1,10,10,18.5,73.75,0.0
PUNE_G001,2025-01-11,2025,1,11,11,18.5,73.75,0.0
PUNE_G001,2025-01-12,2025,1,12,12,18.5,73.75,0.0
PUNE_G001,2025-01-13,2025,1,13,13,18.5,73.75,0.0
PUNE_G001,2025-01-14,2025,1,14,14,18.5,73.75,0.0
PUNE_G001,2025-01-15,2025,1,15,15,18.5,73.75,0.0
PUNE_G001,2025-01-16,2025,1,16,16,18.5,73.75,0.0
PUNE_G001,2025-01-17,2025,1,17,17,18.5,73.75,0.0
PUNE_G001,2025-01-18,2025,1,18,18,18.5,73.75,0.0
PUNE_G001,2025-01-19,2025,1,19,19,18.5,73.75,0.0
PUNE_G001,2025-01-20,2025,1,20,20,18.5,73.75,0.0
PUNE_G001,2025-01-21,2025,1,21,21,18.5,73.75,0.0
PUNE_G001,2025-01-22,2025,1,22,22,18.5,73.75,0.0
PUNE_G001,2025-01-23,2025,1,23,23,18.5,73.75,0.0
PUNE_G001,2025-01-24,2025,1,24,24,18.5,73.75,0.0
PUNE_G001,2025-01-25,2025,1,25,25,18.5,73.75,0.0
PUNE_G001,2025-01-26,2025,1,26,26,18.5,73.75,0.0
PUNE_G001,2025-01-27,2025,1,27,27,18.5,73.75,0.0
PUNE_G001,2025-01-28,2025,1,28,28,18.5,73.75,0.0
PUNE_G001,2025-01-29,2025,1,29,29,18.5,73.75,0.0
PUNE_G001,2025-01-30,2025,1,30,30,18.5,73.75,0.0
PUNE_G001,2025-01-31,2025,1,31,31,18.5,73.75,0.0
PUNE_G001,2025-02-01,2025,2,1,32,18.5,73.75,0.0
PUNE_G001,2025-02-02,2025,2,2,33,18.5,73.75,0.0
PUNE_G001,2025-02-03,2025,2,3,34,18.5,73.75,0.0
PUNE_G001,2025-02-04,2025,2,4,35,18.5,73.75,0.0
PUNE_G001,2025-02-05,2025,2,5,36,18.5,73.75,0.0
PUNE_G001,2025-02-06,2025,2,6,37,18.5,73.75,0.0
PUNE_G001,2025-02-07,2025,2,7,38,18.5,73.75,0.0
PUNE_G001,2025-02-08,2025,2,8,39,18.5,73.75,0.0
PUNE_G001,2025-02-09,2025,2,9,40,18.5,73.75,0.0
PUNE_G001,2025-02-10,2025,2,10,41,18.5,73.75,0.0
PUNE_G001,2025-02-11,2025,2,11,42,18.5,73.75,0.0
PUNE_G001,2025-02-12,2025,2,12,43,18.5,73.75,0.0
PUNE_G001,2025-02-13,2025,2,13,44,18.5,73.75,0.0
PUNE_G001,2025-02-14,2025,2,14,45,18.5,73.75,0.0
PUNE_G001,2025-02-15,2025,2,15,46,18.5,73.75,0.0
PUNE_G001,2025-02-16,2025,2,16,47,18.5,73.75,0.0
PUNE_G001,2025-02-17,2025,2,17,48,18.5,73.75,0.0
PUNE_G001,2025-02-18,2025,2,18,49,18.5,73.75,0.0
PUNE_G001,2025-02-19,2025,2,19,50,18.5,73.75,0.0
PUNE_G001,2025-02-20,2025,2,20,51,18.5,73.75,0.0
PUNE_G001,2025-02-21,2025,2,21,52,18.5,73.75,0.0
PUNE_G001,2025-02-22,2025,2,22,53,18.5,73.75,0.0
PUNE_G001,2025-02-23,2025,2,23,54,18.5,73.75,0.0
PUNE_G001,2025-02-24,2025,2,24,55,18.5,73.75,0.0
PUNE_G001,2025-02-25,2025,2,25,56,18.5,73.75,0.0
PUNE_G001,2025-02-26,2025,2,26,57,18.5,73.75,0.0
PUNE_G001,2025-02-27,2025,2,27,58,18.5,73.75,0.0
PUNE_G001,2025-02-28,2025,2,28,59,18.5,73.75,0.0
PUNE_G001,2025-03-01,2025,3,1,60,18.5,73.75,0.0
PUNE_G001,2025-03-02,2025,3,2,61,18.5,73.75,0.0
PUNE_G001,2025-03-03,2025,3,3,62,18.5,73.75,0.0
PUNE_G001,2025-03-04,2025,3,4,63,18.5,73.75,0.0
PUNE_G001,2025-03-05,2025,3,5,64,18.5,73.75,0.0
PUNE_G001,2025-03-06,2025,3,6,65,18.5,73.75,0.0
PUNE_G001,2025-03-07,2025,3,7,66,18.5,73.75,0.0
PUNE_G001,2025-03-08,2025,3,8,67,18.5,73.75,0.0
PUNE_G001,2025-03-09,2025,3,9,68,18.5,73.75,0.0
PUNE_G001,2025-03-10,2025,3,10,69,18.5,73.75,0.0
PUNE_G001,2025-03-11,2025,3,11,70,18.5,73.75,0.0
PUNE_G001,2025-03-12,2025,3,12,71,18.5,73.75,0.0
PUNE_G001,2025-03-13,2025,3,13,72,18.5,73.75,0.0
PUNE_G001,2025-03-14,2025,3,14,73,18.5,73.75,0.0
PUNE_G001,2025-03-15,2025,3,15,74,18.5,73.75,0.0
PUNE_G001,2025-03-16,2025,3,16,75,18.5,73.75,0.0
PUNE_G001,2025-03-17,2025,3,17,76,18.5,73.75,0.0
PUNE_G001,2025-03-18,2025,3,18,77,18.5,73.75,0.0
PUNE_G001,2025-03-19,2025,3,19,78,18.5,73.75,0.0
PUNE_G001,2025-03-20,2025,3,20,79,18.5,73.75,0.0
PUNE_G001,2025-03-21,2025,3,21,80,18.5,73.75,0.0
PUNE_G001,2025-03-22,2025,3,22,81,18.5,73.75,0.0
PUNE_G001,2025-03-23,2025,3,23,82,18.5,73.75,0.0
PUNE_G001,2025-03-24,2025,3,24,83,18.5,73.75,0.0
PUNE_G001,2025-03-25,2025,3,25,84,18.5,73.75,0.0
PUNE_G001,2025-03-26,2025,3,26,85,18.5,73.75,0.0
PUNE_G001,2025-03-27,2025,3,27,86,18.5,73.75,0.0
PUNE_G001,2025-03-28,2025,3,28,87,18.5,73.75,0.0
PUNE_G001,2025-03-29,2025,3,29,88,18.5,73.75,0.0
PUNE_G001,2025-03-30,2025,3,30,89,18.5,73.75,0.0
PUNE_G001,2025-03-31,2025,3,31,90,18.5,73.75,0.0
PUNE_G001,2025-04-01,2025,4,1,91,18.5,73.75,0.0
PUNE_G001,2025-04-02,2025,4,2,92,18.5,73.75,0.0
PUNE_G001,2025-04-03,2025,4,3,93,18.5,73.75,0.0
PUNE_G001,2025-04-04,2025,4,4,94,18.5,73.75,7.396627902984619
PUNE_G001,2025-04-05,2025,4,5,95,18.5,73.75,0.0
PUNE_G001,2025-04-06,2025,4,6,96,18.5,73.75,0.0
PUNE_G001,2025-04-07,2025,4,7,97,18.5,73.75,0.0
PUNE_G001,2025-04-08,2025,4,8,98,18.5,73.75,0.0
PUNE_G001,2025-04-09,2025,4,9,99,18.5,73.75,0.0
PUNE_G001,2025-04-10,2025,4,10,100,18.5,73.75,0.0
PUNE_G001,2025-04-11,2025,4,11,101,18.5,73.75,0.0
PUNE_G001,2025-04-12,2025,4,12,102,18.5,73.75,0.0
PUNE_G001,2025-04-13,2025,4,13,103,18.5,73.75,0.0
PUNE_G001,2025-04-14,2025,4,14,104,18.5,73.75,0.0
PUNE_G001,2025-04-15,2025,4,15,105,18.5,73.75,0.0
PUNE_G001,2025-04-16,2025,4,16,106,18.5,73.75,0.0
PUNE_G001,2025-04-17,2025,4,17,107,18.5,73.75,0.0
PUNE_G001,2025-04-18,2025,4,18,108,18.5,73.75,0.0
PUNE_G001,2025-04-19,2025,4,19,109,18.5,73.75,0.0
PUNE_G001,2025-04-20,2025,4,20,110,18.5,73.75,0.0
PUNE_G001,2025-04-21,2025,4,21,111,18.5,73.75,0.0
PUNE_G001,2025-04-22,2025,4,22,112,18.5,73.75,0.0
PUNE_G001,2025-04-23,2025,4,23,113,18.5,73.75,0.0
PUNE_G001,2025-04-24,2025,4,24,114,18.5,73.75,0.0
PUNE_G001,2025-04-25,2025,4,25,115,18.5,73.75,0.0
PUNE_G001,2025-04-26,2025,4,26,116,18.5,73.75,0.0
PUNE_G001,2025-04-27,2025,4,27,117,18.5,73.75,0.0
PUNE_G001,2025-04-28,2025,4,28,118,18.5,73.75,0.0
PUNE_G001,2025-04-29,2025,4,29,119,18.5,73.75,0.0
PUNE_G001,2025-04-30,2025,4,30,120,18.5,73.75,0.0
PUNE_G001,2025-05-01,2025,5,1,121,18.5,73.75,0.0
PUNE_G001,2025-05-02,2025,5,2,122,18.5,73.75,0.0
PUNE_G001,2025-05-03,2025,5,3,123,18.5,73.75,0.0
PUNE_G001,2025-05-04,2025,5,4,124,18.5,73.75,0.0
PUNE_G001,2025-05-05,2025,5,5,125,18.5,73.75,0.0
PUNE_G001,2025-05-06,2025,5,6,126,18.5,73.75,0.0
PUNE_G001,2025-05-07,2025,5,7,127,18.5,73.75,0.0
PUNE_G001,2025-05-08,2025,5,8,128,18.5,73.75,0.0
PUNE_G001,2025-05-09,2025,5,9,129,18.5,73.75,0.0
PUNE_G001,2025-05-10,2025,5,10,130,18.5,73.75,10.891853332519531
PUNE_G001,2025-05-11,2025,5,11,131,18.5,73.75,0.0
PUNE_G001,2025-05-12,2025,5,12,132,18.5,73.75,0.0
PUNE_G001,2025-05-13,2025,5,13,133,18.5,73.75,2.449413537979126
PUNE_G001,2025-05-14,2025,5,14,134,18.5,73.75,18.53415870666504
PUNE_G001,2025-05-15,2025,5,15,135,18.5,73.75,0.0
PUNE_G001,2025-05-16,2025,5,16,136,18.5,73.75,0.6264423727989197
PUNE_G001,2025-05-17,2025,5,17,137,18.5,73.75,19.87740135192871
PUNE_G001,2025-05-18,2025,5,18,138,18.5,73.75,0.0
PUNE_G001,2025-05-19,2025,5,19,139,18.5,73.75,13.936980247497559
PUNE_G001,2025-05-20,2025,5,20,140,18.5,73.75,8.606999397277832
PUNE_G001,2025-05-21,2025,5,21,141,18.5,73.75,40.83406066894531
PUNE_G001,2025-05-22,2025,5,22,142,18.5,73.75,8.823766708374023
PUNE_G001,2025-05-23,2025,5,23,143,18.5,73.75,10.77560043334961
PUNE_G001,2025-05-24,2025,5,24,144,18.5,73.75,7.662984371185303
PUNE_G001,2025-05-25,2025,5,25,145,18.5,73.75,20.073627471923828
PUNE_G001,2025-05-26,2025,5,26,146,18.5,73.75,23.33066749572754
PUNE_G001,2025-05-27,2025,5,27,147,18.5,73.75,41.812835693359375
PUNE_G001,2025-05-28,2025,5,28,148,18.5,73.75,15.439967155456543
PUNE_G001,2025-05-29,2025,5,29,149,18.5,73.75,7.174239635467529
PUNE_G001,2025-05-30,2025,5,30,150,18.5,73.75,0.0
PUNE_G001,2025-05-31,2025,5,31,151,18.5,73.75,0.0
PUNE_G001,2025-06-01,2025,6,1,152,18.5,73.75,0.0
PUNE_G001,2025-06-02,2025,6,2,153,18.5,73.75,1.295302391052246
PUNE_G001,2025-06-03,2025,6,3,154,18.5,73.75,0.0
PUNE_G001,2025-06-04,2025,6,4,155,18.5,73.75,0.0
PUNE_G001,2025-06-05,2025,6,5,156,18.5,73.75,16.529760360717773
PUNE_G001,2025-06-06,2025,6,6,157,18.5,73.75,0.0
PUNE_G001,2025-06-07,2025,6,7,158,18.5,73.75,14.80782413482666
PUNE_G001,2025-06-08,2025,6,8,159,18.5,73.75,4.993292808532715
PUNE_G001,2025-06-09,2025,6,9,160,18.5,73.75,0.0
PUNE_G001,2025-06-10,2025,6,10,161,18.5,73.75,0.0
PUNE_G001,2025-06-11,2025,6,11,162,18.5,73.75,0.0
PUNE_G001,2025-06-12,2025,6,12,163,18.5,73.75,5.344162940979004
PUNE_G001,2025-06-13,2025,6,13,164,18.5,73.75,25.4124755859375
PUNE_G001,2025-06-14,2025,6,14,165,18.5,73.75,61.92787170410156
PUNE_G001,2025-06-15,2025,6,15,166,18.5,73.75,0.8356029391288757
PUNE_G001,2025-06-16,2025,6,16,167,18.5,73.75,30.66299057006836
PUNE_G001,2025-06-17,2025,6,17,168,18.5,73.75,9.779318809509277
PUNE_G001,2025-06-18,2025,6,18,169,18.5,73.75,6.285106182098389
PUNE_G001,2025-06-19,2025,6,19,170,18.5,73.75,31.299577713012695
PUNE_G001,2025-06-20,2025,6,20,171,18.5,73.75,26.133438110351562
PUNE_G001,2025-06-21,2025,6,21,172,18.5,73.75,3.018582344055176
PUNE_G001,2025-06-22,2025,6,22,173,18.5,73.75,3.1364104747772217
PUNE_G001,2025-06-23,2025,6,23,174,18.5,73.75,0.8600322008132935
PUNE_G001,2025-06-24,2025,6,24,175,18.5,73.75,18.510482788085938
PUNE_G001,2025-06-25,2025,6,25,176,18.5,73.75,1.288456678390503
PUNE_G001,2025-06-26,2025,6,26,177,18.5,73.75,0.12958848476409912
PUNE_G001,2025-06-27,2025,6,27,178,18.5,73.75,0.7418999671936035
PUNE_G001,2025-06-28,2025,6,28,179,18.5,73.75,1.7877824306488037
PUNE_G001,2025-06-29,2025,6,29,180,18.5,73.75,3.154782772064209
PUNE_G001,2025-06-30,2025,6,30,181,18.5,73.75,2.173372268676758
PUNE_G001,2025-07-01,2025,7,1,182,18.5,73.75,3.882146120071411
PUNE_G001,2025-07-02,2025,7,2,183,18.5,73.75,6.031234264373779
PUNE_G001,2025-07-03,2025,7,3,184,18.5,73.75,13.862129211425781
PUNE_G001,2025-07-04,2025,7,4,185,18.5,73.75,1.9514646530151367
PUNE_G001,2025-07-05,2025,7,5,186,18.5,73.75,3.2619495391845703
PUNE_G001,2025-07-06,2025,7,6,187,18.5,73.75,6.2162861824035645
PUNE_G001,2025-07-07,2025,7,7,188,18.5,73.75,9.33176326751709
PUNE_G001,2025-07-08,2025,7,8,189,18.5,73.75,0.8646045327186584
PUNE_G001,2025-07-09,2025,7,9,190,18.5,73.75,0.4860016703605652
PUNE_G001,2025-07-10,2025,7,10,191,18.5,73.75,18.495609283447266
PUNE_G001,2025-07-11,2025,7,11,192,18.5,73.75,0.13892848789691925
PUNE_G001,2025-07-12,2025,7,12,193,18.5,73.75,6.466650485992432
PUNE_G001,2025-07-13,2025,7,13,194,18.5,73.75,0.0
PUNE_G001,2025-07-14,2025,7,14,195,18.5,73.75,0.5754225850105286
PUNE_G001,2025-07-15,2025,7,15,196,18.5,73.75,6.987000465393066
PUNE_G001,2025-07-16,2025,7,16,197,18.5,73.75,8.572466850280762
PUNE_G001,2025-07-17,2025,7,17,198,18.5,73.75,0.0
PUNE_G001,2025-07-18,2025,7,18,199,18.5,73.75,0.0
PUNE_G001,2025-07-19,2025,7,19,200,18.5,73.75,0.0
PUNE_G001,2025-07-20,2025,7,20,201,18.5,73.75,0.0
PUNE_G001,2025-07-21,2025,7,21,202,18.5,73.75,0.5109972953796387
PUNE_G001,2025-07-22,2025,7,22,203,18.5,73.75,0.16249732673168182
PUNE_G001,2025-07-23,2025,7,23,204,18.5,73.75,3.537841558456421
PUNE_G001,2025-07-24,2025,7,24,205,18.5,73.75,2.0013294219970703
PUNE_G001,2025-07-25,2025,7,25,206,18.5,73.75,6.629111289978027
PUNE_G001,2025-07-26,2025,7,26,207,18.5,73.75,13.221773147583008
PUNE_G001,2025-07-27,2025,7,27,208,18.5,73.75,8.283827781677246
PUNE_G001,2025-07-28,2025,7,28,209,18.5,73.75,6.1738786697387695
PUNE_G001,2025-07-29,2025,7,29,210,18.5,73.75,2.3458385467529297
PUNE_G001,2025-07-30,2025,7,30,211,18.5,73.75,2.9442715644836426
PUNE_G001,2025-07-31,2025,7,31,212,18.5,73.75,1.0833595991134644
PUNE_G001,2025-08-01,2025,8,1,213,18.5,73.75,2.6448440551757812
PUNE_G001,2025-08-02,2025,8,2,214,18.5,73.75,0.22834938764572144
PUNE_G001,2025-08-03,2025,8,3,215,18.5,73.75,1.1318517923355103
PUNE_G001,2025-08-04,2025,8,4,216,18.5,73.75,0.0
PUNE_G001,2025-08-05,2025,8,5,217,18.5,73.75,0.0
PUNE_G001,2025-08-06,2025,8,6,218,18.5,73.75,0.0
PUNE_G001,2025-08-07,2025,8,7,219,18.5,73.75,0.0
PUNE_G001,2025-08-08,2025,8,8,220,18.5,73.75,0.19449739158153534
PUNE_G001,2025-08-09,2025,8,9,221,18.5,73.75,1.1826399564743042
PUNE_G001,2025-08-10,2025,8,10,222,18.5,73.75,2.27482008934021
PUNE_G001,2025-08-11,2025,8,11,223,18.5,73.75,0.0
PUNE_G001,2025-08-12,2025,8,12,224,18.5,73.75,0.33797499537467957
PUNE_G001,2025-08-13,2025,8,13,225,18.5,73.75,0.0
PUNE_G001,2025-08-14,2025,8,14,226,18.5,73.75,0.0
PUNE_G001,2025-08-15,2025,8,15,227,18.5,73.75,0.0
PUNE_G001,2025-08-16,2025,8,16,228,18.5,73.75,0.18114082515239716
PUNE_G001,2025-08-17,2025,8,17,229,18.5,73.75,2.834646463394165
PUNE_G001,2025-08-18,2025,8,18,230,18.5,73.75,1.01162588596344
PUNE_G001,2025-08-19,2025,8,19,231,18.5,73.75,34.79922103881836
PUNE_G001,2025-08-20,2025,8,20,232,18.5,73.75,60.64176940917969
PUNE_G001,2025-08-21,2025,8,21,233,18.5,73.75,4.49845027923584
PUNE_G001,2025-08-22,2025,8,22,234,18.5,73.75,1.420064091682434
PUNE_G001,2025-08-23,2025,8,23,235,18.5,73.75,30.46609878540039
PUNE_G001,2025-08-24,2025,8,24,236,18.5,73.75,3.0730865001678467
PUNE_G001,2025-08-25,2025,8,25,237,18.5,73.75,0.6395708322525024
PUNE_G001,2025-08-26,2025,8,26,238,18.5,73.75,1.0495076179504395
PUNE_G001,2025-08-27,2025,8,27,239,18.5,73.75,0.3803926408290863
PUNE_G001,2025-08-28,2025,8,28,240,18.5,73.75,1.6178635358810425
PUNE_G001,2025-08-29,2025,8,29,241,18.5,73.75,10.5559663772583
PUNE_G001,2025-08-30,2025,8,30,242,18.5,73.75,2.2352209091186523
PUNE_G001,2025-08-31,2025,8,31,243,18.5,73.75,0.18114082515239716
PUNE_G001,2025-09-01,2025,9,1,244,18.5,73.75,1.070982813835144
PUNE_G001,2025-09-02,2025,9,2,245,18.5,73.75,0.3639991879463196
PUNE_G001,2025-09-03,2025,9,3,246,18.5,73.75,0.2634718120098114
PUNE_G001,2025-09-04,2025,9,4,247,18.5,73.75,0.0
PUNE_G001,2025-09-05,2025,9,5,248,18.5,73.75,0.0
PUNE_G001,2025-09-06,2025,9,6,249,18.5,73.75,0.268020898103714
PUNE_G001,2025-09-07,2025,9,7,250,18.5,73.75,0.0
PUNE_G001,2025-09-08,2025,9,8,251,18.5,73.75,4.611097812652588
PUNE_G001,2025-09-09,2025,9,9,252,18.5,73.75,0.2035955935716629
PUNE_G001,2025-09-10,2025,9,10,253,18.5,73.75,0.0
PUNE_G001,2025-09-11,2025,9,11,254,18.5,73.75,0.0
PUNE_G001,2025-09-12,2025,9,12,255,18.5,73.75,0.0
PUNE_G001,2025-09-13,2025,9,13,256,18.5,73.75,17.504764556884766
PUNE_G001,2025-09-14,2025,9,14,257,18.5,73.75,8.2245512008667
PUNE_G001,2025-09-15,2025,9,15,258,18.5,73.75,59.118125915527344
PUNE_G001,2025-09-16,2025,9,16,259,18.5,73.75,4.676492691040039
PUNE_G001,2025-09-17,2025,9,17,260,18.5,73.75,41.45724105834961
PUNE_G001,2025-09-18,2025,9,18,261,18.5,73.75,0.37022048234939575
PUNE_G001,2025-09-19,2025,9,19,262,18.5,73.75,95.22933959960938
PUNE_G001,2025-09-20,2025,9,20,263,18.5,73.75,0.20663248002529144
PUNE_G001,2025-09-21,2025,9,21,264,18.5,73.75,9.740525245666504
PUNE_G001,2025-09-22,2025,9,22,265,18.5,73.75,0.1248340830206871
PUNE_G001,2025-09-23,2025,9,23,266,18.5,73.75,15.299047470092773
PUNE_G001,2025-09-24,2025,9,24,267,18.5,73.75,0.12804052233695984
PUNE_G001,2025-09-25,2025,9,25,268,18.5,73.75,0.0
PUNE_G001,2025-09-26,2025,9,26,269,18.5,73.75,6.029418468475342
PUNE_G001,2025-09-27,2025,9,27,270,18.5,73.75,14.216619491577148
PUNE_G001,2025-09-28,2025,9,28,271,18.5,73.75,36.17593765258789
PUNE_G001,2025-09-29,2025,9,29,272,18.5,73.75,5.369137287139893
PUNE_G001,2025-09-30,2025,9,30,273,18.5,73.75,0.5246445536613464
PUNE_G001,2025-10-01,2025,10,1,274,18.5,73.75,0.2667504847049713
PUNE_G001,2025-10-02,2025,10,2,275,18.5,73.75,0.0
PUNE_G001,2025-10-03,2025,10,3,276,18.5,73.75,0.0
PUNE_G001,2025-10-04,2025,10,4,277,18.5,73.75,0.0
PUNE_G001,2025-10-05,2025,10,5,278,18.5,73.75,0.0
PUNE_G001,2025-10-06,2025,10,6,279,18.5,73.75,0.0
PUNE_G001,2025-10-07,2025,10,7,280,18.5,73.75,0.0
PUNE_G001,2025-10-08,2025,10,8,281,18.5,73.75,0.0
PUNE_G001,2025-10-09,2025,10,9,282,18.5,73.75,11.879476547241211
PUNE_G001,2025-10-10,2025,10,10,283,18.5,73.75,0.0
PUNE_G001,2025-10-11,2025,10,11,284,18.5,73.75,0.0
PUNE_G001,2025-10-12,2025,10,12,285,18.5,73.75,0.0
PUNE_G001,2025-10-13,2025,10,13,286,18.5,73.75,0.0
PUNE_G001,2025-10-14,2025,10,14,287,18.5,73.75,0.0
PUNE_G001,2025-10-15,2025,10,15,288,18.5,73.75,0.0
PUNE_G001,2025-10-16,2025,10,16,289,18.5,73.75,0.4842150807380676
PUNE_G001,2025-10-17,2025,10,17,290,18.5,73.75,0.0
PUNE_G001,2025-10-18,2025,10,18,291,18.5,73.75,0.0
PUNE_G001,2025-10-19,2025,10,19,292,18.5,73.75,0.0
PUNE_G001,2025-10-20,2025,10,20,293,18.5,73.75,0.0
PUNE_G001,2025-10-21,2025,10,21,294,18.5,73.75,0.0
PUNE_G001,2025-10-22,2025,10,22,295,18.5,73.75,0.6807408332824707
PUNE_G001,2025-10-23,2025,10,23,296,18.5,73.75,0.0
PUNE_G001,2025-10-24,2025,10,24,297,18.5,73.75,18.318069458007812
PUNE_G001,2025-10-25,2025,10,25,298,18.5,73.75,0.1586860716342926
PUNE_G001,2025-10-26,2025,10,26,299,18.5,73.75,0.10081814229488373
PUNE_G001,2025-10-27,2025,10,27,300,18.5,73.75,12.67717456817627
PUNE_G001,2025-10-28,2025,10,28,301,18.5,73.75,2.662961483001709
PUNE_G001,2025-10-29,2025,10,29,302,18.5,73.75,0.0
PUNE_G001,2025-10-30,2025,10,30,303,18.5,73.75,19.61587905883789
PUNE_G001,2025-10-31,2025,10,31,304,18.5,73.75,0.2917460799217224
PUNE_G001,2025-11-01,2025,11,1,305,18.5,73.75,1.5488792657852173
PUNE_G001,2025-11-02,2025,11,2,306,18.5,73.75,2.1305813789367676
PUNE_G001,2025-11-03,2025,11,3,307,18.5,73.75,0.0
PUNE_G001,2025-11-04,2025,11,4,308,18.5,73.75,0.0
PUNE_G001,2025-11-05,2025,11,5,309,18.5,73.75,0.0
PUNE_G001,2025-11-06,2025,11,6,310,18.5,73.75,0.0
PUNE_G001,2025-11-07,2025,11,7,311,18.5,73.75,0.0
PUNE_G001,2025-11-08,2025,11,8,312,18.5,73.75,0.0
PUNE_G001,2025-11-09,2025,11,9,313,18.5,73.75,0.0
PUNE_G001,2025-11-10,2025,11,10,314,18.5,73.75,0.0
PUNE_G001,2025-11-11,2025,11,11,315,18.5,73.75,0.0
PUNE_G001,2025-11-12,2025,11,12,316,18.5,73.75,0.0
PUNE_G001,2025-11-13,2025,11,13,317,18.5,73.75,0.0
PUNE_G001,2025-11-14,2025,11,14,318,18.5,73.75,0.0
PUNE_G001,2025-11-15,2025,11,15,319,18.5,73.75,0.0
PUNE_G001,2025-11-16,2025,11,16,320,18.5,73.75,0.0
PUNE_G001,2025-11-17,2025,11,17,321,18.5,73.75,0.0
PUNE_G001,2025-11-18,2025,11,18,322,18.5,73.75,0.0
PUNE_G001,2025-11-19,2025,11,19,323,18.5,73.75,0.0
PUNE_G001,2025-11-20,2025,11,20,324,18.5,73.75,0.0
PUNE_G001,2025-11-21,2025,11,21,325,18.5,73.75,0.0
PUNE_G001,2025-11-22,2025,11,22,326,18.5,73.75,0.0
PUNE_G001,2025-11-23,2025,11,23,327,18.5,73.75,0.0
PUNE_G001,2025-11-24,2025,11,24,328,18.5,73.75,0.0
PUNE_G001,2025-11-25,2025,11,25,329,18.5,73.75,0.0
PUNE_G001,2025-11-26,2025,11,26,330,18.5,73.75,0.0
PUNE_G001,2025-11-27,2025,11,27,331,18.5,73.75,0.0
PUNE_G001,2025-11-28,2025,11,28,332,18.5,73.75,0.0
PUNE_G001,2025-11-29,2025,11,29,333,18.5,73.75,0.0
PUNE_G001,2025-11-30,2025,11,30,334,18.5,73.75,0.0
PUNE_G001,2025-12-01,2025,12,1,335,18.5,73.75,0.0
PUNE_G001,2025-12-02,2025,12,2,336,18.5,73.75,0.0
PUNE_G001,2025-12-03,2025,12,3,337,18.5,73.75,0.0
PUNE_G001,2025-12-04,2025,12,4,338,18.5,73.75,0.0
PUNE_G001,2025-12-05,2025,12,5,339,18.5,73.75,0.0
PUNE_G001,2025-12-06,2025,12,6,340,18.5,73.75,0.0
PUNE_G001,2025-12-07,2025,12,7,341,18.5,73.75,0.0
PUNE_G001,2025-12-08,2025,12,8,342,18.5,73.75,0.0
PUNE_G001,2025-12-09,2025,12,9,343,18.5,73.75,0.0
PUNE_G001,2025-12-10,2025,12,10,344,18.5,73.75,0.0
PUNE_G001,2025-12-11,2025,12,11,345,18.5,73.75,0.0
PUNE_G001,2025-12-12,2025,12,12,346,18.5,73.75,0.0
PUNE_G001,2025-12-13,2025,12,13,347,18.5,73.75,0.0
PUNE_G001,2025-12-14,2025,12,14,348,18.5,73.75,0.0
PUNE_G001,2025-12-15,2025,12,15,349,18.5,73.75,0.0
PUNE_G001,2025-12-16,2025,12,16,350,18.5,73.75,0.0
PUNE_G001,2025-12-17,2025,12,17,351,18.5,73.75,0.0
PUNE_G001,2025-12-18,2025,12,18,352,18.5,73.75,0.0
PUNE_G001,2025-12-19,2025,12,19,353,18.5,73.75,0.0
PUNE_G001,2025-12-20,2025,12,20,354,18.5,73.75,0.0
PUNE_G001,2025-12-21,2025,12,21,355,18.5,73.75,0.0
PUNE_G001,2025-12-22,2025,12,22,356,18.5,73.75,0.0
PUNE_G001,2025-12-23,2025,12,23,357,18.5,73.75,0.0
PUNE_G001,2025-12-24,2025,12,24,358,18.5,73.75,0.0
PUNE_G001,2025-12-25,2025,12,25,359,18.5,73.75,0.0
PUNE_G001,2025-12-26,2025,12,26,360,18.5,73.75,0.0
PUNE_G001,2025-12-27,2025,12,27,361,18.5,73.75,0.0
PUNE_G001,2025-12-28,2025,12,28,362,18.5,73.75,0.0
PUNE_G001,2025-12-29,2025,12,29,363,18.5,73.75,0.0
PUNE_G001,2025-12-30,2025,12,30,364,18.5,73.75,0.0
PUNE_G001,2025-12-31,2025,12,31,365,18.5,73.75,0.0
PUNE_G002,2015-01-01,2015,1,1,1,18.5,74.0,0.0
PUNE_G002,2015-01-02,2015,1,2,2,18.5,74.0,0.0
PUNE_G002,2015-01-03,2015,1,3,3,18.5,74.0,0.0
PUNE_G002,2015-01-04,2015,1,4,4,18.5,74.0,0.0
PUNE_G002,2015-01-05,2015,1,5,5,18.5,74.0,0.0
PUNE_G002,2015-01-06,2015,1,6,6,18.5,74.0,0.0
PUNE_G002,2015-01-07,2015,1,7,7,18.5,74.0,0.0
PUNE_G002,2015-01-08,2015,1,8,8,18.5,74.0,0.0
PUNE_G002,2015-01-09,2015,1,9,9,18.5,74.0,0.0
PUNE_G002,2015-01-10,2015,1,10,10,18.5,74.0,0.0
PUNE_G002,2015-01-11,2015,1,11,11,18.5,74.0,0.0
PUNE_G002,2015-01-12,2015,1,12,12,18.5,74.0,0.0
PUNE_G002,2015-01-13,2015,1,13,13,18.5,74.0,0.0
PUNE_G002,2015-01-14,2015,1,14,14,18.5,74.0,0.0
PUNE_G002,2015-01-15,2015,1,15,15,18.5,74.0,0.0
PUNE_G002,2015-01-16,2015,1,16,16,18.5,74.0,0.0
PUNE_G002,2015-01-17,2015,1,17,17,18.5,74.0,0.0
PUNE_G002,2015-01-18,2015,1,18,18,18.5,74.0,0.0
PUNE_G002,2015-01-19,2015,1,19,19,18.5,74.0,0.0
PUNE_G002,2015-01-20,2015,1,20,20,18.5,74.0,0.0
PUNE_G002,2015-01-21,2015,1,21,21,18.5,74.0,0.0
PUNE_G002,2015-01-22,2015,1,22,22,18.5,74.0,0.0
PUNE_G002,2015-01-23,2015,1,23,23,18.5,74.0,0.0
PUNE_G002,2015-01-24,2015,1,24,24,18.5,74.0,0.0
PUNE_G002,2015-01-25,2015,1,25,25,18.5,74.0,0.0
PUNE_G002,2015-01-26,2015,1,26,26,18.5,74.0,0.0
PUNE_G002,2015-01-27,2015,1,27,27,18.5,74.0,0.0
PUNE_G002,2015-01-28,2015,1,28,28,18.5,74.0,0.0
PUNE_G002,2015-01-29,2015,1,29,29,18.5,74.0,0.0
PUNE_G002,2015-01-30,2015,1,30,30,18.5,74.0,0.0
PUNE_G002,2015-01-31,2015,1,31,31,18.5,74.0,0.0
PUNE_G002,2015-02-01,2015,2,1,32,18.5,74.0,0.0
PUNE_G002,2015-02-02,2015,2,2,33,18.5,74.0,0.0
PUNE_G002,2015-02-03,2015,2,3,34,18.5,74.0,0.0
PUNE_G002,2015-02-04,2015,2,4,35,18.5,74.0,0.0
PUNE_G002,2015-02-05,2015,2,5,36,18.5,74.0,0.0
PUNE_G002,2015-02-06,2015,2,6,37,18.5,74.0,0.0
PUNE_G002,2015-02-07,2015,2,7,38,18.5,74.0,0.0
PUNE_G002,2015-02-08,2015,2,8,39,18.5,74.0,0.0
PUNE_G002,2015-02-09,2015,2,9,40,18.5,74.0,0.0
PUNE_G002,2015-02-10,2015,2,10,41,18.5,74.0,0.0
PUNE_G002,2015-02-11,2015,2,11,42,18.5,74.0,0.0
PUNE_G002,2015-02-12,2015,2,12,43,18.5,74.0,0.0
PUNE_G002,2015-02-13,2015,2,13,44,18.5,74.0,0.0
PUNE_G002,2015-02-14,2015,2,14,45,18.5,74.0,0.0
PUNE_G002,2015-02-15,2015,2,15,46,18.5,74.0,0.0
PUNE_G002,2015-02-16,2015,2,16,47,18.5,74.0,0.0
PUNE_G002,2015-02-17,2015,2,17,48,18.5,74.0,0.0
PUNE_G002,2015-02-18,2015,2,18,49,18.5,74.0,0.0
PUNE_G002,2015-02-19,2015,2,19,50,18.5,74.0,0.0
PUNE_G002,2015-02-20,2015,2,20,51,18.5,74.0,0.0
PUNE_G002,2015-02-21,2015,2,21,52,18.5,74.0,0.0
PUNE_G002,2015-02-22,2015,2,22,53,18.5,74.0,0.0
PUNE_G002,2015-02-23,2015,2,23,54,18.5,74.0,0.0
PUNE_G002,2015-02-24,2015,2,24,55,18.5,74.0,0.0
PUNE_G002,2015-02-25,2015,2,25,56,18.5,74.0,0.0
PUNE_G002,2015-02-26,2015,2,26,57,18.5,74.0,0.0
PUNE_G002,2015-02-27,2015,2,27,58,18.5,74.0,0.0
PUNE_G002,2015-02-28,2015,2,28,59,18.5,74.0,0.0
PUNE_G002,2015-03-01,2015,3,1,60,18.5,74.0,31.278308868408203
PUNE_G002,2015-03-02,2015,3,2,61,18.5,74.0,12.891919136047363
PUNE_G002,2015-03-03,2015,3,3,62,18.5,74.0,0.0
PUNE_G002,2015-03-04,2015,3,4,63,18.5,74.0,0.0
PUNE_G002,2015-03-05,2015,3,5,64,18.5,74.0,0.0
PUNE_G002,2015-03-06,2015,3,6,65,18.5,74.0,0.0
PUNE_G002,2015-03-07,2015,3,7,66,18.5,74.0,0.0
PUNE_G002,2015-03-08,2015,3,8,67,18.5,74.0,0.0
PUNE_G002,2015-03-09,2015,3,9,68,18.5,74.0,0.0
PUNE_G002,2015-03-10,2015,3,10,69,18.5,74.0,0.7524511814117432
PUNE_G002,2015-03-11,2015,3,11,70,18.5,74.0,0.9180218577384949
PUNE_G002,2015-03-12,2015,3,12,71,18.5,74.0,0.0
PUNE_G002,2015-03-13,2015,3,13,72,18.5,74.0,0.0
PUNE_G002,2015-03-14,2015,3,14,73,18.5,74.0,0.0
PUNE_G002,2015-03-15,2015,3,15,74,18.5,74.0,0.0
PUNE_G002,2015-03-16,2015,3,16,75,18.5,74.0,0.0
PUNE_G002,2015-03-17,2015,3,17,76,18.5,74.0,0.0
PUNE_G002,2015-03-18,2015,3,18,77,18.5,74.0,0.0
PUNE_G002,2015-03-19,2015,3,19,78,18.5,74.0,0.0
PUNE_G002,2015-03-20,2015,3,20,79,18.5,74.0,0.0
PUNE_G002,2015-03-21,2015,3,21,80,18.5,74.0,0.0
PUNE_G002,2015-03-22,2015,3,22,81,18.5,74.0,0.0
PUNE_G002,2015-03-23,2015,3,23,82,18.5,74.0,0.0
PUNE_G002,2015-03-24,2015,3,24,83,18.5,74.0,0.0
PUNE_G002,2015-03-25,2015,3,25,84,18.5,74.0,0.0
PUNE_G002,2015-03-26,2015,3,26,85,18.5,74.0,0.0
PUNE_G002,2015-03-27,2015,3,27,86,18.5,74.0,0.0
PUNE_G002,2015-03-28,2015,3,28,87,18.5,74.0,0.0
PUNE_G002,2015-03-29,2015,3,29,88,18.5,74.0,0.526729941368103
PUNE_G002,2015-03-30,2015,3,30,89,18.5,74.0,2.5100035667419434
PUNE_G002,2015-03-31,2015,3,31,90,18.5,74.0,0.0
PUNE_G002,2015-04-01,2015,4,1,91,18.5,74.0,0.0
PUNE_G002,2015-04-02,2015,4,2,92,18.5,74.0,0.0
PUNE_G002,2015-04-03,2015,4,3,93,18.5,74.0,0.0
PUNE_G002,2015-04-04,2015,4,4,94,18.5,74.0,0.0
PUNE_G002,2015-04-05,2015,4,5,95,18.5,74.0,0.0
PUNE_G002,2015-04-06,2015,4,6,96,18.5,74.0,0.0
PUNE_G002,2015-04-07,2015,4,7,97,18.5,74.0,0.0
PUNE_G002,2015-04-08,2015,4,8,98,18.5,74.0,0.0
PUNE_G002,2015-04-09,2015,4,9,99,18.5,74.0,0.0
PUNE_G002,2015-04-10,2015,4,10,100,18.5,74.0,0.0
PUNE_G002,2015-04-11,2015,4,11,101,18.5,74.0,0.35025227069854736
PUNE_G002,2015-04-12,2015,4,12,102,18.5,74.0,1.0311890840530396
PUNE_G002,2015-04-13,2015,4,13,103,18.5,74.0,0.5645529627799988
PUNE_G002,2015-04-14,2015,4,14,104,18.5,74.0,0.0
PUNE_G002,2015-04-15,2015,4,15,105,18.5,74.0,0.1533573567867279
PUNE_G002,2015-04-16,2015,4,16,106,18.5,74.0,0.0
PUNE_G002,2015-04-17,2015,4,17,107,18.5,74.0,0.8980462551116943
PUNE_G002,2015-04-18,2015,4,18,108,18.5,74.0,0.0
PUNE_G002,2015-04-19,2015,4,19,109,18.5,74.0,0.0
PUNE_G002,2015-04-20,2015,4,20,110,18.5,74.0,0.0
PUNE_G002,2015-04-21,2015,4,21,111,18.5,74.0,0.0
PUNE_G002,2015-04-22,2015,4,22,112,18.5,74.0,0.0
PUNE_G002,2015-04-23,2015,4,23,113,18.5,74.0,0.0
PUNE_G002,2015-04-24,2015,4,24,114,18.5,74.0,0.0
PUNE_G002,2015-04-25,2015,4,25,115,18.5,74.0,0.0
PUNE_G002,2015-04-26,2015,4,26,116,18.5,74.0,0.0
PUNE_G002,2015-04-27,2015,4,27,117,18.5,74.0,0.0
PUNE_G002,2015-04-28,2015,4,28,118,18.5,74.0,0.0
PUNE_G002,2015-04-29,2015,4,29,119,18.5,74.0,0.0
PUNE_G002,2015-04-30,2015,4,30,120,18.5,74.0,0.0
PUNE_G002,2015-05-01,2015,5,1,121,18.5,74.0,0.0
PUNE_G002,2015-05-02,2015,5,2,122,18.5,74.0,0.0
PUNE_G002,2015-05-03,2015,5,3,123,18.5,74.0,0.0
PUNE_G002,2015-05-04,2015,5,4,124,18.5,74.0,0.0
PUNE_G002,2015-05-05,2015,5,5,125,18.5,74.0,0.0
PUNE_G002,2015-05-06,2015,5,6,126,18.5,74.0,0.9227817058563232
PUNE_G002,2015-05-07,2015,5,7,127,18.5,74.0,0.0
PUNE_G002,2015-05-08,2015,5,8,128,18.5,74.0,0.0
PUNE_G002,2015-05-09,2015,5,9,129,18.5,74.0,0.19104669988155365
PUNE_G002,2015-05-10,2015,5,10,130,18.5,74.0,1.4010090827941895
PUNE_G002,2015-05-11,2015,5,11,131,18.5,74.0,0.0
PUNE_G002,2015-05-12,2015,5,12,132,18.5,74.0,0.0
PUNE_G002,2015-05-13,2015,5,13,133,18.5,74.0,0.10120287537574768
PUNE_G002,2015-05-14,2015,5,14,134,18.5,74.0,40.54592514038086
PUNE_G002,2015-05-15,2015,5,15,135,18.5,74.0,0.0
PUNE_G002,2015-05-16,2015,5,16,136,18.5,74.0,1.2001291513442993
PUNE_G002,2015-05-17,2015,5,17,137,18.5,74.0,0.0
PUNE_G002,2015-05-18,2015,5,18,138,18.5,74.0,0.0
PUNE_G002,2015-05-19,2015,5,19,139,18.5,74.0,0.0
PUNE_G002,2015-05-20,2015,5,20,140,18.5,74.0,0.0
PUNE_G002,2015-05-21,2015,5,21,141,18.5,74.0,0.0
PUNE_G002,2015-05-22,2015,5,22,142,18.5,74.0,0.0
PUNE_G002,2015-05-23,2015,5,23,143,18.5,74.0,0.0
PUNE_G002,2015-05-24,2015,5,24,144,18.5,74.0,0.0
PUNE_G002,2015-05-25,2015,5,25,145,18.5,74.0,0.0
PUNE_G002,2015-05-26,2015,5,26,146,18.5,74.0,0.0
PUNE_G002,2015-05-27,2015,5,27,147,18.5,74.0,0.0
PUNE_G002,2015-05-28,2015,5,28,148,18.5,74.0,0.0
PUNE_G002,2015-05-29,2015,5,29,149,18.5,74.0,0.0
PUNE_G002,2015-05-30,2015,5,30,150,18.5,74.0,0.9703210592269897
PUNE_G002,2015-05-31,2015,5,31,151,18.5,74.0,0.0
PUNE_G002,2015-06-01,2015,6,1,152,18.5,74.0,0.0
PUNE_G002,2015-06-02,2015,6,2,153,18.5,74.0,0.0
PUNE_G002,2015-06-03,2015,6,3,154,18.5,74.0,0.0
PUNE_G002,2015-06-04,2015,6,4,155,18.5,74.0,0.0
PUNE_G002,2015-06-05,2015,6,5,156,18.5,74.0,9.632505416870117
PUNE_G002,2015-06-06,2015,6,6,157,18.5,74.0,5.704775810241699
PUNE_G002,2015-06-07,2015,6,7,158,18.5,74.0,0.0
PUNE_G002,2015-06-08,2015,6,8,159,18.5,74.0,15.637953758239746
PUNE_G002,2015-06-09,2015,6,9,160,18.5,74.0,16.172943115234375
PUNE_G002,2015-06-10,2015,6,10,161,18.5,74.0,3.336010694503784
PUNE_G002,2015-06-11,2015,6,11,162,18.5,74.0,0.1796092540025711
PUNE_G002,2015-06-12,2015,6,12,163,18.5,74.0,9.429117202758789
PUNE_G002,2015-06-13,2015,6,13,164,18.5,74.0,1.7568258047103882
PUNE_G002,2015-06-14,2015,6,14,165,18.5,74.0,0.29934874176979065
PUNE_G002,2015-06-15,2015,6,15,166,18.5,74.0,0.0
PUNE_G002,2015-06-16,2015,6,16,167,18.5,74.0,4.836877346038818
PUNE_G002,2015-06-17,2015,6,17,168,18.5,74.0,0.0
PUNE_G002,2015-06-18,2015,6,18,169,18.5,74.0,0.0
PUNE_G002,2015-06-19,2015,6,19,170,18.5,74.0,1.4630844593048096
PUNE_G002,2015-06-20,2015,6,20,171,18.5,74.0,3.0434410572052
PUNE_G002,2015-06-21,2015,6,21,172,18.5,74.0,1.2931429147720337
PUNE_G002,2015-06-22,2015,6,22,173,18.5,74.0,45.45764923095703
PUNE_G002,2015-06-23,2015,6,23,174,18.5,74.0,8.00201416015625
PUNE_G002,2015-06-24,2015,6,24,175,18.5,74.0,29.283512115478516
PUNE_G002,2015-06-25,2015,6,25,176,18.5,74.0,3.8348660469055176
PUNE_G002,2015-06-26,2015,6,26,177,18.5,74.0,0.0
PUNE_G002,2015-06-27,2015,6,27,178,18.5,74.0,0.0
PUNE_G002,2015-06-28,2015,6,28,179,18.5,74.0,0.0
PUNE_G002,2015-06-29,2015,6,29,180,18.5,74.0,0.10120287537574768
PUNE_G002,2015-06-30,2015,6,30,181,18.5,74.0,0.5770571827888489
PUNE_G002,2015-07-01,2015,7,1,182,18.5,74.0,0.0
PUNE_G002,2015-07-02,2015,7,2,183,18.5,74.0,0.0
PUNE_G002,2015-07-03,2015,7,3,184,18.5,74.0,0.0
PUNE_G002,2015-07-04,2015,7,4,185,18.5,74.0,0.0
PUNE_G002,2015-07-05,2015,7,5,186,18.5,74.0,0.0
PUNE_G002,2015-07-06,2015,7,6,187,18.5,74.0,0.0
PUNE_G002,2015-07-07,2015,7,7,188,18.5,74.0,0.0
PUNE_G002,2015-07-08,2015,7,8,189,18.5,74.0,0.0
PUNE_G002,2015-07-09,2015,7,9,190,18.5,74.0,0.9821196794509888
PUNE_G002,2015-07-10,2015,7,10,191,18.5,74.0,0.2783079147338867
PUNE_G002,2015-07-11,2015,7,11,192,18.5,74.0,0.8306410908699036
PUNE_G002,2015-07-12,2015,7,12,193,18.5,74.0,0.0
PUNE_G002,2015-07-13,2015,7,13,194,18.5,74.0,0.0
PUNE_G002,2015-07-14,2015,7,14,195,18.5,74.0,0.0
PUNE_G002,2015-07-15,2015,7,15,196,18.5,74.0,0.0
PUNE_G002,2015-07-16,2015,7,16,197,18.5,74.0,0.759021520614624
PUNE_G002,2015-07-17,2015,7,17,198,18.5,74.0,0.7240021824836731
PUNE_G002,2015-07-18,2015,7,18,199,18.5,74.0,0.23537197709083557
PUNE_G002,2015-07-19,2015,7,19,200,18.5,74.0,1.3363298177719116
PUNE_G002,2015-07-20,2015,7,20,201,18.5,74.0,1.7359809875488281
PUNE_G002,2015-07-21,2015,7,21,202,18.5,74.0,5.8680195808410645
PUNE_G002,2015-07-22,2015,7,22,203,18.5,74.0,9.863459587097168
PUNE_G002,2015-07-23,2015,7,23,204,18.5,74.0,1.3416911363601685
PUNE_G002,2015-07-24,2015,7,24,205,18.5,74.0,0.3746514320373535
PUNE_G002,2015-07-25,2015,7,25,206,18.5,74.0,2.465820789337158
PUNE_G002,2015-07-26,2015,7,26,207,18.5,74.0,0.7999043464660645
PUNE_G002,2015-07-27,2015,7,27,208,18.5,74.0,0.6443902850151062
PUNE_G002,2015-07-28,2015,7,28,209,18.5,74.0,5.176214694976807
PUNE_G002,2015-07-29,2015,7,29,210,18.5,74.0,2.992748737335205
PUNE_G002,2015-07-30,2015,7,30,211,18.5,74.0,7.0531487464904785
PUNE_G002,2015-07-31,2015,7,31,212,18.5,74.0,2.045191764831543
PUNE_G002,2015-08-01,2015,8,1,213,18.5,74.0,0.44939908385276794
PUNE_G002,2015-08-02,2015,8,2,214,18.5,74.0,0.26833823323249817
PUNE_G002,2015-08-03,2015,8,3,215,18.5,74.0,0.44569429755210876
PUNE_G002,2015-08-04,2015,8,4,216,18.5,74.0,0.0
PUNE_G002,2015-08-05,2015,8,5,217,18.5,74.0,0.9306405186653137
PUNE_G002,2015-08-06,2015,8,6,218,18.5,74.0,1.5190708637237549
PUNE_G002,2015-08-07,2015,8,7,219,18.5,74.0,0.8730481266975403
PUNE_G002,2015-08-08,2015,8,8,220,18.5,74.0,0.5939910411834717
PUNE_G002,2015-08-09,2015,8,9,221,18.5,74.0,0.6634476184844971
PUNE_G002,2015-08-10,2015,8,10,222,18.5,74.0,0.0
PUNE_G002,2015-08-11,2015,8,11,223,18.5,74.0,0.0
PUNE_G002,2015-08-12,2015,8,12,224,18.5,74.0,0.7084200978279114
PUNE_G002,2015-08-13,2015,8,13,225,18.5,74.0,0.49885091185569763
PUNE_G002,2015-08-14,2015,8,14,226,18.5,74.0,0.9261569380760193
PUNE_G002,2015-08-15,2015,8,15,227,18.5,74.0,0.0
PUNE_G002,2015-08-16,2015,8,16,228,18.5,74.0,0.0
PUNE_G002,2015-08-17,2015,8,17,229,18.5,74.0,0.2606726884841919
PUNE_G002,2015-08-18,2015,8,18,230,18.5,74.0,0.0
PUNE_G002,2015-08-19,2015,8,19,231,18.5,74.0,0.0
PUNE_G002,2015-08-20,2015,8,20,232,18.5,74.0,0.0
PUNE_G002,2015-08-21,2015,8,21,233,18.5,74.0,0.0
PUNE_G002,2015-08-22,2015,8,22,234,18.5,74.0,0.16713537275791168
PUNE_G002,2015-08-23,2015,8,23,235,18.5,74.0,0.4962957203388214
PUNE_G002,2015-08-24,2015,8,24,236,18.5,74.0,0.4621749520301819
PUNE_G002,2015-08-25,2015,8,25,237,18.5,74.0,0.0
PUNE_G002,2015-08-26,2015,8,26,238,18.5,74.0,0.9268084168434143
PUNE_G002,2015-08-27,2015,8,27,239,18.5,74.0,0.0
PUNE_G002,2015-08-28,2015,8,28,240,18.5,74.0,0.658470094203949
PUNE_G002,2015-08-29,2015,8,29,241,18.5,74.0,2.6324777603149414
PUNE_G002,2015-08-30,2015,8,30,242,18.5,74.0,0.0
PUNE_G002,2015-08-31,2015,8,31,243,18.5,74.0,0.15180431306362152
PUNE_G002,2015-09-01,2015,9,1,244,18.5,74.0,0.0
PUNE_G002,2015-09-02,2015,9,2,245,18.5,74.0,0.0
PUNE_G002,2015-09-03,2015,9,3,246,18.5,74.0,0.0
PUNE_G002,2015-09-04,2015,9,4,247,18.5,74.0,0.0
PUNE_G002,2015-09-05,2015,9,5,248,18.5,74.0,0.0
PUNE_G002,2015-09-06,2015,9,6,249,18.5,74.0,0.0
PUNE_G002,2015-09-07,2015,9,7,250,18.5,74.0,0.0
PUNE_G002,2015-09-08,2015,9,8,251,18.5,74.0,0.0
PUNE_G002,2015-09-09,2015,9,9,252,18.5,74.0,6.26831579208374
PUNE_G002,2015-09-10,2015,9,10,253,18.5,74.0,18.82489013671875
PUNE_G002,2015-09-11,2015,9,11,254,18.5,74.0,11.971660614013672
PUNE_G002,2015-09-12,2015,9,12,255,18.5,74.0,0.3113226890563965
PUNE_G002,2015-09-13,2015,9,13,256,18.5,74.0,8.514431953430176
PUNE_G002,2015-09-14,2015,9,14,257,18.5,74.0,9.827936172485352
PUNE_G002,2015-09-15,2015,9,15,258,18.5,74.0,2.068965435028076
PUNE_G002,2015-09-16,2015,9,16,259,18.5,74.0,28.841346740722656
PUNE_G002,2015-09-17,2015,9,17,260,18.5,74.0,3.5979604721069336
PUNE_G002,2015-09-18,2015,9,18,261,18.5,74.0,4.604909896850586
PUNE_G002,2015-09-19,2015,9,19,262,18.5,74.0,25.72432518005371
PUNE_G002,2015-09-20,2015,9,20,263,18.5,74.0,2.844771385192871
PUNE_G002,2015-09-21,2015,9,21,264,18.5,74.0,0.0
PUNE_G002,2015-09-22,2015,9,22,265,18.5,74.0,0.0
PUNE_G002,2015-09-23,2015,9,23,266,18.5,74.0,0.0
PUNE_G002,2015-09-24,2015,9,24,267,18.5,74.0,1.2256923913955688
PUNE_G002,2015-09-25,2015,9,25,268,18.5,74.0,0.0
PUNE_G002,2015-09-26,2015,9,26,269,18.5,74.0,0.0
PUNE_G002,2015-09-27,2015,9,27,270,18.5,74.0,0.0
PUNE_G002,2015-09-28,2015,9,28,271,18.5,74.0,0.0
PUNE_G002,2015-09-29,2015,9,29,272,18.5,74.0,0.0
PUNE_G002,2015-09-30,2015,9,30,273,18.5,74.0,0.0
PUNE_G002,2015-10-01,2015,10,1,274,18.5,74.0,0.0
PUNE_G002,2015-10-02,2015,10,2,275,18.5,74.0,3.763052463531494
PUNE_G002,2015-10-03,2015,10,3,276,18.5,74.0,18.03936004638672
PUNE_G002,2015-10-04,2015,10,4,277,18.5,74.0,10.221778869628906
PUNE_G002,2015-10-05,2015,10,5,278,18.5,74.0,4.567563056945801
PUNE_G002,2015-10-06,2015,10,6,279,18.5,74.0,0.0
PUNE_G002,2015-10-07,2015,10,7,280,18.5,74.0,0.0
PUNE_G002,2015-10-08,2015,10,8,281,18.5,74.0,0.0
PUNE_G002,2015-10-09,2015,10,9,282,18.5,74.0,0.0
PUNE_G002,2015-10-10,2015,10,10,283,18.5,74.0,0.0
PUNE_G002,2015-10-11,2015,10,11,284,18.5,74.0,2.4288690090179443
PUNE_G002,2015-10-12,2015,10,12,285,18.5,74.0,26.484275817871094
PUNE_G002,2015-10-13,2015,10,13,286,18.5,74.0,0.0
PUNE_G002,2015-10-14,2015,10,14,287,18.5,74.0,0.0
PUNE_G002,2015-10-15,2015,10,15,288,18.5,74.0,0.0
PUNE_G002,2015-10-16,2015,10,16,289,18.5,74.0,0.0
PUNE_G002,2015-10-17,2015,10,17,290,18.5,74.0,0.0
PUNE_G002,2015-10-18,2015,10,18,291,18.5,74.0,0.0
PUNE_G002,2015-10-19,2015,10,19,292,18.5,74.0,0.0
PUNE_G002,2015-10-20,2015,10,20,293,18.5,74.0,0.0
PUNE_G002,2015-10-21,2015,10,21,294,18.5,74.0,0.0
PUNE_G002,2015-10-22,2015,10,22,295,18.5,74.0,0.0
PUNE_G002,2015-10-23,2015,10,23,296,18.5,74.0,0.0
PUNE_G002,2015-10-24,2015,10,24,297,18.5,74.0,0.0
PUNE_G002,2015-10-25,2015,10,25,298,18.5,74.0,0.0
PUNE_G002,2015-10-26,2015,10,26,299,18.5,74.0,0.0
PUNE_G002,2015-10-27,2015,10,27,300,18.5,74.0,0.0
PUNE_G002,2015-10-28,2015,10,28,301,18.5,74.0,0.0
PUNE_G002,2015-10-29,2015,10,29,302,18.5,74.0,0.0
PUNE_G002,2015-10-30,2015,10,30,303,18.5,74.0,0.0
PUNE_G002,2015-10-31,2015,10,31,304,18.5,74.0,0.0
PUNE_G002,2015-11-01,2015,11,1,305,18.5,74.0,0.0
PUNE_G002,2015-11-02,2015,11,2,306,18.5,74.0,0.0
PUNE_G002,2015-11-03,2015,11,3,307,18.5,74.0,0.0
PUNE_G002,2015-11-04,2015,11,4,308,18.5,74.0,0.0
PUNE_G002,2015-11-05,2015,11,5,309,18.5,74.0,0.0
PUNE_G002,2015-11-06,2015,11,6,310,18.5,74.0,0.0
PUNE_G002,2015-11-07,2015,11,7,311,18.5,74.0,0.0
PUNE_G002,2015-11-08,2015,11,8,312,18.5,74.0,0.0
PUNE_G002,2015-11-09,2015,11,9,313,18.5,74.0,0.0
PUNE_G002,2015-11-10,2015,11,10,314,18.5,74.0,0.0
PUNE_G002,2015-11-11,2015,11,11,315,18.5,74.0,0.0
PUNE_G002,2015-11-12,2015,11,12,316,18.5,74.0,0.0
PUNE_G002,2015-11-13,2015,11,13,317,18.5,74.0,0.0
PUNE_G002,2015-11-14,2015,11,14,318,18.5,74.0,0.0
PUNE_G002,2015-11-15,2015,11,15,319,18.5,74.0,0.0
PUNE_G002,2015-11-16,2015,11,16,320,18.5,74.0,0.0
PUNE_G002,2015-11-17,2015,11,17,321,18.5,74.0,0.0
PUNE_G002,2015-11-18,2015,11,18,322,18.5,74.0,0.0
PUNE_G002,2015-11-19,2015,11,19,323,18.5,74.0,0.0
PUNE_G002,2015-11-20,2015,11,20,324,18.5,74.0,0.0
PUNE_G002,2015-11-21,2015,11,21,325,18.5,74.0,0.0
PUNE_G002,2015-11-22,2015,11,22,326,18.5,74.0,0.14928199350833893
PUNE_G002,2015-11-23,2015,11,23,327,18.5,74.0,53.06389617919922
PUNE_G002,2015-11-24,2015,11,24,328,18.5,74.0,21.015239715576172
PUNE_G002,2015-11-25,2015,11,25,329,18.5,74.0,0.0
PUNE_G002,2015-11-26,2015,11,26,330,18.5,74.0,0.0
PUNE_G002,2015-11-27,2015,11,27,331,18.5,74.0,0.0
PUNE_G002,2015-11-28,2015,11,28,332,18.5,74.0,0.0
PUNE_G002,2015-11-29,2015,11,29,333,18.5,74.0,0.0
PUNE_G002,2015-11-30,2015,11,30,334,18.5,74.0,0.0
PUNE_G002,2015-12-01,2015,12,1,335,18.5,74.0,0.0
PUNE_G002,2015-12-02,2015,12,2,336,18.5,74.0,0.0
PUNE_G002,2015-12-03,2015,12,3,337,18.5,74.0,0.0
PUNE_G002,2015-12-04,2015,12,4,338,18.5,74.0,0.0
PUNE_G002,2015-12-05,2015,12,5,339,18.5,74.0,0.0
PUNE_G002,2015-12-06,2015,12,6,340,18.5,74.0,0.0
PUNE_G002,2015-12-07,2015,12,7,341,18.5,74.0,0.0
PUNE_G002,2015-12-08,2015,12,8,342,18.5,74.0,0.0
PUNE_G002,2015-12-09,2015,12,9,343,18.5,74.0,0.0
PUNE_G002,2015-12-10,2015,12,10,344,18.5,74.0,0.0
PUNE_G002,2015-12-11,2015,12,11,345,18.5,74.0,0.0
PUNE_G002,2015-12-12,2015,12,12,346,18.5,74.0,0.0
PUNE_G002,2015-12-13,2015,12,13,347,18.5,74.0,0.0
PUNE_G002,2015-12-14,2015,12,14,348,18.5,74.0,0.0
PUNE_G002,2015-12-15,2015,12,15,349,18.5,74.0,0.0
PUNE_G002,2015-12-16,2015,12,16,350,18.5,74.0,0.0
PUNE_G002,2015-12-17,2015,12,17,351,18.5,74.0,0.0
PUNE_G002,2015-12-18,2015,12,18,352,18.5,74.0,0.0
PUNE_G002,2015-12-19,2015,12,19,353,18.5,74.0,0.0
PUNE_G002,2015-12-20,2015,12,20,354,18.5,74.0,0.0
PUNE_G002,2015-12-21,2015,12,21,355,18.5,74.0,0.0
PUNE_G002,2015-12-22,2015,12,22,356,18.5,74.0,0.0
PUNE_G002,2015-12-23,2015,12,23,357,18.5,74.0,0.0
PUNE_G002,2015-12-24,2015,12,24,358,18.5,74.0,0.0
PUNE_G002,2015-12-25,2015,12,25,359,18.5,74.0,0.0
PUNE_G002,2015-12-26,2015,12,26,360,18.5,74.0,0.0
PUNE_G002,2015-12-27,2015,12,27,361,18.5,74.0,0.0
PUNE_G002,2015-12-28,2015,12,28,362,18.5,74.0,0.0
PUNE_G002,2015-12-29,2015,12,29,363,18.5,74.0,0.0
PUNE_G002,2015-12-30,2015,12,30,364,18.5,74.0,0.0
PUNE_G002,2015-12-31,2015,12,31,365,18.5,74.0,0.0
PUNE_G002,2016-01-01,2016,1,1,1,18.5,74.0,0.0
PUNE_G002,2016-01-02,2016,1,2,2,18.5,74.0,0.0
PUNE_G002,2016-01-03,2016,1,3,3,18.5,74.0,0.0
PUNE_G002,2016-01-04,2016,1,4,4,18.5,74.0,0.0
PUNE_G002,2016-01-05,2016,1,5,5,18.5,74.0,0.0
PUNE_G002,2016-01-06,2016,1,6,6,18.5,74.0,0.0
PUNE_G002,2016-01-07,2016,1,7,7,18.5,74.0,0.0
PUNE_G002,2016-01-08,2016,1,8,8,18.5,74.0,0.0
PUNE_G002,2016-01-09,2016,1,9,9,18.5,74.0,0.0
PUNE_G002,2016-01-10,2016,1,10,10,18.5,74.0,0.0
PUNE_G002,2016-01-11,2016,1,11,11,18.5,74.0,0.0
PUNE_G002,2016-01-12,2016,1,12,12,18.5,74.0,0.0
PUNE_G002,2016-01-13,2016,1,13,13,18.5,74.0,0.0
PUNE_G002,2016-01-14,2016,1,14,14,18.5,74.0,0.0
PUNE_G002,2016-01-15,2016,1,15,15,18.5,74.0,0.0
PUNE_G002,2016-01-16,2016,1,16,16,18.5,74.0,0.0
PUNE_G002,2016-01-17,2016,1,17,17,18.5,74.0,0.0
PUNE_G002,2016-01-18,2016,1,18,18,18.5,74.0,0.0
PUNE_G002,2016-01-19,2016,1,19,19,18.5,74.0,0.0
PUNE_G002,2016-01-20,2016,1,20,20,18.5,74.0,0.0
PUNE_G002,2016-01-21,2016,1,21,21,18.5,74.0,0.0
PUNE_G002,2016-01-22,2016,1,22,22,18.5,74.0,0.0
PUNE_G002,2016-01-23,2016,1,23,23,18.5,74.0,0.0
PUNE_G002,2016-01-24,2016,1,24,24,18.5,74.0,0.0
PUNE_G002,2016-01-25,2016,1,25,25,18.5,74.0,0.0
PUNE_G002,2016-01-26,2016,1,26,26,18.5,74.0,0.0
PUNE_G002,2016-01-27,2016,1,27,27,18.5,74.0,0.0
PUNE_G002,2016-01-28,2016,1,28,28,18.5,74.0,0.0
PUNE_G002,2016-01-29,2016,1,29,29,18.5,74.0,0.0
PUNE_G002,2016-01-30,2016,1,30,30,18.5,74.0,0.0
PUNE_G002,2016-01-31,2016,1,31,31,18.5,74.0,0.0
PUNE_G002,2016-02-01,2016,2,1,32,18.5,74.0,0.0
PUNE_G002,2016-02-02,2016,2,2,33,18.5,74.0,0.0
PUNE_G002,2016-02-03,2016,2,3,34,18.5,74.0,0.0
PUNE_G002,2016-02-04,2016,2,4,35,18.5,74.0,0.0
PUNE_G002,2016-02-05,2016,2,5,36,18.5,74.0,0.0
PUNE_G002,2016-02-06,2016,2,6,37,18.5,74.0,0.0
PUNE_G002,2016-02-07,2016,2,7,38,18.5,74.0,0.0
PUNE_G002,2016-02-08,2016,2,8,39,18.5,74.0,0.0
PUNE_G002,2016-02-09,2016,2,9,40,18.5,74.0,0.0
PUNE_G002,2016-02-10,2016,2,10,41,18.5,74.0,0.0
PUNE_G002,2016-02-11,2016,2,11,42,18.5,74.0,0.0
PUNE_G002,2016-02-12,2016,2,12,43,18.5,74.0,0.0
PUNE_G002,2016-02-13,2016,2,13,44,18.5,74.0,0.0
PUNE_G002,2016-02-14,2016,2,14,45,18.5,74.0,0.0
PUNE_G002,2016-02-15,2016,2,15,46,18.5,74.0,0.0
PUNE_G002,2016-02-16,2016,2,16,47,18.5,74.0,0.0
PUNE_G002,2016-02-17,2016,2,17,48,18.5,74.0,0.0
PUNE_G002,2016-02-18,2016,2,18,49,18.5,74.0,0.0
PUNE_G002,2016-02-19,2016,2,19,50,18.5,74.0,0.0
PUNE_G002,2016-02-20,2016,2,20,51,18.5,74.0,0.0
PUNE_G002,2016-02-21,2016,2,21,52,18.5,74.0,0.0
PUNE_G002,2016-02-22,2016,2,22,53,18.5,74.0,0.0
PUNE_G002,2016-02-23,2016,2,23,54,18.5,74.0,0.0
PUNE_G002,2016-02-24,2016,2,24,55,18.5,74.0,0.0
PUNE_G002,2016-02-25,2016,2,25,56,18.5,74.0,0.0
PUNE_G002,2016-02-26,2016,2,26,57,18.5,74.0,0.0
PUNE_G002,2016-02-27,2016,2,27,58,18.5,74.0,0.0
PUNE_G002,2016-02-28,2016,2,28,59,18.5,74.0,0.0
PUNE_G002,2016-02-29,2016,2,29,60,18.5,74.0,0.0
PUNE_G002,2016-03-01,2016,3,1,61,18.5,74.0,0.0
PUNE_G002,2016-03-02,2016,3,2,62,18.5,74.0,0.0
PUNE_G002,2016-03-03,2016,3,3,63,18.5,74.0,5.127589702606201
PUNE_G002,2016-03-04,2016,3,4,64,18.5,74.0,0.0
PUNE_G002,2016-03-05,2016,3,5,65,18.5,74.0,1.266049861907959
PUNE_G002,2016-03-06,2016,3,6,66,18.5,74.0,0.0
PUNE_G002,2016-03-07,2016,3,7,67,18.5,74.0,0.0
PUNE_G002,2016-03-08,2016,3,8,68,18.5,74.0,0.0
PUNE_G002,2016-03-09,2016,3,9,69,18.5,74.0,0.0
PUNE_G002,2016-03-10,2016,3,10,70,18.5,74.0,0.0
PUNE_G002,2016-03-11,2016,3,11,71,18.5,74.0,0.0
PUNE_G002,2016-03-12,2016,3,12,72,18.5,74.0,0.0
PUNE_G002,2016-03-13,2016,3,13,73,18.5,74.0,0.0
PUNE_G002,2016-03-14,2016,3,14,74,18.5,74.0,0.0
PUNE_G002,2016-03-15,2016,3,15,75,18.5,74.0,0.0
PUNE_G002,2016-03-16,2016,3,16,76,18.5,74.0,0.0
PUNE_G002,2016-03-17,2016,3,17,77,18.5,74.0,0.0
PUNE_G002,2016-03-18,2016,3,18,78,18.5,74.0,0.0
PUNE_G002,2016-03-19,2016,3,19,79,18.5,74.0,0.0
PUNE_G002,2016-03-20,2016,3,20,80,18.5,74.0,0.0
PUNE_G002,2016-03-21,2016,3,21,81,18.5,74.0,0.0
PUNE_G002,2016-03-22,2016,3,22,82,18.5,74.0,0.0
PUNE_G002,2016-03-23,2016,3,23,83,18.5,74.0,0.0
PUNE_G002,2016-03-24,2016,3,24,84,18.5,74.0,0.0
PUNE_G002,2016-03-25,2016,3,25,85,18.5,74.0,0.0
PUNE_G002,2016-03-26,2016,3,26,86,18.5,74.0,0.0
PUNE_G002,2016-03-27,2016,3,27,87,18.5,74.0,0.0
PUNE_G002,2016-03-28,2016,3,28,88,18.5,74.0,0.0
PUNE_G002,2016-03-29,2016,3,29,89,18.5,74.0,0.0
PUNE_G002,2016-03-30,2016,3,30,90,18.5,74.0,0.0
PUNE_G002,2016-03-31,2016,3,31,91,18.5,74.0,0.0
PUNE_G002,2016-04-01,2016,4,1,92,18.5,74.0,0.0
PUNE_G002,2016-04-02,2016,4,2,93,18.5,74.0,0.0
PUNE_G002,2016-04-03,2016,4,3,94,18.5,74.0,0.0
PUNE_G002,2016-04-04,2016,4,4,95,18.5,74.0,0.0
PUNE_G002,2016-04-05,2016,4,5,96,18.5,74.0,0.0
PUNE_G002,2016-04-06,2016,4,6,97,18.5,74.0,0.4692235291004181
PUNE_G002,2016-04-07,2016,4,7,98,18.5,74.0,0.0
PUNE_G002,2016-04-08,2016,4,8,99,18.5,74.0,0.0
PUNE_G002,2016-04-09,2016,4,9,100,18.5,74.0,0.0
PUNE_G002,2016-04-10,2016,4,10,101,18.5,74.0,0.0
PUNE_G002,2016-04-11,2016,4,11,102,18.5,74.0,0.0
PUNE_G002,2016-04-12,2016,4,12,103,18.5,74.0,0.0
PUNE_G002,2016-04-13,2016,4,13,104,18.5,74.0,0.0
PUNE_G002,2016-04-14,2016,4,14,105,18.5,74.0,0.0
PUNE_G002,2016-04-15,2016,4,15,106,18.5,74.0,0.0
PUNE_G002,2016-04-16,2016,4,16,107,18.5,74.0,0.0
PUNE_G002,2016-04-17,2016,4,17,108,18.5,74.0,0.0
PUNE_G002,2016-04-18,2016,4,18,109,18.5,74.0,0.0
PUNE_G002,2016-04-19,2016,4,19,110,18.5,74.0,0.0
PUNE_G002,2016-04-20,2016,4,20,111,18.5,74.0,0.0
PUNE_G002,2016-04-21,2016,4,21,112,18.5,74.0,0.0
PUNE_G002,2016-04-22,2016,4,22,113,18.5,74.0,0.0
PUNE_G002,2016-04-23,2016,4,23,114,18.5,74.0,0.0
PUNE_G002,2016-04-24,2016,4,24,115,18.5,74.0,0.0
PUNE_G002,2016-04-25,2016,4,25,116,18.5,74.0,0.0
PUNE_G002,2016-04-26,2016,4,26,117,18.5,74.0,0.0
PUNE_G002,2016-04-27,2016,4,27,118,18.5,74.0,0.0
PUNE_G002,2016-04-28,2016,4,28,119,18.5,74.0,0.0
PUNE_G002,2016-04-29,2016,4,29,120,18.5,74.0,0.0
PUNE_G002,2016-04-30,2016,4,30,121,18.5,74.0,0.0
PUNE_G002,2016-05-01,2016,5,1,122,18.5,74.0,0.0
PUNE_G002,2016-05-02,2016,5,2,123,18.5,74.0,0.0
PUNE_G002,2016-05-03,2016,5,3,124,18.5,74.0,0.0
PUNE_G002,2016-05-04,2016,5,4,125,18.5,74.0,0.0
PUNE_G002,2016-05-05,2016,5,5,126,18.5,74.0,0.0
PUNE_G002,2016-05-06,2016,5,6,127,18.5,74.0,0.0
PUNE_G002,2016-05-07,2016,5,7,128,18.5,74.0,0.0
PUNE_G002,2016-05-08,2016,5,8,129,18.5,74.0,0.0
PUNE_G002,2016-05-09,2016,5,9,130,18.5,74.0,0.0
PUNE_G002,2016-05-10,2016,5,10,131,18.5,74.0,2.0306284427642822
PUNE_G002,2016-05-11,2016,5,11,132,18.5,74.0,0.0
PUNE_G002,2016-05-12,2016,5,12,133,18.5,74.0,1.7161667346954346
PUNE_G002,2016-05-13,2016,5,13,134,18.5,74.0,0.0
PUNE_G002,2016-05-14,2016,5,14,135,18.5,74.0,0.253007173538208
PUNE_G002,2016-05-15,2016,5,15,136,18.5,74.0,0.0
PUNE_G002,2016-05-16,2016,5,16,137,18.5,74.0,0.0
PUNE_G002,2016-05-17,2016,5,17,138,18.5,74.0,0.0
PUNE_G002,2016-05-18,2016,5,18,139,18.5,74.0,0.0
PUNE_G002,2016-05-19,2016,5,19,140,18.5,74.0,0.0
PUNE_G002,2016-05-20,2016,5,20,141,18.5,74.0,0.0
PUNE_G002,2016-05-21,2016,5,21,142,18.5,74.0,0.0
PUNE_G002,2016-05-22,2016,5,22,143,18.5,74.0,0.0
PUNE_G002,2016-05-23,2016,5,23,144,18.5,74.0,0.0
PUNE_G002,2016-05-24,2016,5,24,145,18.5,74.0,0.0
PUNE_G002,2016-05-25,2016,5,25,146,18.5,74.0,0.0
PUNE_G002,2016-05-26,2016,5,26,147,18.5,74.0,0.0
PUNE_G002,2016-05-27,2016,5,27,148,18.5,74.0,0.0
PUNE_G002,2016-05-28,2016,5,28,149,18.5,74.0,0.0
PUNE_G002,2016-05-29,2016,5,29,150,18.5,74.0,0.0
PUNE_G002,2016-05-30,2016,5,30,151,18.5,74.0,0.0
PUNE_G002,2016-05-31,2016,5,31,152,18.5,74.0,0.0
PUNE_G002,2016-06-01,2016,6,1,153,18.5,74.0,0.0
PUNE_G002,2016-06-02,2016,6,2,154,18.5,74.0,1.9275171756744385
PUNE_G002,2016-06-03,2016,6,3,155,18.5,74.0,0.0
PUNE_G002,2016-06-04,2016,6,4,156,18.5,74.0,1.7487207651138306
PUNE_G002,2016-06-05,2016,6,5,157,18.5,74.0,15.951809883117676
PUNE_G002,2016-06-06,2016,6,6,158,18.5,74.0,7.449044227600098
PUNE_G002,2016-06-07,2016,6,7,159,18.5,74.0,0.0
PUNE_G002,2016-06-08,2016,6,8,160,18.5,74.0,0.0
PUNE_G002,2016-06-09,2016,6,9,161,18.5,74.0,0.0
PUNE_G002,2016-06-10,2016,6,10,162,18.5,74.0,0.0
PUNE_G002,2016-06-11,2016,6,11,163,18.5,74.0,0.0
PUNE_G002,2016-06-12,2016,6,12,164,18.5,74.0,0.0
PUNE_G002,2016-06-13,2016,6,13,165,18.5,74.0,0.0
PUNE_G002,2016-06-14,2016,6,14,166,18.5,74.0,0.0
PUNE_G002,2016-06-15,2016,6,15,167,18.5,74.0,0.0
PUNE_G002,2016-06-16,2016,6,16,168,18.5,74.0,0.0
PUNE_G002,2016-06-17,2016,6,17,169,18.5,74.0,0.0
PUNE_G002,2016-06-18,2016,6,18,170,18.5,74.0,0.0
PUNE_G002,2016-06-19,2016,6,19,171,18.5,74.0,0.0
PUNE_G002,2016-06-20,2016,6,20,172,18.5,74.0,2.070201873779297
PUNE_G002,2016-06-21,2016,6,21,173,18.5,74.0,14.42032527923584
PUNE_G002,2016-06-22,2016,6,22,174,18.5,74.0,6.858325481414795
PUNE_G002,2016-06-23,2016,6,23,175,18.5,74.0,0.0
PUNE_G002,2016-06-24,2016,6,24,176,18.5,74.0,1.4626730680465698
PUNE_G002,2016-06-25,2016,6,25,177,18.5,74.0,0.0
PUNE_G002,2016-06-26,2016,6,26,178,18.5,74.0,2.3632595539093018
PUNE_G002,2016-06-27,2016,6,27,179,18.5,74.0,3.602926254272461
PUNE_G002,2016-06-28,2016,6,28,180,18.5,74.0,0.10631322860717773
PUNE_G002,2016-06-29,2016,6,29,181,18.5,74.0,2.5551199913024902
PUNE_G002,2016-06-30,2016,6,30,182,18.5,74.0,0.192436084151268
PUNE_G002,2016-07-01,2016,7,1,183,18.5,74.0,0.20313195884227753
PUNE_G002,2016-07-02,2016,7,2,184,18.5,74.0,7.278933525085449
PUNE_G002,2016-07-03,2016,7,3,185,18.5,74.0,49.29041290283203
PUNE_G002,2016-07-04,2016,7,4,186,18.5,74.0,37.31779098510742
PUNE_G002,2016-07-05,2016,7,5,187,18.5,74.0,8.972599029541016
PUNE_G002,2016-07-06,2016,7,6,188,18.5,74.0,12.344756126403809
PUNE_G002,2016-07-07,2016,7,7,189,18.5,74.0,2.6347098350524902
PUNE_G002,2016-07-08,2016,7,8,190,18.5,74.0,2.0422592163085938
PUNE_G002,2016-07-09,2016,7,9,191,18.5,74.0,5.173293590545654
PUNE_G002,2016-07-10,2016,7,10,192,18.5,74.0,12.295892715454102
PUNE_G002,2016-07-11,2016,7,11,193,18.5,74.0,11.395064353942871
PUNE_G002,2016-07-12,2016,7,12,194,18.5,74.0,7.954099655151367
PUNE_G002,2016-07-13,2016,7,13,195,18.5,74.0,4.563242435455322
PUNE_G002,2016-07-14,2016,7,14,196,18.5,74.0,0.7263955473899841
PUNE_G002,2016-07-15,2016,7,15,197,18.5,74.0,0.45272719860076904
PUNE_G002,2016-07-16,2016,7,16,198,18.5,74.0,0.16520601511001587
PUNE_G002,2016-07-17,2016,7,17,199,18.5,74.0,0.0
PUNE_G002,2016-07-18,2016,7,18,200,18.5,74.0,0.29456040263175964
PUNE_G002,2016-07-19,2016,7,19,201,18.5,74.0,1.2582157850265503
PUNE_G002,2016-07-20,2016,7,20,202,18.5,74.0,0.8242199420928955
PUNE_G002,2016-07-21,2016,7,21,203,18.5,74.0,1.0874758958816528
PUNE_G002,2016-07-22,2016,7,22,204,18.5,74.0,0.0
PUNE_G002,2016-07-23,2016,7,23,205,18.5,74.0,2.728200912475586
PUNE_G002,2016-07-24,2016,7,24,206,18.5,74.0,0.58421391248703
PUNE_G002,2016-07-25,2016,7,25,207,18.5,74.0,0.0
PUNE_G002,2016-07-26,2016,7,26,208,18.5,74.0,0.0
PUNE_G002,2016-07-27,2016,7,27,209,18.5,74.0,0.12284573912620544
PUNE_G002,2016-07-28,2016,7,28,210,18.5,74.0,0.0
PUNE_G002,2016-07-29,2016,7,29,211,18.5,74.0,0.4597664177417755
PUNE_G002,2016-07-30,2016,7,30,212,18.5,74.0,0.9517086744308472
PUNE_G002,2016-07-31,2016,7,31,213,18.5,74.0,1.217491626739502
PUNE_G002,2016-08-01,2016,8,1,214,18.5,74.0,3.842122793197632
PUNE_G002,2016-08-02,2016,8,2,215,18.5,74.0,9.348470687866211
PUNE_G002,2016-08-03,2016,8,3,216,18.5,74.0,41.352420806884766
PUNE_G002,2016-08-04,2016,8,4,217,18.5,74.0,50.14163589477539
PUNE_G002,2016-08-05,2016,8,5,218,18.5,74.0,2.8769516944885254
PUNE_G002,2016-08-06,2016,8,6,219,18.5,74.0,39.86919403076172
PUNE_G002,2016-08-07,2016,8,7,220,18.5,74.0,3.2730252742767334
PUNE_G002,2016-08-08,2016,8,8,221,18.5,74.0,5.029423236846924
PUNE_G002,2016-08-09,2016,8,9,222,18.5,74.0,3.880481243133545
PUNE_G002,2016-08-10,2016,8,10,223,18.5,74.0,4.505812644958496
PUNE_G002,2016-08-11,2016,8,11,224,18.5,74.0,5.238806247711182
PUNE_G002,2016-08-12,2016,8,12,225,18.5,74.0,1.9133100509643555
PUNE_G002,2016-08-13,2016,8,13,226,18.5,74.0,0.2827555537223816
PUNE_G002,2016-08-14,2016,8,14,227,18.5,74.0,0.13969287276268005
PUNE_G002,2016-08-15,2016,8,15,228,18.5,74.0,0.0
PUNE_G002,2016-08-16,2016,8,16,229,18.5,74.0,0.0
PUNE_G002,2016-08-17,2016,8,17,230,18.5,74.0,0.0
PUNE_G002,2016-08-18,2016,8,18,231,18.5,74.0,0.0
PUNE_G002,2016-08-19,2016,8,19,232,18.5,74.0,0.0
PUNE_G002,2016-08-20,2016,8,20,233,18.5,74.0,0.0
PUNE_G002,2016-08-21,2016,8,21,234,18.5,74.0,0.0
PUNE_G002,2016-08-22,2016,8,22,235,18.5,74.0,0.2805947959423065
PUNE_G002,2016-08-23,2016,8,23,236,18.5,74.0,1.7052255868911743
PUNE_G002,2016-08-24,2016,8,24,237,18.5,74.0,4.139779567718506
PUNE_G002,2016-08-25,2016,8,25,238,18.5,74.0,2.0610063076019287
PUNE_G002,2016-08-26,2016,8,26,239,18.5,74.0,0.0
PUNE_G002,2016-08-27,2016,8,27,240,18.5,74.0,0.14473173022270203
PUNE_G002,2016-08-28,2016,8,28,241,18.5,74.0,0.0
PUNE_G002,2016-08-29,2016,8,29,242,18.5,74.0,0.0
PUNE_G002,2016-08-30,2016,8,30,243,18.5,74.0,0.0
PUNE_G002,2016-08-31,2016,8,31,244,18.5,74.0,0.0
PUNE_G002,2016-09-01,2016,9,1,245,18.5,74.0,0.0
PUNE_G002,2016-09-02,2016,9,2,246,18.5,74.0,0.3069151043891907
PUNE_G002,2016-09-03,2016,9,3,247,18.5,74.0,0.0
PUNE_G002,2016-09-04,2016,9,4,248,18.5,74.0,1.1321995258331299
PUNE_G002,2016-09-05,2016,9,5,249,18.5,74.0,0.0
PUNE_G002,2016-09-06,2016,9,6,250,18.5,74.0,0.0
PUNE_G002,2016-09-07,2016,9,7,251,18.5,74.0,1.413040041923523
PUNE_G002,2016-09-08,2016,9,8,252,18.5,74.0,1.0623416900634766
PUNE_G002,2016-09-09,2016,9,9,253,18.5,74.0,1.7578922510147095
PUNE_G002,2016-09-10,2016,9,10,254,18.5,74.0,0.0
PUNE_G002,2016-09-11,2016,9,11,255,18.5,74.0,0.23843716084957123
PUNE_G002,2016-09-12,2016,9,12,256,18.5,74.0,0.0
PUNE_G002,2016-09-13,2016,9,13,257,18.5,74.0,1.7578922510147095
PUNE_G002,2016-09-14,2016,9,14,258,18.5,74.0,0.0
PUNE_G002,2016-09-15,2016,9,15,259,18.5,74.0,4.2480549812316895
PUNE_G002,2016-09-16,2016,9,16,260,18.5,74.0,2.0458316802978516
PUNE_G002,2016-09-17,2016,9,17,261,18.5,74.0,15.34666633605957
PUNE_G002,2016-09-18,2016,9,18,262,18.5,74.0,9.003100395202637
PUNE_G002,2016-09-19,2016,9,19,263,18.5,74.0,3.336127519607544
PUNE_G002,2016-09-20,2016,9,20,264,18.5,74.0,0.5807439088821411
PUNE_G002,2016-09-21,2016,9,21,265,18.5,74.0,2.798219919204712
PUNE_G002,2016-09-22,2016,9,22,266,18.5,74.0,4.340729236602783
PUNE_G002,2016-09-23,2016,9,23,267,18.5,74.0,4.2760844230651855
PUNE_G002,2016-09-24,2016,9,24,268,18.5,74.0,4.34583044052124
PUNE_G002,2016-09-25,2016,9,25,269,18.5,74.0,2.9585115909576416
PUNE_G002,2016-09-26,2016,9,26,270,18.5,74.0,0.0
PUNE_G002,2016-09-27,2016,9,27,271,18.5,74.0,0.0
PUNE_G002,2016-09-28,2016,9,28,272,18.5,74.0,0.0
PUNE_G002,2016-09-29,2016,9,29,273,18.5,74.0,1.5051676034927368
PUNE_G002,2016-09-30,2016,9,30,274,18.5,74.0,0.5986974835395813
PUNE_G002,2016-10-01,2016,10,1,275,18.5,74.0,0.0
PUNE_G002,2016-10-02,2016,10,2,276,18.5,74.0,28.44377899169922
PUNE_G002,2016-10-03,2016,10,3,277,18.5,74.0,0.7890434265136719
PUNE_G002,2016-10-04,2016,10,4,278,18.5,74.0,0.9540924429893494
PUNE_G002,2016-10-05,2016,10,5,279,18.5,74.0,0.0
PUNE_G002,2016-10-06,2016,10,6,280,18.5,74.0,0.22279907763004303
PUNE_G002,2016-10-07,2016,10,7,281,18.5,74.0,0.0
PUNE_G002,2016-10-08,2016,10,8,282,18.5,74.0,0.0
PUNE_G002,2016-10-09,2016,10,9,283,18.5,74.0,0.0
PUNE_G002,2016-10-10,2016,10,10,284,18.5,74.0,5.124269962310791
PUNE_G002,2016-10-11,2016,10,11,285,18.5,74.0,5.826708793640137
PUNE_G002,2016-10-12,2016,10,12,286,18.5,74.0,1.5325490236282349
PUNE_G002,2016-10-13,2016,10,13,287,18.5,74.0,0.3973952531814575
PUNE_G002,2016-10-14,2016,10,14,288,18.5,74.0,0.0
PUNE_G002,2016-10-15,2016,10,15,289,18.5,74.0,0.0
PUNE_G002,2016-10-16,2016,10,16,290,18.5,74.0,0.0
PUNE_G002,2016-10-17,2016,10,17,291,18.5,74.0,0.0
PUNE_G002,2016-10-18,2016,10,18,292,18.5,74.0,0.0
PUNE_G002,2016-10-19,2016,10,19,293,18.5,74.0,0.0
PUNE_G002,2016-10-20,2016,10,20,294,18.5,74.0,0.0
PUNE_G002,2016-10-21,2016,10,21,295,18.5,74.0,0.0
PUNE_G002,2016-10-22,2016,10,22,296,18.5,74.0,0.0
PUNE_G002,2016-10-23,2016,10,23,297,18.5,74.0,0.0
PUNE_G002,2016-10-24,2016,10,24,298,18.5,74.0,0.0
PUNE_G002,2016-10-25,2016,10,25,299,18.5,74.0,0.0
PUNE_G002,2016-10-26,2016,10,26,300,18.5,74.0,0.0
PUNE_G002,2016-10-27,2016,10,27,301,18.5,74.0,0.0
PUNE_G002,2016-10-28,2016,10,28,302,18.5,74.0,0.0
PUNE_G002,2016-10-29,2016,10,29,303,18.5,74.0,0.0
PUNE_G002,2016-10-30,2016,10,30,304,18.5,74.0,0.0
PUNE_G002,2016-10-31,2016,10,31,305,18.5,74.0,0.0
PUNE_G002,2016-11-01,2016,11,1,306,18.5,74.0,0.0
PUNE_G002,2016-11-02,2016,11,2,307,18.5,74.0,0.0
PUNE_G002,2016-11-03,2016,11,3,308,18.5,74.0,0.0
PUNE_G002,2016-11-04,2016,11,4,309,18.5,74.0,0.0
PUNE_G002,2016-11-05,2016,11,5,310,18.5,74.0,0.0
PUNE_G002,2016-11-06,2016,11,6,311,18.5,74.0,0.0
PUNE_G002,2016-11-07,2016,11,7,312,18.5,74.0,0.0
PUNE_G002,2016-11-08,2016,11,8,313,18.5,74.0,0.0
PUNE_G002,2016-11-09,2016,11,9,314,18.5,74.0,0.0
PUNE_G002,2016-11-10,2016,11,10,315,18.5,74.0,0.0
PUNE_G002,2016-11-11,2016,11,11,316,18.5,74.0,0.0
PUNE_G002,2016-11-12,2016,11,12,317,18.5,74.0,0.0
PUNE_G002,2016-11-13,2016,11,13,318,18.5,74.0,0.0
PUNE_G002,2016-11-14,2016,11,14,319,18.5,74.0,0.0
PUNE_G002,2016-11-15,2016,11,15,320,18.5,74.0,0.0
PUNE_G002,2016-11-16,2016,11,16,321,18.5,74.0,0.0
PUNE_G002,2016-11-17,2016,11,17,322,18.5,74.0,0.0
PUNE_G002,2016-11-18,2016,11,18,323,18.5,74.0,0.0
PUNE_G002,2016-11-19,2016,11,19,324,18.5,74.0,0.0
PUNE_G002,2016-11-20,2016,11,20,325,18.5,74.0,0.0
PUNE_G002,2016-11-21,2016,11,21,326,18.5,74.0,0.0
PUNE_G002,2016-11-22,2016,11,22,327,18.5,74.0,0.0
PUNE_G002,2016-11-23,2016,11,23,328,18.5,74.0,0.0
PUNE_G002,2016-11-24,2016,11,24,329,18.5,74.0,0.0
PUNE_G002,2016-11-25,2016,11,25,330,18.5,74.0,0.0
PUNE_G002,2016-11-26,2016,11,26,331,18.5,74.0,0.0
PUNE_G002,2016-11-27,2016,11,27,332,18.5,74.0,0.0
PUNE_G002,2016-11-28,2016,11,28,333,18.5,74.0,0.0
PUNE_G002,2016-11-29,2016,11,29,334,18.5,74.0,0.0
PUNE_G002,2016-11-30,2016,11,30,335,18.5,74.0,0.0
PUNE_G002,2016-12-01,2016,12,1,336,18.5,74.0,0.0
PUNE_G002,2016-12-02,2016,12,2,337,18.5,74.0,0.0
PUNE_G002,2016-12-03,2016,12,3,338,18.5,74.0,0.0
PUNE_G002,2016-12-04,2016,12,4,339,18.5,74.0,0.0
PUNE_G002,2016-12-05,2016,12,5,340,18.5,74.0,0.0
PUNE_G002,2016-12-06,2016,12,6,341,18.5,74.0,0.0
PUNE_G002,2016-12-07,2016,12,7,342,18.5,74.0,0.0
PUNE_G002,2016-12-08,2016,12,8,343,18.5,74.0,0.0
PUNE_G002,2016-12-09,2016,12,9,344,18.5,74.0,0.0
PUNE_G002,2016-12-10,2016,12,10,345,18.5,74.0,0.0
PUNE_G002,2016-12-11,2016,12,11,346,18.5,74.0,0.0
PUNE_G002,2016-12-12,2016,12,12,347,18.5,74.0,0.0
PUNE_G002,2016-12-13,2016,12,13,348,18.5,74.0,0.0
PUNE_G002,2016-12-14,2016,12,14,349,18.5,74.0,0.0
PUNE_G002,2016-12-15,2016,12,15,350,18.5,74.0,0.0
PUNE_G002,2016-12-16,2016,12,16,351,18.5,74.0,0.0
PUNE_G002,2016-12-17,2016,12,17,352,18.5,74.0,0.0
PUNE_G002,2016-12-18,2016,12,18,353,18.5,74.0,0.0
PUNE_G002,2016-12-19,2016,12,19,354,18.5,74.0,0.0
PUNE_G002,2016-12-20,2016,12,20,355,18.5,74.0,0.0
PUNE_G002,2016-12-21,2016,12,21,356,18.5,74.0,0.0
PUNE_G002,2016-12-22,2016,12,22,357,18.5,74.0,0.0
PUNE_G002,2016-12-23,2016,12,23,358,18.5,74.0,0.0
PUNE_G002,2016-12-24,2016,12,24,359,18.5,74.0,0.0
PUNE_G002,2016-12-25,2016,12,25,360,18.5,74.0,0.0
PUNE_G002,2016-12-26,2016,12,26,361,18.5,74.0,0.0
PUNE_G002,2016-12-27,2016,12,27,362,18.5,74.0,0.0
PUNE_G002,2016-12-28,2016,12,28,363,18.5,74.0,0.0
PUNE_G002,2016-12-29,2016,12,29,364,18.5,74.0,0.0
PUNE_G002,2016-12-30,2016,12,30,365,18.5,74.0,0.0
PUNE_G002,2016-12-31,2016,12,31,366,18.5,74.0,0.0
PUNE_G002,2017-01-01,2017,1,1,1,18.5,74.0,0.0
PUNE_G002,2017-01-02,2017,1,2,2,18.5,74.0,0.0
PUNE_G002,2017-01-03,2017,1,3,3,18.5,74.0,0.0
PUNE_G002,2017-01-04,2017,1,4,4,18.5,74.0,0.0
PUNE_G002,2017-01-05,2017,1,5,5,18.5,74.0,0.0
PUNE_G002,2017-01-06,2017,1,6,6,18.5,74.0,0.0
PUNE_G002,2017-01-07,2017,1,7,7,18.5,74.0,0.0
PUNE_G002,2017-01-08,2017,1,8,8,18.5,74.0,0.0
PUNE_G002,2017-01-09,2017,1,9,9,18.5,74.0,0.0
PUNE_G002,2017-01-10,2017,1,10,10,18.5,74.0,0.0
PUNE_G002,2017-01-11,2017,1,11,11,18.5,74.0,0.0
PUNE_G002,2017-01-12,2017,1,12,12,18.5,74.0,0.0
PUNE_G002,2017-01-13,2017,1,13,13,18.5,74.0,0.0
PUNE_G002,2017-01-14,2017,1,14,14,18.5,74.0,0.0
PUNE_G002,2017-01-15,2017,1,15,15,18.5,74.0,0.0
PUNE_G002,2017-01-16,2017,1,16,16,18.5,74.0,0.0
PUNE_G002,2017-01-17,2017,1,17,17,18.5,74.0,0.0
PUNE_G002,2017-01-18,2017,1,18,18,18.5,74.0,0.0
PUNE_G002,2017-01-19,2017,1,19,19,18.5,74.0,0.0
PUNE_G002,2017-01-20,2017,1,20,20,18.5,74.0,0.0
PUNE_G002,2017-01-21,2017,1,21,21,18.5,74.0,0.0
PUNE_G002,2017-01-22,2017,1,22,22,18.5,74.0,0.0
PUNE_G002,2017-01-23,2017,1,23,23,18.5,74.0,0.0
PUNE_G002,2017-01-24,2017,1,24,24,18.5,74.0,0.0
PUNE_G002,2017-01-25,2017,1,25,25,18.5,74.0,0.0
PUNE_G002,2017-01-26,2017,1,26,26,18.5,74.0,0.0
PUNE_G002,2017-01-27,2017,1,27,27,18.5,74.0,0.0
PUNE_G002,2017-01-28,2017,1,28,28,18.5,74.0,0.0
PUNE_G002,2017-01-29,2017,1,29,29,18.5,74.0,0.0
PUNE_G002,2017-01-30,2017,1,30,30,18.5,74.0,0.0
PUNE_G002,2017-01-31,2017,1,31,31,18.5,74.0,0.0
PUNE_G002,2017-02-01,2017,2,1,32,18.5,74.0,0.0
PUNE_G002,2017-02-02,2017,2,2,33,18.5,74.0,0.0
PUNE_G002,2017-02-03,2017,2,3,34,18.5,74.0,0.0
PUNE_G002,2017-02-04,2017,2,4,35,18.5,74.0,0.0
PUNE_G002,2017-02-05,2017,2,5,36,18.5,74.0,0.0
PUNE_G002,2017-02-06,2017,2,6,37,18.5,74.0,0.0
PUNE_G002,2017-02-07,2017,2,7,38,18.5,74.0,0.0
PUNE_G002,2017-02-08,2017,2,8,39,18.5,74.0,0.0
PUNE_G002,2017-02-09,2017,2,9,40,18.5,74.0,0.0
PUNE_G002,2017-02-10,2017,2,10,41,18.5,74.0,0.0
PUNE_G002,2017-02-11,2017,2,11,42,18.5,74.0,0.0
PUNE_G002,2017-02-12,2017,2,12,43,18.5,74.0,0.0
PUNE_G002,2017-02-13,2017,2,13,44,18.5,74.0,0.0
PUNE_G002,2017-02-14,2017,2,14,45,18.5,74.0,0.0
PUNE_G002,2017-02-15,2017,2,15,46,18.5,74.0,0.0
PUNE_G002,2017-02-16,2017,2,16,47,18.5,74.0,0.0
PUNE_G002,2017-02-17,2017,2,17,48,18.5,74.0,0.0
PUNE_G002,2017-02-18,2017,2,18,49,18.5,74.0,0.0
PUNE_G002,2017-02-19,2017,2,19,50,18.5,74.0,0.0
PUNE_G002,2017-02-20,2017,2,20,51,18.5,74.0,0.0
PUNE_G002,2017-02-21,2017,2,21,52,18.5,74.0,0.0
PUNE_G002,2017-02-22,2017,2,22,53,18.5,74.0,0.0
PUNE_G002,2017-02-23,2017,2,23,54,18.5,74.0,0.0
PUNE_G002,2017-02-24,2017,2,24,55,18.5,74.0,0.0
PUNE_G002,2017-02-25,2017,2,25,56,18.5,74.0,0.0
PUNE_G002,2017-02-26,2017,2,26,57,18.5,74.0,0.0
PUNE_G002,2017-02-27,2017,2,27,58,18.5,74.0,0.0
PUNE_G002,2017-02-28,2017,2,28,59,18.5,74.0,0.0
PUNE_G002,2017-03-01,2017,3,1,60,18.5,74.0,0.0
PUNE_G002,2017-03-02,2017,3,2,61,18.5,74.0,0.0
PUNE_G002,2017-03-03,2017,3,3,62,18.5,74.0,0.0
PUNE_G002,2017-03-04,2017,3,4,63,18.5,74.0,0.0
PUNE_G002,2017-03-05,2017,3,5,64,18.5,74.0,0.0
PUNE_G002,2017-03-06,2017,3,6,65,18.5,74.0,0.0
PUNE_G002,2017-03-07,2017,3,7,66,18.5,74.0,0.0
PUNE_G002,2017-03-08,2017,3,8,67,18.5,74.0,0.0
PUNE_G002,2017-03-09,2017,3,9,68,18.5,74.0,0.0
PUNE_G002,2017-03-10,2017,3,10,69,18.5,74.0,0.0
PUNE_G002,2017-03-11,2017,3,11,70,18.5,74.0,0.0
PUNE_G002,2017-03-12,2017,3,12,71,18.5,74.0,0.0
PUNE_G002,2017-03-13,2017,3,13,72,18.5,74.0,0.0
PUNE_G002,2017-03-14,2017,3,14,73,18.5,74.0,0.0
PUNE_G002,2017-03-15,2017,3,15,74,18.5,74.0,0.0
PUNE_G002,2017-03-16,2017,3,16,75,18.5,74.0,0.0
PUNE_G002,2017-03-17,2017,3,17,76,18.5,74.0,0.0
PUNE_G002,2017-03-18,2017,3,18,77,18.5,74.0,0.0
PUNE_G002,2017-03-19,2017,3,19,78,18.5,74.0,0.0
PUNE_G002,2017-03-20,2017,3,20,79,18.5,74.0,0.0
PUNE_G002,2017-03-21,2017,3,21,80,18.5,74.0,0.0
PUNE_G002,2017-03-22,2017,3,22,81,18.5,74.0,0.0
PUNE_G002,2017-03-23,2017,3,23,82,18.5,74.0,0.0
PUNE_G002,2017-03-24,2017,3,24,83,18.5,74.0,0.0
PUNE_G002,2017-03-25,2017,3,25,84,18.5,74.0,0.0
PUNE_G002,2017-03-26,2017,3,26,85,18.5,74.0,0.0
PUNE_G002,2017-03-27,2017,3,27,86,18.5,74.0,0.0
PUNE_G002,2017-03-28,2017,3,28,87,18.5,74.0,0.0
PUNE_G002,2017-03-29,2017,3,29,88,18.5,74.0,0.0
PUNE_G002,2017-03-30,2017,3,30,89,18.5,74.0,0.0
PUNE_G002,2017-03-31,2017,3,31,90,18.5,74.0,0.0
PUNE_G002,2017-04-01,2017,4,1,91,18.5,74.0,0.0
PUNE_G002,2017-04-02,2017,4,2,92,18.5,74.0,0.0
PUNE_G002,2017-04-03,2017,4,3,93,18.5,74.0,0.0
PUNE_G002,2017-04-04,2017,4,4,94,18.5,74.0,0.0
PUNE_G002,2017-04-05,2017,4,5,95,18.5,74.0,0.0
PUNE_G002,2017-04-06,2017,4,6,96,18.5,74.0,0.0
PUNE_G002,2017-04-07,2017,4,7,97,18.5,74.0,0.0
PUNE_G002,2017-04-08,2017,4,8,98,18.5,74.0,0.0
PUNE_G002,2017-04-09,2017,4,9,99,18.5,74.0,0.0
PUNE_G002,2017-04-10,2017,4,10,100,18.5,74.0,0.0
PUNE_G002,2017-04-11,2017,4,11,101,18.5,74.0,0.0
PUNE_G002,2017-04-12,2017,4,12,102,18.5,74.0,0.0
PUNE_G002,2017-04-13,2017,4,13,103,18.5,74.0,0.0
PUNE_G002,2017-04-14,2017,4,14,104,18.5,74.0,0.0
PUNE_G002,2017-04-15,2017,4,15,105,18.5,74.0,0.0
PUNE_G002,2017-04-16,2017,4,16,106,18.5,74.0,0.0
PUNE_G002,2017-04-17,2017,4,17,107,18.5,74.0,0.0
PUNE_G002,2017-04-18,2017,4,18,108,18.5,74.0,0.0
PUNE_G002,2017-04-19,2017,4,19,109,18.5,74.0,0.0
PUNE_G002,2017-04-20,2017,4,20,110,18.5,74.0,0.0
PUNE_G002,2017-04-21,2017,4,21,111,18.5,74.0,0.0
PUNE_G002,2017-04-22,2017,4,22,112,18.5,74.0,0.0
PUNE_G002,2017-04-23,2017,4,23,113,18.5,74.0,0.0
PUNE_G002,2017-04-24,2017,4,24,114,18.5,74.0,0.0
PUNE_G002,2017-04-25,2017,4,25,115,18.5,74.0,0.0
PUNE_G002,2017-04-26,2017,4,26,116,18.5,74.0,0.0
PUNE_G002,2017-04-27,2017,4,27,117,18.5,74.0,0.0
PUNE_G002,2017-04-28,2017,4,28,118,18.5,74.0,0.0
PUNE_G002,2017-04-29,2017,4,29,119,18.5,74.0,0.0
PUNE_G002,2017-04-30,2017,4,30,120,18.5,74.0,0.0
PUNE_G002,2017-05-01,2017,5,1,121,18.5,74.0,0.0
PUNE_G002,2017-05-02,2017,5,2,122,18.5,74.0,0.0
PUNE_G002,2017-05-03,2017,5,3,123,18.5,74.0,0.0
PUNE_G002,2017-05-04,2017,5,4,124,18.5,74.0,0.0
PUNE_G002,2017-05-05,2017,5,5,125,18.5,74.0,0.0
PUNE_G002,2017-05-06,2017,5,6,126,18.5,74.0,0.0
PUNE_G002,2017-05-07,2017,5,7,127,18.5,74.0,0.0
PUNE_G002,2017-05-08,2017,5,8,128,18.5,74.0,0.2908405661582947
PUNE_G002,2017-05-09,2017,5,9,129,18.5,74.0,0.0
PUNE_G002,2017-05-10,2017,5,10,130,18.5,74.0,0.0
PUNE_G002,2017-05-11,2017,5,11,131,18.5,74.0,0.0
PUNE_G002,2017-05-12,2017,5,12,132,18.5,74.0,0.0
PUNE_G002,2017-05-13,2017,5,13,133,18.5,74.0,1.879191517829895
PUNE_G002,2017-05-14,2017,5,14,134,18.5,74.0,10.278083801269531
PUNE_G002,2017-05-15,2017,5,15,135,18.5,74.0,0.0
PUNE_G002,2017-05-16,2017,5,16,136,18.5,74.0,0.0
PUNE_G002,2017-05-17,2017,5,17,137,18.5,74.0,0.0
PUNE_G002,2017-05-18,2017,5,18,138,18.5,74.0,0.0
PUNE_G002,2017-05-19,2017,5,19,139,18.5,74.0,0.0
PUNE_G002,2017-05-20,2017,5,20,140,18.5,74.0,0.0
PUNE_G002,2017-05-21,2017,5,21,141,18.5,74.0,0.0
PUNE_G002,2017-05-22,2017,5,22,142,18.5,74.0,0.0
PUNE_G002,2017-05-23,2017,5,23,143,18.5,74.0,0.0
PUNE_G002,2017-05-24,2017,5,24,144,18.5,74.0,0.0
PUNE_G002,2017-05-25,2017,5,25,145,18.5,74.0,0.0
PUNE_G002,2017-05-26,2017,5,26,146,18.5,74.0,0.0
PUNE_G002,2017-05-27,2017,5,27,147,18.5,74.0,0.0
PUNE_G002,2017-05-28,2017,5,28,148,18.5,74.0,0.0
PUNE_G002,2017-05-29,2017,5,29,149,18.5,74.0,0.0
PUNE_G002,2017-05-30,2017,5,30,150,18.5,74.0,0.15180431306362152
PUNE_G002,2017-05-31,2017,5,31,151,18.5,74.0,0.17816606163978577
PUNE_G002,2017-06-01,2017,6,1,152,18.5,74.0,0.0
PUNE_G002,2017-06-02,2017,6,2,153,18.5,74.0,10.528326988220215
PUNE_G002,2017-06-03,2017,6,3,154,18.5,74.0,0.0
PUNE_G002,2017-06-04,2017,6,4,155,18.5,74.0,0.9476155042648315
PUNE_G002,2017-06-05,2017,6,5,156,18.5,74.0,0.0
PUNE_G002,2017-06-06,2017,6,6,157,18.5,74.0,0.0
PUNE_G002,2017-06-07,2017,6,7,158,18.5,74.0,0.0
PUNE_G002,2017-06-08,2017,6,8,159,18.5,74.0,0.0
PUNE_G002,2017-06-09,2017,6,9,160,18.5,74.0,0.0
PUNE_G002,2017-06-10,2017,6,10,161,18.5,74.0,2.1973652839660645
PUNE_G002,2017-06-11,2017,6,11,162,18.5,74.0,0.0
PUNE_G002,2017-06-12,2017,6,12,163,18.5,74.0,0.25133830308914185
PUNE_G002,2017-06-13,2017,6,13,164,18.5,74.0,37.5904655456543
PUNE_G002,2017-06-14,2017,6,14,165,18.5,74.0,0.0
PUNE_G002,2017-06-15,2017,6,15,166,18.5,74.0,33.22999954223633
PUNE_G002,2017-06-16,2017,6,16,167,18.5,74.0,1.5792640447616577
PUNE_G002,2017-06-17,2017,6,17,168,18.5,74.0,28.9638671875
PUNE_G002,2017-06-18,2017,6,18,169,18.5,74.0,16.454261779785156
PUNE_G002,2017-06-19,2017,6,19,170,18.5,74.0,0.0
PUNE_G002,2017-06-20,2017,6,20,171,18.5,74.0,0.0
PUNE_G002,2017-06-21,2017,6,21,172,18.5,74.0,0.0
PUNE_G002,2017-06-22,2017,6,22,173,18.5,74.0,0.0
PUNE_G002,2017-06-23,2017,6,23,174,18.5,74.0,0.8183738589286804
PUNE_G002,2017-06-24,2017,6,24,175,18.5,74.0,0.8337512016296387
PUNE_G002,2017-06-25,2017,6,25,176,18.5,74.0,1.9180597066879272
PUNE_G002,2017-06-26,2017,6,26,177,18.5,74.0,5.979226112365723
PUNE_G002,2017-06-27,2017,6,27,178,18.5,74.0,4.203132629394531
PUNE_G002,2017-06-28,2017,6,28,179,18.5,74.0,2.0639424324035645
PUNE_G002,2017-06-29,2017,6,29,180,18.5,74.0,1.6510287523269653
PUNE_G002,2017-06-30,2017,6,30,181,18.5,74.0,9.897281646728516
PUNE_G002,2017-07-01,2017,7,1,182,18.5,74.0,2.685892343521118
PUNE_G002,2017-07-02,2017,7,2,183,18.5,74.0,1.4468903541564941
PUNE_G002,2017-07-03,2017,7,3,184,18.5,74.0,4.604701042175293
PUNE_G002,2017-07-04,2017,7,4,185,18.5,74.0,0.0
PUNE_G002,2017-07-05,2017,7,5,186,18.5,74.0,0.8972484469413757
PUNE_G002,2017-07-06,2017,7,6,187,18.5,74.0,0.12566915154457092
PUNE_G002,2017-07-07,2017,7,7,188,18.5,74.0,1.0082311630249023
PUNE_G002,2017-07-08,2017,7,8,189,18.5,74.0,0.5323315262794495
PUNE_G002,2017-07-09,2017,7,9,190,18.5,74.0,0.0
PUNE_G002,2017-07-10,2017,7,10,191,18.5,74.0,0.0
PUNE_G002,2017-07-11,2017,7,11,192,18.5,74.0,0.12566915154457092
PUNE_G002,2017-07-12,2017,7,12,193,18.5,74.0,2.339679002761841
PUNE_G002,2017-07-13,2017,7,13,194,18.5,74.0,0.29415854811668396
PUNE_G002,2017-07-14,2017,7,14,195,18.5,74.0,14.919073104858398
PUNE_G002,2017-07-15,2017,7,15,196,18.5,74.0,14.664152145385742
PUNE_G002,2017-07-16,2017,7,16,197,18.5,74.0,6.190668106079102
PUNE_G002,2017-07-17,2017,7,17,198,18.5,74.0,6.36116361618042
PUNE_G002,2017-07-18,2017,7,18,199,18.5,74.0,13.151900291442871
PUNE_G002,2017-07-19,2017,7,19,200,18.5,74.0,4.441943645477295
PUNE_G002,2017-07-20,2017,7,20,201,18.5,74.0,10.079639434814453
PUNE_G002,2017-07-21,2017,7,21,202,18.5,74.0,18.909889221191406
PUNE_G002,2017-07-22,2017,7,22,203,18.5,74.0,12.887232780456543
PUNE_G002,2017-07-23,2017,7,23,204,18.5,74.0,5.861202239990234
PUNE_G002,2017-07-24,2017,7,24,205,18.5,74.0,4.399283409118652
PUNE_G002,2017-07-25,2017,7,25,206,18.5,74.0,3.3200554847717285
PUNE_G002,2017-07-26,2017,7,26,207,18.5,74.0,0.5607295632362366
PUNE_G002,2017-07-27,2017,7,27,208,18.5,74.0,2.657500982284546
PUNE_G002,2017-07-28,2017,7,28,209,18.5,74.0,4.755336761474609
PUNE_G002,2017-07-29,2017,7,29,210,18.5,74.0,1.3010908365249634
PUNE_G002,2017-07-30,2017,7,30,211,18.5,74.0,1.3976901769638062
PUNE_G002,2017-07-31,2017,7,31,212,18.5,74.0,0.3561859428882599
PUNE_G002,2017-08-01,2017,8,1,213,18.5,74.0,0.6002664566040039
PUNE_G002,2017-08-02,2017,8,2,214,18.5,74.0,0.27040088176727295
PUNE_G002,2017-08-03,2017,8,3,215,18.5,74.0,0.6602070331573486
PUNE_G002,2017-08-04,2017,8,4,216,18.5,74.0,2.5228774547576904
PUNE_G002,2017-08-05,2017,8,5,217,18.5,74.0,0.0
PUNE_G002,2017-08-06,2017,8,6,218,18.5,74.0,0.12163668870925903
PUNE_G002,2017-08-07,2017,8,7,219,18.5,74.0,0.0
PUNE_G002,2017-08-08,2017,8,8,220,18.5,74.0,0.0
PUNE_G002,2017-08-09,2017,8,9,221,18.5,74.0,1.6651161909103394
PUNE_G002,2017-08-10,2017,8,10,222,18.5,74.0,5.829769611358643
PUNE_G002,2017-08-11,2017,8,11,223,18.5,74.0,0.35323387384414673
PUNE_G002,2017-08-12,2017,8,12,224,18.5,74.0,0.6576022505760193
PUNE_G002,2017-08-13,2017,8,13,225,18.5,74.0,0.0
PUNE_G002,2017-08-14,2017,8,14,226,18.5,74.0,0.12566915154457092
PUNE_G002,2017-08-15,2017,8,15,227,18.5,74.0,0.1067352145910263
PUNE_G002,2017-08-16,2017,8,16,228,18.5,74.0,0.0
PUNE_G002,2017-08-17,2017,8,17,229,18.5,74.0,0.15708643198013306
PUNE_G002,2017-08-18,2017,8,18,230,18.5,74.0,0.0
PUNE_G002,2017-08-19,2017,8,19,231,18.5,74.0,0.9890753626823425
PUNE_G002,2017-08-20,2017,8,20,232,18.5,74.0,29.92344093322754
PUNE_G002,2017-08-21,2017,8,21,233,18.5,74.0,43.2946891784668
PUNE_G002,2017-08-22,2017,8,22,234,18.5,74.0,0.9244306087493896
PUNE_G002,2017-08-23,2017,8,23,235,18.5,74.0,0.12042763084173203
PUNE_G002,2017-08-24,2017,8,24,236,18.5,74.0,0.23843716084957123
PUNE_G002,2017-08-25,2017,8,25,237,18.5,74.0,0.4914444386959076
PUNE_G002,2017-08-26,2017,8,26,238,18.5,74.0,3.620668411254883
PUNE_G002,2017-08-27,2017,8,27,239,18.5,74.0,6.1438703536987305
PUNE_G002,2017-08-28,2017,8,28,240,18.5,74.0,14.287994384765625
PUNE_G002,2017-08-29,2017,8,29,241,18.5,74.0,14.625284194946289
PUNE_G002,2017-08-30,2017,8,30,242,18.5,74.0,3.95625638961792
PUNE_G002,2017-08-31,2017,8,31,243,18.5,74.0,2.748812675476074
PUNE_G002,2017-09-01,2017,9,1,244,18.5,74.0,0.0
PUNE_G002,2017-09-02,2017,9,2,245,18.5,74.0,1.0455526113510132
PUNE_G002,2017-09-03,2017,9,3,246,18.5,74.0,0.0
PUNE_G002,2017-09-04,2017,9,4,247,18.5,74.0,0.0
PUNE_G002,2017-09-05,2017,9,5,248,18.5,74.0,0.0
PUNE_G002,2017-09-06,2017,9,6,249,18.5,74.0,0.0
PUNE_G002,2017-09-07,2017,9,7,250,18.5,74.0,0.0
PUNE_G002,2017-09-08,2017,9,8,251,18.5,74.0,37.13468933105469
PUNE_G002,2017-09-09,2017,9,9,252,18.5,74.0,1.5593429803848267
PUNE_G002,2017-09-10,2017,9,10,253,18.5,74.0,2.2999396324157715
PUNE_G002,2017-09-11,2017,9,11,254,18.5,74.0,15.131437301635742
PUNE_G002,2017-09-12,2017,9,12,255,18.5,74.0,0.7280064821243286
PUNE_G002,2017-09-13,2017,9,13,256,18.5,74.0,1.5866968631744385
PUNE_G002,2017-09-14,2017,9,14,257,18.5,74.0,6.821829319000244
PUNE_G002,2017-09-15,2017,9,15,258,18.5,74.0,16.634496688842773
PUNE_G002,2017-09-16,2017,9,16,259,18.5,74.0,3.854067802429199
PUNE_G002,2017-09-17,2017,9,17,260,18.5,74.0,11.14820384979248
PUNE_G002,2017-09-18,2017,9,18,261,18.5,74.0,0.0
PUNE_G002,2017-09-19,2017,9,19,262,18.5,74.0,7.519864559173584
PUNE_G002,2017-09-20,2017,9,20,263,18.5,74.0,18.64217185974121
PUNE_G002,2017-09-21,2017,9,21,264,18.5,74.0,12.84630012512207
PUNE_G002,2017-09-22,2017,9,22,265,18.5,74.0,3.9620347023010254
PUNE_G002,2017-09-23,2017,9,23,266,18.5,74.0,0.0
PUNE_G002,2017-09-24,2017,9,24,267,18.5,74.0,0.0
PUNE_G002,2017-09-25,2017,9,25,268,18.5,74.0,0.0
PUNE_G002,2017-09-26,2017,9,26,269,18.5,74.0,0.0
PUNE_G002,2017-09-27,2017,9,27,270,18.5,74.0,3.6828742027282715
PUNE_G002,2017-09-28,2017,9,28,271,18.5,74.0,0.5808019638061523
PUNE_G002,2017-09-29,2017,9,29,272,18.5,74.0,3.5631775856018066
PUNE_G002,2017-09-30,2017,9,30,273,18.5,74.0,12.312541007995605
PUNE_G002,2017-10-01,2017,10,1,274,18.5,74.0,0.13927946984767914
PUNE_G002,2017-10-02,2017,10,2,275,18.5,74.0,0.0
PUNE_G002,2017-10-03,2017,10,3,276,18.5,74.0,0.0
PUNE_G002,2017-10-04,2017,10,4,277,18.5,74.0,0.0
PUNE_G002,2017-10-05,2017,10,5,278,18.5,74.0,0.0
PUNE_G002,2017-10-06,2017,10,6,279,18.5,74.0,0.0
PUNE_G002,2017-10-07,2017,10,7,280,18.5,74.0,9.9832181930542
PUNE_G002,2017-10-08,2017,10,8,281,18.5,74.0,7.718079090118408
PUNE_G002,2017-10-09,2017,10,9,282,18.5,74.0,19.509931564331055
PUNE_G002,2017-10-10,2017,10,10,283,18.5,74.0,0.0
PUNE_G002,2017-10-11,2017,10,11,284,18.5,74.0,6.902438640594482
PUNE_G002,2017-10-12,2017,10,12,285,18.5,74.0,4.723211288452148
PUNE_G002,2017-10-13,2017,10,13,286,18.5,74.0,1.1822586059570312
PUNE_G002,2017-10-14,2017,10,14,287,18.5,74.0,43.89766311645508
PUNE_G002,2017-10-15,2017,10,15,288,18.5,74.0,20.35365867614746
PUNE_G002,2017-10-16,2017,10,16,289,18.5,74.0,0.9008687734603882
PUNE_G002,2017-10-17,2017,10,17,290,18.5,74.0,0.0
PUNE_G002,2017-10-18,2017,10,18,291,18.5,74.0,0.0
PUNE_G002,2017-10-19,2017,10,19,292,18.5,74.0,0.0
PUNE_G002,2017-10-20,2017,10,20,293,18.5,74.0,0.0
PUNE_G002,2017-10-21,2017,10,21,294,18.5,74.0,0.0
PUNE_G002,2017-10-22,2017,10,22,295,18.5,74.0,0.0
PUNE_G002,2017-10-23,2017,10,23,296,18.5,74.0,3.931063652038574
PUNE_G002,2017-10-24,2017,10,24,297,18.5,74.0,0.0
PUNE_G002,2017-10-25,2017,10,25,298,18.5,74.0,0.0
PUNE_G002,2017-10-26,2017,10,26,299,18.5,74.0,0.0
PUNE_G002,2017-10-27,2017,10,27,300,18.5,74.0,0.0
PUNE_G002,2017-10-28,2017,10,28,301,18.5,74.0,1.8836253881454468
PUNE_G002,2017-10-29,2017,10,29,302,18.5,74.0,0.0
PUNE_G002,2017-10-30,2017,10,30,303,18.5,74.0,0.0
PUNE_G002,2017-10-31,2017,10,31,304,18.5,74.0,0.0
PUNE_G002,2017-11-01,2017,11,1,305,18.5,74.0,0.0
PUNE_G002,2017-11-02,2017,11,2,306,18.5,74.0,0.0
PUNE_G002,2017-11-03,2017,11,3,307,18.5,74.0,0.0
PUNE_G002,2017-11-04,2017,11,4,308,18.5,74.0,0.0
PUNE_G002,2017-11-05,2017,11,5,309,18.5,74.0,0.0
PUNE_G002,2017-11-06,2017,11,6,310,18.5,74.0,0.0
PUNE_G002,2017-11-07,2017,11,7,311,18.5,74.0,0.0
PUNE_G002,2017-11-08,2017,11,8,312,18.5,74.0,0.0
PUNE_G002,2017-11-09,2017,11,9,313,18.5,74.0,0.0
PUNE_G002,2017-11-10,2017,11,10,314,18.5,74.0,0.0
PUNE_G002,2017-11-11,2017,11,11,315,18.5,74.0,0.0
PUNE_G002,2017-11-12,2017,11,12,316,18.5,74.0,0.0
PUNE_G002,2017-11-13,2017,11,13,317,18.5,74.0,0.0
PUNE_G002,2017-11-14,2017,11,14,318,18.5,74.0,0.0
PUNE_G002,2017-11-15,2017,11,15,319,18.5,74.0,0.0
PUNE_G002,2017-11-16,2017,11,16,320,18.5,74.0,0.0
PUNE_G002,2017-11-17,2017,11,17,321,18.5,74.0,0.0
PUNE_G002,2017-11-18,2017,11,18,322,18.5,74.0,0.0
PUNE_G002,2017-11-19,2017,11,19,323,18.5,74.0,0.0
PUNE_G002,2017-11-20,2017,11,20,324,18.5,74.0,0.0
PUNE_G002,2017-11-21,2017,11,21,325,18.5,74.0,8.93598747253418
PUNE_G002,2017-11-22,2017,11,22,326,18.5,74.0,2.706402063369751
PUNE_G002,2017-11-23,2017,11,23,327,18.5,74.0,7.274844646453857
PUNE_G002,2017-11-24,2017,11,24,328,18.5,74.0,0.17717452347278595
PUNE_G002,2017-11-25,2017,11,25,329,18.5,74.0,0.0
PUNE_G002,2017-11-26,2017,11,26,330,18.5,74.0,0.0
PUNE_G002,2017-11-27,2017,11,27,331,18.5,74.0,0.0
PUNE_G002,2017-11-28,2017,11,28,332,18.5,74.0,0.0
PUNE_G002,2017-11-29,2017,11,29,333,18.5,74.0,0.0
PUNE_G002,2017-11-30,2017,11,30,334,18.5,74.0,0.0
PUNE_G002,2017-12-01,2017,12,1,335,18.5,74.0,0.0
PUNE_G002,2017-12-02,2017,12,2,336,18.5,74.0,0.0
PUNE_G002,2017-12-03,2017,12,3,337,18.5,74.0,0.0
PUNE_G002,2017-12-04,2017,12,4,338,18.5,74.0,0.0
PUNE_G002,2017-12-05,2017,12,5,339,18.5,74.0,1.5297359228134155
PUNE_G002,2017-12-06,2017,12,6,340,18.5,74.0,0.0
PUNE_G002,2017-12-07,2017,12,7,341,18.5,74.0,0.0
PUNE_G002,2017-12-08,2017,12,8,342,18.5,74.0,0.0
PUNE_G002,2017-12-09,2017,12,9,343,18.5,74.0,0.0
PUNE_G002,2017-12-10,2017,12,10,344,18.5,74.0,0.0
PUNE_G002,2017-12-11,2017,12,11,345,18.5,74.0,0.0
PUNE_G002,2017-12-12,2017,12,12,346,18.5,74.0,0.0
PUNE_G002,2017-12-13,2017,12,13,347,18.5,74.0,0.0
PUNE_G002,2017-12-14,2017,12,14,348,18.5,74.0,0.0
PUNE_G002,2017-12-15,2017,12,15,349,18.5,74.0,0.0
PUNE_G002,2017-12-16,2017,12,16,350,18.5,74.0,0.0
PUNE_G002,2017-12-17,2017,12,17,351,18.5,74.0,0.0
PUNE_G002,2017-12-18,2017,12,18,352,18.5,74.0,0.0
PUNE_G002,2017-12-19,2017,12,19,353,18.5,74.0,0.0
PUNE_G002,2017-12-20,2017,12,20,354,18.5,74.0,0.0
PUNE_G002,2017-12-21,2017,12,21,355,18.5,74.0,0.0
PUNE_G002,2017-12-22,2017,12,22,356,18.5,74.0,0.0
PUNE_G002,2017-12-23,2017,12,23,357,18.5,74.0,0.0
PUNE_G002,2017-12-24,2017,12,24,358,18.5,74.0,0.0
PUNE_G002,2017-12-25,2017,12,25,359,18.5,74.0,0.0
PUNE_G002,2017-12-26,2017,12,26,360,18.5,74.0,0.0
PUNE_G002,2017-12-27,2017,12,27,361,18.5,74.0,0.0
PUNE_G002,2017-12-28,2017,12,28,362,18.5,74.0,0.0
PUNE_G002,2017-12-29,2017,12,29,363,18.5,74.0,0.0
PUNE_G002,2017-12-30,2017,12,30,364,18.5,74.0,0.0
PUNE_G002,2017-12-31,2017,12,31,365,18.5,74.0,0.0
PUNE_G002,2018-01-01,2018,1,1,1,18.5,74.0,0.0
PUNE_G002,2018-01-02,2018,1,2,2,18.5,74.0,0.0
PUNE_G002,2018-01-03,2018,1,3,3,18.5,74.0,0.0
PUNE_G002,2018-01-04,2018,1,4,4,18.5,74.0,0.0
PUNE_G002,2018-01-05,2018,1,5,5,18.5,74.0,0.0
PUNE_G002,2018-01-06,2018,1,6,6,18.5,74.0,0.0
PUNE_G002,2018-01-07,2018,1,7,7,18.5,74.0,0.0
PUNE_G002,2018-01-08,2018,1,8,8,18.5,74.0,0.0
PUNE_G002,2018-01-09,2018,1,9,9,18.5,74.0,0.0
PUNE_G002,2018-01-10,2018,1,10,10,18.5,74.0,0.0
PUNE_G002,2018-01-11,2018,1,11,11,18.5,74.0,0.0
PUNE_G002,2018-01-12,2018,1,12,12,18.5,74.0,0.0
PUNE_G002,2018-01-13,2018,1,13,13,18.5,74.0,0.0
PUNE_G002,2018-01-14,2018,1,14,14,18.5,74.0,0.0
PUNE_G002,2018-01-15,2018,1,15,15,18.5,74.0,0.0
PUNE_G002,2018-01-16,2018,1,16,16,18.5,74.0,0.0
PUNE_G002,2018-01-17,2018,1,17,17,18.5,74.0,0.0
PUNE_G002,2018-01-18,2018,1,18,18,18.5,74.0,0.0
PUNE_G002,2018-01-19,2018,1,19,19,18.5,74.0,0.0
PUNE_G002,2018-01-20,2018,1,20,20,18.5,74.0,0.0
PUNE_G002,2018-01-21,2018,1,21,21,18.5,74.0,0.0
PUNE_G002,2018-01-22,2018,1,22,22,18.5,74.0,0.0
PUNE_G002,2018-01-23,2018,1,23,23,18.5,74.0,0.0
PUNE_G002,2018-01-24,2018,1,24,24,18.5,74.0,0.0
PUNE_G002,2018-01-25,2018,1,25,25,18.5,74.0,0.0
PUNE_G002,2018-01-26,2018,1,26,26,18.5,74.0,0.0
PUNE_G002,2018-01-27,2018,1,27,27,18.5,74.0,0.0
PUNE_G002,2018-01-28,2018,1,28,28,18.5,74.0,0.0
PUNE_G002,2018-01-29,2018,1,29,29,18.5,74.0,0.0
PUNE_G002,2018-01-30,2018,1,30,30,18.5,74.0,0.0
PUNE_G002,2018-01-31,2018,1,31,31,18.5,74.0,0.0
PUNE_G002,2018-02-01,2018,2,1,32,18.5,74.0,0.0
PUNE_G002,2018-02-02,2018,2,2,33,18.5,74.0,0.0
PUNE_G002,2018-02-03,2018,2,3,34,18.5,74.0,0.0
PUNE_G002,2018-02-04,2018,2,4,35,18.5,74.0,0.0
PUNE_G002,2018-02-05,2018,2,5,36,18.5,74.0,0.0
PUNE_G002,2018-02-06,2018,2,6,37,18.5,74.0,0.0
PUNE_G002,2018-02-07,2018,2,7,38,18.5,74.0,0.0
PUNE_G002,2018-02-08,2018,2,8,39,18.5,74.0,0.0
PUNE_G002,2018-02-09,2018,2,9,40,18.5,74.0,0.0
PUNE_G002,2018-02-10,2018,2,10,41,18.5,74.0,0.0
PUNE_G002,2018-02-11,2018,2,11,42,18.5,74.0,0.0
PUNE_G002,2018-02-12,2018,2,12,43,18.5,74.0,0.0
PUNE_G002,2018-02-13,2018,2,13,44,18.5,74.0,0.0
PUNE_G002,2018-02-14,2018,2,14,45,18.5,74.0,0.0
PUNE_G002,2018-02-15,2018,2,15,46,18.5,74.0,0.0
PUNE_G002,2018-02-16,2018,2,16,47,18.5,74.0,0.0
PUNE_G002,2018-02-17,2018,2,17,48,18.5,74.0,0.0
PUNE_G002,2018-02-18,2018,2,18,49,18.5,74.0,0.0
PUNE_G002,2018-02-19,2018,2,19,50,18.5,74.0,0.0
PUNE_G002,2018-02-20,2018,2,20,51,18.5,74.0,0.0
PUNE_G002,2018-02-21,2018,2,21,52,18.5,74.0,0.0
PUNE_G002,2018-02-22,2018,2,22,53,18.5,74.0,0.0
PUNE_G002,2018-02-23,2018,2,23,54,18.5,74.0,0.0
PUNE_G002,2018-02-24,2018,2,24,55,18.5,74.0,0.0
PUNE_G002,2018-02-25,2018,2,25,56,18.5,74.0,0.0
PUNE_G002,2018-02-26,2018,2,26,57,18.5,74.0,0.0
PUNE_G002,2018-02-27,2018,2,27,58,18.5,74.0,0.0
PUNE_G002,2018-02-28,2018,2,28,59,18.5,74.0,0.0
PUNE_G002,2018-03-01,2018,3,1,60,18.5,74.0,0.0
PUNE_G002,2018-03-02,2018,3,2,61,18.5,74.0,0.0
PUNE_G002,2018-03-03,2018,3,3,62,18.5,74.0,0.0
PUNE_G002,2018-03-04,2018,3,4,63,18.5,74.0,0.0
PUNE_G002,2018-03-05,2018,3,5,64,18.5,74.0,0.0
PUNE_G002,2018-03-06,2018,3,6,65,18.5,74.0,0.0
PUNE_G002,2018-03-07,2018,3,7,66,18.5,74.0,0.0
PUNE_G002,2018-03-08,2018,3,8,67,18.5,74.0,0.0
PUNE_G002,2018-03-09,2018,3,9,68,18.5,74.0,0.0
PUNE_G002,2018-03-10,2018,3,10,69,18.5,74.0,0.0
PUNE_G002,2018-03-11,2018,3,11,70,18.5,74.0,0.0
PUNE_G002,2018-03-12,2018,3,12,71,18.5,74.0,0.0
PUNE_G002,2018-03-13,2018,3,13,72,18.5,74.0,0.0
PUNE_G002,2018-03-14,2018,3,14,73,18.5,74.0,0.0
PUNE_G002,2018-03-15,2018,3,15,74,18.5,74.0,0.0
PUNE_G002,2018-03-16,2018,3,16,75,18.5,74.0,0.0
PUNE_G002,2018-03-17,2018,3,17,76,18.5,74.0,0.0
PUNE_G002,2018-03-18,2018,3,18,77,18.5,74.0,0.0
PUNE_G002,2018-03-19,2018,3,19,78,18.5,74.0,1.9164543151855469
PUNE_G002,2018-03-20,2018,3,20,79,18.5,74.0,0.0
PUNE_G002,2018-03-21,2018,3,21,80,18.5,74.0,0.0
PUNE_G002,2018-03-22,2018,3,22,81,18.5,74.0,0.0
PUNE_G002,2018-03-23,2018,3,23,82,18.5,74.0,0.0
PUNE_G002,2018-03-24,2018,3,24,83,18.5,74.0,0.0
PUNE_G002,2018-03-25,2018,3,25,84,18.5,74.0,0.0
PUNE_G002,2018-03-26,2018,3,26,85,18.5,74.0,0.0
PUNE_G002,2018-03-27,2018,3,27,86,18.5,74.0,0.0
PUNE_G002,2018-03-28,2018,3,28,87,18.5,74.0,0.0
PUNE_G002,2018-03-29,2018,3,29,88,18.5,74.0,0.0
PUNE_G002,2018-03-30,2018,3,30,89,18.5,74.0,0.0
PUNE_G002,2018-03-31,2018,3,31,90,18.5,74.0,0.0
PUNE_G002,2018-04-01,2018,4,1,91,18.5,74.0,0.0
PUNE_G002,2018-04-02,2018,4,2,92,18.5,74.0,0.0
PUNE_G002,2018-04-03,2018,4,3,93,18.5,74.0,0.0
PUNE_G002,2018-04-04,2018,4,4,94,18.5,74.0,0.0
PUNE_G002,2018-04-05,2018,4,5,95,18.5,74.0,0.0
PUNE_G002,2018-04-06,2018,4,6,96,18.5,74.0,0.0
PUNE_G002,2018-04-07,2018,4,7,97,18.5,74.0,0.2909289300441742
PUNE_G002,2018-04-08,2018,4,8,98,18.5,74.0,0.22733430564403534
PUNE_G002,2018-04-09,2018,4,9,99,18.5,74.0,0.0
PUNE_G002,2018-04-10,2018,4,10,100,18.5,74.0,0.0
PUNE_G002,2018-04-11,2018,4,11,101,18.5,74.0,0.0
PUNE_G002,2018-04-12,2018,4,12,102,18.5,74.0,0.0
PUNE_G002,2018-04-13,2018,4,13,103,18.5,74.0,0.0
PUNE_G002,2018-04-14,2018,4,14,104,18.5,74.0,0.0
PUNE_G002,2018-04-15,2018,4,15,105,18.5,74.0,0.0
PUNE_G002,2018-04-16,2018,4,16,106,18.5,74.0,0.0
PUNE_G002,2018-04-17,2018,4,17,107,18.5,74.0,0.0
PUNE_G002,2018-04-18,2018,4,18,108,18.5,74.0,0.3573949933052063
PUNE_G002,2018-04-19,2018,4,19,109,18.5,74.0,0.0
PUNE_G002,2018-04-20,2018,4,20,110,18.5,74.0,0.0
PUNE_G002,2018-04-21,2018,4,21,111,18.5,74.0,0.0
PUNE_G002,2018-04-22,2018,4,22,112,18.5,74.0,0.0
PUNE_G002,2018-04-23,2018,4,23,113,18.5,74.0,0.0
PUNE_G002,2018-04-24,2018,4,24,114,18.5,74.0,0.0
PUNE_G002,2018-04-25,2018,4,25,115,18.5,74.0,0.0
PUNE_G002,2018-04-26,2018,4,26,116,18.5,74.0,0.0
PUNE_G002,2018-04-27,2018,4,27,117,18.5,74.0,0.0
PUNE_G002,2018-04-28,2018,4,28,118,18.5,74.0,0.0
PUNE_G002,2018-04-29,2018,4,29,119,18.5,74.0,0.0
PUNE_G002,2018-04-30,2018,4,30,120,18.5,74.0,0.0
PUNE_G002,2018-05-01,2018,5,1,121,18.5,74.0,0.0
PUNE_G002,2018-05-02,2018,5,2,122,18.5,74.0,0.0
PUNE_G002,2018-05-03,2018,5,3,123,18.5,74.0,0.0
PUNE_G002,2018-05-04,2018,5,4,124,18.5,74.0,0.0
PUNE_G002,2018-05-05,2018,5,5,125,18.5,74.0,0.0
PUNE_G002,2018-05-06,2018,5,6,126,18.5,74.0,0.0
PUNE_G002,2018-05-07,2018,5,7,127,18.5,74.0,0.0
PUNE_G002,2018-05-08,2018,5,8,128,18.5,74.0,0.0
PUNE_G002,2018-05-09,2018,5,9,129,18.5,74.0,0.0
PUNE_G002,2018-05-10,2018,5,10,130,18.5,74.0,0.0
PUNE_G002,2018-05-11,2018,5,11,131,18.5,74.0,0.0
PUNE_G002,2018-05-12,2018,5,12,132,18.5,74.0,0.0
PUNE_G002,2018-05-13,2018,5,13,133,18.5,74.0,0.0
PUNE_G002,2018-05-14,2018,5,14,134,18.5,74.0,0.0
PUNE_G002,2018-05-15,2018,5,15,135,18.5,74.0,0.0
PUNE_G002,2018-05-16,2018,5,16,136,18.5,74.0,0.0
PUNE_G002,2018-05-17,2018,5,17,137,18.5,74.0,0.0
PUNE_G002,2018-05-18,2018,5,18,138,18.5,74.0,4.190647125244141
PUNE_G002,2018-05-19,2018,5,19,139,18.5,74.0,0.0
PUNE_G002,2018-05-20,2018,5,20,140,18.5,74.0,0.0
PUNE_G002,2018-05-21,2018,5,21,141,18.5,74.0,0.0
PUNE_G002,2018-05-22,2018,5,22,142,18.5,74.0,0.0
PUNE_G002,2018-05-23,2018,5,23,143,18.5,74.0,0.15831002593040466
PUNE_G002,2018-05-24,2018,5,24,144,18.5,74.0,0.0
PUNE_G002,2018-05-25,2018,5,25,145,18.5,74.0,0.0
PUNE_G002,2018-05-26,2018,5,26,146,18.5,74.0,0.0
PUNE_G002,2018-05-27,2018,5,27,147,18.5,74.0,0.0
PUNE_G002,2018-05-28,2018,5,28,148,18.5,74.0,0.0
PUNE_G002,2018-05-29,2018,5,29,149,18.5,74.0,0.0
PUNE_G002,2018-05-30,2018,5,30,150,18.5,74.0,0.0
PUNE_G002,2018-05-31,2018,5,31,151,18.5,74.0,0.0
PUNE_G002,2018-06-01,2018,6,1,152,18.5,74.0,0.0
PUNE_G002,2018-06-02,2018,6,2,153,18.5,74.0,14.57211685180664
PUNE_G002,2018-06-03,2018,6,3,154,18.5,74.0,3.561331033706665
PUNE_G002,2018-06-04,2018,6,4,155,18.5,74.0,0.0
PUNE_G002,2018-06-05,2018,6,5,156,18.5,74.0,0.0
PUNE_G002,2018-06-06,2018,6,6,157,18.5,74.0,0.0
PUNE_G002,2018-06-07,2018,6,7,158,18.5,74.0,36.70223617553711
PUNE_G002,2018-06-08,2018,6,8,159,18.5,74.0,0.0
PUNE_G002,2018-06-09,2018,6,9,160,18.5,74.0,20.19856071472168
PUNE_G002,2018-06-10,2018,6,10,161,18.5,74.0,0.0
PUNE_G002,2018-06-11,2018,6,11,162,18.5,74.0,0.4419710040092468
PUNE_G002,2018-06-12,2018,6,12,163,18.5,74.0,0.0
PUNE_G002,2018-06-13,2018,6,13,164,18.5,74.0,0.0
PUNE_G002,2018-06-14,2018,6,14,165,18.5,74.0,0.0
PUNE_G002,2018-06-15,2018,6,15,166,18.5,74.0,0.0
PUNE_G002,2018-06-16,2018,6,16,167,18.5,74.0,0.0
PUNE_G002,2018-06-17,2018,6,17,168,18.5,74.0,0.2627241313457489
PUNE_G002,2018-06-18,2018,6,18,169,18.5,74.0,4.282686233520508
PUNE_G002,2018-06-19,2018,6,19,170,18.5,74.0,0.0
PUNE_G002,2018-06-20,2018,6,20,171,18.5,74.0,0.1305120438337326
PUNE_G002,2018-06-21,2018,6,21,172,18.5,74.0,0.29428961873054504
PUNE_G002,2018-06-22,2018,6,22,173,18.5,74.0,35.09262466430664
PUNE_G002,2018-06-23,2018,6,23,174,18.5,74.0,0.15612176060676575
PUNE_G002,2018-06-24,2018,6,24,175,18.5,74.0,0.16420258581638336
PUNE_G002,2018-06-25,2018,6,25,176,18.5,74.0,0.3928111493587494
PUNE_G002,2018-06-26,2018,6,26,177,18.5,74.0,6.866392612457275
PUNE_G002,2018-06-27,2018,6,27,178,18.5,74.0,3.9019789695739746
PUNE_G002,2018-06-28,2018,6,28,179,18.5,74.0,0.11150087416172028
PUNE_G002,2018-06-29,2018,6,29,180,18.5,74.0,2.445580005645752
PUNE_G002,2018-06-30,2018,6,30,181,18.5,74.0,0.0
PUNE_G002,2018-07-01,2018,7,1,182,18.5,74.0,0.0
PUNE_G002,2018-07-02,2018,7,2,183,18.5,74.0,0.0
PUNE_G002,2018-07-03,2018,7,3,184,18.5,74.0,1.5261359214782715
PUNE_G002,2018-07-04,2018,7,4,185,18.5,74.0,3.381850481033325
PUNE_G002,2018-07-05,2018,7,5,186,18.5,74.0,22.990184783935547
PUNE_G002,2018-07-06,2018,7,6,187,18.5,74.0,4.453181266784668
PUNE_G002,2018-07-07,2018,7,7,188,18.5,74.0,0.8225836157798767
PUNE_G002,2018-07-08,2018,7,8,189,18.5,74.0,10.539155960083008
PUNE_G002,2018-07-09,2018,7,9,190,18.5,74.0,0.11274831742048264
PUNE_G002,2018-07-10,2018,7,10,191,18.5,74.0,2.8653860092163086
PUNE_G002,2018-07-11,2018,7,11,192,18.5,74.0,4.254480361938477
PUNE_G002,2018-07-12,2018,7,12,193,18.5,74.0,3.1117615699768066
PUNE_G002,2018-07-13,2018,7,13,194,18.5,74.0,3.213796377182007
PUNE_G002,2018-07-14,2018,7,14,195,18.5,74.0,1.7217040061950684
PUNE_G002,2018-07-15,2018,7,15,196,18.5,74.0,5.769351482391357
PUNE_G002,2018-07-16,2018,7,16,197,18.5,74.0,13.634909629821777
PUNE_G002,2018-07-17,2018,7,17,198,18.5,74.0,39.52825927734375
PUNE_G002,2018-07-18,2018,7,18,199,18.5,74.0,4.383068084716797
PUNE_G002,2018-07-19,2018,7,19,200,18.5,74.0,2.546159505844116
PUNE_G002,2018-07-20,2018,7,20,201,18.5,74.0,1.3011488914489746
PUNE_G002,2018-07-21,2018,7,21,202,18.5,74.0,4.934014797210693
PUNE_G002,2018-07-22,2018,7,22,203,18.5,74.0,0.8001731634140015
PUNE_G002,2018-07-23,2018,7,23,204,18.5,74.0,3.6553404331207275
PUNE_G002,2018-07-24,2018,7,24,205,18.5,74.0,0.5156198740005493
PUNE_G002,2018-07-25,2018,7,25,206,18.5,74.0,0.925237774848938
PUNE_G002,2018-07-26,2018,7,26,207,18.5,74.0,0.2981170117855072
PUNE_G002,2018-07-27,2018,7,27,208,18.5,74.0,0.4842025935649872
PUNE_G002,2018-07-28,2018,7,28,209,18.5,74.0,0.9564077258110046
PUNE_G002,2018-07-29,2018,7,29,210,18.5,74.0,0.0
PUNE_G002,2018-07-30,2018,7,30,211,18.5,74.0,0.0
PUNE_G002,2018-07-31,2018,7,31,212,18.5,74.0,0.0
PUNE_G002,2018-08-01,2018,8,1,213,18.5,74.0,0.20313195884227753
PUNE_G002,2018-08-02,2018,8,2,214,18.5,74.0,0.41377896070480347
PUNE_G002,2018-08-03,2018,8,3,215,18.5,74.0,2.094402313232422
PUNE_G002,2018-08-04,2018,8,4,216,18.5,74.0,0.0
PUNE_G002,2018-08-05,2018,8,5,217,18.5,74.0,2.2580032348632812
PUNE_G002,2018-08-06,2018,8,6,218,18.5,74.0,0.10055786371231079
PUNE_G002,2018-08-07,2018,8,7,219,18.5,74.0,0.7888771295547485
PUNE_G002,2018-08-08,2018,8,8,220,18.5,74.0,0.48042163252830505
PUNE_G002,2018-08-09,2018,8,9,221,18.5,74.0,1.0686159133911133
PUNE_G002,2018-08-10,2018,8,10,222,18.5,74.0,0.12103216350078583
PUNE_G002,2018-08-11,2018,8,11,223,18.5,74.0,1.2227444648742676
PUNE_G002,2018-08-12,2018,8,12,224,18.5,74.0,2.7456493377685547
PUNE_G002,2018-08-13,2018,8,13,225,18.5,74.0,4.928959369659424
PUNE_G002,2018-08-14,2018,8,14,226,18.5,74.0,4.691244125366211
PUNE_G002,2018-08-15,2018,8,15,227,18.5,74.0,7.407447338104248
PUNE_G002,2018-08-16,2018,8,16,228,18.5,74.0,0.49266940355300903
PUNE_G002,2018-08-17,2018,8,17,229,18.5,74.0,10.331071853637695
PUNE_G002,2018-08-18,2018,8,18,230,18.5,74.0,1.7671791315078735
PUNE_G002,2018-08-19,2018,8,19,231,18.5,74.0,3.2606704235076904
PUNE_G002,2018-08-20,2018,8,20,232,18.5,74.0,4.1598052978515625
PUNE_G002,2018-08-21,2018,8,21,233,18.5,74.0,8.027865409851074
PUNE_G002,2018-08-22,2018,8,22,234,18.5,74.0,9.089484214782715
PUNE_G002,2018-08-23,2018,8,23,235,18.5,74.0,4.454678535461426
PUNE_G002,2018-08-24,2018,8,24,236,18.5,74.0,0.711141049861908
PUNE_G002,2018-08-25,2018,8,25,237,18.5,74.0,1.7913751602172852
PUNE_G002,2018-08-26,2018,8,26,238,18.5,74.0,6.835948944091797
PUNE_G002,2018-08-27,2018,8,27,239,18.5,74.0,5.202003002166748
PUNE_G002,2018-08-28,2018,8,28,240,18.5,74.0,1.4827170372009277
PUNE_G002,2018-08-29,2018,8,29,241,18.5,74.0,1.70266854763031
PUNE_G002,2018-08-30,2018,8,30,242,18.5,74.0,0.0
PUNE_G002,2018-08-31,2018,8,31,243,18.5,74.0,0.0
PUNE_G002,2018-09-01,2018,9,1,244,18.5,74.0,0.47292831540107727
PUNE_G002,2018-09-02,2018,9,2,245,18.5,74.0,2.3075082302093506
PUNE_G002,2018-09-03,2018,9,3,246,18.5,74.0,5.52692174911499
PUNE_G002,2018-09-04,2018,9,4,247,18.5,74.0,0.0
PUNE_G002,2018-09-05,2018,9,5,248,18.5,74.0,0.5025320053100586
PUNE_G002,2018-09-06,2018,9,6,249,18.5,74.0,0.1133144423365593
PUNE_G002,2018-09-07,2018,9,7,250,18.5,74.0,0.0
PUNE_G002,2018-09-08,2018,9,8,251,18.5,74.0,0.6682138442993164
PUNE_G002,2018-09-09,2018,9,9,252,18.5,74.0,0.0
PUNE_G002,2018-09-10,2018,9,10,253,18.5,74.0,0.0
PUNE_G002,2018-09-11,2018,9,11,254,18.5,74.0,0.0
PUNE_G002,2018-09-12,2018,9,12,255,18.5,74.0,0.0
PUNE_G002,2018-09-13,2018,9,13,256,18.5,74.0,0.0
PUNE_G002,2018-09-14,2018,9,14,257,18.5,74.0,0.0
PUNE_G002,2018-09-15,2018,9,15,258,18.5,74.0,0.0
PUNE_G002,2018-09-16,2018,9,16,259,18.5,74.0,0.0
PUNE_G002,2018-09-17,2018,9,17,260,18.5,74.0,0.0
PUNE_G002,2018-09-18,2018,9,18,261,18.5,74.0,0.0
PUNE_G002,2018-09-19,2018,9,19,262,18.5,74.0,3.5352437496185303
PUNE_G002,2018-09-20,2018,9,20,263,18.5,74.0,1.0837359428405762
PUNE_G002,2018-09-21,2018,9,21,264,18.5,74.0,3.237076997756958
PUNE_G002,2018-09-22,2018,9,22,265,18.5,74.0,0.0
PUNE_G002,2018-09-23,2018,9,23,266,18.5,74.0,0.0
PUNE_G002,2018-09-24,2018,9,24,267,18.5,74.0,0.0
PUNE_G002,2018-09-25,2018,9,25,268,18.5,74.0,0.0
PUNE_G002,2018-09-26,2018,9,26,269,18.5,74.0,0.0
PUNE_G002,2018-09-27,2018,9,27,270,18.5,74.0,2.433783531188965
PUNE_G002,2018-09-28,2018,9,28,271,18.5,74.0,3.06477952003479
PUNE_G002,2018-09-29,2018,9,29,272,18.5,74.0,4.578313827514648
PUNE_G002,2018-09-30,2018,9,30,273,18.5,74.0,0.0
PUNE_G002,2018-10-01,2018,10,1,274,18.5,74.0,4.367724418640137
PUNE_G002,2018-10-02,2018,10,2,275,18.5,74.0,6.510073661804199
PUNE_G002,2018-10-03,2018,10,3,276,18.5,74.0,12.609466552734375
PUNE_G002,2018-10-04,2018,10,4,277,18.5,74.0,1.2309186458587646
PUNE_G002,2018-10-05,2018,10,5,278,18.5,74.0,20.655235290527344
PUNE_G002,2018-10-06,2018,10,6,279,18.5,74.0,0.0
PUNE_G002,2018-10-07,2018,10,7,280,18.5,74.0,0.0
PUNE_G002,2018-10-08,2018,10,8,281,18.5,74.0,3.0763115882873535
PUNE_G002,2018-10-09,2018,10,9,282,18.5,74.0,0.0
PUNE_G002,2018-10-10,2018,10,10,283,18.5,74.0,0.0
PUNE_G002,2018-10-11,2018,10,11,284,18.5,74.0,0.0
PUNE_G002,2018-10-12,2018,10,12,285,18.5,74.0,0.0
PUNE_G002,2018-10-13,2018,10,13,286,18.5,74.0,0.0
PUNE_G002,2018-10-14,2018,10,14,287,18.5,74.0,0.0
PUNE_G002,2018-10-15,2018,10,15,288,18.5,74.0,0.0
PUNE_G002,2018-10-16,2018,10,16,289,18.5,74.0,0.0
PUNE_G002,2018-10-17,2018,10,17,290,18.5,74.0,0.0
PUNE_G002,2018-10-18,2018,10,18,291,18.5,74.0,0.4970878064632416
PUNE_G002,2018-10-19,2018,10,19,292,18.5,74.0,5.454553604125977
PUNE_G002,2018-10-20,2018,10,20,293,18.5,74.0,3.348240852355957
PUNE_G002,2018-10-21,2018,10,21,294,18.5,74.0,0.0
PUNE_G002,2018-10-22,2018,10,22,295,18.5,74.0,0.0
PUNE_G002,2018-10-23,2018,10,23,296,18.5,74.0,0.0
PUNE_G002,2018-10-24,2018,10,24,297,18.5,74.0,0.0
PUNE_G002,2018-10-25,2018,10,25,298,18.5,74.0,0.0
PUNE_G002,2018-10-26,2018,10,26,299,18.5,74.0,0.0
PUNE_G002,2018-10-27,2018,10,27,300,18.5,74.0,0.0
PUNE_G002,2018-10-28,2018,10,28,301,18.5,74.0,0.0
PUNE_G002,2018-10-29,2018,10,29,302,18.5,74.0,0.0
PUNE_G002,2018-10-30,2018,10,30,303,18.5,74.0,0.0
PUNE_G002,2018-10-31,2018,10,31,304,18.5,74.0,0.0
PUNE_G002,2018-11-01,2018,11,1,305,18.5,74.0,0.0
PUNE_G002,2018-11-02,2018,11,2,306,18.5,74.0,0.0
PUNE_G002,2018-11-03,2018,11,3,307,18.5,74.0,0.0
PUNE_G002,2018-11-04,2018,11,4,308,18.5,74.0,0.0
PUNE_G002,2018-11-05,2018,11,5,309,18.5,74.0,4.0735063552856445
PUNE_G002,2018-11-06,2018,11,6,310,18.5,74.0,3.0763115882873535
PUNE_G002,2018-11-07,2018,11,7,311,18.5,74.0,0.0
PUNE_G002,2018-11-08,2018,11,8,312,18.5,74.0,0.0
PUNE_G002,2018-11-09,2018,11,9,313,18.5,74.0,0.0
PUNE_G002,2018-11-10,2018,11,10,314,18.5,74.0,0.0
PUNE_G002,2018-11-11,2018,11,11,315,18.5,74.0,0.0
PUNE_G002,2018-11-12,2018,11,12,316,18.5,74.0,0.0
PUNE_G002,2018-11-13,2018,11,13,317,18.5,74.0,0.0
PUNE_G002,2018-11-14,2018,11,14,318,18.5,74.0,0.0
PUNE_G002,2018-11-15,2018,11,15,319,18.5,74.0,0.0
PUNE_G002,2018-11-16,2018,11,16,320,18.5,74.0,0.0
PUNE_G002,2018-11-17,2018,11,17,321,18.5,74.0,0.0
PUNE_G002,2018-11-18,2018,11,18,322,18.5,74.0,0.0
PUNE_G002,2018-11-19,2018,11,19,323,18.5,74.0,0.0
PUNE_G002,2018-11-20,2018,11,20,324,18.5,74.0,3.3908135890960693
PUNE_G002,2018-11-21,2018,11,21,325,18.5,74.0,0.15419676899909973
PUNE_G002,2018-11-22,2018,11,22,326,18.5,74.0,0.0
PUNE_G002,2018-11-23,2018,11,23,327,18.5,74.0,0.0
PUNE_G002,2018-11-24,2018,11,24,328,18.5,74.0,0.0
PUNE_G002,2018-11-25,2018,11,25,329,18.5,74.0,0.0
PUNE_G002,2018-11-26,2018,11,26,330,18.5,74.0,0.0
PUNE_G002,2018-11-27,2018,11,27,331,18.5,74.0,0.0
PUNE_G002,2018-11-28,2018,11,28,332,18.5,74.0,0.0
PUNE_G002,2018-11-29,2018,11,29,333,18.5,74.0,0.0
PUNE_G002,2018-11-30,2018,11,30,334,18.5,74.0,0.0
PUNE_G002,2018-12-01,2018,12,1,335,18.5,74.0,0.0
PUNE_G002,2018-12-02,2018,12,2,336,18.5,74.0,0.0
PUNE_G002,2018-12-03,2018,12,3,337,18.5,74.0,0.0
PUNE_G002,2018-12-04,2018,12,4,338,18.5,74.0,0.0
PUNE_G002,2018-12-05,2018,12,5,339,18.5,74.0,0.0
PUNE_G002,2018-12-06,2018,12,6,340,18.5,74.0,0.0
PUNE_G002,2018-12-07,2018,12,7,341,18.5,74.0,0.0
PUNE_G002,2018-12-08,2018,12,8,342,18.5,74.0,0.0
PUNE_G002,2018-12-09,2018,12,9,343,18.5,74.0,0.0
PUNE_G002,2018-12-10,2018,12,10,344,18.5,74.0,0.0
PUNE_G002,2018-12-11,2018,12,11,345,18.5,74.0,0.0
PUNE_G002,2018-12-12,2018,12,12,346,18.5,74.0,0.0
PUNE_G002,2018-12-13,2018,12,13,347,18.5,74.0,0.0
PUNE_G002,2018-12-14,2018,12,14,348,18.5,74.0,0.0
PUNE_G002,2018-12-15,2018,12,15,349,18.5,74.0,0.0
PUNE_G002,2018-12-16,2018,12,16,350,18.5,74.0,0.0
PUNE_G002,2018-12-17,2018,12,17,351,18.5,74.0,0.0
PUNE_G002,2018-12-18,2018,12,18,352,18.5,74.0,0.0
PUNE_G002,2018-12-19,2018,12,19,353,18.5,74.0,0.0
PUNE_G002,2018-12-20,2018,12,20,354,18.5,74.0,0.0
PUNE_G002,2018-12-21,2018,12,21,355,18.5,74.0,0.0
PUNE_G002,2018-12-22,2018,12,22,356,18.5,74.0,0.0
PUNE_G002,2018-12-23,2018,12,23,357,18.5,74.0,0.0
PUNE_G002,2018-12-24,2018,12,24,358,18.5,74.0,0.0
PUNE_G002,2018-12-25,2018,12,25,359,18.5,74.0,0.0
PUNE_G002,2018-12-26,2018,12,26,360,18.5,74.0,0.0
PUNE_G002,2018-12-27,2018,12,27,361,18.5,74.0,0.0
PUNE_G002,2018-12-28,2018,12,28,362,18.5,74.0,0.0
PUNE_G002,2018-12-29,2018,12,29,363,18.5,74.0,0.0
PUNE_G002,2018-12-30,2018,12,30,364,18.5,74.0,0.0
PUNE_G002,2018-12-31,2018,12,31,365,18.5,74.0,0.0
PUNE_G002,2019-01-01,2019,1,1,1,18.5,74.0,0.0
PUNE_G002,2019-01-02,2019,1,2,2,18.5,74.0,0.0
PUNE_G002,2019-01-03,2019,1,3,3,18.5,74.0,0.0
PUNE_G002,2019-01-04,2019,1,4,4,18.5,74.0,0.0
PUNE_G002,2019-01-05,2019,1,5,5,18.5,74.0,0.0
PUNE_G002,2019-01-06,2019,1,6,6,18.5,74.0,0.0
PUNE_G002,2019-01-07,2019,1,7,7,18.5,74.0,0.0
PUNE_G002,2019-01-08,2019,1,8,8,18.5,74.0,0.0
PUNE_G002,2019-01-09,2019,1,9,9,18.5,74.0,0.0
PUNE_G002,2019-01-10,2019,1,10,10,18.5,74.0,0.0
PUNE_G002,2019-01-11,2019,1,11,11,18.5,74.0,0.0
PUNE_G002,2019-01-12,2019,1,12,12,18.5,74.0,0.0
PUNE_G002,2019-01-13,2019,1,13,13,18.5,74.0,0.0
PUNE_G002,2019-01-14,2019,1,14,14,18.5,74.0,0.0
PUNE_G002,2019-01-15,2019,1,15,15,18.5,74.0,0.0
PUNE_G002,2019-01-16,2019,1,16,16,18.5,74.0,0.0
PUNE_G002,2019-01-17,2019,1,17,17,18.5,74.0,0.0
PUNE_G002,2019-01-18,2019,1,18,18,18.5,74.0,0.0
PUNE_G002,2019-01-19,2019,1,19,19,18.5,74.0,0.0
PUNE_G002,2019-01-20,2019,1,20,20,18.5,74.0,0.0
PUNE_G002,2019-01-21,2019,1,21,21,18.5,74.0,0.0
PUNE_G002,2019-01-22,2019,1,22,22,18.5,74.0,0.0
PUNE_G002,2019-01-23,2019,1,23,23,18.5,74.0,0.0
PUNE_G002,2019-01-24,2019,1,24,24,18.5,74.0,0.0
PUNE_G002,2019-01-25,2019,1,25,25,18.5,74.0,0.0
PUNE_G002,2019-01-26,2019,1,26,26,18.5,74.0,0.0
PUNE_G002,2019-01-27,2019,1,27,27,18.5,74.0,0.0
PUNE_G002,2019-01-28,2019,1,28,28,18.5,74.0,0.0
PUNE_G002,2019-01-29,2019,1,29,29,18.5,74.0,0.0
PUNE_G002,2019-01-30,2019,1,30,30,18.5,74.0,0.0
PUNE_G002,2019-01-31,2019,1,31,31,18.5,74.0,0.0
PUNE_G002,2019-02-01,2019,2,1,32,18.5,74.0,0.0
PUNE_G002,2019-02-02,2019,2,2,33,18.5,74.0,0.0
PUNE_G002,2019-02-03,2019,2,3,34,18.5,74.0,0.0
PUNE_G002,2019-02-04,2019,2,4,35,18.5,74.0,0.0
PUNE_G002,2019-02-05,2019,2,5,36,18.5,74.0,0.0
PUNE_G002,2019-02-06,2019,2,6,37,18.5,74.0,0.0
PUNE_G002,2019-02-07,2019,2,7,38,18.5,74.0,0.0
PUNE_G002,2019-02-08,2019,2,8,39,18.5,74.0,0.0
PUNE_G002,2019-02-09,2019,2,9,40,18.5,74.0,0.0
PUNE_G002,2019-02-10,2019,2,10,41,18.5,74.0,0.0
PUNE_G002,2019-02-11,2019,2,11,42,18.5,74.0,0.0
PUNE_G002,2019-02-12,2019,2,12,43,18.5,74.0,0.0
PUNE_G002,2019-02-13,2019,2,13,44,18.5,74.0,0.0
PUNE_G002,2019-02-14,2019,2,14,45,18.5,74.0,0.0
PUNE_G002,2019-02-15,2019,2,15,46,18.5,74.0,0.0
PUNE_G002,2019-02-16,2019,2,16,47,18.5,74.0,0.0
PUNE_G002,2019-02-17,2019,2,17,48,18.5,74.0,0.0
PUNE_G002,2019-02-18,2019,2,18,49,18.5,74.0,0.0
PUNE_G002,2019-02-19,2019,2,19,50,18.5,74.0,0.0
PUNE_G002,2019-02-20,2019,2,20,51,18.5,74.0,0.0
PUNE_G002,2019-02-21,2019,2,21,52,18.5,74.0,0.0
PUNE_G002,2019-02-22,2019,2,22,53,18.5,74.0,0.0
PUNE_G002,2019-02-23,2019,2,23,54,18.5,74.0,0.0
PUNE_G002,2019-02-24,2019,2,24,55,18.5,74.0,0.0
PUNE_G002,2019-02-25,2019,2,25,56,18.5,74.0,0.0
PUNE_G002,2019-02-26,2019,2,26,57,18.5,74.0,0.0
PUNE_G002,2019-02-27,2019,2,27,58,18.5,74.0,0.0
PUNE_G002,2019-02-28,2019,2,28,59,18.5,74.0,0.0
PUNE_G002,2019-03-01,2019,3,1,60,18.5,74.0,0.0
PUNE_G002,2019-03-02,2019,3,2,61,18.5,74.0,0.0
PUNE_G002,2019-03-03,2019,3,3,62,18.5,74.0,0.0
PUNE_G002,2019-03-04,2019,3,4,63,18.5,74.0,0.0
PUNE_G002,2019-03-05,2019,3,5,64,18.5,74.0,0.0
PUNE_G002,2019-03-06,2019,3,6,65,18.5,74.0,0.0
PUNE_G002,2019-03-07,2019,3,7,66,18.5,74.0,0.0
PUNE_G002,2019-03-08,2019,3,8,67,18.5,74.0,0.0
PUNE_G002,2019-03-09,2019,3,9,68,18.5,74.0,0.0
PUNE_G002,2019-03-10,2019,3,10,69,18.5,74.0,0.0
PUNE_G002,2019-03-11,2019,3,11,70,18.5,74.0,0.0
PUNE_G002,2019-03-12,2019,3,12,71,18.5,74.0,0.0
PUNE_G002,2019-03-13,2019,3,13,72,18.5,74.0,0.0
PUNE_G002,2019-03-14,2019,3,14,73,18.5,74.0,0.0
PUNE_G002,2019-03-15,2019,3,15,74,18.5,74.0,0.0
PUNE_G002,2019-03-16,2019,3,16,75,18.5,74.0,0.0
PUNE_G002,2019-03-17,2019,3,17,76,18.5,74.0,0.0
PUNE_G002,2019-03-18,2019,3,18,77,18.5,74.0,0.0
PUNE_G002,2019-03-19,2019,3,19,78,18.5,74.0,0.0
PUNE_G002,2019-03-20,2019,3,20,79,18.5,74.0,0.0
PUNE_G002,2019-03-21,2019,3,21,80,18.5,74.0,0.0
PUNE_G002,2019-03-22,2019,3,22,81,18.5,74.0,0.0
PUNE_G002,2019-03-23,2019,3,23,82,18.5,74.0,0.0
PUNE_G002,2019-03-24,2019,3,24,83,18.5,74.0,0.0
PUNE_G002,2019-03-25,2019,3,25,84,18.5,74.0,0.0
PUNE_G002,2019-03-26,2019,3,26,85,18.5,74.0,0.0
PUNE_G002,2019-03-27,2019,3,27,86,18.5,74.0,0.0
PUNE_G002,2019-03-28,2019,3,28,87,18.5,74.0,0.0
PUNE_G002,2019-03-29,2019,3,29,88,18.5,74.0,0.0
PUNE_G002,2019-03-30,2019,3,30,89,18.5,74.0,0.0
PUNE_G002,2019-03-31,2019,3,31,90,18.5,74.0,0.0
PUNE_G002,2019-04-01,2019,4,1,91,18.5,74.0,0.0
PUNE_G002,2019-04-02,2019,4,2,92,18.5,74.0,0.0
PUNE_G002,2019-04-03,2019,4,3,93,18.5,74.0,0.0
PUNE_G002,2019-04-04,2019,4,4,94,18.5,74.0,0.0
PUNE_G002,2019-04-05,2019,4,5,95,18.5,74.0,0.0
PUNE_G002,2019-04-06,2019,4,6,96,18.5,74.0,0.0
PUNE_G002,2019-04-07,2019,4,7,97,18.5,74.0,0.0
PUNE_G002,2019-04-08,2019,4,8,98,18.5,74.0,0.0
PUNE_G002,2019-04-09,2019,4,9,99,18.5,74.0,0.0
PUNE_G002,2019-04-10,2019,4,10,100,18.5,74.0,0.0
PUNE_G002,2019-04-11,2019,4,11,101,18.5,74.0,0.0
PUNE_G002,2019-04-12,2019,4,12,102,18.5,74.0,0.0
PUNE_G002,2019-04-13,2019,4,13,103,18.5,74.0,0.0
PUNE_G002,2019-04-14,2019,4,14,104,18.5,74.0,0.11457092314958572
PUNE_G002,2019-04-15,2019,4,15,105,18.5,74.0,0.30275964736938477
PUNE_G002,2019-04-16,2019,4,16,106,18.5,74.0,1.6317459344863892
PUNE_G002,2019-04-17,2019,4,17,107,18.5,74.0,3.8705039024353027
PUNE_G002,2019-04-18,2019,4,18,108,18.5,74.0,0.0
PUNE_G002,2019-04-19,2019,4,19,109,18.5,74.0,0.0
PUNE_G002,2019-04-20,2019,4,20,110,18.5,74.0,0.0
PUNE_G002,2019-04-21,2019,4,21,111,18.5,74.0,0.0
PUNE_G002,2019-04-22,2019,4,22,112,18.5,74.0,0.0
PUNE_G002,2019-04-23,2019,4,23,113,18.5,74.0,0.0
PUNE_G002,2019-04-24,2019,4,24,114,18.5,74.0,0.0
PUNE_G002,2019-04-25,2019,4,25,115,18.5,74.0,0.0
PUNE_G002,2019-04-26,2019,4,26,116,18.5,74.0,0.0
PUNE_G002,2019-04-27,2019,4,27,117,18.5,74.0,0.0
PUNE_G002,2019-04-28,2019,4,28,118,18.5,74.0,0.0
PUNE_G002,2019-04-29,2019,4,29,119,18.5,74.0,0.0
PUNE_G002,2019-04-30,2019,4,30,120,18.5,74.0,0.0
PUNE_G002,2019-05-01,2019,5,1,121,18.5,74.0,0.0
PUNE_G002,2019-05-02,2019,5,2,122,18.5,74.0,0.0
PUNE_G002,2019-05-03,2019,5,3,123,18.5,74.0,0.0
PUNE_G002,2019-05-04,2019,5,4,124,18.5,74.0,0.0
PUNE_G002,2019-05-05,2019,5,5,125,18.5,74.0,0.0
PUNE_G002,2019-05-06,2019,5,6,126,18.5,74.0,0.0
PUNE_G002,2019-05-07,2019,5,7,127,18.5,74.0,0.0
PUNE_G002,2019-05-08,2019,5,8,128,18.5,74.0,0.0
PUNE_G002,2019-05-09,2019,5,9,129,18.5,74.0,0.0
PUNE_G002,2019-05-10,2019,5,10,130,18.5,74.0,0.0
PUNE_G002,2019-05-11,2019,5,11,131,18.5,74.0,0.0
PUNE_G002,2019-05-12,2019,5,12,132,18.5,74.0,0.0
PUNE_G002,2019-05-13,2019,5,13,133,18.5,74.0,0.0
PUNE_G002,2019-05-14,2019,5,14,134,18.5,74.0,0.0
PUNE_G002,2019-05-15,2019,5,15,135,18.5,74.0,0.0
PUNE_G002,2019-05-16,2019,5,16,136,18.5,74.0,0.0
PUNE_G002,2019-05-17,2019,5,17,137,18.5,74.0,0.0
PUNE_G002,2019-05-18,2019,5,18,138,18.5,74.0,0.0
PUNE_G002,2019-05-19,2019,5,19,139,18.5,74.0,0.0
PUNE_G002,2019-05-20,2019,5,20,140,18.5,74.0,0.0
PUNE_G002,2019-05-21,2019,5,21,141,18.5,74.0,0.0
PUNE_G002,2019-05-22,2019,5,22,142,18.5,74.0,0.0
PUNE_G002,2019-05-23,2019,5,23,143,18.5,74.0,0.0
PUNE_G002,2019-05-24,2019,5,24,144,18.5,74.0,0.0
PUNE_G002,2019-05-25,2019,5,25,145,18.5,74.0,0.0
PUNE_G002,2019-05-26,2019,5,26,146,18.5,74.0,0.0
PUNE_G002,2019-05-27,2019,5,27,147,18.5,74.0,0.0
PUNE_G002,2019-05-28,2019,5,28,148,18.5,74.0,0.0
PUNE_G002,2019-05-29,2019,5,29,149,18.5,74.0,0.0
PUNE_G002,2019-05-30,2019,5,30,150,18.5,74.0,0.0
PUNE_G002,2019-05-31,2019,5,31,151,18.5,74.0,0.0
PUNE_G002,2019-06-01,2019,6,1,152,18.5,74.0,0.0
PUNE_G002,2019-06-02,2019,6,2,153,18.5,74.0,0.0
PUNE_G002,2019-06-03,2019,6,3,154,18.5,74.0,0.0
PUNE_G002,2019-06-04,2019,6,4,155,18.5,74.0,0.0
PUNE_G002,2019-06-05,2019,6,5,156,18.5,74.0,0.0
PUNE_G002,2019-06-06,2019,6,6,157,18.5,74.0,0.0
PUNE_G002,2019-06-07,2019,6,7,158,18.5,74.0,0.0
PUNE_G002,2019-06-08,2019,6,8,159,18.5,74.0,2.830829381942749
PUNE_G002,2019-06-09,2019,6,9,160,18.5,74.0,0.0
PUNE_G002,2019-06-10,2019,6,10,161,18.5,74.0,39.87858963012695
PUNE_G002,2019-06-11,2019,6,11,162,18.5,74.0,1.491061806678772
PUNE_G002,2019-06-12,2019,6,12,163,18.5,74.0,0.0
PUNE_G002,2019-06-13,2019,6,13,164,18.5,74.0,2.5582809448242188
PUNE_G002,2019-06-14,2019,6,14,165,18.5,74.0,0.93154376745224
PUNE_G002,2019-06-15,2019,6,15,166,18.5,74.0,0.8505058288574219
PUNE_G002,2019-06-16,2019,6,16,167,18.5,74.0,0.0
PUNE_G002,2019-06-17,2019,6,17,168,18.5,74.0,0.0
PUNE_G002,2019-06-18,2019,6,18,169,18.5,74.0,0.0
PUNE_G002,2019-06-19,2019,6,19,170,18.5,74.0,0.1607716828584671
PUNE_G002,2019-06-20,2019,6,20,171,18.5,74.0,0.25945785641670227
PUNE_G002,2019-06-21,2019,6,21,172,18.5,74.0,0.0
PUNE_G002,2019-06-22,2019,6,22,173,18.5,74.0,0.0
PUNE_G002,2019-06-23,2019,6,23,174,18.5,74.0,0.0
PUNE_G002,2019-06-24,2019,6,24,175,18.5,74.0,8.117798805236816
PUNE_G002,2019-06-25,2019,6,25,176,18.5,74.0,19.043752670288086
PUNE_G002,2019-06-26,2019,6,26,177,18.5,74.0,9.81235408782959
PUNE_G002,2019-06-27,2019,6,27,178,18.5,74.0,0.8387616872787476
PUNE_G002,2019-06-28,2019,6,28,179,18.5,74.0,29.89777946472168
PUNE_G002,2019-06-29,2019,6,29,180,18.5,74.0,44.70702362060547
PUNE_G002,2019-06-30,2019,6,30,181,18.5,74.0,5.243244171142578
PUNE_G002,2019-07-01,2019,7,1,182,18.5,74.0,4.751931190490723
PUNE_G002,2019-07-02,2019,7,2,183,18.5,74.0,21.53548812866211
PUNE_G002,2019-07-03,2019,7,3,184,18.5,74.0,1.3737765550613403
PUNE_G002,2019-07-04,2019,7,4,185,18.5,74.0,0.6214197278022766
PUNE_G002,2019-07-05,2019,7,5,186,18.5,74.0,0.7685574293136597
PUNE_G002,2019-07-06,2019,7,6,187,18.5,74.0,6.932969570159912
PUNE_G002,2019-07-07,2019,7,7,188,18.5,74.0,32.34954833984375
PUNE_G002,2019-07-08,2019,7,8,189,18.5,74.0,6.467668533325195
PUNE_G002,2019-07-09,2019,7,9,190,18.5,74.0,32.916072845458984
PUNE_G002,2019-07-10,2019,7,10,191,18.5,74.0,8.854124069213867
PUNE_G002,2019-07-11,2019,7,11,192,18.5,74.0,23.740835189819336
PUNE_G002,2019-07-12,2019,7,12,193,18.5,74.0,3.335282325744629
PUNE_G002,2019-07-13,2019,7,13,194,18.5,74.0,1.2402347326278687
PUNE_G002,2019-07-14,2019,7,14,195,18.5,74.0,0.7178162336349487
PUNE_G002,2019-07-15,2019,7,15,196,18.5,74.0,1.2462395429611206
PUNE_G002,2019-07-16,2019,7,16,197,18.5,74.0,0.359120637178421
PUNE_G002,2019-07-17,2019,7,17,198,18.5,74.0,0.1957680732011795
PUNE_G002,2019-07-18,2019,7,18,199,18.5,74.0,0.0
PUNE_G002,2019-07-19,2019,7,19,200,18.5,74.0,0.0
PUNE_G002,2019-07-20,2019,7,20,201,18.5,74.0,11.354533195495605
PUNE_G002,2019-07-21,2019,7,21,202,18.5,74.0,11.896106719970703
PUNE_G002,2019-07-22,2019,7,22,203,18.5,74.0,1.1421928405761719
PUNE_G002,2019-07-23,2019,7,23,204,18.5,74.0,7.970943927764893
PUNE_G002,2019-07-24,2019,7,24,205,18.5,74.0,0.0
PUNE_G002,2019-07-25,2019,7,25,206,18.5,74.0,1.6693412065505981
PUNE_G002,2019-07-26,2019,7,26,207,18.5,74.0,9.099980354309082
PUNE_G002,2019-07-27,2019,7,27,208,18.5,74.0,45.15922546386719
PUNE_G002,2019-07-28,2019,7,28,209,18.5,74.0,23.837268829345703
PUNE_G002,2019-07-29,2019,7,29,210,18.5,74.0,6.073800563812256
PUNE_G002,2019-07-30,2019,7,30,211,18.5,74.0,25.01426887512207
PUNE_G002,2019-07-31,2019,7,31,212,18.5,74.0,13.645410537719727
PUNE_G002,2019-08-01,2019,8,1,213,18.5,74.0,6.361807823181152
PUNE_G002,2019-08-02,2019,8,2,214,18.5,74.0,13.905027389526367
PUNE_G002,2019-08-03,2019,8,3,215,18.5,74.0,15.3154296875
PUNE_G002,2019-08-04,2019,8,4,216,18.5,74.0,28.702171325683594
PUNE_G002,2019-08-05,2019,8,5,217,18.5,74.0,30.836627960205078
PUNE_G002,2019-08-06,2019,8,6,218,18.5,74.0,17.001144409179688
PUNE_G002,2019-08-07,2019,8,7,219,18.5,74.0,5.8754425048828125
PUNE_G002,2019-08-08,2019,8,8,220,18.5,74.0,5.416052341461182
PUNE_G002,2019-08-09,2019,8,9,221,18.5,74.0,1.462322473526001
PUNE_G002,2019-08-10,2019,8,10,222,18.5,74.0,5.523806571960449
PUNE_G002,2019-08-11,2019,8,11,223,18.5,74.0,9.94775390625
PUNE_G002,2019-08-12,2019,8,12,224,18.5,74.0,2.3723485469818115
PUNE_G002,2019-08-13,2019,8,13,225,18.5,74.0,2.3341872692108154
PUNE_G002,2019-08-14,2019,8,14,226,18.5,74.0,0.27670690417289734
PUNE_G002,2019-08-15,2019,8,15,227,18.5,74.0,0.12365292012691498
PUNE_G002,2019-08-16,2019,8,16,228,18.5,74.0,1.816111445426941
PUNE_G002,2019-08-17,2019,8,17,229,18.5,74.0,1.4324580430984497
PUNE_G002,2019-08-18,2019,8,18,230,18.5,74.0,0.5002914071083069
PUNE_G002,2019-08-19,2019,8,19,231,18.5,74.0,0.0
PUNE_G002,2019-08-20,2019,8,20,232,18.5,74.0,0.0
PUNE_G002,2019-08-21,2019,8,21,233,18.5,74.0,0.0
PUNE_G002,2019-08-22,2019,8,22,234,18.5,74.0,0.3306727707386017
PUNE_G002,2019-08-23,2019,8,23,235,18.5,74.0,2.109318733215332
PUNE_G002,2019-08-24,2019,8,24,236,18.5,74.0,1.8025299310684204
PUNE_G002,2019-08-25,2019,8,25,237,18.5,74.0,0.0
PUNE_G002,2019-08-26,2019,8,26,238,18.5,74.0,0.0
PUNE_G002,2019-08-27,2019,8,27,239,18.5,74.0,0.0
PUNE_G002,2019-08-28,2019,8,28,240,18.5,74.0,1.0417159795761108
PUNE_G002,2019-08-29,2019,8,29,241,18.5,74.0,0.0
PUNE_G002,2019-08-30,2019,8,30,242,18.5,74.0,0.0
PUNE_G002,2019-08-31,2019,8,31,243,18.5,74.0,1.1341750621795654
PUNE_G002,2019-09-01,2019,9,1,244,18.5,74.0,0.19803500175476074
PUNE_G002,2019-09-02,2019,9,2,245,18.5,74.0,2.0713794231414795
PUNE_G002,2019-09-03,2019,9,3,246,18.5,74.0,0.1822153776884079
PUNE_G002,2019-09-04,2019,9,4,247,18.5,74.0,7.806389331817627
PUNE_G002,2019-09-05,2019,9,5,248,18.5,74.0,4.230191230773926
PUNE_G002,2019-09-06,2019,9,6,249,18.5,74.0,1.1664789915084839
PUNE_G002,2019-09-07,2019,9,7,250,18.5,74.0,3.875195264816284
PUNE_G002,2019-09-08,2019,9,8,251,18.5,74.0,1.5415418148040771
PUNE_G002,2019-09-09,2019,9,9,252,18.5,74.0,2.6977999210357666
PUNE_G002,2019-09-10,2019,9,10,253,18.5,74.0,1.2300164699554443
PUNE_G002,2019-09-11,2019,9,11,254,18.5,74.0,0.5770571827888489
PUNE_G002,2019-09-12,2019,9,12,255,18.5,74.0,0.384872168302536
PUNE_G002,2019-09-13,2019,9,13,256,18.5,74.0,1.7012625932693481
PUNE_G002,2019-09-14,2019,9,14,257,18.5,74.0,8.242080688476562
PUNE_G002,2019-09-15,2019,9,15,258,18.5,74.0,0.2734485864639282
PUNE_G002,2019-09-16,2019,9,16,259,18.5,74.0,0.19480973482131958
PUNE_G002,2019-09-17,2019,9,17,260,18.5,74.0,0.34201765060424805
PUNE_G002,2019-09-18,2019,9,18,261,18.5,74.0,2.3035056591033936
PUNE_G002,2019-09-19,2019,9,19,262,18.5,74.0,37.454410552978516
PUNE_G002,2019-09-20,2019,9,20,263,18.5,74.0,6.553349018096924
PUNE_G002,2019-09-21,2019,9,21,264,18.5,74.0,0.4523094594478607
PUNE_G002,2019-09-22,2019,9,22,265,18.5,74.0,0.0
PUNE_G002,2019-09-23,2019,9,23,266,18.5,74.0,0.0
PUNE_G002,2019-09-24,2019,9,24,267,18.5,74.0,25.875844955444336
PUNE_G002,2019-09-25,2019,9,25,268,18.5,74.0,52.73995590209961
PUNE_G002,2019-09-26,2019,9,26,269,18.5,74.0,89.62480926513672
PUNE_G002,2019-09-27,2019,9,27,270,18.5,74.0,0.7188007235527039
PUNE_G002,2019-09-28,2019,9,28,271,18.5,74.0,0.0
PUNE_G002,2019-09-29,2019,9,29,272,18.5,74.0,0.43947306275367737
PUNE_G002,2019-09-30,2019,9,30,273,18.5,74.0,0.0
PUNE_G002,2019-10-01,2019,10,1,274,18.5,74.0,0.0
PUNE_G002,2019-10-02,2019,10,2,275,18.5,74.0,0.0
PUNE_G002,2019-10-03,2019,10,3,276,18.5,74.0,0.0
PUNE_G002,2019-10-04,2019,10,4,277,18.5,74.0,0.0
PUNE_G002,2019-10-05,2019,10,5,278,18.5,74.0,34.2229118347168
PUNE_G002,2019-10-06,2019,10,6,279,18.5,74.0,7.660306930541992
PUNE_G002,2019-10-07,2019,10,7,280,18.5,74.0,2.907349109649658
PUNE_G002,2019-10-08,2019,10,8,281,18.5,74.0,0.0
PUNE_G002,2019-10-09,2019,10,9,282,18.5,74.0,30.39250373840332
PUNE_G002,2019-10-10,2019,10,10,283,18.5,74.0,13.386474609375
PUNE_G002,2019-10-11,2019,10,11,284,18.5,74.0,14.51909351348877
PUNE_G002,2019-10-12,2019,10,12,285,18.5,74.0,0.15895810723304749
PUNE_G002,2019-10-13,2019,10,13,286,18.5,74.0,0.0
PUNE_G002,2019-10-14,2019,10,14,287,18.5,74.0,0.6430867314338684
PUNE_G002,2019-10-15,2019,10,15,288,18.5,74.0,0.0
PUNE_G002,2019-10-16,2019,10,16,289,18.5,74.0,0.0
PUNE_G002,2019-10-17,2019,10,17,290,18.5,74.0,0.0
PUNE_G002,2019-10-18,2019,10,18,291,18.5,74.0,0.0
PUNE_G002,2019-10-19,2019,10,19,292,18.5,74.0,2.8431968688964844
PUNE_G002,2019-10-20,2019,10,20,293,18.5,74.0,47.55323028564453
PUNE_G002,2019-10-21,2019,10,21,294,18.5,74.0,22.286657333374023
PUNE_G002,2019-10-22,2019,10,22,295,18.5,74.0,47.22893142700195
PUNE_G002,2019-10-23,2019,10,23,296,18.5,74.0,11.879316329956055
PUNE_G002,2019-10-24,2019,10,24,297,18.5,74.0,3.4093103408813477
PUNE_G002,2019-10-25,2019,10,25,298,18.5,74.0,3.300544500350952
PUNE_G002,2019-10-26,2019,10,26,299,18.5,74.0,3.3390743732452393
PUNE_G002,2019-10-27,2019,10,27,300,18.5,74.0,0.6457074284553528
PUNE_G002,2019-10-28,2019,10,28,301,18.5,74.0,0.0
PUNE_G002,2019-10-29,2019,10,29,302,18.5,74.0,1.7507991790771484
PUNE_G002,2019-10-30,2019,10,30,303,18.5,74.0,0.0
PUNE_G002,2019-10-31,2019,10,31,304,18.5,74.0,21.728322982788086
PUNE_G002,2019-11-01,2019,11,1,305,18.5,74.0,3.6350033283233643
PUNE_G002,2019-11-02,2019,11,2,306,18.5,74.0,7.9824538230896
PUNE_G002,2019-11-03,2019,11,3,307,18.5,74.0,0.0
PUNE_G002,2019-11-04,2019,11,4,308,18.5,74.0,29.483055114746094
PUNE_G002,2019-11-05,2019,11,5,309,18.5,74.0,14.218480110168457
PUNE_G002,2019-11-06,2019,11,6,310,18.5,74.0,0.0
PUNE_G002,2019-11-07,2019,11,7,311,18.5,74.0,2.488375186920166
PUNE_G002,2019-11-08,2019,11,8,312,18.5,74.0,0.0
PUNE_G002,2019-11-09,2019,11,9,313,18.5,74.0,0.0
PUNE_G002,2019-11-10,2019,11,10,314,18.5,74.0,0.0
PUNE_G002,2019-11-11,2019,11,11,315,18.5,74.0,0.0
PUNE_G002,2019-11-12,2019,11,12,316,18.5,74.0,0.0
PUNE_G002,2019-11-13,2019,11,13,317,18.5,74.0,0.0
PUNE_G002,2019-11-14,2019,11,14,318,18.5,74.0,0.0
PUNE_G002,2019-11-15,2019,11,15,319,18.5,74.0,0.0
PUNE_G002,2019-11-16,2019,11,16,320,18.5,74.0,0.0
PUNE_G002,2019-11-17,2019,11,17,321,18.5,74.0,0.0
PUNE_G002,2019-11-18,2019,11,18,322,18.5,74.0,0.0
PUNE_G002,2019-11-19,2019,11,19,323,18.5,74.0,0.0
PUNE_G002,2019-11-20,2019,11,20,324,18.5,74.0,0.0
PUNE_G002,2019-11-21,2019,11,21,325,18.5,74.0,0.0
PUNE_G002,2019-11-22,2019,11,22,326,18.5,74.0,0.0
PUNE_G002,2019-11-23,2019,11,23,327,18.5,74.0,0.0
PUNE_G002,2019-11-24,2019,11,24,328,18.5,74.0,0.0
PUNE_G002,2019-11-25,2019,11,25,329,18.5,74.0,0.0
PUNE_G002,2019-11-26,2019,11,26,330,18.5,74.0,0.0
PUNE_G002,2019-11-27,2019,11,27,331,18.5,74.0,0.0
PUNE_G002,2019-11-28,2019,11,28,332,18.5,74.0,0.0
PUNE_G002,2019-11-29,2019,11,29,333,18.5,74.0,0.0
PUNE_G002,2019-11-30,2019,11,30,334,18.5,74.0,0.0
PUNE_G002,2019-12-01,2019,12,1,335,18.5,74.0,0.0
PUNE_G002,2019-12-02,2019,12,2,336,18.5,74.0,0.0
PUNE_G002,2019-12-03,2019,12,3,337,18.5,74.0,0.0
PUNE_G002,2019-12-04,2019,12,4,338,18.5,74.0,0.0
PUNE_G002,2019-12-05,2019,12,5,339,18.5,74.0,0.0
PUNE_G002,2019-12-06,2019,12,6,340,18.5,74.0,0.0
PUNE_G002,2019-12-07,2019,12,7,341,18.5,74.0,0.0
PUNE_G002,2019-12-08,2019,12,8,342,18.5,74.0,0.0
PUNE_G002,2019-12-09,2019,12,9,343,18.5,74.0,0.0
PUNE_G002,2019-12-10,2019,12,10,344,18.5,74.0,0.0
PUNE_G002,2019-12-11,2019,12,11,345,18.5,74.0,0.0
PUNE_G002,2019-12-12,2019,12,12,346,18.5,74.0,0.0
PUNE_G002,2019-12-13,2019,12,13,347,18.5,74.0,0.0
PUNE_G002,2019-12-14,2019,12,14,348,18.5,74.0,0.0
PUNE_G002,2019-12-15,2019,12,15,349,18.5,74.0,0.0
PUNE_G002,2019-12-16,2019,12,16,350,18.5,74.0,0.0
PUNE_G002,2019-12-17,2019,12,17,351,18.5,74.0,0.0
PUNE_G002,2019-12-18,2019,12,18,352,18.5,74.0,0.0
PUNE_G002,2019-12-19,2019,12,19,353,18.5,74.0,0.0
PUNE_G002,2019-12-20,2019,12,20,354,18.5,74.0,0.0
PUNE_G002,2019-12-21,2019,12,21,355,18.5,74.0,0.0
PUNE_G002,2019-12-22,2019,12,22,356,18.5,74.0,0.0
PUNE_G002,2019-12-23,2019,12,23,357,18.5,74.0,0.0
PUNE_G002,2019-12-24,2019,12,24,358,18.5,74.0,0.0
PUNE_G002,2019-12-25,2019,12,25,359,18.5,74.0,0.0
PUNE_G002,2019-12-26,2019,12,26,360,18.5,74.0,0.7265723347663879
PUNE_G002,2019-12-27,2019,12,27,361,18.5,74.0,0.0
PUNE_G002,2019-12-28,2019,12,28,362,18.5,74.0,0.0
PUNE_G002,2019-12-29,2019,12,29,363,18.5,74.0,0.0
PUNE_G002,2019-12-30,2019,12,30,364,18.5,74.0,0.0
PUNE_G002,2019-12-31,2019,12,31,365,18.5,74.0,0.0
PUNE_G002,2020-01-01,2020,1,1,1,18.5,74.0,0.0
PUNE_G002,2020-01-02,2020,1,2,2,18.5,74.0,0.0
PUNE_G002,2020-01-03,2020,1,3,3,18.5,74.0,0.0
PUNE_G002,2020-01-04,2020,1,4,4,18.5,74.0,0.0
PUNE_G002,2020-01-05,2020,1,5,5,18.5,74.0,0.0
PUNE_G002,2020-01-06,2020,1,6,6,18.5,74.0,0.0
PUNE_G002,2020-01-07,2020,1,7,7,18.5,74.0,0.0
PUNE_G002,2020-01-08,2020,1,8,8,18.5,74.0,0.0
PUNE_G002,2020-01-09,2020,1,9,9,18.5,74.0,0.0
PUNE_G002,2020-01-10,2020,1,10,10,18.5,74.0,0.0
PUNE_G002,2020-01-11,2020,1,11,11,18.5,74.0,0.0
PUNE_G002,2020-01-12,2020,1,12,12,18.5,74.0,0.0
PUNE_G002,2020-01-13,2020,1,13,13,18.5,74.0,0.0
PUNE_G002,2020-01-14,2020,1,14,14,18.5,74.0,0.0
PUNE_G002,2020-01-15,2020,1,15,15,18.5,74.0,0.0
PUNE_G002,2020-01-16,2020,1,16,16,18.5,74.0,0.0
PUNE_G002,2020-01-17,2020,1,17,17,18.5,74.0,0.0
PUNE_G002,2020-01-18,2020,1,18,18,18.5,74.0,0.0
PUNE_G002,2020-01-19,2020,1,19,19,18.5,74.0,0.0
PUNE_G002,2020-01-20,2020,1,20,20,18.5,74.0,0.0
PUNE_G002,2020-01-21,2020,1,21,21,18.5,74.0,0.0
PUNE_G002,2020-01-22,2020,1,22,22,18.5,74.0,0.0
PUNE_G002,2020-01-23,2020,1,23,23,18.5,74.0,0.0
PUNE_G002,2020-01-24,2020,1,24,24,18.5,74.0,0.0
PUNE_G002,2020-01-25,2020,1,25,25,18.5,74.0,0.0
PUNE_G002,2020-01-26,2020,1,26,26,18.5,74.0,0.0
PUNE_G002,2020-01-27,2020,1,27,27,18.5,74.0,0.0
PUNE_G002,2020-01-28,2020,1,28,28,18.5,74.0,0.0
PUNE_G002,2020-01-29,2020,1,29,29,18.5,74.0,0.0
PUNE_G002,2020-01-30,2020,1,30,30,18.5,74.0,0.0
PUNE_G002,2020-01-31,2020,1,31,31,18.5,74.0,0.0
PUNE_G002,2020-02-01,2020,2,1,32,18.5,74.0,0.0
PUNE_G002,2020-02-02,2020,2,2,33,18.5,74.0,0.0
PUNE_G002,2020-02-03,2020,2,3,34,18.5,74.0,0.0
PUNE_G002,2020-02-04,2020,2,4,35,18.5,74.0,0.0
PUNE_G002,2020-02-05,2020,2,5,36,18.5,74.0,0.0
PUNE_G002,2020-02-06,2020,2,6,37,18.5,74.0,0.0
PUNE_G002,2020-02-07,2020,2,7,38,18.5,74.0,0.0
PUNE_G002,2020-02-08,2020,2,8,39,18.5,74.0,0.0
PUNE_G002,2020-02-09,2020,2,9,40,18.5,74.0,0.0
PUNE_G002,2020-02-10,2020,2,10,41,18.5,74.0,0.0
PUNE_G002,2020-02-11,2020,2,11,42,18.5,74.0,0.0
PUNE_G002,2020-02-12,2020,2,12,43,18.5,74.0,0.0
PUNE_G002,2020-02-13,2020,2,13,44,18.5,74.0,0.0
PUNE_G002,2020-02-14,2020,2,14,45,18.5,74.0,0.0
PUNE_G002,2020-02-15,2020,2,15,46,18.5,74.0,0.0
PUNE_G002,2020-02-16,2020,2,16,47,18.5,74.0,0.0
PUNE_G002,2020-02-17,2020,2,17,48,18.5,74.0,0.0
PUNE_G002,2020-02-18,2020,2,18,49,18.5,74.0,0.0
PUNE_G002,2020-02-19,2020,2,19,50,18.5,74.0,0.0
PUNE_G002,2020-02-20,2020,2,20,51,18.5,74.0,0.0
PUNE_G002,2020-02-21,2020,2,21,52,18.5,74.0,0.0
PUNE_G002,2020-02-22,2020,2,22,53,18.5,74.0,0.0
PUNE_G002,2020-02-23,2020,2,23,54,18.5,74.0,0.0
PUNE_G002,2020-02-24,2020,2,24,55,18.5,74.0,0.0
PUNE_G002,2020-02-25,2020,2,25,56,18.5,74.0,0.0
PUNE_G002,2020-02-26,2020,2,26,57,18.5,74.0,0.0
PUNE_G002,2020-02-27,2020,2,27,58,18.5,74.0,0.0
PUNE_G002,2020-02-28,2020,2,28,59,18.5,74.0,0.0
PUNE_G002,2020-02-29,2020,2,29,60,18.5,74.0,0.0
PUNE_G002,2020-03-01,2020,3,1,61,18.5,74.0,0.0
PUNE_G002,2020-03-02,2020,3,2,62,18.5,74.0,0.0
PUNE_G002,2020-03-03,2020,3,3,63,18.5,74.0,0.0
PUNE_G002,2020-03-04,2020,3,4,64,18.5,74.0,0.0
PUNE_G002,2020-03-05,2020,3,5,65,18.5,74.0,0.0
PUNE_G002,2020-03-06,2020,3,6,66,18.5,74.0,0.0
PUNE_G002,2020-03-07,2020,3,7,67,18.5,74.0,0.0
PUNE_G002,2020-03-08,2020,3,8,68,18.5,74.0,0.0
PUNE_G002,2020-03-09,2020,3,9,69,18.5,74.0,0.0
PUNE_G002,2020-03-10,2020,3,10,70,18.5,74.0,0.0
PUNE_G002,2020-03-11,2020,3,11,71,18.5,74.0,0.0
PUNE_G002,2020-03-12,2020,3,12,72,18.5,74.0,0.0
PUNE_G002,2020-03-13,2020,3,13,73,18.5,74.0,0.0
PUNE_G002,2020-03-14,2020,3,14,74,18.5,74.0,0.0
PUNE_G002,2020-03-15,2020,3,15,75,18.5,74.0,0.0
PUNE_G002,2020-03-16,2020,3,16,76,18.5,74.0,0.0
PUNE_G002,2020-03-17,2020,3,17,77,18.5,74.0,0.0
PUNE_G002,2020-03-18,2020,3,18,78,18.5,74.0,0.0
PUNE_G002,2020-03-19,2020,3,19,79,18.5,74.0,0.0
PUNE_G002,2020-03-20,2020,3,20,80,18.5,74.0,0.0
PUNE_G002,2020-03-21,2020,3,21,81,18.5,74.0,0.0
PUNE_G002,2020-03-22,2020,3,22,82,18.5,74.0,0.0
PUNE_G002,2020-03-23,2020,3,23,83,18.5,74.0,0.0
PUNE_G002,2020-03-24,2020,3,24,84,18.5,74.0,0.0
PUNE_G002,2020-03-25,2020,3,25,85,18.5,74.0,4.485884666442871
PUNE_G002,2020-03-26,2020,3,26,86,18.5,74.0,0.6066454648971558
PUNE_G002,2020-03-27,2020,3,27,87,18.5,74.0,0.0
PUNE_G002,2020-03-28,2020,3,28,88,18.5,74.0,1.2289232015609741
PUNE_G002,2020-03-29,2020,3,29,89,18.5,74.0,5.472729206085205
PUNE_G002,2020-03-30,2020,3,30,90,18.5,74.0,2.5447890758514404
PUNE_G002,2020-03-31,2020,3,31,91,18.5,74.0,0.0
PUNE_G002,2020-04-01,2020,4,1,92,18.5,74.0,0.0
PUNE_G002,2020-04-02,2020,4,2,93,18.5,74.0,0.0
PUNE_G002,2020-04-03,2020,4,3,94,18.5,74.0,0.0
PUNE_G002,2020-04-04,2020,4,4,95,18.5,74.0,0.0
PUNE_G002,2020-04-05,2020,4,5,96,18.5,74.0,0.0
PUNE_G002,2020-04-06,2020,4,6,97,18.5,74.0,0.0
PUNE_G002,2020-04-07,2020,4,7,98,18.5,74.0,0.0
PUNE_G002,2020-04-08,2020,4,8,99,18.5,74.0,0.0
PUNE_G002,2020-04-09,2020,4,9,100,18.5,74.0,0.0
PUNE_G002,2020-04-10,2020,4,10,101,18.5,74.0,0.0
PUNE_G002,2020-04-11,2020,4,11,102,18.5,74.0,0.0
PUNE_G002,2020-04-12,2020,4,12,103,18.5,74.0,0.14574000239372253
PUNE_G002,2020-04-13,2020,4,13,104,18.5,74.0,0.0
PUNE_G002,2020-04-14,2020,4,14,105,18.5,74.0,0.0
PUNE_G002,2020-04-15,2020,4,15,106,18.5,74.0,0.0
PUNE_G002,2020-04-16,2020,4,16,107,18.5,74.0,0.0
PUNE_G002,2020-04-17,2020,4,17,108,18.5,74.0,0.0
PUNE_G002,2020-04-18,2020,4,18,109,18.5,74.0,0.0
PUNE_G002,2020-04-19,2020,4,19,110,18.5,74.0,2.5689735412597656
PUNE_G002,2020-04-20,2020,4,20,111,18.5,74.0,0.10181914269924164
PUNE_G002,2020-04-21,2020,4,21,112,18.5,74.0,0.0
PUNE_G002,2020-04-22,2020,4,22,113,18.5,74.0,0.0
PUNE_G002,2020-04-23,2020,4,23,114,18.5,74.0,0.0
PUNE_G002,2020-04-24,2020,4,24,115,18.5,74.0,0.0
PUNE_G002,2020-04-25,2020,4,25,116,18.5,74.0,0.0
PUNE_G002,2020-04-26,2020,4,26,117,18.5,74.0,0.0
PUNE_G002,2020-04-27,2020,4,27,118,18.5,74.0,0.0
PUNE_G002,2020-04-28,2020,4,28,119,18.5,74.0,0.0
PUNE_G002,2020-04-29,2020,4,29,120,18.5,74.0,0.0
PUNE_G002,2020-04-30,2020,4,30,121,18.5,74.0,0.169699564576149
PUNE_G002,2020-05-01,2020,5,1,122,18.5,74.0,0.0
PUNE_G002,2020-05-02,2020,5,2,123,18.5,74.0,0.5819165110588074
PUNE_G002,2020-05-03,2020,5,3,124,18.5,74.0,0.0
PUNE_G002,2020-05-04,2020,5,4,125,18.5,74.0,0.0
PUNE_G002,2020-05-05,2020,5,5,126,18.5,74.0,0.0
PUNE_G002,2020-05-06,2020,5,6,127,18.5,74.0,0.0
PUNE_G002,2020-05-07,2020,5,7,128,18.5,74.0,0.0
PUNE_G002,2020-05-08,2020,5,8,129,18.5,74.0,0.0
PUNE_G002,2020-05-09,2020,5,9,130,18.5,74.0,0.0
PUNE_G002,2020-05-10,2020,5,10,131,18.5,74.0,0.0
PUNE_G002,2020-05-11,2020,5,11,132,18.5,74.0,0.5590189099311829
PUNE_G002,2020-05-12,2020,5,12,133,18.5,74.0,0.0
PUNE_G002,2020-05-13,2020,5,13,134,18.5,74.0,0.0
PUNE_G002,2020-05-14,2020,5,14,135,18.5,74.0,0.708090603351593
PUNE_G002,2020-05-15,2020,5,15,136,18.5,74.0,11.54905891418457
PUNE_G002,2020-05-16,2020,5,16,137,18.5,74.0,0.0
PUNE_G002,2020-05-17,2020,5,17,138,18.5,74.0,18.670663833618164
PUNE_G002,2020-05-18,2020,5,18,139,18.5,74.0,2.0056464672088623
PUNE_G002,2020-05-19,2020,5,19,140,18.5,74.0,0.0
PUNE_G002,2020-05-20,2020,5,20,141,18.5,74.0,0.14429615437984467
PUNE_G002,2020-05-21,2020,5,21,142,18.5,74.0,0.0
PUNE_G002,2020-05-22,2020,5,22,143,18.5,74.0,0.0
PUNE_G002,2020-05-23,2020,5,23,144,18.5,74.0,0.0
PUNE_G002,2020-05-24,2020,5,24,145,18.5,74.0,0.0
PUNE_G002,2020-05-25,2020,5,25,146,18.5,74.0,0.0
PUNE_G002,2020-05-26,2020,5,26,147,18.5,74.0,0.0
PUNE_G002,2020-05-27,2020,5,27,148,18.5,74.0,0.0
PUNE_G002,2020-05-28,2020,5,28,149,18.5,74.0,0.0
PUNE_G002,2020-05-29,2020,5,29,150,18.5,74.0,0.0
PUNE_G002,2020-05-30,2020,5,30,151,18.5,74.0,0.0
PUNE_G002,2020-05-31,2020,5,31,152,18.5,74.0,0.0
PUNE_G002,2020-06-01,2020,6,1,153,18.5,74.0,29.720409393310547
PUNE_G002,2020-06-02,2020,6,2,154,18.5,74.0,5.901558876037598
PUNE_G002,2020-06-03,2020,6,3,155,18.5,74.0,55.2835807800293
PUNE_G002,2020-06-04,2020,6,4,156,18.5,74.0,37.01171112060547
PUNE_G002,2020-06-05,2020,6,5,157,18.5,74.0,14.204251289367676
PUNE_G002,2020-06-06,2020,6,6,158,18.5,74.0,0.0
PUNE_G002,2020-06-07,2020,6,7,159,18.5,74.0,2.8578739166259766
PUNE_G002,2020-06-08,2020,6,8,160,18.5,74.0,0.1601671576499939
PUNE_G002,2020-06-09,2020,6,9,161,18.5,74.0,0.0
PUNE_G002,2020-06-10,2020,6,10,162,18.5,74.0,0.102371446788311
PUNE_G002,2020-06-11,2020,6,11,163,18.5,74.0,0.2866400182247162
PUNE_G002,2020-06-12,2020,6,12,164,18.5,74.0,0.0
PUNE_G002,2020-06-13,2020,6,13,165,18.5,74.0,1.4158257246017456
PUNE_G002,2020-06-14,2020,6,14,166,18.5,74.0,1.897295355796814
PUNE_G002,2020-06-15,2020,6,15,167,18.5,74.0,10.557964324951172
PUNE_G002,2020-06-16,2020,6,16,168,18.5,74.0,8.663637161254883
PUNE_G002,2020-06-17,2020,6,17,169,18.5,74.0,2.3455467224121094
PUNE_G002,2020-06-18,2020,6,18,170,18.5,74.0,18.614282608032227
PUNE_G002,2020-06-19,2020,6,19,171,18.5,74.0,10.462722778320312
PUNE_G002,2020-06-20,2020,6,20,172,18.5,74.0,0.0
PUNE_G002,2020-06-21,2020,6,21,173,18.5,74.0,1.3184192180633545
PUNE_G002,2020-06-22,2020,6,22,174,18.5,74.0,0.24085526168346405
PUNE_G002,2020-06-23,2020,6,23,175,18.5,74.0,0.0
PUNE_G002,2020-06-24,2020,6,24,176,18.5,74.0,0.0
PUNE_G002,2020-06-25,2020,6,25,177,18.5,74.0,3.347473382949829
PUNE_G002,2020-06-26,2020,6,26,178,18.5,74.0,24.84627342224121
PUNE_G002,2020-06-27,2020,6,27,179,18.5,74.0,0.0
PUNE_G002,2020-06-28,2020,6,28,180,18.5,74.0,0.0
PUNE_G002,2020-06-29,2020,6,29,181,18.5,74.0,2.84592604637146
PUNE_G002,2020-06-30,2020,6,30,182,18.5,74.0,28.024303436279297
PUNE_G002,2020-07-01,2020,7,1,183,18.5,74.0,0.0
PUNE_G002,2020-07-02,2020,7,2,184,18.5,74.0,2.0740623474121094
PUNE_G002,2020-07-03,2020,7,3,185,18.5,74.0,0.0
PUNE_G002,2020-07-04,2020,7,4,186,18.5,74.0,0.3974817395210266
PUNE_G002,2020-07-05,2020,7,5,187,18.5,74.0,4.948242664337158
PUNE_G002,2020-07-06,2020,7,6,188,18.5,74.0,2.1500096321105957
PUNE_G002,2020-07-07,2020,7,7,189,18.5,74.0,5.154217720031738
PUNE_G002,2020-07-08,2020,7,8,190,18.5,74.0,11.919476509094238
PUNE_G002,2020-07-09,2020,7,9,191,18.5,74.0,4.048623085021973
PUNE_G002,2020-07-10,2020,7,10,192,18.5,74.0,2.135411500930786
PUNE_G002,2020-07-11,2020,7,11,193,18.5,74.0,1.0582728385925293
PUNE_G002,2020-07-12,2020,7,12,194,18.5,74.0,0.0
PUNE_G002,2020-07-13,2020,7,13,195,18.5,74.0,0.9471004605293274
PUNE_G002,2020-07-14,2020,7,14,196,18.5,74.0,1.8379868268966675
PUNE_G002,2020-07-15,2020,7,15,197,18.5,74.0,0.4190882444381714
PUNE_G002,2020-07-16,2020,7,16,198,18.5,74.0,3.5212504863739014
PUNE_G002,2020-07-17,2020,7,17,199,18.5,74.0,0.4797682464122772
PUNE_G002,2020-07-18,2020,7,18,200,18.5,74.0,0.4812505543231964
PUNE_G002,2020-07-19,2020,7,19,201,18.5,74.0,3.6253609657287598
PUNE_G002,2020-07-20,2020,7,20,202,18.5,74.0,0.0
PUNE_G002,2020-07-21,2020,7,21,203,18.5,74.0,0.0
PUNE_G002,2020-07-22,2020,7,22,204,18.5,74.0,0.0
PUNE_G002,2020-07-23,2020,7,23,205,18.5,74.0,4.393232822418213
PUNE_G002,2020-07-24,2020,7,24,206,18.5,74.0,18.393163681030273
PUNE_G002,2020-07-25,2020,7,25,207,18.5,74.0,16.57526397705078
PUNE_G002,2020-07-26,2020,7,26,208,18.5,74.0,28.08030891418457
PUNE_G002,2020-07-27,2020,7,27,209,18.5,74.0,0.0
PUNE_G002,2020-07-28,2020,7,28,210,18.5,74.0,0.0
PUNE_G002,2020-07-29,2020,7,29,211,18.5,74.0,0.0
PUNE_G002,2020-07-30,2020,7,30,212,18.5,74.0,0.43947306275367737
PUNE_G002,2020-07-31,2020,7,31,213,18.5,74.0,0.2277064472436905
PUNE_G002,2020-08-01,2020,8,1,214,18.5,74.0,7.333189010620117
PUNE_G002,2020-08-02,2020,8,2,215,18.5,74.0,0.0
PUNE_G002,2020-08-03,2020,8,3,216,18.5,74.0,0.0
PUNE_G002,2020-08-04,2020,8,4,217,18.5,74.0,5.928668975830078
PUNE_G002,2020-08-05,2020,8,5,218,18.5,74.0,44.11930465698242
PUNE_G002,2020-08-06,2020,8,6,219,18.5,74.0,10.412513732910156
PUNE_G002,2020-08-07,2020,8,7,220,18.5,74.0,8.285091400146484
PUNE_G002,2020-08-08,2020,8,8,221,18.5,74.0,2.4567716121673584
PUNE_G002,2020-08-09,2020,8,9,222,18.5,74.0,2.439711809158325
PUNE_G002,2020-08-10,2020,8,10,223,18.5,74.0,1.4545167684555054
PUNE_G002,2020-08-11,2020,8,11,224,18.5,74.0,22.42991828918457
PUNE_G002,2020-08-12,2020,8,12,225,18.5,74.0,0.5513534545898438
PUNE_G002,2020-08-13,2020,8,13,226,18.5,74.0,7.217371940612793
PUNE_G002,2020-08-14,2020,8,14,227,18.5,74.0,21.546083450317383
PUNE_G002,2020-08-15,2020,8,15,228,18.5,74.0,31.687904357910156
PUNE_G002,2020-08-16,2020,8,16,229,18.5,74.0,20.186717987060547
PUNE_G002,2020-08-17,2020,8,17,230,18.5,74.0,7.880542755126953
PUNE_G002,2020-08-18,2020,8,18,231,18.5,74.0,2.0782828330993652
PUNE_G002,2020-08-19,2020,8,19,232,18.5,74.0,2.073314666748047
PUNE_G002,2020-08-20,2020,8,20,233,18.5,74.0,0.9264389872550964
PUNE_G002,2020-08-21,2020,8,21,234,18.5,74.0,9.717084884643555
PUNE_G002,2020-08-22,2020,8,22,235,18.5,74.0,3.8791372776031494
PUNE_G002,2020-08-23,2020,8,23,236,18.5,74.0,1.2372708320617676
PUNE_G002,2020-08-24,2020,8,24,237,18.5,74.0,0.5513269305229187
PUNE_G002,2020-08-25,2020,8,25,238,18.5,74.0,0.9514576196670532
PUNE_G002,2020-08-26,2020,8,26,239,18.5,74.0,0.0
PUNE_G002,2020-08-27,2020,8,27,240,18.5,74.0,0.2277064472436905
PUNE_G002,2020-08-28,2020,8,28,241,18.5,74.0,0.2319284975528717
PUNE_G002,2020-08-29,2020,8,29,242,18.5,74.0,3.1339361667633057
PUNE_G002,2020-08-30,2020,8,30,243,18.5,74.0,5.187833309173584
PUNE_G002,2020-08-31,2020,8,31,244,18.5,74.0,2.722998857498169
PUNE_G002,2020-09-01,2020,9,1,245,18.5,74.0,0.14090192317962646
PUNE_G002,2020-09-02,2020,9,2,246,18.5,74.0,0.0
PUNE_G002,2020-09-03,2020,9,3,247,18.5,74.0,0.0
PUNE_G002,2020-09-04,2020,9,4,248,18.5,74.0,1.2963446378707886
PUNE_G002,2020-09-05,2020,9,5,249,18.5,74.0,0.0
PUNE_G002,2020-09-06,2020,9,6,250,18.5,74.0,10.869317054748535
PUNE_G002,2020-09-07,2020,9,7,251,18.5,74.0,29.164939880371094
PUNE_G002,2020-09-08,2020,9,8,252,18.5,74.0,0.572421669960022
PUNE_G002,2020-09-09,2020,9,9,253,18.5,74.0,16.320737838745117
PUNE_G002,2020-09-10,2020,9,10,254,18.5,74.0,10.851544380187988
PUNE_G002,2020-09-11,2020,9,11,255,18.5,74.0,5.490326404571533
PUNE_G002,2020-09-12,2020,9,12,256,18.5,74.0,21.49808692932129
PUNE_G002,2020-09-13,2020,9,13,257,18.5,74.0,1.4674416780471802
PUNE_G002,2020-09-14,2020,9,14,258,18.5,74.0,0.48803243041038513
PUNE_G002,2020-09-15,2020,9,15,259,18.5,74.0,0.0
PUNE_G002,2020-09-16,2020,9,16,260,18.5,74.0,0.0
PUNE_G002,2020-09-17,2020,9,17,261,18.5,74.0,2.876650810241699
PUNE_G002,2020-09-18,2020,9,18,262,18.5,74.0,0.2781766653060913
PUNE_G002,2020-09-19,2020,9,19,263,18.5,74.0,0.0
PUNE_G002,2020-09-20,2020,9,20,264,18.5,74.0,15.659636497497559
PUNE_G002,2020-09-21,2020,9,21,265,18.5,74.0,22.05696678161621
PUNE_G002,2020-09-22,2020,9,22,266,18.5,74.0,18.74656105041504
PUNE_G002,2020-09-23,2020,9,23,267,18.5,74.0,0.0
PUNE_G002,2020-09-24,2020,9,24,268,18.5,74.0,0.0
PUNE_G002,2020-09-25,2020,9,25,269,18.5,74.0,0.9152977466583252
PUNE_G002,2020-09-26,2020,9,26,270,18.5,74.0,4.555886745452881
PUNE_G002,2020-09-27,2020,9,27,271,18.5,74.0,0.0
PUNE_G002,2020-09-28,2020,9,28,272,18.5,74.0,0.0
PUNE_G002,2020-09-29,2020,9,29,273,18.5,74.0,0.15708643198013306
PUNE_G002,2020-09-30,2020,9,30,274,18.5,74.0,0.0
PUNE_G002,2020-10-01,2020,10,1,275,18.5,74.0,0.0
PUNE_G002,2020-10-02,2020,10,2,276,18.5,74.0,0.0
PUNE_G002,2020-10-03,2020,10,3,277,18.5,74.0,0.329881489276886
PUNE_G002,2020-10-04,2020,10,4,278,18.5,74.0,4.103221416473389
PUNE_G002,2020-10-05,2020,10,5,279,18.5,74.0,0.0
PUNE_G002,2020-10-06,2020,10,6,280,18.5,74.0,0.7210993766784668
PUNE_G002,2020-10-07,2020,10,7,281,18.5,74.0,0.0
PUNE_G002,2020-10-08,2020,10,8,282,18.5,74.0,0.0
PUNE_G002,2020-10-09,2020,10,9,283,18.5,74.0,0.204742893576622
PUNE_G002,2020-10-10,2020,10,10,284,18.5,74.0,0.0
PUNE_G002,2020-10-11,2020,10,11,285,18.5,74.0,31.131046295166016
PUNE_G002,2020-10-12,2020,10,12,286,18.5,74.0,8.082900047302246
PUNE_G002,2020-10-13,2020,10,13,287,18.5,74.0,19.161331176757812
PUNE_G002,2020-10-14,2020,10,14,288,18.5,74.0,7.138313293457031
PUNE_G002,2020-10-15,2020,10,15,289,18.5,74.0,101.73873901367188
PUNE_G002,2020-10-16,2020,10,16,290,18.5,74.0,8.717034339904785
PUNE_G002,2020-10-17,2020,10,17,291,18.5,74.0,3.5087695121765137
PUNE_G002,2020-10-18,2020,10,18,292,18.5,74.0,2.9439899921417236
PUNE_G002,2020-10-19,2020,10,19,293,18.5,74.0,36.14238739013672
PUNE_G002,2020-10-20,2020,10,20,294,18.5,74.0,5.717190742492676
PUNE_G002,2020-10-21,2020,10,21,295,18.5,74.0,26.63064193725586
PUNE_G002,2020-10-22,2020,10,22,296,18.5,74.0,4.421995639801025
PUNE_G002,2020-10-23,2020,10,23,297,18.5,74.0,3.282482385635376
PUNE_G002,2020-10-24,2020,10,24,298,18.5,74.0,0.0
PUNE_G002,2020-10-25,2020,10,25,299,18.5,74.0,15.353425025939941
PUNE_G002,2020-10-26,2020,10,26,300,18.5,74.0,4.573751926422119
PUNE_G002,2020-10-27,2020,10,27,301,18.5,74.0,0.0
PUNE_G002,2020-10-28,2020,10,28,302,18.5,74.0,0.0
PUNE_G002,2020-10-29,2020,10,29,303,18.5,74.0,0.0
PUNE_G002,2020-10-30,2020,10,30,304,18.5,74.0,0.0
PUNE_G002,2020-10-31,2020,10,31,305,18.5,74.0,0.0
PUNE_G002,2020-11-01,2020,11,1,306,18.5,74.0,0.0
PUNE_G002,2020-11-02,2020,11,2,307,18.5,74.0,0.0
PUNE_G002,2020-11-03,2020,11,3,308,18.5,74.0,0.0
PUNE_G002,2020-11-04,2020,11,4,309,18.5,74.0,0.0
PUNE_G002,2020-11-05,2020,11,5,310,18.5,74.0,0.0
PUNE_G002,2020-11-06,2020,11,6,311,18.5,74.0,0.0
PUNE_G002,2020-11-07,2020,11,7,312,18.5,74.0,0.0
PUNE_G002,2020-11-08,2020,11,8,313,18.5,74.0,0.0
PUNE_G002,2020-11-09,2020,11,9,314,18.5,74.0,0.0
PUNE_G002,2020-11-10,2020,11,10,315,18.5,74.0,0.0
PUNE_G002,2020-11-11,2020,11,11,316,18.5,74.0,0.0
PUNE_G002,2020-11-12,2020,11,12,317,18.5,74.0,0.0
PUNE_G002,2020-11-13,2020,11,13,318,18.5,74.0,0.0
PUNE_G002,2020-11-14,2020,11,14,319,18.5,74.0,0.0
PUNE_G002,2020-11-15,2020,11,15,320,18.5,74.0,0.0
PUNE_G002,2020-11-16,2020,11,16,321,18.5,74.0,0.0
PUNE_G002,2020-11-17,2020,11,17,322,18.5,74.0,0.0
PUNE_G002,2020-11-18,2020,11,18,323,18.5,74.0,0.0
PUNE_G002,2020-11-19,2020,11,19,324,18.5,74.0,0.0
PUNE_G002,2020-11-20,2020,11,20,325,18.5,74.0,0.0
PUNE_G002,2020-11-21,2020,11,21,326,18.5,74.0,3.862109899520874
PUNE_G002,2020-11-22,2020,11,22,327,18.5,74.0,0.0
PUNE_G002,2020-11-23,2020,11,23,328,18.5,74.0,0.0
PUNE_G002,2020-11-24,2020,11,24,329,18.5,74.0,0.0
PUNE_G002,2020-11-25,2020,11,25,330,18.5,74.0,0.0
PUNE_G002,2020-11-26,2020,11,26,331,18.5,74.0,0.0
PUNE_G002,2020-11-27,2020,11,27,332,18.5,74.0,0.0
PUNE_G002,2020-11-28,2020,11,28,333,18.5,74.0,0.0
PUNE_G002,2020-11-29,2020,11,29,334,18.5,74.0,0.0
PUNE_G002,2020-11-30,2020,11,30,335,18.5,74.0,0.0
PUNE_G002,2020-12-01,2020,12,1,336,18.5,74.0,0.0
PUNE_G002,2020-12-02,2020,12,2,337,18.5,74.0,0.0
PUNE_G002,2020-12-03,2020,12,3,338,18.5,74.0,0.0
PUNE_G002,2020-12-04,2020,12,4,339,18.5,74.0,0.0
PUNE_G002,2020-12-05,2020,12,5,340,18.5,74.0,0.0
PUNE_G002,2020-12-06,2020,12,6,341,18.5,74.0,0.0
PUNE_G002,2020-12-07,2020,12,7,342,18.5,74.0,0.0
PUNE_G002,2020-12-08,2020,12,8,343,18.5,74.0,0.0
PUNE_G002,2020-12-09,2020,12,9,344,18.5,74.0,0.0
PUNE_G002,2020-12-10,2020,12,10,345,18.5,74.0,0.0
PUNE_G002,2020-12-11,2020,12,11,346,18.5,74.0,0.0
PUNE_G002,2020-12-12,2020,12,12,347,18.5,74.0,0.0
PUNE_G002,2020-12-13,2020,12,13,348,18.5,74.0,0.0
PUNE_G002,2020-12-14,2020,12,14,349,18.5,74.0,0.0
PUNE_G002,2020-12-15,2020,12,15,350,18.5,74.0,2.7711143493652344
PUNE_G002,2020-12-16,2020,12,16,351,18.5,74.0,0.0
PUNE_G002,2020-12-17,2020,12,17,352,18.5,74.0,0.0
PUNE_G002,2020-12-18,2020,12,18,353,18.5,74.0,0.0
PUNE_G002,2020-12-19,2020,12,19,354,18.5,74.0,0.0
PUNE_G002,2020-12-20,2020,12,20,355,18.5,74.0,0.0
PUNE_G002,2020-12-21,2020,12,21,356,18.5,74.0,0.0
PUNE_G002,2020-12-22,2020,12,22,357,18.5,74.0,0.0
PUNE_G002,2020-12-23,2020,12,23,358,18.5,74.0,0.0
PUNE_G002,2020-12-24,2020,12,24,359,18.5,74.0,0.0
PUNE_G002,2020-12-25,2020,12,25,360,18.5,74.0,0.0
PUNE_G002,2020-12-26,2020,12,26,361,18.5,74.0,0.0
PUNE_G002,2020-12-27,2020,12,27,362,18.5,74.0,0.0
PUNE_G002,2020-12-28,2020,12,28,363,18.5,74.0,0.0
PUNE_G002,2020-12-29,2020,12,29,364,18.5,74.0,0.0
PUNE_G002,2020-12-30,2020,12,30,365,18.5,74.0,0.0
PUNE_G002,2020-12-31,2020,12,31,366,18.5,74.0,0.0
PUNE_G002,2021-01-01,2021,1,1,1,18.5,74.0,0.0
PUNE_G002,2021-01-02,2021,1,2,2,18.5,74.0,0.0
PUNE_G002,2021-01-03,2021,1,3,3,18.5,74.0,0.0
PUNE_G002,2021-01-04,2021,1,4,4,18.5,74.0,0.0
PUNE_G002,2021-01-05,2021,1,5,5,18.5,74.0,0.43230339884757996
PUNE_G002,2021-01-06,2021,1,6,6,18.5,74.0,0.0
PUNE_G002,2021-01-07,2021,1,7,7,18.5,74.0,0.0
PUNE_G002,2021-01-08,2021,1,8,8,18.5,74.0,3.5281941890716553
PUNE_G002,2021-01-09,2021,1,9,9,18.5,74.0,28.31590461730957
PUNE_G002,2021-01-10,2021,1,10,10,18.5,74.0,0.0
PUNE_G002,2021-01-11,2021,1,11,11,18.5,74.0,0.0
PUNE_G002,2021-01-12,2021,1,12,12,18.5,74.0,0.0
PUNE_G002,2021-01-13,2021,1,13,13,18.5,74.0,0.0
PUNE_G002,2021-01-14,2021,1,14,14,18.5,74.0,0.0
PUNE_G002,2021-01-15,2021,1,15,15,18.5,74.0,0.0
PUNE_G002,2021-01-16,2021,1,16,16,18.5,74.0,0.0
PUNE_G002,2021-01-17,2021,1,17,17,18.5,74.0,0.0
PUNE_G002,2021-01-18,2021,1,18,18,18.5,74.0,0.0
PUNE_G002,2021-01-19,2021,1,19,19,18.5,74.0,0.0
PUNE_G002,2021-01-20,2021,1,20,20,18.5,74.0,0.0
PUNE_G002,2021-01-21,2021,1,21,21,18.5,74.0,0.0
PUNE_G002,2021-01-22,2021,1,22,22,18.5,74.0,0.0
PUNE_G002,2021-01-23,2021,1,23,23,18.5,74.0,0.0
PUNE_G002,2021-01-24,2021,1,24,24,18.5,74.0,0.0
PUNE_G002,2021-01-25,2021,1,25,25,18.5,74.0,0.0
PUNE_G002,2021-01-26,2021,1,26,26,18.5,74.0,0.0
PUNE_G002,2021-01-27,2021,1,27,27,18.5,74.0,0.0
PUNE_G002,2021-01-28,2021,1,28,28,18.5,74.0,0.0
PUNE_G002,2021-01-29,2021,1,29,29,18.5,74.0,0.0
PUNE_G002,2021-01-30,2021,1,30,30,18.5,74.0,0.0
PUNE_G002,2021-01-31,2021,1,31,31,18.5,74.0,0.0
PUNE_G002,2021-02-01,2021,2,1,32,18.5,74.0,0.0
PUNE_G002,2021-02-02,2021,2,2,33,18.5,74.0,0.0
PUNE_G002,2021-02-03,2021,2,3,34,18.5,74.0,0.0
PUNE_G002,2021-02-04,2021,2,4,35,18.5,74.0,0.0
PUNE_G002,2021-02-05,2021,2,5,36,18.5,74.0,0.0
PUNE_G002,2021-02-06,2021,2,6,37,18.5,74.0,0.0
PUNE_G002,2021-02-07,2021,2,7,38,18.5,74.0,0.0
PUNE_G002,2021-02-08,2021,2,8,39,18.5,74.0,0.0
PUNE_G002,2021-02-09,2021,2,9,40,18.5,74.0,0.0
PUNE_G002,2021-02-10,2021,2,10,41,18.5,74.0,0.0
PUNE_G002,2021-02-11,2021,2,11,42,18.5,74.0,0.0
PUNE_G002,2021-02-12,2021,2,12,43,18.5,74.0,0.0
PUNE_G002,2021-02-13,2021,2,13,44,18.5,74.0,0.0
PUNE_G002,2021-02-14,2021,2,14,45,18.5,74.0,0.0
PUNE_G002,2021-02-15,2021,2,15,46,18.5,74.0,0.0
PUNE_G002,2021-02-16,2021,2,16,47,18.5,74.0,0.0
PUNE_G002,2021-02-17,2021,2,17,48,18.5,74.0,0.0
PUNE_G002,2021-02-18,2021,2,18,49,18.5,74.0,0.0
PUNE_G002,2021-02-19,2021,2,19,50,18.5,74.0,2.3165838718414307
PUNE_G002,2021-02-20,2021,2,20,51,18.5,74.0,0.0
PUNE_G002,2021-02-21,2021,2,21,52,18.5,74.0,0.0
PUNE_G002,2021-02-22,2021,2,22,53,18.5,74.0,0.0
PUNE_G002,2021-02-23,2021,2,23,54,18.5,74.0,0.0
PUNE_G002,2021-02-24,2021,2,24,55,18.5,74.0,0.0
PUNE_G002,2021-02-25,2021,2,25,56,18.5,74.0,0.0
PUNE_G002,2021-02-26,2021,2,26,57,18.5,74.0,0.0
PUNE_G002,2021-02-27,2021,2,27,58,18.5,74.0,0.0
PUNE_G002,2021-02-28,2021,2,28,59,18.5,74.0,0.0
PUNE_G002,2021-03-01,2021,3,1,60,18.5,74.0,0.0
PUNE_G002,2021-03-02,2021,3,2,61,18.5,74.0,0.0
PUNE_G002,2021-03-03,2021,3,3,62,18.5,74.0,0.0
PUNE_G002,2021-03-04,2021,3,4,63,18.5,74.0,0.0
PUNE_G002,2021-03-05,2021,3,5,64,18.5,74.0,0.0
PUNE_G002,2021-03-06,2021,3,6,65,18.5,74.0,0.0
PUNE_G002,2021-03-07,2021,3,7,66,18.5,74.0,0.0
PUNE_G002,2021-03-08,2021,3,8,67,18.5,74.0,0.0
PUNE_G002,2021-03-09,2021,3,9,68,18.5,74.0,0.0
PUNE_G002,2021-03-10,2021,3,10,69,18.5,74.0,0.0
PUNE_G002,2021-03-11,2021,3,11,70,18.5,74.0,0.0
PUNE_G002,2021-03-12,2021,3,12,71,18.5,74.0,0.0
PUNE_G002,2021-03-13,2021,3,13,72,18.5,74.0,0.0
PUNE_G002,2021-03-14,2021,3,14,73,18.5,74.0,0.0
PUNE_G002,2021-03-15,2021,3,15,74,18.5,74.0,0.0
PUNE_G002,2021-03-16,2021,3,16,75,18.5,74.0,0.0
PUNE_G002,2021-03-17,2021,3,17,76,18.5,74.0,0.0
PUNE_G002,2021-03-18,2021,3,18,77,18.5,74.0,0.0
PUNE_G002,2021-03-19,2021,3,19,78,18.5,74.0,0.0
PUNE_G002,2021-03-20,2021,3,20,79,18.5,74.0,0.0
PUNE_G002,2021-03-21,2021,3,21,80,18.5,74.0,0.0
PUNE_G002,2021-03-22,2021,3,22,81,18.5,74.0,0.0
PUNE_G002,2021-03-23,2021,3,23,82,18.5,74.0,0.9418172836303711
PUNE_G002,2021-03-24,2021,3,24,83,18.5,74.0,0.0
PUNE_G002,2021-03-25,2021,3,25,84,18.5,74.0,0.0
PUNE_G002,2021-03-26,2021,3,26,85,18.5,74.0,0.0
PUNE_G002,2021-03-27,2021,3,27,86,18.5,74.0,0.0
PUNE_G002,2021-03-28,2021,3,28,87,18.5,74.0,0.0
PUNE_G002,2021-03-29,2021,3,29,88,18.5,74.0,0.0
PUNE_G002,2021-03-30,2021,3,30,89,18.5,74.0,0.0
PUNE_G002,2021-03-31,2021,3,31,90,18.5,74.0,0.0
PUNE_G002,2021-04-01,2021,4,1,91,18.5,74.0,0.0
PUNE_G002,2021-04-02,2021,4,2,92,18.5,74.0,0.0
PUNE_G002,2021-04-03,2021,4,3,93,18.5,74.0,0.0
PUNE_G002,2021-04-04,2021,4,4,94,18.5,74.0,0.0
PUNE_G002,2021-04-05,2021,4,5,95,18.5,74.0,0.0
PUNE_G002,2021-04-06,2021,4,6,96,18.5,74.0,0.0
PUNE_G002,2021-04-07,2021,4,7,97,18.5,74.0,0.0
PUNE_G002,2021-04-08,2021,4,8,98,18.5,74.0,0.0
PUNE_G002,2021-04-09,2021,4,9,99,18.5,74.0,0.0
PUNE_G002,2021-04-10,2021,4,10,100,18.5,74.0,0.0
PUNE_G002,2021-04-11,2021,4,11,101,18.5,74.0,0.0
PUNE_G002,2021-04-12,2021,4,12,102,18.5,74.0,0.0
PUNE_G002,2021-04-13,2021,4,13,103,18.5,74.0,7.540848255157471
PUNE_G002,2021-04-14,2021,4,14,104,18.5,74.0,0.0
PUNE_G002,2021-04-15,2021,4,15,105,18.5,74.0,5.841617107391357
PUNE_G002,2021-04-16,2021,4,16,106,18.5,74.0,0.0
PUNE_G002,2021-04-17,2021,4,17,107,18.5,74.0,0.0
PUNE_G002,2021-04-18,2021,4,18,108,18.5,74.0,0.0
PUNE_G002,2021-04-19,2021,4,19,109,18.5,74.0,0.0
PUNE_G002,2021-04-20,2021,4,20,110,18.5,74.0,0.0
PUNE_G002,2021-04-21,2021,4,21,111,18.5,74.0,0.0
PUNE_G002,2021-04-22,2021,4,22,112,18.5,74.0,0.0
PUNE_G002,2021-04-23,2021,4,23,113,18.5,74.0,0.0
PUNE_G002,2021-04-24,2021,4,24,114,18.5,74.0,0.0
PUNE_G002,2021-04-25,2021,4,25,115,18.5,74.0,0.0
PUNE_G002,2021-04-26,2021,4,26,116,18.5,74.0,0.0
PUNE_G002,2021-04-27,2021,4,27,117,18.5,74.0,0.0
PUNE_G002,2021-04-28,2021,4,28,118,18.5,74.0,4.128103733062744
PUNE_G002,2021-04-29,2021,4,29,119,18.5,74.0,0.0
PUNE_G002,2021-04-30,2021,4,30,120,18.5,74.0,0.6057238578796387
PUNE_G002,2021-05-01,2021,5,1,121,18.5,74.0,0.3331071138381958
PUNE_G002,2021-05-02,2021,5,2,122,18.5,74.0,0.0
PUNE_G002,2021-05-03,2021,5,3,123,18.5,74.0,19.542940139770508
PUNE_G002,2021-05-04,2021,5,4,124,18.5,74.0,0.5804355144500732
PUNE_G002,2021-05-05,2021,5,5,125,18.5,74.0,0.0
PUNE_G002,2021-05-06,2021,5,6,126,18.5,74.0,0.0
PUNE_G002,2021-05-07,2021,5,7,127,18.5,74.0,0.11608710885047913
PUNE_G002,2021-05-08,2021,5,8,128,18.5,74.0,0.0
PUNE_G002,2021-05-09,2021,5,9,129,18.5,74.0,0.5223919749259949
PUNE_G002,2021-05-10,2021,5,10,130,18.5,74.0,0.0
PUNE_G002,2021-05-11,2021,5,11,131,18.5,74.0,0.0
PUNE_G002,2021-05-12,2021,5,12,132,18.5,74.0,0.0
PUNE_G002,2021-05-13,2021,5,13,133,18.5,74.0,0.0
PUNE_G002,2021-05-14,2021,5,14,134,18.5,74.0,0.0
PUNE_G002,2021-05-15,2021,5,15,135,18.5,74.0,1.3440669775009155
PUNE_G002,2021-05-16,2021,5,16,136,18.5,74.0,9.052153587341309
PUNE_G002,2021-05-17,2021,5,17,137,18.5,74.0,6.108068466186523
PUNE_G002,2021-05-18,2021,5,18,138,18.5,74.0,3.054199695587158
PUNE_G002,2021-05-19,2021,5,19,139,18.5,74.0,0.0
PUNE_G002,2021-05-20,2021,5,20,140,18.5,74.0,4.527397155761719
PUNE_G002,2021-05-21,2021,5,21,141,18.5,74.0,0.0
PUNE_G002,2021-05-22,2021,5,22,142,18.5,74.0,2.889115333557129
PUNE_G002,2021-05-23,2021,5,23,143,18.5,74.0,0.0
PUNE_G002,2021-05-24,2021,5,24,144,18.5,74.0,2.996403932571411
PUNE_G002,2021-05-25,2021,5,25,145,18.5,74.0,0.0
PUNE_G002,2021-05-26,2021,5,26,146,18.5,74.0,0.0
PUNE_G002,2021-05-27,2021,5,27,147,18.5,74.0,0.0
PUNE_G002,2021-05-28,2021,5,28,148,18.5,74.0,0.0
PUNE_G002,2021-05-29,2021,5,29,149,18.5,74.0,0.0
PUNE_G002,2021-05-30,2021,5,30,150,18.5,74.0,21.131744384765625
PUNE_G002,2021-05-31,2021,5,31,151,18.5,74.0,0.0
PUNE_G002,2021-06-01,2021,6,1,152,18.5,74.0,28.235294342041016
PUNE_G002,2021-06-02,2021,6,2,153,18.5,74.0,4.861006259918213
PUNE_G002,2021-06-03,2021,6,3,154,18.5,74.0,3.3327722549438477
PUNE_G002,2021-06-04,2021,6,4,155,18.5,74.0,0.0
PUNE_G002,2021-06-05,2021,6,5,156,18.5,74.0,13.841861724853516
PUNE_G002,2021-06-06,2021,6,6,157,18.5,74.0,23.118871688842773
PUNE_G002,2021-06-07,2021,6,7,158,18.5,74.0,0.19869762659072876
PUNE_G002,2021-06-08,2021,6,8,159,18.5,74.0,0.0
PUNE_G002,2021-06-09,2021,6,9,160,18.5,74.0,0.0
PUNE_G002,2021-06-10,2021,6,10,161,18.5,74.0,1.8890025615692139
PUNE_G002,2021-06-11,2021,6,11,162,18.5,74.0,0.4648633599281311
PUNE_G002,2021-06-12,2021,6,12,163,18.5,74.0,0.0
PUNE_G002,2021-06-13,2021,6,13,164,18.5,74.0,0.3782711625099182
PUNE_G002,2021-06-14,2021,6,14,165,18.5,74.0,0.46460604667663574
PUNE_G002,2021-06-15,2021,6,15,166,18.5,74.0,0.0
PUNE_G002,2021-06-16,2021,6,16,167,18.5,74.0,4.394090175628662
PUNE_G002,2021-06-17,2021,6,17,168,18.5,74.0,2.8478877544403076
PUNE_G002,2021-06-18,2021,6,18,169,18.5,74.0,15.884347915649414
PUNE_G002,2021-06-19,2021,6,19,170,18.5,74.0,28.29256820678711
PUNE_G002,2021-06-20,2021,6,20,171,18.5,74.0,9.122540473937988
PUNE_G002,2021-06-21,2021,6,21,172,18.5,74.0,0.8285062909126282
PUNE_G002,2021-06-22,2021,6,22,173,18.5,74.0,0.20615458488464355
PUNE_G002,2021-06-23,2021,6,23,174,18.5,74.0,0.34559014439582825
PUNE_G002,2021-06-24,2021,6,24,175,18.5,74.0,0.17882785201072693
PUNE_G002,2021-06-25,2021,6,25,176,18.5,74.0,0.0
PUNE_G002,2021-06-26,2021,6,26,177,18.5,74.0,1.2550452947616577
PUNE_G002,2021-06-27,2021,6,27,178,18.5,74.0,0.0
PUNE_G002,2021-06-28,2021,6,28,179,18.5,74.0,4.650804042816162
PUNE_G002,2021-06-29,2021,6,29,180,18.5,74.0,8.949251174926758
PUNE_G002,2021-06-30,2021,6,30,181,18.5,74.0,0.0
PUNE_G002,2021-07-01,2021,7,1,182,18.5,74.0,0.0
PUNE_G002,2021-07-02,2021,7,2,183,18.5,74.0,0.0
PUNE_G002,2021-07-03,2021,7,3,184,18.5,74.0,0.0
PUNE_G002,2021-07-04,2021,7,4,185,18.5,74.0,0.0
PUNE_G002,2021-07-05,2021,7,5,186,18.5,74.0,0.0
PUNE_G002,2021-07-06,2021,7,6,187,18.5,74.0,2.665398597717285
PUNE_G002,2021-07-07,2021,7,7,188,18.5,74.0,17.536821365356445
PUNE_G002,2021-07-08,2021,7,8,189,18.5,74.0,0.910363495349884
PUNE_G002,2021-07-09,2021,7,9,190,18.5,74.0,3.415513038635254
PUNE_G002,2021-07-10,2021,7,10,191,18.5,74.0,2.3106799125671387
PUNE_G002,2021-07-11,2021,7,11,192,18.5,74.0,0.0
PUNE_G002,2021-07-12,2021,7,12,193,18.5,74.0,0.0
PUNE_G002,2021-07-13,2021,7,13,194,18.5,74.0,1.6658016443252563
PUNE_G002,2021-07-14,2021,7,14,195,18.5,74.0,2.2608444690704346
PUNE_G002,2021-07-15,2021,7,15,196,18.5,74.0,0.5041428804397583
PUNE_G002,2021-07-16,2021,7,16,197,18.5,74.0,0.6732368469238281
PUNE_G002,2021-07-17,2021,7,17,198,18.5,74.0,1.1078338623046875
PUNE_G002,2021-07-18,2021,7,18,199,18.5,74.0,1.447998046875
PUNE_G002,2021-07-19,2021,7,19,200,18.5,74.0,4.787149429321289
PUNE_G002,2021-07-20,2021,7,20,201,18.5,74.0,8.036996841430664
PUNE_G002,2021-07-21,2021,7,21,202,18.5,74.0,5.3292927742004395
PUNE_G002,2021-07-22,2021,7,22,203,18.5,74.0,14.639546394348145
PUNE_G002,2021-07-23,2021,7,23,204,18.5,74.0,4.544606685638428
PUNE_G002,2021-07-24,2021,7,24,205,18.5,74.0,53.84123611450195
PUNE_G002,2021-07-25,2021,7,25,206,18.5,74.0,4.4553751945495605
PUNE_G002,2021-07-26,2021,7,26,207,18.5,74.0,7.3225932121276855
PUNE_G002,2021-07-27,2021,7,27,208,18.5,74.0,3.7129459381103516
PUNE_G002,2021-07-28,2021,7,28,209,18.5,74.0,3.0275511741638184
PUNE_G002,2021-07-29,2021,7,29,210,18.5,74.0,1.9661428928375244
PUNE_G002,2021-07-30,2021,7,30,211,18.5,74.0,3.656360387802124
PUNE_G002,2021-07-31,2021,7,31,212,18.5,74.0,1.201374888420105
PUNE_G002,2021-08-01,2021,8,1,213,18.5,74.0,0.7499823570251465
PUNE_G002,2021-08-02,2021,8,2,214,18.5,74.0,1.3137675523757935
PUNE_G002,2021-08-03,2021,8,3,215,18.5,74.0,2.106502056121826
PUNE_G002,2021-08-04,2021,8,4,216,18.5,74.0,1.2767285108566284
PUNE_G002,2021-08-05,2021,8,5,217,18.5,74.0,1.8794132471084595
PUNE_G002,2021-08-06,2021,8,6,218,18.5,74.0,0.28134384751319885
PUNE_G002,2021-08-07,2021,8,7,219,18.5,74.0,0.0
PUNE_G002,2021-08-08,2021,8,8,220,18.5,74.0,0.20897801220417023
PUNE_G002,2021-08-09,2021,8,9,221,18.5,74.0,0.0
PUNE_G002,2021-08-10,2021,8,10,222,18.5,74.0,0.0
PUNE_G002,2021-08-11,2021,8,11,223,18.5,74.0,0.2156858891248703
PUNE_G002,2021-08-12,2021,8,12,224,18.5,74.0,0.0
PUNE_G002,2021-08-13,2021,8,13,225,18.5,74.0,2.0920910835266113
PUNE_G002,2021-08-14,2021,8,14,226,18.5,74.0,0.13378873467445374
PUNE_G002,2021-08-15,2021,8,15,227,18.5,74.0,2.9118123054504395
PUNE_G002,2021-08-16,2021,8,16,228,18.5,74.0,0.3180572986602783
PUNE_G002,2021-08-17,2021,8,17,229,18.5,74.0,1.801943302154541
PUNE_G002,2021-08-18,2021,8,18,230,18.5,74.0,3.9577784538269043
PUNE_G002,2021-08-19,2021,8,19,231,18.5,74.0,0.4309699237346649
PUNE_G002,2021-08-20,2021,8,20,232,18.5,74.0,0.48306408524513245
PUNE_G002,2021-08-21,2021,8,21,233,18.5,74.0,2.9281013011932373
PUNE_G002,2021-08-22,2021,8,22,234,18.5,74.0,1.4683130979537964
PUNE_G002,2021-08-23,2021,8,23,235,18.5,74.0,0.16339243948459625
PUNE_G002,2021-08-24,2021,8,24,236,18.5,74.0,0.0
PUNE_G002,2021-08-25,2021,8,25,237,18.5,74.0,0.0
PUNE_G002,2021-08-26,2021,8,26,238,18.5,74.0,0.0
PUNE_G002,2021-08-27,2021,8,27,239,18.5,74.0,0.3170509338378906
PUNE_G002,2021-08-28,2021,8,28,240,18.5,74.0,1.5392760038375854
PUNE_G002,2021-08-29,2021,8,29,241,18.5,74.0,0.0
PUNE_G002,2021-08-30,2021,8,30,242,18.5,74.0,0.0
PUNE_G002,2021-08-31,2021,8,31,243,18.5,74.0,4.500926494598389
PUNE_G002,2021-09-01,2021,9,1,244,18.5,74.0,0.43908950686454773
PUNE_G002,2021-09-02,2021,9,2,245,18.5,74.0,0.0
PUNE_G002,2021-09-03,2021,9,3,246,18.5,74.0,0.21992099285125732
PUNE_G002,2021-09-04,2021,9,4,247,18.5,74.0,1.3184192180633545
PUNE_G002,2021-09-05,2021,9,5,248,18.5,74.0,15.180705070495605
PUNE_G002,2021-09-06,2021,9,6,249,18.5,74.0,3.432685375213623
PUNE_G002,2021-09-07,2021,9,7,250,18.5,74.0,43.21729278564453
PUNE_G002,2021-09-08,2021,9,8,251,18.5,74.0,1.4323816299438477
PUNE_G002,2021-09-09,2021,9,9,252,18.5,74.0,1.369829535484314
PUNE_G002,2021-09-10,2021,9,10,253,18.5,74.0,5.91145658493042
PUNE_G002,2021-09-11,2021,9,11,254,18.5,74.0,2.262051582336426
PUNE_G002,2021-09-12,2021,9,12,255,18.5,74.0,6.335476875305176
PUNE_G002,2021-09-13,2021,9,13,256,18.5,74.0,5.036289691925049
PUNE_G002,2021-09-14,2021,9,14,257,18.5,74.0,2.270357847213745
PUNE_G002,2021-09-15,2021,9,15,258,18.5,74.0,0.3895473778247833
PUNE_G002,2021-09-16,2021,9,16,259,18.5,74.0,0.0
PUNE_G002,2021-09-17,2021,9,17,260,18.5,74.0,0.0
PUNE_G002,2021-09-18,2021,9,18,261,18.5,74.0,0.0
PUNE_G002,2021-09-19,2021,9,19,262,18.5,74.0,0.0
PUNE_G002,2021-09-20,2021,9,20,263,18.5,74.0,0.0
PUNE_G002,2021-09-21,2021,9,21,264,18.5,74.0,1.0367704629898071
PUNE_G002,2021-09-22,2021,9,22,265,18.5,74.0,2.577683925628662
PUNE_G002,2021-09-23,2021,9,23,266,18.5,74.0,3.5237224102020264
PUNE_G002,2021-09-24,2021,9,24,267,18.5,74.0,0.2805947959423065
PUNE_G002,2021-09-25,2021,9,25,268,18.5,74.0,0.23964621126651764
PUNE_G002,2021-09-26,2021,9,26,269,18.5,74.0,0.0
PUNE_G002,2021-09-27,2021,9,27,270,18.5,74.0,2.8462398052215576
PUNE_G002,2021-09-28,2021,9,28,271,18.5,74.0,0.5057572722434998
PUNE_G002,2021-09-29,2021,9,29,272,18.5,74.0,1.5363889932632446
PUNE_G002,2021-09-30,2021,9,30,273,18.5,74.0,1.780861496925354
PUNE_G002,2021-10-01,2021,10,1,274,18.5,74.0,0.11422727257013321
PUNE_G002,2021-10-02,2021,10,2,275,18.5,74.0,8.842999458312988
PUNE_G002,2021-10-03,2021,10,3,276,18.5,74.0,0.0
PUNE_G002,2021-10-04,2021,10,4,277,18.5,74.0,4.819002151489258
PUNE_G002,2021-10-05,2021,10,5,278,18.5,74.0,44.12423324584961
PUNE_G002,2021-10-06,2021,10,6,279,18.5,74.0,2.2075068950653076
PUNE_G002,2021-10-07,2021,10,7,280,18.5,74.0,15.219293594360352
PUNE_G002,2021-10-08,2021,10,8,281,18.5,74.0,0.5045666098594666
PUNE_G002,2021-10-09,2021,10,9,282,18.5,74.0,3.2096664905548096
PUNE_G002,2021-10-10,2021,10,10,283,18.5,74.0,31.408231735229492
PUNE_G002,2021-10-11,2021,10,11,284,18.5,74.0,5.498142719268799
PUNE_G002,2021-10-12,2021,10,12,285,18.5,74.0,1.6255340576171875
PUNE_G002,2021-10-13,2021,10,13,286,18.5,74.0,0.1548127681016922
PUNE_G002,2021-10-14,2021,10,14,287,18.5,74.0,0.0
PUNE_G002,2021-10-15,2021,10,15,288,18.5,74.0,0.0
PUNE_G002,2021-10-16,2021,10,16,289,18.5,74.0,0.0
PUNE_G002,2021-10-17,2021,10,17,290,18.5,74.0,0.0
PUNE_G002,2021-10-18,2021,10,18,291,18.5,74.0,0.0
PUNE_G002,2021-10-19,2021,10,19,292,18.5,74.0,0.0
PUNE_G002,2021-10-20,2021,10,20,293,18.5,74.0,0.0
PUNE_G002,2021-10-21,2021,10,21,294,18.5,74.0,0.0
PUNE_G002,2021-10-22,2021,10,22,295,18.5,74.0,0.0
PUNE_G002,2021-10-23,2021,10,23,296,18.5,74.0,0.0
PUNE_G002,2021-10-24,2021,10,24,297,18.5,74.0,0.0
PUNE_G002,2021-10-25,2021,10,25,298,18.5,74.0,0.0
PUNE_G002,2021-10-26,2021,10,26,299,18.5,74.0,0.0
PUNE_G002,2021-10-27,2021,10,27,300,18.5,74.0,0.0
PUNE_G002,2021-10-28,2021,10,28,301,18.5,74.0,0.0
PUNE_G002,2021-10-29,2021,10,29,302,18.5,74.0,0.0
PUNE_G002,2021-10-30,2021,10,30,303,18.5,74.0,0.0
PUNE_G002,2021-10-31,2021,10,31,304,18.5,74.0,0.0
PUNE_G002,2021-11-01,2021,11,1,305,18.5,74.0,0.0
PUNE_G002,2021-11-02,2021,11,2,306,18.5,74.0,0.0
PUNE_G002,2021-11-03,2021,11,3,307,18.5,74.0,0.0
PUNE_G002,2021-11-04,2021,11,4,308,18.5,74.0,0.0
PUNE_G002,2021-11-05,2021,11,5,309,18.5,74.0,16.35206413269043
PUNE_G002,2021-11-06,2021,11,6,310,18.5,74.0,0.0
PUNE_G002,2021-11-07,2021,11,7,311,18.5,74.0,0.6680548787117004
PUNE_G002,2021-11-08,2021,11,8,312,18.5,74.0,0.0
PUNE_G002,2021-11-09,2021,11,9,313,18.5,74.0,0.0
PUNE_G002,2021-11-10,2021,11,10,314,18.5,74.0,0.0
PUNE_G002,2021-11-11,2021,11,11,315,18.5,74.0,0.0
PUNE_G002,2021-11-12,2021,11,12,316,18.5,74.0,0.0
PUNE_G002,2021-11-13,2021,11,13,317,18.5,74.0,0.0
PUNE_G002,2021-11-14,2021,11,14,318,18.5,74.0,0.0
PUNE_G002,2021-11-15,2021,11,15,319,18.5,74.0,0.0
PUNE_G002,2021-11-16,2021,11,16,320,18.5,74.0,0.11317611485719681
PUNE_G002,2021-11-17,2021,11,17,321,18.5,74.0,8.613748550415039
PUNE_G002,2021-11-18,2021,11,18,322,18.5,74.0,0.5176801085472107
PUNE_G002,2021-11-19,2021,11,19,323,18.5,74.0,0.0
PUNE_G002,2021-11-20,2021,11,20,324,18.5,74.0,0.0
PUNE_G002,2021-11-21,2021,11,21,325,18.5,74.0,5.063450813293457
PUNE_G002,2021-11-22,2021,11,22,326,18.5,74.0,1.5609610080718994
PUNE_G002,2021-11-23,2021,11,23,327,18.5,74.0,0.0
PUNE_G002,2021-11-24,2021,11,24,328,18.5,74.0,0.0
PUNE_G002,2021-11-25,2021,11,25,329,18.5,74.0,0.0
PUNE_G002,2021-11-26,2021,11,26,330,18.5,74.0,0.0
PUNE_G002,2021-11-27,2021,11,27,331,18.5,74.0,0.0
PUNE_G002,2021-11-28,2021,11,28,332,18.5,74.0,0.0
PUNE_G002,2021-11-29,2021,11,29,333,18.5,74.0,0.0
PUNE_G002,2021-11-30,2021,11,30,334,18.5,74.0,0.0
PUNE_G002,2021-12-01,2021,12,1,335,18.5,74.0,0.44963061809539795
PUNE_G002,2021-12-02,2021,12,2,336,18.5,74.0,87.2997817993164
PUNE_G002,2021-12-03,2021,12,3,337,18.5,74.0,2.357304334640503
PUNE_G002,2021-12-04,2021,12,4,338,18.5,74.0,1.280322551727295
PUNE_G002,2021-12-05,2021,12,5,339,18.5,74.0,0.17256003618240356
PUNE_G002,2021-12-06,2021,12,6,340,18.5,74.0,0.0
PUNE_G002,2021-12-07,2021,12,7,341,18.5,74.0,0.0
PUNE_G002,2021-12-08,2021,12,8,342,18.5,74.0,0.0
PUNE_G002,2021-12-09,2021,12,9,343,18.5,74.0,0.0
PUNE_G002,2021-12-10,2021,12,10,344,18.5,74.0,0.0
PUNE_G002,2021-12-11,2021,12,11,345,18.5,74.0,0.0
PUNE_G002,2021-12-12,2021,12,12,346,18.5,74.0,0.0
PUNE_G002,2021-12-13,2021,12,13,347,18.5,74.0,0.0
PUNE_G002,2021-12-14,2021,12,14,348,18.5,74.0,0.0
PUNE_G002,2021-12-15,2021,12,15,349,18.5,74.0,0.0
PUNE_G002,2021-12-16,2021,12,16,350,18.5,74.0,0.0
PUNE_G002,2021-12-17,2021,12,17,351,18.5,74.0,0.0
PUNE_G002,2021-12-18,2021,12,18,352,18.5,74.0,0.0
PUNE_G002,2021-12-19,2021,12,19,353,18.5,74.0,0.0
PUNE_G002,2021-12-20,2021,12,20,354,18.5,74.0,0.0
PUNE_G002,2021-12-21,2021,12,21,355,18.5,74.0,0.0
PUNE_G002,2021-12-22,2021,12,22,356,18.5,74.0,0.0
PUNE_G002,2021-12-23,2021,12,23,357,18.5,74.0,0.0
PUNE_G002,2021-12-24,2021,12,24,358,18.5,74.0,0.0
PUNE_G002,2021-12-25,2021,12,25,359,18.5,74.0,0.0
PUNE_G002,2021-12-26,2021,12,26,360,18.5,74.0,0.0
PUNE_G002,2021-12-27,2021,12,27,361,18.5,74.0,0.0
PUNE_G002,2021-12-28,2021,12,28,362,18.5,74.0,0.0
PUNE_G002,2021-12-29,2021,12,29,363,18.5,74.0,0.0
PUNE_G002,2021-12-30,2021,12,30,364,18.5,74.0,0.0
PUNE_G002,2021-12-31,2021,12,31,365,18.5,74.0,0.0
PUNE_G002,2022-01-01,2022,1,1,1,18.5,74.0,0.0
PUNE_G002,2022-01-02,2022,1,2,2,18.5,74.0,0.0
PUNE_G002,2022-01-03,2022,1,3,3,18.5,74.0,0.0
PUNE_G002,2022-01-04,2022,1,4,4,18.5,74.0,0.0
PUNE_G002,2022-01-05,2022,1,5,5,18.5,74.0,0.0
PUNE_G002,2022-01-06,2022,1,6,6,18.5,74.0,0.0
PUNE_G002,2022-01-07,2022,1,7,7,18.5,74.0,0.0
PUNE_G002,2022-01-08,2022,1,8,8,18.5,74.0,0.0
PUNE_G002,2022-01-09,2022,1,9,9,18.5,74.0,0.0
PUNE_G002,2022-01-10,2022,1,10,10,18.5,74.0,0.0
PUNE_G002,2022-01-11,2022,1,11,11,18.5,74.0,0.0
PUNE_G002,2022-01-12,2022,1,12,12,18.5,74.0,0.0
PUNE_G002,2022-01-13,2022,1,13,13,18.5,74.0,0.0
PUNE_G002,2022-01-14,2022,1,14,14,18.5,74.0,0.0
PUNE_G002,2022-01-15,2022,1,15,15,18.5,74.0,0.0
PUNE_G002,2022-01-16,2022,1,16,16,18.5,74.0,0.0
PUNE_G002,2022-01-17,2022,1,17,17,18.5,74.0,0.0
PUNE_G002,2022-01-18,2022,1,18,18,18.5,74.0,0.0
PUNE_G002,2022-01-19,2022,1,19,19,18.5,74.0,0.0
PUNE_G002,2022-01-20,2022,1,20,20,18.5,74.0,0.0
PUNE_G002,2022-01-21,2022,1,21,21,18.5,74.0,0.0
PUNE_G002,2022-01-22,2022,1,22,22,18.5,74.0,0.0
PUNE_G002,2022-01-23,2022,1,23,23,18.5,74.0,0.0
PUNE_G002,2022-01-24,2022,1,24,24,18.5,74.0,0.0
PUNE_G002,2022-01-25,2022,1,25,25,18.5,74.0,0.0
PUNE_G002,2022-01-26,2022,1,26,26,18.5,74.0,0.0
PUNE_G002,2022-01-27,2022,1,27,27,18.5,74.0,0.0
PUNE_G002,2022-01-28,2022,1,28,28,18.5,74.0,0.0
PUNE_G002,2022-01-29,2022,1,29,29,18.5,74.0,0.0
PUNE_G002,2022-01-30,2022,1,30,30,18.5,74.0,0.0
PUNE_G002,2022-01-31,2022,1,31,31,18.5,74.0,0.0
PUNE_G002,2022-02-01,2022,2,1,32,18.5,74.0,0.0
PUNE_G002,2022-02-02,2022,2,2,33,18.5,74.0,0.0
PUNE_G002,2022-02-03,2022,2,3,34,18.5,74.0,0.0
PUNE_G002,2022-02-04,2022,2,4,35,18.5,74.0,0.0
PUNE_G002,2022-02-05,2022,2,5,36,18.5,74.0,0.0
PUNE_G002,2022-02-06,2022,2,6,37,18.5,74.0,0.0
PUNE_G002,2022-02-07,2022,2,7,38,18.5,74.0,0.0
PUNE_G002,2022-02-08,2022,2,8,39,18.5,74.0,0.0
PUNE_G002,2022-02-09,2022,2,9,40,18.5,74.0,0.0
PUNE_G002,2022-02-10,2022,2,10,41,18.5,74.0,0.0
PUNE_G002,2022-02-11,2022,2,11,42,18.5,74.0,0.0
PUNE_G002,2022-02-12,2022,2,12,43,18.5,74.0,0.0
PUNE_G002,2022-02-13,2022,2,13,44,18.5,74.0,0.0
PUNE_G002,2022-02-14,2022,2,14,45,18.5,74.0,0.0
PUNE_G002,2022-02-15,2022,2,15,46,18.5,74.0,0.0
PUNE_G002,2022-02-16,2022,2,16,47,18.5,74.0,0.0
PUNE_G002,2022-02-17,2022,2,17,48,18.5,74.0,0.0
PUNE_G002,2022-02-18,2022,2,18,49,18.5,74.0,0.0
PUNE_G002,2022-02-19,2022,2,19,50,18.5,74.0,0.0
PUNE_G002,2022-02-20,2022,2,20,51,18.5,74.0,0.0
PUNE_G002,2022-02-21,2022,2,21,52,18.5,74.0,0.0
PUNE_G002,2022-02-22,2022,2,22,53,18.5,74.0,0.0
PUNE_G002,2022-02-23,2022,2,23,54,18.5,74.0,0.0
PUNE_G002,2022-02-24,2022,2,24,55,18.5,74.0,0.0
PUNE_G002,2022-02-25,2022,2,25,56,18.5,74.0,0.0
PUNE_G002,2022-02-26,2022,2,26,57,18.5,74.0,0.0
PUNE_G002,2022-02-27,2022,2,27,58,18.5,74.0,0.0
PUNE_G002,2022-02-28,2022,2,28,59,18.5,74.0,0.0
PUNE_G002,2022-03-01,2022,3,1,60,18.5,74.0,0.0
PUNE_G002,2022-03-02,2022,3,2,61,18.5,74.0,0.0
PUNE_G002,2022-03-03,2022,3,3,62,18.5,74.0,0.0
PUNE_G002,2022-03-04,2022,3,4,63,18.5,74.0,0.0
PUNE_G002,2022-03-05,2022,3,5,64,18.5,74.0,0.0
PUNE_G002,2022-03-06,2022,3,6,65,18.5,74.0,0.0
PUNE_G002,2022-03-07,2022,3,7,66,18.5,74.0,0.0
PUNE_G002,2022-03-08,2022,3,8,67,18.5,74.0,0.0
PUNE_G002,2022-03-09,2022,3,9,68,18.5,74.0,0.0
PUNE_G002,2022-03-10,2022,3,10,69,18.5,74.0,0.0
PUNE_G002,2022-03-11,2022,3,11,70,18.5,74.0,0.0
PUNE_G002,2022-03-12,2022,3,12,71,18.5,74.0,2.164306402206421
PUNE_G002,2022-03-13,2022,3,13,72,18.5,74.0,0.0
PUNE_G002,2022-03-14,2022,3,14,73,18.5,74.0,0.0
PUNE_G002,2022-03-15,2022,3,15,74,18.5,74.0,0.0
PUNE_G002,2022-03-16,2022,3,16,75,18.5,74.0,0.0
PUNE_G002,2022-03-17,2022,3,17,76,18.5,74.0,0.0
PUNE_G002,2022-03-18,2022,3,18,77,18.5,74.0,0.0
PUNE_G002,2022-03-19,2022,3,19,78,18.5,74.0,0.0
PUNE_G002,2022-03-20,2022,3,20,79,18.5,74.0,0.0
PUNE_G002,2022-03-21,2022,3,21,80,18.5,74.0,0.0
PUNE_G002,2022-03-22,2022,3,22,81,18.5,74.0,0.0
PUNE_G002,2022-03-23,2022,3,23,82,18.5,74.0,0.0
PUNE_G002,2022-03-24,2022,3,24,83,18.5,74.0,0.0
PUNE_G002,2022-03-25,2022,3,25,84,18.5,74.0,0.0
PUNE_G002,2022-03-26,2022,3,26,85,18.5,74.0,0.0
PUNE_G002,2022-03-27,2022,3,27,86,18.5,74.0,0.0
PUNE_G002,2022-03-28,2022,3,28,87,18.5,74.0,0.0
PUNE_G002,2022-03-29,2022,3,29,88,18.5,74.0,0.0
PUNE_G002,2022-03-30,2022,3,30,89,18.5,74.0,0.0
PUNE_G002,2022-03-31,2022,3,31,90,18.5,74.0,0.0
PUNE_G002,2022-04-01,2022,4,1,91,18.5,74.0,0.0
PUNE_G002,2022-04-02,2022,4,2,92,18.5,74.0,0.0
PUNE_G002,2022-04-03,2022,4,3,93,18.5,74.0,0.0
PUNE_G002,2022-04-04,2022,4,4,94,18.5,74.0,0.0
PUNE_G002,2022-04-05,2022,4,5,95,18.5,74.0,0.0
PUNE_G002,2022-04-06,2022,4,6,96,18.5,74.0,0.0
PUNE_G002,2022-04-07,2022,4,7,97,18.5,74.0,0.0
PUNE_G002,2022-04-08,2022,4,8,98,18.5,74.0,0.0
PUNE_G002,2022-04-09,2022,4,9,99,18.5,74.0,0.0
PUNE_G002,2022-04-10,2022,4,10,100,18.5,74.0,0.0
PUNE_G002,2022-04-11,2022,4,11,101,18.5,74.0,0.0
PUNE_G002,2022-04-12,2022,4,12,102,18.5,74.0,0.0
PUNE_G002,2022-04-13,2022,4,13,103,18.5,74.0,0.0
PUNE_G002,2022-04-14,2022,4,14,104,18.5,74.0,0.0
PUNE_G002,2022-04-15,2022,4,15,105,18.5,74.0,0.0
PUNE_G002,2022-04-16,2022,4,16,106,18.5,74.0,0.0
PUNE_G002,2022-04-17,2022,4,17,107,18.5,74.0,0.0
PUNE_G002,2022-04-18,2022,4,18,108,18.5,74.0,0.0
PUNE_G002,2022-04-19,2022,4,19,109,18.5,74.0,0.0
PUNE_G002,2022-04-20,2022,4,20,110,18.5,74.0,0.0
PUNE_G002,2022-04-21,2022,4,21,111,18.5,74.0,0.0
PUNE_G002,2022-04-22,2022,4,22,112,18.5,74.0,0.0
PUNE_G002,2022-04-23,2022,4,23,113,18.5,74.0,8.740522384643555
PUNE_G002,2022-04-24,2022,4,24,114,18.5,74.0,0.0
PUNE_G002,2022-04-25,2022,4,25,115,18.5,74.0,0.0
PUNE_G002,2022-04-26,2022,4,26,116,18.5,74.0,0.0
PUNE_G002,2022-04-27,2022,4,27,117,18.5,74.0,0.0
PUNE_G002,2022-04-28,2022,4,28,118,18.5,74.0,0.0
PUNE_G002,2022-04-29,2022,4,29,119,18.5,74.0,0.0
PUNE_G002,2022-04-30,2022,4,30,120,18.5,74.0,0.0
PUNE_G002,2022-05-01,2022,5,1,121,18.5,74.0,0.0
PUNE_G002,2022-05-02,2022,5,2,122,18.5,74.0,0.0
PUNE_G002,2022-05-03,2022,5,3,123,18.5,74.0,0.0
PUNE_G002,2022-05-04,2022,5,4,124,18.5,74.0,0.0
PUNE_G002,2022-05-05,2022,5,5,125,18.5,74.0,0.0
PUNE_G002,2022-05-06,2022,5,6,126,18.5,74.0,0.0
PUNE_G002,2022-05-07,2022,5,7,127,18.5,74.0,0.0
PUNE_G002,2022-05-08,2022,5,8,128,18.5,74.0,0.0
PUNE_G002,2022-05-09,2022,5,9,129,18.5,74.0,0.0
PUNE_G002,2022-05-10,2022,5,10,130,18.5,74.0,0.0
PUNE_G002,2022-05-11,2022,5,11,131,18.5,74.0,0.0
PUNE_G002,2022-05-12,2022,5,12,132,18.5,74.0,0.0
PUNE_G002,2022-05-13,2022,5,13,133,18.5,74.0,0.0
PUNE_G002,2022-05-14,2022,5,14,134,18.5,74.0,0.0
PUNE_G002,2022-05-15,2022,5,15,135,18.5,74.0,0.0
PUNE_G002,2022-05-16,2022,5,16,136,18.5,74.0,0.0
PUNE_G002,2022-05-17,2022,5,17,137,18.5,74.0,0.0
PUNE_G002,2022-05-18,2022,5,18,138,18.5,74.0,0.0
PUNE_G002,2022-05-19,2022,5,19,139,18.5,74.0,0.0
PUNE_G002,2022-05-20,2022,5,20,140,18.5,74.0,0.2144768387079239
PUNE_G002,2022-05-21,2022,5,21,141,18.5,74.0,0.0
PUNE_G002,2022-05-22,2022,5,22,142,18.5,74.0,0.0
PUNE_G002,2022-05-23,2022,5,23,143,18.5,74.0,0.0
PUNE_G002,2022-05-24,2022,5,24,144,18.5,74.0,0.0
PUNE_G002,2022-05-25,2022,5,25,145,18.5,74.0,0.0
PUNE_G002,2022-05-26,2022,5,26,146,18.5,74.0,0.0
PUNE_G002,2022-05-27,2022,5,27,147,18.5,74.0,0.0
PUNE_G002,2022-05-28,2022,5,28,148,18.5,74.0,0.0
PUNE_G002,2022-05-29,2022,5,29,149,18.5,74.0,0.0
PUNE_G002,2022-05-30,2022,5,30,150,18.5,74.0,0.0
PUNE_G002,2022-05-31,2022,5,31,151,18.5,74.0,0.0
PUNE_G002,2022-06-01,2022,6,1,152,18.5,74.0,0.0
PUNE_G002,2022-06-02,2022,6,2,153,18.5,74.0,0.0
PUNE_G002,2022-06-03,2022,6,3,154,18.5,74.0,0.0
PUNE_G002,2022-06-04,2022,6,4,155,18.5,74.0,0.0
PUNE_G002,2022-06-05,2022,6,5,156,18.5,74.0,0.0
PUNE_G002,2022-06-06,2022,6,6,157,18.5,74.0,0.0
PUNE_G002,2022-06-07,2022,6,7,158,18.5,74.0,0.0
PUNE_G002,2022-06-08,2022,6,8,159,18.5,74.0,0.0
PUNE_G002,2022-06-09,2022,6,9,160,18.5,74.0,2.3388919830322266
PUNE_G002,2022-06-10,2022,6,10,161,18.5,74.0,13.325094223022461
PUNE_G002,2022-06-11,2022,6,11,162,18.5,74.0,15.502293586730957
PUNE_G002,2022-06-12,2022,6,12,163,18.5,74.0,0.5870464444160461
PUNE_G002,2022-06-13,2022,6,13,164,18.5,74.0,0.0
PUNE_G002,2022-06-14,2022,6,14,165,18.5,74.0,0.0
PUNE_G002,2022-06-15,2022,6,15,166,18.5,74.0,0.0
PUNE_G002,2022-06-16,2022,6,16,167,18.5,74.0,0.0
PUNE_G002,2022-06-17,2022,6,17,168,18.5,74.0,0.0
PUNE_G002,2022-06-18,2022,6,18,169,18.5,74.0,0.0
PUNE_G002,2022-06-19,2022,6,19,170,18.5,74.0,0.0
PUNE_G002,2022-06-20,2022,6,20,171,18.5,74.0,0.0
PUNE_G002,2022-06-21,2022,6,21,172,18.5,74.0,1.7030781507492065
PUNE_G002,2022-06-22,2022,6,22,173,18.5,74.0,0.13512948155403137
PUNE_G002,2022-06-23,2022,6,23,174,18.5,74.0,8.325397491455078
PUNE_G002,2022-06-24,2022,6,24,175,18.5,74.0,4.72231912612915
PUNE_G002,2022-06-25,2022,6,25,176,18.5,74.0,0.1291477084159851
PUNE_G002,2022-06-26,2022,6,26,177,18.5,74.0,0.0
PUNE_G002,2022-06-27,2022,6,27,178,18.5,74.0,2.2806742191314697
PUNE_G002,2022-06-28,2022,6,28,179,18.5,74.0,2.988612174987793
PUNE_G002,2022-06-29,2022,6,29,180,18.5,74.0,0.4031831622123718
PUNE_G002,2022-06-30,2022,6,30,181,18.5,74.0,0.6549436450004578
PUNE_G002,2022-07-01,2022,7,1,182,18.5,74.0,8.95608901977539
PUNE_G002,2022-07-02,2022,7,2,183,18.5,74.0,9.943662643432617
PUNE_G002,2022-07-03,2022,7,3,184,18.5,74.0,5.69227933883667
PUNE_G002,2022-07-04,2022,7,4,185,18.5,74.0,4.764859199523926
PUNE_G002,2022-07-05,2022,7,5,186,18.5,74.0,18.19475555419922
PUNE_G002,2022-07-06,2022,7,6,187,18.5,74.0,18.545366287231445
PUNE_G002,2022-07-07,2022,7,7,188,18.5,74.0,12.861746788024902
PUNE_G002,2022-07-08,2022,7,8,189,18.5,74.0,10.108261108398438
PUNE_G002,2022-07-09,2022,7,9,190,18.5,74.0,11.754234313964844
PUNE_G002,2022-07-10,2022,7,10,191,18.5,74.0,15.231399536132812
PUNE_G002,2022-07-11,2022,7,11,192,18.5,74.0,17.59951400756836
PUNE_G002,2022-07-12,2022,7,12,193,18.5,74.0,48.856605529785156
PUNE_G002,2022-07-13,2022,7,13,194,18.5,74.0,28.120370864868164
PUNE_G002,2022-07-14,2022,7,14,195,18.5,74.0,38.77976608276367
PUNE_G002,2022-07-15,2022,7,15,196,18.5,74.0,15.62148666381836
PUNE_G002,2022-07-16,2022,7,16,197,18.5,74.0,10.323077201843262
PUNE_G002,2022-07-17,2022,7,17,198,18.5,74.0,6.107275485992432
PUNE_G002,2022-07-18,2022,7,18,199,18.5,74.0,1.860913634300232
PUNE_G002,2022-07-19,2022,7,19,200,18.5,74.0,2.1903388500213623
PUNE_G002,2022-07-20,2022,7,20,201,18.5,74.0,0.5578336715698242
PUNE_G002,2022-07-21,2022,7,21,202,18.5,74.0,0.5250875353813171
PUNE_G002,2022-07-22,2022,7,22,203,18.5,74.0,0.776387631893158
PUNE_G002,2022-07-23,2022,7,23,204,18.5,74.0,0.29972487688064575
PUNE_G002,2022-07-24,2022,7,24,205,18.5,74.0,2.4358131885528564
PUNE_G002,2022-07-25,2022,7,25,206,18.5,74.0,0.49543333053588867
PUNE_G002,2022-07-26,2022,7,26,207,18.5,74.0,2.84251070022583
PUNE_G002,2022-07-27,2022,7,27,208,18.5,74.0,2.0885531902313232
PUNE_G002,2022-07-28,2022,7,28,209,18.5,74.0,13.316603660583496
PUNE_G002,2022-07-29,2022,7,29,210,18.5,74.0,3.38482403755188
PUNE_G002,2022-07-30,2022,7,30,211,18.5,74.0,2.777897834777832
PUNE_G002,2022-07-31,2022,7,31,212,18.5,74.0,2.563418388366699
PUNE_G002,2022-08-01,2022,8,1,213,18.5,74.0,0.0
PUNE_G002,2022-08-02,2022,8,2,214,18.5,74.0,0.0
PUNE_G002,2022-08-03,2022,8,3,215,18.5,74.0,0.0
PUNE_G002,2022-08-04,2022,8,4,216,18.5,74.0,14.348362922668457
PUNE_G002,2022-08-05,2022,8,5,217,18.5,74.0,47.190216064453125
PUNE_G002,2022-08-06,2022,8,6,218,18.5,74.0,4.529083251953125
PUNE_G002,2022-08-07,2022,8,7,219,18.5,74.0,0.8240920901298523
PUNE_G002,2022-08-08,2022,8,8,220,18.5,74.0,11.7615327835083
PUNE_G002,2022-08-09,2022,8,9,221,18.5,74.0,10.112425804138184
PUNE_G002,2022-08-10,2022,8,10,222,18.5,74.0,21.64324951171875
PUNE_G002,2022-08-11,2022,8,11,223,18.5,74.0,8.604238510131836
PUNE_G002,2022-08-12,2022,8,12,224,18.5,74.0,3.5509285926818848
PUNE_G002,2022-08-13,2022,8,13,225,18.5,74.0,3.130263328552246
PUNE_G002,2022-08-14,2022,8,14,226,18.5,74.0,2.7790732383728027
PUNE_G002,2022-08-15,2022,8,15,227,18.5,74.0,3.7090983390808105
PUNE_G002,2022-08-16,2022,8,16,228,18.5,74.0,6.1077070236206055
PUNE_G002,2022-08-17,2022,8,17,229,18.5,74.0,2.606473207473755
PUNE_G002,2022-08-18,2022,8,18,230,18.5,74.0,11.316600799560547
PUNE_G002,2022-08-19,2022,8,19,231,18.5,74.0,1.526933193206787
PUNE_G002,2022-08-20,2022,8,20,232,18.5,74.0,0.47155725955963135
PUNE_G002,2022-08-21,2022,8,21,233,18.5,74.0,0.27208423614501953
PUNE_G002,2022-08-22,2022,8,22,234,18.5,74.0,1.1451753377914429
PUNE_G002,2022-08-23,2022,8,23,235,18.5,74.0,0.50053870677948
PUNE_G002,2022-08-24,2022,8,24,236,18.5,74.0,2.4128739833831787
PUNE_G002,2022-08-25,2022,8,25,237,18.5,74.0,1.4892964363098145
PUNE_G002,2022-08-26,2022,8,26,238,18.5,74.0,0.0
PUNE_G002,2022-08-27,2022,8,27,239,18.5,74.0,0.0
PUNE_G002,2022-08-28,2022,8,28,240,18.5,74.0,0.0
PUNE_G002,2022-08-29,2022,8,29,241,18.5,74.0,0.0
PUNE_G002,2022-08-30,2022,8,30,242,18.5,74.0,0.0
PUNE_G002,2022-08-31,2022,8,31,243,18.5,74.0,10.257816314697266
PUNE_G002,2022-09-01,2022,9,1,244,18.5,74.0,23.02631950378418
PUNE_G002,2022-09-02,2022,9,2,245,18.5,74.0,0.0
PUNE_G002,2022-09-03,2022,9,3,246,18.5,74.0,0.0
PUNE_G002,2022-09-04,2022,9,4,247,18.5,74.0,3.308568239212036
PUNE_G002,2022-09-05,2022,9,5,248,18.5,74.0,0.0
PUNE_G002,2022-09-06,2022,9,6,249,18.5,74.0,0.963442325592041
PUNE_G002,2022-09-07,2022,9,7,250,18.5,74.0,18.608623504638672
PUNE_G002,2022-09-08,2022,9,8,251,18.5,74.0,28.756948471069336
PUNE_G002,2022-09-09,2022,9,9,252,18.5,74.0,2.274458885192871
PUNE_G002,2022-09-10,2022,9,10,253,18.5,74.0,0.0
PUNE_G002,2022-09-11,2022,9,11,254,18.5,74.0,0.9103207588195801
PUNE_G002,2022-09-12,2022,9,12,255,18.5,74.0,12.128090858459473
PUNE_G002,2022-09-13,2022,9,13,256,18.5,74.0,4.859472751617432
PUNE_G002,2022-09-14,2022,9,14,257,18.5,74.0,9.723958969116211
PUNE_G002,2022-09-15,2022,9,15,258,18.5,74.0,4.355842113494873
PUNE_G002,2022-09-16,2022,9,16,259,18.5,74.0,7.527240753173828
PUNE_G002,2022-09-17,2022,9,17,260,18.5,74.0,16.68446922302246
PUNE_G002,2022-09-18,2022,9,18,261,18.5,74.0,1.3174642324447632
PUNE_G002,2022-09-19,2022,9,19,262,18.5,74.0,0.3951815068721771
PUNE_G002,2022-09-20,2022,9,20,263,18.5,74.0,1.9264521598815918
PUNE_G002,2022-09-21,2022,9,21,264,18.5,74.0,1.1408365964889526
PUNE_G002,2022-09-22,2022,9,22,265,18.5,74.0,0.0
PUNE_G002,2022-09-23,2022,9,23,266,18.5,74.0,0.0
PUNE_G002,2022-09-24,2022,9,24,267,18.5,74.0,0.0
PUNE_G002,2022-09-25,2022,9,25,268,18.5,74.0,0.1916336566209793
PUNE_G002,2022-09-26,2022,9,26,269,18.5,74.0,0.0
PUNE_G002,2022-09-27,2022,9,27,270,18.5,74.0,0.14594274759292603
PUNE_G002,2022-09-28,2022,9,28,271,18.5,74.0,0.13707274198532104
PUNE_G002,2022-09-29,2022,9,29,272,18.5,74.0,0.2819848358631134
PUNE_G002,2022-09-30,2022,9,30,273,18.5,74.0,7.075812339782715
PUNE_G002,2022-10-01,2022,10,1,274,18.5,74.0,15.895856857299805
PUNE_G002,2022-10-02,2022,10,2,275,18.5,74.0,0.0
PUNE_G002,2022-10-03,2022,10,3,276,18.5,74.0,0.0
PUNE_G002,2022-10-04,2022,10,4,277,18.5,74.0,0.0
PUNE_G002,2022-10-05,2022,10,5,278,18.5,74.0,1.9875544309616089
PUNE_G002,2022-10-06,2022,10,6,279,18.5,74.0,1.11942720413208
PUNE_G002,2022-10-07,2022,10,7,280,18.5,74.0,7.79338264465332
PUNE_G002,2022-10-08,2022,10,8,281,18.5,74.0,0.8108847141265869
PUNE_G002,2022-10-09,2022,10,9,282,18.5,74.0,1.073736310005188
PUNE_G002,2022-10-10,2022,10,10,283,18.5,74.0,0.0
PUNE_G002,2022-10-11,2022,10,11,284,18.5,74.0,9.759733200073242
PUNE_G002,2022-10-12,2022,10,12,285,18.5,74.0,10.593289375305176
PUNE_G002,2022-10-13,2022,10,13,286,18.5,74.0,1.3981786966323853
PUNE_G002,2022-10-14,2022,10,14,287,18.5,74.0,9.77020263671875
PUNE_G002,2022-10-15,2022,10,15,288,18.5,74.0,20.955284118652344
PUNE_G002,2022-10-16,2022,10,16,289,18.5,74.0,0.0
PUNE_G002,2022-10-17,2022,10,17,290,18.5,74.0,15.726408958435059
PUNE_G002,2022-10-18,2022,10,18,291,18.5,74.0,96.9753646850586
PUNE_G002,2022-10-19,2022,10,19,292,18.5,74.0,1.767970085144043
PUNE_G002,2022-10-20,2022,10,20,293,18.5,74.0,7.969883918762207
PUNE_G002,2022-10-21,2022,10,21,294,18.5,74.0,35.941383361816406
PUNE_G002,2022-10-22,2022,10,22,295,18.5,74.0,16.122859954833984
PUNE_G002,2022-10-23,2022,10,23,296,18.5,74.0,0.0
PUNE_G002,2022-10-24,2022,10,24,297,18.5,74.0,0.0
PUNE_G002,2022-10-25,2022,10,25,298,18.5,74.0,0.0
PUNE_G002,2022-10-26,2022,10,26,299,18.5,74.0,0.0
PUNE_G002,2022-10-27,2022,10,27,300,18.5,74.0,0.0
PUNE_G002,2022-10-28,2022,10,28,301,18.5,74.0,0.0
PUNE_G002,2022-10-29,2022,10,29,302,18.5,74.0,0.0
PUNE_G002,2022-10-30,2022,10,30,303,18.5,74.0,0.0
PUNE_G002,2022-10-31,2022,10,31,304,18.5,74.0,0.0
PUNE_G002,2022-11-01,2022,11,1,305,18.5,74.0,0.0
PUNE_G002,2022-11-02,2022,11,2,306,18.5,74.0,0.0
PUNE_G002,2022-11-03,2022,11,3,307,18.5,74.0,0.0
PUNE_G002,2022-11-04,2022,11,4,308,18.5,74.0,0.0
PUNE_G002,2022-11-05,2022,11,5,309,18.5,74.0,0.0
PUNE_G002,2022-11-06,2022,11,6,310,18.5,74.0,0.0
PUNE_G002,2022-11-07,2022,11,7,311,18.5,74.0,0.0
PUNE_G002,2022-11-08,2022,11,8,312,18.5,74.0,0.0
PUNE_G002,2022-11-09,2022,11,9,313,18.5,74.0,0.0
PUNE_G002,2022-11-10,2022,11,10,314,18.5,74.0,0.0
PUNE_G002,2022-11-11,2022,11,11,315,18.5,74.0,0.0
PUNE_G002,2022-11-12,2022,11,12,316,18.5,74.0,0.0
PUNE_G002,2022-11-13,2022,11,13,317,18.5,74.0,0.0
PUNE_G002,2022-11-14,2022,11,14,318,18.5,74.0,0.0
PUNE_G002,2022-11-15,2022,11,15,319,18.5,74.0,0.0
PUNE_G002,2022-11-16,2022,11,16,320,18.5,74.0,0.0
PUNE_G002,2022-11-17,2022,11,17,321,18.5,74.0,0.0
PUNE_G002,2022-11-18,2022,11,18,322,18.5,74.0,0.0
PUNE_G002,2022-11-19,2022,11,19,323,18.5,74.0,0.0
PUNE_G002,2022-11-20,2022,11,20,324,18.5,74.0,0.0
PUNE_G002,2022-11-21,2022,11,21,325,18.5,74.0,0.0
PUNE_G002,2022-11-22,2022,11,22,326,18.5,74.0,0.0
PUNE_G002,2022-11-23,2022,11,23,327,18.5,74.0,0.0
PUNE_G002,2022-11-24,2022,11,24,328,18.5,74.0,0.0
PUNE_G002,2022-11-25,2022,11,25,329,18.5,74.0,0.0
PUNE_G002,2022-11-26,2022,11,26,330,18.5,74.0,0.0
PUNE_G002,2022-11-27,2022,11,27,331,18.5,74.0,0.0
PUNE_G002,2022-11-28,2022,11,28,332,18.5,74.0,0.0
PUNE_G002,2022-11-29,2022,11,29,333,18.5,74.0,0.0
PUNE_G002,2022-11-30,2022,11,30,334,18.5,74.0,0.0
PUNE_G002,2022-12-01,2022,12,1,335,18.5,74.0,0.0
PUNE_G002,2022-12-02,2022,12,2,336,18.5,74.0,0.0
PUNE_G002,2022-12-03,2022,12,3,337,18.5,74.0,0.0
PUNE_G002,2022-12-04,2022,12,4,338,18.5,74.0,0.0
PUNE_G002,2022-12-05,2022,12,5,339,18.5,74.0,0.0
PUNE_G002,2022-12-06,2022,12,6,340,18.5,74.0,0.0
PUNE_G002,2022-12-07,2022,12,7,341,18.5,74.0,0.0
PUNE_G002,2022-12-08,2022,12,8,342,18.5,74.0,0.0
PUNE_G002,2022-12-09,2022,12,9,343,18.5,74.0,0.0
PUNE_G002,2022-12-10,2022,12,10,344,18.5,74.0,0.0
PUNE_G002,2022-12-11,2022,12,11,345,18.5,74.0,0.0
PUNE_G002,2022-12-12,2022,12,12,346,18.5,74.0,0.2741454839706421
PUNE_G002,2022-12-13,2022,12,13,347,18.5,74.0,0.0
PUNE_G002,2022-12-14,2022,12,14,348,18.5,74.0,0.0
PUNE_G002,2022-12-15,2022,12,15,349,18.5,74.0,0.0
PUNE_G002,2022-12-16,2022,12,16,350,18.5,74.0,0.0
PUNE_G002,2022-12-17,2022,12,17,351,18.5,74.0,0.0
PUNE_G002,2022-12-18,2022,12,18,352,18.5,74.0,0.0
PUNE_G002,2022-12-19,2022,12,19,353,18.5,74.0,0.0
PUNE_G002,2022-12-20,2022,12,20,354,18.5,74.0,0.0
PUNE_G002,2022-12-21,2022,12,21,355,18.5,74.0,0.0
PUNE_G002,2022-12-22,2022,12,22,356,18.5,74.0,0.0
PUNE_G002,2022-12-23,2022,12,23,357,18.5,74.0,0.0
PUNE_G002,2022-12-24,2022,12,24,358,18.5,74.0,0.0
PUNE_G002,2022-12-25,2022,12,25,359,18.5,74.0,0.0
PUNE_G002,2022-12-26,2022,12,26,360,18.5,74.0,0.0
PUNE_G002,2022-12-27,2022,12,27,361,18.5,74.0,0.0
PUNE_G002,2022-12-28,2022,12,28,362,18.5,74.0,0.0
PUNE_G002,2022-12-29,2022,12,29,363,18.5,74.0,0.0
PUNE_G002,2022-12-30,2022,12,30,364,18.5,74.0,0.0
PUNE_G002,2022-12-31,2022,12,31,365,18.5,74.0,0.0
PUNE_G002,2023-01-01,2023,1,1,1,18.5,74.0,0.0
PUNE_G002,2023-01-02,2023,1,2,2,18.5,74.0,0.0
PUNE_G002,2023-01-03,2023,1,3,3,18.5,74.0,0.0
PUNE_G002,2023-01-04,2023,1,4,4,18.5,74.0,0.0
PUNE_G002,2023-01-05,2023,1,5,5,18.5,74.0,0.0
PUNE_G002,2023-01-06,2023,1,6,6,18.5,74.0,0.0
PUNE_G002,2023-01-07,2023,1,7,7,18.5,74.0,0.0
PUNE_G002,2023-01-08,2023,1,8,8,18.5,74.0,0.0
PUNE_G002,2023-01-09,2023,1,9,9,18.5,74.0,0.0
PUNE_G002,2023-01-10,2023,1,10,10,18.5,74.0,0.0
PUNE_G002,2023-01-11,2023,1,11,11,18.5,74.0,0.0
PUNE_G002,2023-01-12,2023,1,12,12,18.5,74.0,0.0
PUNE_G002,2023-01-13,2023,1,13,13,18.5,74.0,0.0
PUNE_G002,2023-01-14,2023,1,14,14,18.5,74.0,0.0
PUNE_G002,2023-01-15,2023,1,15,15,18.5,74.0,0.0
PUNE_G002,2023-01-16,2023,1,16,16,18.5,74.0,0.0
PUNE_G002,2023-01-17,2023,1,17,17,18.5,74.0,0.0
PUNE_G002,2023-01-18,2023,1,18,18,18.5,74.0,0.0
PUNE_G002,2023-01-19,2023,1,19,19,18.5,74.0,0.0
PUNE_G002,2023-01-20,2023,1,20,20,18.5,74.0,0.0
PUNE_G002,2023-01-21,2023,1,21,21,18.5,74.0,0.0
PUNE_G002,2023-01-22,2023,1,22,22,18.5,74.0,0.0
PUNE_G002,2023-01-23,2023,1,23,23,18.5,74.0,0.0
PUNE_G002,2023-01-24,2023,1,24,24,18.5,74.0,0.0
PUNE_G002,2023-01-25,2023,1,25,25,18.5,74.0,0.0
PUNE_G002,2023-01-26,2023,1,26,26,18.5,74.0,0.0
PUNE_G002,2023-01-27,2023,1,27,27,18.5,74.0,0.0
PUNE_G002,2023-01-28,2023,1,28,28,18.5,74.0,0.0
PUNE_G002,2023-01-29,2023,1,29,29,18.5,74.0,0.0
PUNE_G002,2023-01-30,2023,1,30,30,18.5,74.0,0.0
PUNE_G002,2023-01-31,2023,1,31,31,18.5,74.0,0.0
PUNE_G002,2023-02-01,2023,2,1,32,18.5,74.0,0.0
PUNE_G002,2023-02-02,2023,2,2,33,18.5,74.0,0.0
PUNE_G002,2023-02-03,2023,2,3,34,18.5,74.0,0.0
PUNE_G002,2023-02-04,2023,2,4,35,18.5,74.0,0.0
PUNE_G002,2023-02-05,2023,2,5,36,18.5,74.0,0.0
PUNE_G002,2023-02-06,2023,2,6,37,18.5,74.0,0.0
PUNE_G002,2023-02-07,2023,2,7,38,18.5,74.0,0.0
PUNE_G002,2023-02-08,2023,2,8,39,18.5,74.0,0.0
PUNE_G002,2023-02-09,2023,2,9,40,18.5,74.0,0.0
PUNE_G002,2023-02-10,2023,2,10,41,18.5,74.0,0.0
PUNE_G002,2023-02-11,2023,2,11,42,18.5,74.0,0.0
PUNE_G002,2023-02-12,2023,2,12,43,18.5,74.0,0.0
PUNE_G002,2023-02-13,2023,2,13,44,18.5,74.0,0.0
PUNE_G002,2023-02-14,2023,2,14,45,18.5,74.0,0.0
PUNE_G002,2023-02-15,2023,2,15,46,18.5,74.0,0.0
PUNE_G002,2023-02-16,2023,2,16,47,18.5,74.0,0.0
PUNE_G002,2023-02-17,2023,2,17,48,18.5,74.0,0.0
PUNE_G002,2023-02-18,2023,2,18,49,18.5,74.0,0.0
PUNE_G002,2023-02-19,2023,2,19,50,18.5,74.0,0.0
PUNE_G002,2023-02-20,2023,2,20,51,18.5,74.0,0.0
PUNE_G002,2023-02-21,2023,2,21,52,18.5,74.0,0.0
PUNE_G002,2023-02-22,2023,2,22,53,18.5,74.0,0.0
PUNE_G002,2023-02-23,2023,2,23,54,18.5,74.0,0.0
PUNE_G002,2023-02-24,2023,2,24,55,18.5,74.0,0.0
PUNE_G002,2023-02-25,2023,2,25,56,18.5,74.0,0.0
PUNE_G002,2023-02-26,2023,2,26,57,18.5,74.0,0.0
PUNE_G002,2023-02-27,2023,2,27,58,18.5,74.0,0.0
PUNE_G002,2023-02-28,2023,2,28,59,18.5,74.0,0.0
PUNE_G002,2023-03-01,2023,3,1,60,18.5,74.0,0.0
PUNE_G002,2023-03-02,2023,3,2,61,18.5,74.0,0.0
PUNE_G002,2023-03-03,2023,3,3,62,18.5,74.0,0.0
PUNE_G002,2023-03-04,2023,3,4,63,18.5,74.0,0.0
PUNE_G002,2023-03-05,2023,3,5,64,18.5,74.0,0.0
PUNE_G002,2023-03-06,2023,3,6,65,18.5,74.0,0.0
PUNE_G002,2023-03-07,2023,3,7,66,18.5,74.0,1.3456112146377563
PUNE_G002,2023-03-08,2023,3,8,67,18.5,74.0,0.03284051641821861
PUNE_G002,2023-03-09,2023,3,9,68,18.5,74.0,0.0
PUNE_G002,2023-03-10,2023,3,10,69,18.5,74.0,0.0
PUNE_G002,2023-03-11,2023,3,11,70,18.5,74.0,0.0
PUNE_G002,2023-03-12,2023,3,12,71,18.5,74.0,0.0
PUNE_G002,2023-03-13,2023,3,13,72,18.5,74.0,0.0
PUNE_G002,2023-03-14,2023,3,14,73,18.5,74.0,0.0
PUNE_G002,2023-03-15,2023,3,15,74,18.5,74.0,0.0
PUNE_G002,2023-03-16,2023,3,16,75,18.5,74.0,0.4269266724586487
PUNE_G002,2023-03-17,2023,3,17,76,18.5,74.0,1.6162229776382446
PUNE_G002,2023-03-18,2023,3,18,77,18.5,74.0,0.0
PUNE_G002,2023-03-19,2023,3,19,78,18.5,74.0,0.0
PUNE_G002,2023-03-20,2023,3,20,79,18.5,74.0,0.0
PUNE_G002,2023-03-21,2023,3,21,80,18.5,74.0,0.0
PUNE_G002,2023-03-22,2023,3,22,81,18.5,74.0,0.13136206567287445
PUNE_G002,2023-03-23,2023,3,23,82,18.5,74.0,0.0
PUNE_G002,2023-03-24,2023,3,24,83,18.5,74.0,0.0
PUNE_G002,2023-03-25,2023,3,25,84,18.5,74.0,0.0
PUNE_G002,2023-03-26,2023,3,26,85,18.5,74.0,0.0
PUNE_G002,2023-03-27,2023,3,27,86,18.5,74.0,0.0
PUNE_G002,2023-03-28,2023,3,28,87,18.5,74.0,0.0
PUNE_G002,2023-03-29,2023,3,29,88,18.5,74.0,0.0
PUNE_G002,2023-03-30,2023,3,30,89,18.5,74.0,0.0
PUNE_G002,2023-03-31,2023,3,31,90,18.5,74.0,0.0
PUNE_G002,2023-04-01,2023,4,1,91,18.5,74.0,0.0
PUNE_G002,2023-04-02,2023,4,2,92,18.5,74.0,0.0
PUNE_G002,2023-04-03,2023,4,3,93,18.5,74.0,0.0
PUNE_G002,2023-04-04,2023,4,4,94,18.5,74.0,0.0
PUNE_G002,2023-04-05,2023,4,5,95,18.5,74.0,0.0
PUNE_G002,2023-04-06,2023,4,6,96,18.5,74.0,0.0
PUNE_G002,2023-04-07,2023,4,7,97,18.5,74.0,0.0
PUNE_G002,2023-04-08,2023,4,8,98,18.5,74.0,0.16420258581638336
PUNE_G002,2023-04-09,2023,4,9,99,18.5,74.0,0.0
PUNE_G002,2023-04-10,2023,4,10,100,18.5,74.0,2.396507740020752
PUNE_G002,2023-04-11,2023,4,11,101,18.5,74.0,0.0
PUNE_G002,2023-04-12,2023,4,12,102,18.5,74.0,0.0
PUNE_G002,2023-04-13,2023,4,13,103,18.5,74.0,0.0
PUNE_G002,2023-04-14,2023,4,14,104,18.5,74.0,8.078766822814941
PUNE_G002,2023-04-15,2023,4,15,105,18.5,74.0,0.0
PUNE_G002,2023-04-16,2023,4,16,106,18.5,74.0,5.6388421058654785
PUNE_G002,2023-04-17,2023,4,17,107,18.5,74.0,0.0
PUNE_G002,2023-04-18,2023,4,18,108,18.5,74.0,0.0
PUNE_G002,2023-04-19,2023,4,19,109,18.5,74.0,0.0
PUNE_G002,2023-04-20,2023,4,20,110,18.5,74.0,10.245438575744629
PUNE_G002,2023-04-21,2023,4,21,111,18.5,74.0,5.760745048522949
PUNE_G002,2023-04-22,2023,4,22,112,18.5,74.0,0.0
PUNE_G002,2023-04-23,2023,4,23,113,18.5,74.0,0.0
PUNE_G002,2023-04-24,2023,4,24,114,18.5,74.0,0.0
PUNE_G002,2023-04-25,2023,4,25,115,18.5,74.0,0.0
PUNE_G002,2023-04-26,2023,4,26,116,18.5,74.0,0.0
PUNE_G002,2023-04-27,2023,4,27,117,18.5,74.0,0.0
PUNE_G002,2023-04-28,2023,4,28,118,18.5,74.0,0.0
PUNE_G002,2023-04-29,2023,4,29,119,18.5,74.0,0.0
PUNE_G002,2023-04-30,2023,4,30,120,18.5,74.0,0.0
PUNE_G002,2023-05-01,2023,5,1,121,18.5,74.0,0.0
PUNE_G002,2023-05-02,2023,5,2,122,18.5,74.0,0.0
PUNE_G002,2023-05-03,2023,5,3,123,18.5,74.0,0.0
PUNE_G002,2023-05-04,2023,5,4,124,18.5,74.0,1.477823257446289
PUNE_G002,2023-05-05,2023,5,5,125,18.5,74.0,3.4151463508605957
PUNE_G002,2023-05-06,2023,5,6,126,18.5,74.0,0.0
PUNE_G002,2023-05-07,2023,5,7,127,18.5,74.0,0.19704310595989227
PUNE_G002,2023-05-08,2023,5,8,128,18.5,74.0,8.326766967773438
PUNE_G002,2023-05-09,2023,5,9,129,18.5,74.0,3.021327495574951
PUNE_G002,2023-05-10,2023,5,10,130,18.5,74.0,0.0
PUNE_G002,2023-05-11,2023,5,11,131,18.5,74.0,0.0
PUNE_G002,2023-05-12,2023,5,12,132,18.5,74.0,0.0
PUNE_G002,2023-05-13,2023,5,13,133,18.5,74.0,0.0
PUNE_G002,2023-05-14,2023,5,14,134,18.5,74.0,0.0
PUNE_G002,2023-05-15,2023,5,15,135,18.5,74.0,0.0
PUNE_G002,2023-05-16,2023,5,16,136,18.5,74.0,0.0
PUNE_G002,2023-05-17,2023,5,17,137,18.5,74.0,0.0
PUNE_G002,2023-05-18,2023,5,18,138,18.5,74.0,0.0
PUNE_G002,2023-05-19,2023,5,19,139,18.5,74.0,0.0
PUNE_G002,2023-05-20,2023,5,20,140,18.5,74.0,0.0
PUNE_G002,2023-05-21,2023,5,21,141,18.5,74.0,0.0
PUNE_G002,2023-05-22,2023,5,22,142,18.5,74.0,0.0
PUNE_G002,2023-05-23,2023,5,23,143,18.5,74.0,0.0
PUNE_G002,2023-05-24,2023,5,24,144,18.5,74.0,0.0
PUNE_G002,2023-05-25,2023,5,25,145,18.5,74.0,0.0
PUNE_G002,2023-05-26,2023,5,26,146,18.5,74.0,0.0
PUNE_G002,2023-05-27,2023,5,27,147,18.5,74.0,0.0
PUNE_G002,2023-05-28,2023,5,28,148,18.5,74.0,0.0
PUNE_G002,2023-05-29,2023,5,29,149,18.5,74.0,0.0
PUNE_G002,2023-05-30,2023,5,30,150,18.5,74.0,1.6420258283615112
PUNE_G002,2023-05-31,2023,5,31,151,18.5,74.0,0.0
PUNE_G002,2023-06-01,2023,6,1,152,18.5,74.0,0.0
PUNE_G002,2023-06-02,2023,6,2,153,18.5,74.0,2.331676483154297
PUNE_G002,2023-06-03,2023,6,3,154,18.5,74.0,0.0
PUNE_G002,2023-06-04,2023,6,4,155,18.5,74.0,0.0
PUNE_G002,2023-06-05,2023,6,5,156,18.5,74.0,14.055173873901367
PUNE_G002,2023-06-06,2023,6,6,157,18.5,74.0,0.0
PUNE_G002,2023-06-07,2023,6,7,158,18.5,74.0,0.0
PUNE_G002,2023-06-08,2023,6,8,159,18.5,74.0,0.0
PUNE_G002,2023-06-09,2023,6,9,160,18.5,74.0,8.293926239013672
PUNE_G002,2023-06-10,2023,6,10,161,18.5,74.0,6.830292701721191
PUNE_G002,2023-06-11,2023,6,11,162,18.5,74.0,3.4151463508605957
PUNE_G002,2023-06-12,2023,6,12,163,18.5,74.0,0.0
PUNE_G002,2023-06-13,2023,6,13,164,18.5,74.0,0.0
PUNE_G002,2023-06-14,2023,6,14,165,18.5,74.0,0.0
PUNE_G002,2023-06-15,2023,6,15,166,18.5,74.0,0.0
PUNE_G002,2023-06-16,2023,6,16,167,18.5,74.0,0.0
PUNE_G002,2023-06-17,2023,6,17,168,18.5,74.0,1.5293152332305908
PUNE_G002,2023-06-18,2023,6,18,169,18.5,74.0,0.03284051641821861
PUNE_G002,2023-06-19,2023,6,19,170,18.5,74.0,0.0
PUNE_G002,2023-06-20,2023,6,20,171,18.5,74.0,0.0
PUNE_G002,2023-06-21,2023,6,21,172,18.5,74.0,0.0
PUNE_G002,2023-06-22,2023,6,22,173,18.5,74.0,0.0
PUNE_G002,2023-06-23,2023,6,23,174,18.5,74.0,0.0
PUNE_G002,2023-06-24,2023,6,24,175,18.5,74.0,0.0
PUNE_G002,2023-06-25,2023,6,25,176,18.5,74.0,12.649150848388672
PUNE_G002,2023-06-26,2023,6,26,177,18.5,74.0,10.317912101745605
PUNE_G002,2023-06-27,2023,6,27,178,18.5,74.0,5.115727424621582
PUNE_G002,2023-06-28,2023,6,28,179,18.5,74.0,11.570670127868652
PUNE_G002,2023-06-29,2023,6,29,180,18.5,74.0,7.771492004394531
PUNE_G002,2023-06-30,2023,6,30,181,18.5,74.0,5.426076412200928
PUNE_G002,2023-07-01,2023,7,1,182,18.5,74.0,10.917818069458008
PUNE_G002,2023-07-02,2023,7,2,183,18.5,74.0,3.9124836921691895
PUNE_G002,2023-07-03,2023,7,3,184,18.5,74.0,6.9853034019470215
PUNE_G002,2023-07-04,2023,7,4,185,18.5,74.0,9.368204116821289
PUNE_G002,2023-07-05,2023,7,5,186,18.5,74.0,0.09852155297994614
PUNE_G002,2023-07-06,2023,7,6,187,18.5,74.0,3.728151559829712
PUNE_G002,2023-07-07,2023,7,7,188,18.5,74.0,0.22903360426425934
PUNE_G002,2023-07-08,2023,7,8,189,18.5,74.0,2.4808402061462402
PUNE_G002,2023-07-09,2023,7,9,190,18.5,74.0,1.369842290878296
PUNE_G002,2023-07-10,2023,7,10,191,18.5,74.0,0.16420258581638336
PUNE_G002,2023-07-11,2023,7,11,192,18.5,74.0,0.7553318738937378
PUNE_G002,2023-07-12,2023,7,12,193,18.5,74.0,0.0
PUNE_G002,2023-07-13,2023,7,13,194,18.5,74.0,0.0
PUNE_G002,2023-07-14,2023,7,14,195,18.5,74.0,0.39408621191978455
PUNE_G002,2023-07-15,2023,7,15,196,18.5,74.0,0.7411554455757141
PUNE_G002,2023-07-16,2023,7,16,197,18.5,74.0,1.4531946182250977
PUNE_G002,2023-07-17,2023,7,17,198,18.5,74.0,1.8158581256866455
PUNE_G002,2023-07-18,2023,7,18,199,18.5,74.0,2.8659043312072754
PUNE_G002,2023-07-19,2023,7,19,200,18.5,74.0,4.128628253936768
PUNE_G002,2023-07-20,2023,7,20,201,18.5,74.0,8.241439819335938
PUNE_G002,2023-07-21,2023,7,21,202,18.5,74.0,3.234175682067871
PUNE_G002,2023-07-22,2023,7,22,203,18.5,74.0,4.295435905456543
PUNE_G002,2023-07-23,2023,7,23,204,18.5,74.0,2.2984111309051514
PUNE_G002,2023-07-24,2023,7,24,205,18.5,74.0,11.163257598876953
PUNE_G002,2023-07-25,2023,7,25,206,18.5,74.0,3.7905938625335693
PUNE_G002,2023-07-26,2023,7,26,207,18.5,74.0,9.6245756149292
PUNE_G002,2023-07-27,2023,7,27,208,18.5,74.0,2.9449121952056885
PUNE_G002,2023-07-28,2023,7,28,209,18.5,74.0,10.219963073730469
PUNE_G002,2023-07-29,2023,7,29,210,18.5,74.0,2.5892460346221924
PUNE_G002,2023-07-30,2023,7,30,211,18.5,74.0,1.016780972480774
PUNE_G002,2023-07-31,2023,7,31,212,18.5,74.0,0.9852154850959778
PUNE_G002,2023-08-01,2023,8,1,213,18.5,74.0,2.486419677734375
PUNE_G002,2023-08-02,2023,8,2,214,18.5,74.0,0.6439089179039001
PUNE_G002,2023-08-03,2023,8,3,215,18.5,74.0,0.16420258581638336
PUNE_G002,2023-08-04,2023,8,4,216,18.5,74.0,1.604455590248108
PUNE_G002,2023-08-05,2023,8,5,217,18.5,74.0,2.3737218379974365
PUNE_G002,2023-08-06,2023,8,6,218,18.5,74.0,1.6196650266647339
PUNE_G002,2023-08-07,2023,8,7,219,18.5,74.0,1.6935176849365234
PUNE_G002,2023-08-08,2023,8,8,220,18.5,74.0,0.5207185745239258
PUNE_G002,2023-08-09,2023,8,9,221,18.5,74.0,0.9463702440261841
PUNE_G002,2023-08-10,2023,8,10,222,18.5,74.0,0.09852155297994614
PUNE_G002,2023-08-11,2023,8,11,223,18.5,74.0,0.1305120438337326
PUNE_G002,2023-08-12,2023,8,12,224,18.5,74.0,0.0
PUNE_G002,2023-08-13,2023,8,13,225,18.5,74.0,0.4269266724586487
PUNE_G002,2023-08-14,2023,8,14,226,18.5,74.0,0.7247994542121887
PUNE_G002,2023-08-15,2023,8,15,227,18.5,74.0,1.6278365850448608
PUNE_G002,2023-08-16,2023,8,16,228,18.5,74.0,1.258419394493103
PUNE_G002,2023-08-17,2023,8,17,229,18.5,74.0,0.03284051641821861
PUNE_G002,2023-08-18,2023,8,18,230,18.5,74.0,0.36124566197395325
PUNE_G002,2023-08-19,2023,8,19,231,18.5,74.0,0.36124566197395325
PUNE_G002,2023-08-20,2023,8,20,232,18.5,74.0,3.4752602577209473
PUNE_G002,2023-08-21,2023,8,21,233,18.5,74.0,2.3741469383239746
PUNE_G002,2023-08-22,2023,8,22,234,18.5,74.0,0.0
PUNE_G002,2023-08-23,2023,8,23,235,18.5,74.0,1.0176310539245605
PUNE_G002,2023-08-24,2023,8,24,236,18.5,74.0,0.0
PUNE_G002,2023-08-25,2023,8,25,237,18.5,74.0,0.6235448122024536
PUNE_G002,2023-08-26,2023,8,26,238,18.5,74.0,1.4769731760025024
PUNE_G002,2023-08-27,2023,8,27,239,18.5,74.0,6.750885963439941
PUNE_G002,2023-08-28,2023,8,28,240,18.5,74.0,1.6473506689071655
PUNE_G002,2023-08-29,2023,8,29,241,18.5,74.0,1.1727992296218872
PUNE_G002,2023-08-30,2023,8,30,242,18.5,74.0,0.0
PUNE_G002,2023-08-31,2023,8,31,243,18.5,74.0,0.0
PUNE_G002,2023-09-01,2023,9,1,244,18.5,74.0,0.0
PUNE_G002,2023-09-02,2023,9,2,245,18.5,74.0,6.436741352081299
PUNE_G002,2023-09-03,2023,9,3,246,18.5,74.0,30.46870231628418
PUNE_G002,2023-09-04,2023,9,4,247,18.5,74.0,1.0661462545394897
PUNE_G002,2023-09-05,2023,9,5,248,18.5,74.0,0.0
PUNE_G002,2023-09-06,2023,9,6,249,18.5,74.0,0.0
PUNE_G002,2023-09-07,2023,9,7,250,18.5,74.0,0.0
PUNE_G002,2023-09-08,2023,9,8,251,18.5,74.0,6.358619689941406
PUNE_G002,2023-09-09,2023,9,9,252,18.5,74.0,14.945830345153809
PUNE_G002,2023-09-10,2023,9,10,253,18.5,74.0,0.5923035144805908
PUNE_G002,2023-09-11,2023,9,11,254,18.5,74.0,0.0
PUNE_G002,2023-09-12,2023,9,12,255,18.5,74.0,0.0
PUNE_G002,2023-09-13,2023,9,13,256,18.5,74.0,0.0
PUNE_G002,2023-09-14,2023,9,14,257,18.5,74.0,0.0
PUNE_G002,2023-09-15,2023,9,15,258,18.5,74.0,0.0
PUNE_G002,2023-09-16,2023,9,16,259,18.5,74.0,0.0
PUNE_G002,2023-09-17,2023,9,17,260,18.5,74.0,0.3608206808567047
PUNE_G002,2023-09-18,2023,9,18,261,18.5,74.0,0.6235448122024536
PUNE_G002,2023-09-19,2023,9,19,262,18.5,74.0,1.0117675065994263
PUNE_G002,2023-09-20,2023,9,20,263,18.5,74.0,0.0
PUNE_G002,2023-09-21,2023,9,21,264,18.5,74.0,0.2938646078109741
PUNE_G002,2023-09-22,2023,9,22,265,18.5,74.0,8.236696243286133
PUNE_G002,2023-09-23,2023,9,23,266,18.5,74.0,9.747044563293457
PUNE_G002,2023-09-24,2023,9,24,267,18.5,74.0,15.190587043762207
PUNE_G002,2023-09-25,2023,9,25,268,18.5,74.0,7.37720251083374
PUNE_G002,2023-09-26,2023,9,26,269,18.5,74.0,0.24897274374961853
PUNE_G002,2023-09-27,2023,9,27,270,18.5,74.0,32.43860626220703
PUNE_G002,2023-09-28,2023,9,28,271,18.5,74.0,7.197757720947266
PUNE_G002,2023-09-29,2023,9,29,272,18.5,74.0,4.62317419052124
PUNE_G002,2023-09-30,2023,9,30,273,18.5,74.0,10.411317825317383
PUNE_G002,2023-10-01,2023,10,1,274,18.5,74.0,8.228322982788086
PUNE_G002,2023-10-02,2023,10,2,275,18.5,74.0,4.526156902313232
PUNE_G002,2023-10-03,2023,10,3,276,18.5,74.0,6.342414855957031
PUNE_G002,2023-10-04,2023,10,4,277,18.5,74.0,0.0
PUNE_G002,2023-10-05,2023,10,5,278,18.5,74.0,0.0
PUNE_G002,2023-10-06,2023,10,6,279,18.5,74.0,0.0
PUNE_G002,2023-10-07,2023,10,7,280,18.5,74.0,0.0
PUNE_G002,2023-10-08,2023,10,8,281,18.5,74.0,0.0
PUNE_G002,2023-10-09,2023,10,9,282,18.5,74.0,0.0
PUNE_G002,2023-10-10,2023,10,10,283,18.5,74.0,0.0
PUNE_G002,2023-10-11,2023,10,11,284,18.5,74.0,0.0
PUNE_G002,2023-10-12,2023,10,12,285,18.5,74.0,0.0
PUNE_G002,2023-10-13,2023,10,13,286,18.5,74.0,0.0
PUNE_G002,2023-10-14,2023,10,14,287,18.5,74.0,0.0
PUNE_G002,2023-10-15,2023,10,15,288,18.5,74.0,0.0
PUNE_G002,2023-10-16,2023,10,16,289,18.5,74.0,0.0
PUNE_G002,2023-10-17,2023,10,17,290,18.5,74.0,0.0
PUNE_G002,2023-10-18,2023,10,18,291,18.5,74.0,0.11846069991588593
PUNE_G002,2023-10-19,2023,10,19,292,18.5,74.0,0.3284051716327667
PUNE_G002,2023-10-20,2023,10,20,293,18.5,74.0,0.2955646514892578
PUNE_G002,2023-10-21,2023,10,21,294,18.5,74.0,0.0
PUNE_G002,2023-10-22,2023,10,22,295,18.5,74.0,0.0
PUNE_G002,2023-10-23,2023,10,23,296,18.5,74.0,0.0
PUNE_G002,2023-10-24,2023,10,24,297,18.5,74.0,0.0
PUNE_G002,2023-10-25,2023,10,25,298,18.5,74.0,0.0
PUNE_G002,2023-10-26,2023,10,26,299,18.5,74.0,0.0
PUNE_G002,2023-10-27,2023,10,27,300,18.5,74.0,0.0
PUNE_G002,2023-10-28,2023,10,28,301,18.5,74.0,0.0
PUNE_G002,2023-10-29,2023,10,29,302,18.5,74.0,0.0
PUNE_G002,2023-10-30,2023,10,30,303,18.5,74.0,0.0
PUNE_G002,2023-10-31,2023,10,31,304,18.5,74.0,0.0
PUNE_G002,2023-11-01,2023,11,1,305,18.5,74.0,0.0
PUNE_G002,2023-11-02,2023,11,2,306,18.5,74.0,0.0
PUNE_G002,2023-11-03,2023,11,3,307,18.5,74.0,0.0
PUNE_G002,2023-11-04,2023,11,4,308,18.5,74.0,0.0
PUNE_G002,2023-11-05,2023,11,5,309,18.5,74.0,0.0
PUNE_G002,2023-11-06,2023,11,6,310,18.5,74.0,0.0
PUNE_G002,2023-11-07,2023,11,7,311,18.5,74.0,0.0
PUNE_G002,2023-11-08,2023,11,8,312,18.5,74.0,0.0
PUNE_G002,2023-11-09,2023,11,9,313,18.5,74.0,0.0
PUNE_G002,2023-11-10,2023,11,10,314,18.5,74.0,0.0
PUNE_G002,2023-11-11,2023,11,11,315,18.5,74.0,9.129663467407227
PUNE_G002,2023-11-12,2023,11,12,316,18.5,74.0,0.0
PUNE_G002,2023-11-13,2023,11,13,317,18.5,74.0,0.0
PUNE_G002,2023-11-14,2023,11,14,318,18.5,74.0,0.0
PUNE_G002,2023-11-15,2023,11,15,319,18.5,74.0,0.0
PUNE_G002,2023-11-16,2023,11,16,320,18.5,74.0,0.0
PUNE_G002,2023-11-17,2023,11,17,321,18.5,74.0,0.0
PUNE_G002,2023-11-18,2023,11,18,322,18.5,74.0,0.0
PUNE_G002,2023-11-19,2023,11,19,323,18.5,74.0,0.0
PUNE_G002,2023-11-20,2023,11,20,324,18.5,74.0,0.0
PUNE_G002,2023-11-21,2023,11,21,325,18.5,74.0,0.0
PUNE_G002,2023-11-22,2023,11,22,326,18.5,74.0,0.0
PUNE_G002,2023-11-23,2023,11,23,327,18.5,74.0,0.0
PUNE_G002,2023-11-24,2023,11,24,328,18.5,74.0,0.0
PUNE_G002,2023-11-25,2023,11,25,329,18.5,74.0,0.0
PUNE_G002,2023-11-26,2023,11,26,330,18.5,74.0,0.0
PUNE_G002,2023-11-27,2023,11,27,331,18.5,74.0,5.158431529998779
PUNE_G002,2023-11-28,2023,11,28,332,18.5,74.0,0.0
PUNE_G002,2023-11-29,2023,11,29,333,18.5,74.0,0.0
PUNE_G002,2023-11-30,2023,11,30,334,18.5,74.0,0.0
PUNE_G002,2023-12-01,2023,12,1,335,18.5,74.0,4.738428115844727
PUNE_G002,2023-12-02,2023,12,2,336,18.5,74.0,0.0
PUNE_G002,2023-12-03,2023,12,3,337,18.5,74.0,0.0
PUNE_G002,2023-12-04,2023,12,4,338,18.5,74.0,0.0
PUNE_G002,2023-12-05,2023,12,5,339,18.5,74.0,0.0
PUNE_G002,2023-12-06,2023,12,6,340,18.5,74.0,0.0
PUNE_G002,2023-12-07,2023,12,7,341,18.5,74.0,0.0
PUNE_G002,2023-12-08,2023,12,8,342,18.5,74.0,0.0
PUNE_G002,2023-12-09,2023,12,9,343,18.5,74.0,0.0
PUNE_G002,2023-12-10,2023,12,10,344,18.5,74.0,0.0
PUNE_G002,2023-12-11,2023,12,11,345,18.5,74.0,0.0
PUNE_G002,2023-12-12,2023,12,12,346,18.5,74.0,0.0
PUNE_G002,2023-12-13,2023,12,13,347,18.5,74.0,0.0
PUNE_G002,2023-12-14,2023,12,14,348,18.5,74.0,0.0
PUNE_G002,2023-12-15,2023,12,15,349,18.5,74.0,0.0
PUNE_G002,2023-12-16,2023,12,16,350,18.5,74.0,0.0
PUNE_G002,2023-12-17,2023,12,17,351,18.5,74.0,0.0
PUNE_G002,2023-12-18,2023,12,18,352,18.5,74.0,0.0
PUNE_G002,2023-12-19,2023,12,19,353,18.5,74.0,0.0
PUNE_G002,2023-12-20,2023,12,20,354,18.5,74.0,0.0
PUNE_G002,2023-12-21,2023,12,21,355,18.5,74.0,0.0
PUNE_G002,2023-12-22,2023,12,22,356,18.5,74.0,0.0
PUNE_G002,2023-12-23,2023,12,23,357,18.5,74.0,0.0
PUNE_G002,2023-12-24,2023,12,24,358,18.5,74.0,0.0
PUNE_G002,2023-12-25,2023,12,25,359,18.5,74.0,0.0
PUNE_G002,2023-12-26,2023,12,26,360,18.5,74.0,0.0
PUNE_G002,2023-12-27,2023,12,27,361,18.5,74.0,0.0
PUNE_G002,2023-12-28,2023,12,28,362,18.5,74.0,0.0
PUNE_G002,2023-12-29,2023,12,29,363,18.5,74.0,0.0
PUNE_G002,2023-12-30,2023,12,30,364,18.5,74.0,0.0
PUNE_G002,2023-12-31,2023,12,31,365,18.5,74.0,0.0
PUNE_G002,2024-01-01,2024,1,1,1,18.5,74.0,0.0
PUNE_G002,2024-01-02,2024,1,2,2,18.5,74.0,0.0
PUNE_G002,2024-01-03,2024,1,3,3,18.5,74.0,0.0
PUNE_G002,2024-01-04,2024,1,4,4,18.5,74.0,0.0
PUNE_G002,2024-01-05,2024,1,5,5,18.5,74.0,0.0
PUNE_G002,2024-01-06,2024,1,6,6,18.5,74.0,0.0
PUNE_G002,2024-01-07,2024,1,7,7,18.5,74.0,0.0
PUNE_G002,2024-01-08,2024,1,8,8,18.5,74.0,0.0
PUNE_G002,2024-01-09,2024,1,9,9,18.5,74.0,0.0
PUNE_G002,2024-01-10,2024,1,10,10,18.5,74.0,2.795305013656616
PUNE_G002,2024-01-11,2024,1,11,11,18.5,74.0,0.0
PUNE_G002,2024-01-12,2024,1,12,12,18.5,74.0,0.0
PUNE_G002,2024-01-13,2024,1,13,13,18.5,74.0,0.0
PUNE_G002,2024-01-14,2024,1,14,14,18.5,74.0,0.0
PUNE_G002,2024-01-15,2024,1,15,15,18.5,74.0,0.0
PUNE_G002,2024-01-16,2024,1,16,16,18.5,74.0,0.0
PUNE_G002,2024-01-17,2024,1,17,17,18.5,74.0,0.0
PUNE_G002,2024-01-18,2024,1,18,18,18.5,74.0,0.0
PUNE_G002,2024-01-19,2024,1,19,19,18.5,74.0,0.0
PUNE_G002,2024-01-20,2024,1,20,20,18.5,74.0,0.0
PUNE_G002,2024-01-21,2024,1,21,21,18.5,74.0,0.0
PUNE_G002,2024-01-22,2024,1,22,22,18.5,74.0,0.0
PUNE_G002,2024-01-23,2024,1,23,23,18.5,74.0,0.0
PUNE_G002,2024-01-24,2024,1,24,24,18.5,74.0,0.0
PUNE_G002,2024-01-25,2024,1,25,25,18.5,74.0,0.0
PUNE_G002,2024-01-26,2024,1,26,26,18.5,74.0,0.0
PUNE_G002,2024-01-27,2024,1,27,27,18.5,74.0,0.0
PUNE_G002,2024-01-28,2024,1,28,28,18.5,74.0,0.0
PUNE_G002,2024-01-29,2024,1,29,29,18.5,74.0,0.0
PUNE_G002,2024-01-30,2024,1,30,30,18.5,74.0,0.0
PUNE_G002,2024-01-31,2024,1,31,31,18.5,74.0,0.0
PUNE_G002,2024-02-01,2024,2,1,32,18.5,74.0,0.0
PUNE_G002,2024-02-02,2024,2,2,33,18.5,74.0,0.0
PUNE_G002,2024-02-03,2024,2,3,34,18.5,74.0,0.0
PUNE_G002,2024-02-04,2024,2,4,35,18.5,74.0,0.0
PUNE_G002,2024-02-05,2024,2,5,36,18.5,74.0,0.0
PUNE_G002,2024-02-06,2024,2,6,37,18.5,74.0,0.0
PUNE_G002,2024-02-07,2024,2,7,38,18.5,74.0,0.0
PUNE_G002,2024-02-08,2024,2,8,39,18.5,74.0,0.0
PUNE_G002,2024-02-09,2024,2,9,40,18.5,74.0,0.0
PUNE_G002,2024-02-10,2024,2,10,41,18.5,74.0,0.0
PUNE_G002,2024-02-11,2024,2,11,42,18.5,74.0,0.0
PUNE_G002,2024-02-12,2024,2,12,43,18.5,74.0,0.0
PUNE_G002,2024-02-13,2024,2,13,44,18.5,74.0,0.0
PUNE_G002,2024-02-14,2024,2,14,45,18.5,74.0,0.0
PUNE_G002,2024-02-15,2024,2,15,46,18.5,74.0,0.0
PUNE_G002,2024-02-16,2024,2,16,47,18.5,74.0,0.0
PUNE_G002,2024-02-17,2024,2,17,48,18.5,74.0,0.0
PUNE_G002,2024-02-18,2024,2,18,49,18.5,74.0,0.0
PUNE_G002,2024-02-19,2024,2,19,50,18.5,74.0,0.0
PUNE_G002,2024-02-20,2024,2,20,51,18.5,74.0,0.0
PUNE_G002,2024-02-21,2024,2,21,52,18.5,74.0,0.0
PUNE_G002,2024-02-22,2024,2,22,53,18.5,74.0,0.0
PUNE_G002,2024-02-23,2024,2,23,54,18.5,74.0,0.0
PUNE_G002,2024-02-24,2024,2,24,55,18.5,74.0,0.0
PUNE_G002,2024-02-25,2024,2,25,56,18.5,74.0,0.0
PUNE_G002,2024-02-26,2024,2,26,57,18.5,74.0,0.0
PUNE_G002,2024-02-27,2024,2,27,58,18.5,74.0,0.0
PUNE_G002,2024-02-28,2024,2,28,59,18.5,74.0,0.0
PUNE_G002,2024-02-29,2024,2,29,60,18.5,74.0,0.0
PUNE_G002,2024-03-01,2024,3,1,61,18.5,74.0,0.0
PUNE_G002,2024-03-02,2024,3,2,62,18.5,74.0,0.6568103432655334
PUNE_G002,2024-03-03,2024,3,3,63,18.5,74.0,0.0
PUNE_G002,2024-03-04,2024,3,4,64,18.5,74.0,0.0
PUNE_G002,2024-03-05,2024,3,5,65,18.5,74.0,0.0
PUNE_G002,2024-03-06,2024,3,6,66,18.5,74.0,0.0
PUNE_G002,2024-03-07,2024,3,7,67,18.5,74.0,0.0
PUNE_G002,2024-03-08,2024,3,8,68,18.5,74.0,0.0
PUNE_G002,2024-03-09,2024,3,9,69,18.5,74.0,0.0
PUNE_G002,2024-03-10,2024,3,10,70,18.5,74.0,0.0
PUNE_G002,2024-03-11,2024,3,11,71,18.5,74.0,0.0
PUNE_G002,2024-03-12,2024,3,12,72,18.5,74.0,0.0
PUNE_G002,2024-03-13,2024,3,13,73,18.5,74.0,0.0
PUNE_G002,2024-03-14,2024,3,14,74,18.5,74.0,0.0
PUNE_G002,2024-03-15,2024,3,15,75,18.5,74.0,0.0
PUNE_G002,2024-03-16,2024,3,16,76,18.5,74.0,0.0
PUNE_G002,2024-03-17,2024,3,17,77,18.5,74.0,0.0
PUNE_G002,2024-03-18,2024,3,18,78,18.5,74.0,0.0
PUNE_G002,2024-03-19,2024,3,19,79,18.5,74.0,0.0
PUNE_G002,2024-03-20,2024,3,20,80,18.5,74.0,0.0
PUNE_G002,2024-03-21,2024,3,21,81,18.5,74.0,0.0
PUNE_G002,2024-03-22,2024,3,22,82,18.5,74.0,0.0
PUNE_G002,2024-03-23,2024,3,23,83,18.5,74.0,0.0
PUNE_G002,2024-03-24,2024,3,24,84,18.5,74.0,0.0
PUNE_G002,2024-03-25,2024,3,25,85,18.5,74.0,0.0
PUNE_G002,2024-03-26,2024,3,26,86,18.5,74.0,0.0
PUNE_G002,2024-03-27,2024,3,27,87,18.5,74.0,0.0
PUNE_G002,2024-03-28,2024,3,28,88,18.5,74.0,0.0
PUNE_G002,2024-03-29,2024,3,29,89,18.5,74.0,0.0
PUNE_G002,2024-03-30,2024,3,30,90,18.5,74.0,0.0
PUNE_G002,2024-03-31,2024,3,31,91,18.5,74.0,0.0
PUNE_G002,2024-04-01,2024,4,1,92,18.5,74.0,0.0
PUNE_G002,2024-04-02,2024,4,2,93,18.5,74.0,0.0
PUNE_G002,2024-04-03,2024,4,3,94,18.5,74.0,0.0
PUNE_G002,2024-04-04,2024,4,4,95,18.5,74.0,0.0
PUNE_G002,2024-04-05,2024,4,5,96,18.5,74.0,0.0
PUNE_G002,2024-04-06,2024,4,6,97,18.5,74.0,0.0
PUNE_G002,2024-04-07,2024,4,7,98,18.5,74.0,0.0
PUNE_G002,2024-04-08,2024,4,8,99,18.5,74.0,0.0
PUNE_G002,2024-04-09,2024,4,9,100,18.5,74.0,0.0
PUNE_G002,2024-04-10,2024,4,10,101,18.5,74.0,0.0
PUNE_G002,2024-04-11,2024,4,11,102,18.5,74.0,0.0
PUNE_G002,2024-04-12,2024,4,12,103,18.5,74.0,0.0
PUNE_G002,2024-04-13,2024,4,13,104,18.5,74.0,0.0
PUNE_G002,2024-04-14,2024,4,14,105,18.5,74.0,0.0
PUNE_G002,2024-04-15,2024,4,15,106,18.5,74.0,0.0
PUNE_G002,2024-04-16,2024,4,16,107,18.5,74.0,0.11846069991588593
PUNE_G002,2024-04-17,2024,4,17,108,18.5,74.0,1.6420258283615112
PUNE_G002,2024-04-18,2024,4,18,109,18.5,74.0,1.3793015480041504
PUNE_G002,2024-04-19,2024,4,19,110,18.5,74.0,0.0
PUNE_G002,2024-04-20,2024,4,20,111,18.5,74.0,0.0
PUNE_G002,2024-04-21,2024,4,21,112,18.5,74.0,0.7224913239479065
PUNE_G002,2024-04-22,2024,4,22,113,18.5,74.0,0.0
PUNE_G002,2024-04-23,2024,4,23,114,18.5,74.0,0.0
PUNE_G002,2024-04-24,2024,4,24,115,18.5,74.0,0.0
PUNE_G002,2024-04-25,2024,4,25,116,18.5,74.0,0.0
PUNE_G002,2024-04-26,2024,4,26,117,18.5,74.0,0.0
PUNE_G002,2024-04-27,2024,4,27,118,18.5,74.0,5.603579998016357
PUNE_G002,2024-04-28,2024,4,28,119,18.5,74.0,0.0
PUNE_G002,2024-04-29,2024,4,29,120,18.5,74.0,0.0
PUNE_G002,2024-04-30,2024,4,30,121,18.5,74.0,0.0
PUNE_G002,2024-05-01,2024,5,1,122,18.5,74.0,0.0
PUNE_G002,2024-05-02,2024,5,2,123,18.5,74.0,0.0
PUNE_G002,2024-05-03,2024,5,3,124,18.5,74.0,0.0
PUNE_G002,2024-05-04,2024,5,4,125,18.5,74.0,0.0
PUNE_G002,2024-05-05,2024,5,5,126,18.5,74.0,0.0
PUNE_G002,2024-05-06,2024,5,6,127,18.5,74.0,0.0
PUNE_G002,2024-05-07,2024,5,7,128,18.5,74.0,0.0
PUNE_G002,2024-05-08,2024,5,8,129,18.5,74.0,0.0
PUNE_G002,2024-05-09,2024,5,9,130,18.5,74.0,0.0
PUNE_G002,2024-05-10,2024,5,10,131,18.5,74.0,0.16420258581638336
PUNE_G002,2024-05-11,2024,5,11,132,18.5,74.0,9.444742202758789
PUNE_G002,2024-05-12,2024,5,12,133,18.5,74.0,21.66046142578125
PUNE_G002,2024-05-13,2024,5,13,134,18.5,74.0,0.0
PUNE_G002,2024-05-14,2024,5,14,135,18.5,74.0,13.880303382873535
PUNE_G002,2024-05-15,2024,5,15,136,18.5,74.0,0.0
PUNE_G002,2024-05-16,2024,5,16,137,18.5,74.0,4.203586101531982
PUNE_G002,2024-05-17,2024,5,17,138,18.5,74.0,1.3451861143112183
PUNE_G002,2024-05-18,2024,5,18,139,18.5,74.0,0.0
PUNE_G002,2024-05-19,2024,5,19,140,18.5,74.0,0.0
PUNE_G002,2024-05-20,2024,5,20,141,18.5,74.0,9.680987358093262
PUNE_G002,2024-05-21,2024,5,21,142,18.5,74.0,8.847485542297363
PUNE_G002,2024-05-22,2024,5,22,143,18.5,74.0,5.854536533355713
PUNE_G002,2024-05-23,2024,5,23,144,18.5,74.0,0.0
PUNE_G002,2024-05-24,2024,5,24,145,18.5,74.0,0.0
PUNE_G002,2024-05-25,2024,5,25,146,18.5,74.0,0.0
PUNE_G002,2024-05-26,2024,5,26,147,18.5,74.0,0.0
PUNE_G002,2024-05-27,2024,5,27,148,18.5,74.0,0.0
PUNE_G002,2024-05-28,2024,5,28,149,18.5,74.0,0.0
PUNE_G002,2024-05-29,2024,5,29,150,18.5,74.0,0.0
PUNE_G002,2024-05-30,2024,5,30,151,18.5,74.0,0.0
PUNE_G002,2024-05-31,2024,5,31,152,18.5,74.0,0.0
PUNE_G002,2024-06-01,2024,6,1,153,18.5,74.0,0.0
PUNE_G002,2024-06-02,2024,6,2,154,18.5,74.0,0.0
PUNE_G002,2024-06-03,2024,6,3,155,18.5,74.0,0.0
PUNE_G002,2024-06-04,2024,6,4,156,18.5,74.0,2.0978755950927734
PUNE_G002,2024-06-05,2024,6,5,157,18.5,74.0,32.055137634277344
PUNE_G002,2024-06-06,2024,6,6,158,18.5,74.0,7.089675426483154
PUNE_G002,2024-06-07,2024,6,7,159,18.5,74.0,13.60057544708252
PUNE_G002,2024-06-08,2024,6,8,160,18.5,74.0,0.0
PUNE_G002,2024-06-09,2024,6,9,161,18.5,74.0,43.524837493896484
PUNE_G002,2024-06-10,2024,6,10,162,18.5,74.0,17.752643585205078
PUNE_G002,2024-06-11,2024,6,11,163,18.5,74.0,15.21354866027832
PUNE_G002,2024-06-12,2024,6,12,164,18.5,74.0,0.4738427996635437
PUNE_G002,2024-06-13,2024,6,13,165,18.5,74.0,3.4353599548339844
PUNE_G002,2024-06-14,2024,6,14,166,18.5,74.0,5.725407123565674
PUNE_G002,2024-06-15,2024,6,15,167,18.5,74.0,0.0
PUNE_G002,2024-06-16,2024,6,16,168,18.5,74.0,0.401123970746994
PUNE_G002,2024-06-17,2024,6,17,169,18.5,74.0,6.743463039398193
PUNE_G002,2024-06-18,2024,6,18,170,18.5,74.0,0.2627241313457489
PUNE_G002,2024-06-19,2024,6,19,171,18.5,74.0,0.22860859334468842
PUNE_G002,2024-06-20,2024,6,20,172,18.5,74.0,0.0
PUNE_G002,2024-06-21,2024,6,21,173,18.5,74.0,7.1746416091918945
PUNE_G002,2024-06-22,2024,6,22,174,18.5,74.0,0.2627241313457489
PUNE_G002,2024-06-23,2024,6,23,175,18.5,74.0,0.0
PUNE_G002,2024-06-24,2024,6,24,176,18.5,74.0,3.1909759044647217
PUNE_G002,2024-06-25,2024,6,25,177,18.5,74.0,0.0
PUNE_G002,2024-06-26,2024,6,26,178,18.5,74.0,6.924319267272949
PUNE_G002,2024-06-27,2024,6,27,179,18.5,74.0,4.794812202453613
PUNE_G002,2024-06-28,2024,6,28,180,18.5,74.0,0.3284051716327667
PUNE_G002,2024-06-29,2024,6,29,181,18.5,74.0,1.7729626893997192
PUNE_G002,2024-06-30,2024,6,30,182,18.5,74.0,1.008596658706665
PUNE_G002,2024-07-01,2024,7,1,183,18.5,74.0,3.6164939403533936
PUNE_G002,2024-07-02,2024,7,2,184,18.5,74.0,7.818537712097168
PUNE_G002,2024-07-03,2024,7,3,185,18.5,74.0,13.955801010131836
PUNE_G002,2024-07-04,2024,7,4,186,18.5,74.0,0.0
PUNE_G002,2024-07-05,2024,7,5,187,18.5,74.0,0.2627241313457489
PUNE_G002,2024-07-06,2024,7,6,188,18.5,74.0,4.177091121673584
PUNE_G002,2024-07-07,2024,7,7,189,18.5,74.0,6.547751426696777
PUNE_G002,2024-07-08,2024,7,8,190,18.5,74.0,2.067988872528076
PUNE_G002,2024-07-09,2024,7,9,191,18.5,74.0,15.330192565917969
PUNE_G002,2024-07-10,2024,7,10,192,18.5,74.0,4.329841136932373
PUNE_G002,2024-07-11,2024,7,11,193,18.5,74.0,0.0
PUNE_G002,2024-07-12,2024,7,12,194,18.5,74.0,0.7877473831176758
PUNE_G002,2024-07-13,2024,7,13,195,18.5,74.0,4.844648838043213
PUNE_G002,2024-07-14,2024,7,14,196,18.5,74.0,17.789840698242188
PUNE_G002,2024-07-15,2024,7,15,197,18.5,74.0,10.703839302062988
PUNE_G002,2024-07-16,2024,7,16,198,18.5,74.0,6.6580023765563965
PUNE_G002,2024-07-17,2024,7,17,199,18.5,74.0,0.0
PUNE_G002,2024-07-18,2024,7,18,200,18.5,74.0,4.025518417358398
PUNE_G002,2024-07-19,2024,7,19,201,18.5,74.0,0.9839404821395874
PUNE_G002,2024-07-20,2024,7,20,202,18.5,74.0,1.960121512413025
PUNE_G002,2024-07-21,2024,7,21,203,18.5,74.0,4.463634014129639
PUNE_G002,2024-07-22,2024,7,22,204,18.5,74.0,3.904932737350464
PUNE_G002,2024-07-23,2024,7,23,205,18.5,74.0,17.604162216186523
PUNE_G002,2024-07-24,2024,7,24,206,18.5,74.0,18.764333724975586
PUNE_G002,2024-07-25,2024,7,25,207,18.5,74.0,67.2551040649414
PUNE_G002,2024-07-26,2024,7,26,208,18.5,74.0,36.230079650878906
PUNE_G002,2024-07-27,2024,7,27,209,18.5,74.0,0.6563853025436401
PUNE_G002,2024-07-28,2024,7,28,210,18.5,74.0,1.4183299541473389
PUNE_G002,2024-07-29,2024,7,29,211,18.5,74.0,7.709165096282959
PUNE_G002,2024-07-30,2024,7,30,212,18.5,74.0,2.4946041107177734
PUNE_G002,2024-07-31,2024,7,31,213,18.5,74.0,11.834807395935059
PUNE_G002,2024-08-01,2024,8,1,214,18.5,74.0,0.8197378516197205
PUNE_G002,2024-08-02,2024,8,2,215,18.5,74.0,6.379227638244629
PUNE_G002,2024-08-03,2024,8,3,216,18.5,74.0,11.013526916503906
PUNE_G002,2024-08-04,2024,8,4,217,18.5,74.0,10.671972274780273
PUNE_G002,2024-08-05,2024,8,5,218,18.5,74.0,20.52561378479004
PUNE_G002,2024-08-06,2024,8,6,219,18.5,74.0,1.543504238128662
PUNE_G002,2024-08-07,2024,8,7,220,18.5,74.0,0.0
PUNE_G002,2024-08-08,2024,8,8,221,18.5,74.0,1.032131552696228
PUNE_G002,2024-08-09,2024,8,9,222,18.5,74.0,1.2807801961898804
PUNE_G002,2024-08-10,2024,8,10,223,18.5,74.0,0.3279801607131958
PUNE_G002,2024-08-11,2024,8,11,224,18.5,74.0,1.436482548713684
PUNE_G002,2024-08-12,2024,8,12,225,18.5,74.0,0.9195345044136047
PUNE_G002,2024-08-13,2024,8,13,226,18.5,74.0,0.22988362610340118
PUNE_G002,2024-08-14,2024,8,14,227,18.5,74.0,0.0
PUNE_G002,2024-08-15,2024,8,15,228,18.5,74.0,0.0
PUNE_G002,2024-08-16,2024,8,16,229,18.5,74.0,0.0
PUNE_G002,2024-08-17,2024,8,17,230,18.5,74.0,0.0
PUNE_G002,2024-08-18,2024,8,18,231,18.5,74.0,23.49139404296875
PUNE_G002,2024-08-19,2024,8,19,232,18.5,74.0,24.717041015625
PUNE_G002,2024-08-20,2024,8,20,233,18.5,74.0,24.411649703979492
PUNE_G002,2024-08-21,2024,8,21,234,18.5,74.0,3.938027858734131
PUNE_G002,2024-08-22,2024,8,22,235,18.5,74.0,0.5911293029785156
PUNE_G002,2024-08-23,2024,8,23,236,18.5,74.0,3.1136865615844727
PUNE_G002,2024-08-24,2024,8,24,237,18.5,74.0,18.38233184814453
PUNE_G002,2024-08-25,2024,8,25,238,18.5,74.0,28.30414581298828
PUNE_G002,2024-08-26,2024,8,26,239,18.5,74.0,13.009743690490723
PUNE_G002,2024-08-27,2024,8,27,240,18.5,74.0,13.06055736541748
PUNE_G002,2024-08-28,2024,8,28,241,18.5,74.0,6.459625720977783
PUNE_G002,2024-08-29,2024,8,29,242,18.5,74.0,2.8334765434265137
PUNE_G002,2024-08-30,2024,8,30,243,18.5,74.0,0.4269266724586487
PUNE_G002,2024-08-31,2024,8,31,244,18.5,74.0,1.8390690088272095
PUNE_G002,2024-09-01,2024,9,1,245,18.5,74.0,0.2955646514892578
PUNE_G002,2024-09-02,2024,9,2,246,18.5,74.0,4.327683448791504
PUNE_G002,2024-09-03,2024,9,3,247,18.5,74.0,3.374133825302124
PUNE_G002,2024-09-04,2024,9,4,248,18.5,74.0,3.401111125946045
PUNE_G002,2024-09-05,2024,9,5,249,18.5,74.0,4.766336917877197
PUNE_G002,2024-09-06,2024,9,6,250,18.5,74.0,1.9704309701919556
PUNE_G002,2024-09-07,2024,9,7,251,18.5,74.0,0.13136206567287445
PUNE_G002,2024-09-08,2024,9,8,252,18.5,74.0,0.13136206567287445
PUNE_G002,2024-09-09,2024,9,9,253,18.5,74.0,0.5254482626914978
PUNE_G002,2024-09-10,2024,9,10,254,18.5,74.0,0.13136206567287445
PUNE_G002,2024-09-11,2024,9,11,255,18.5,74.0,3.1290409564971924
PUNE_G002,2024-09-12,2024,9,12,256,18.5,74.0,0.35954561829566956
PUNE_G002,2024-09-13,2024,9,13,257,18.5,74.0,0.18414172530174255
PUNE_G002,2024-09-14,2024,9,14,258,18.5,74.0,0.0
PUNE_G002,2024-09-15,2024,9,15,259,18.5,74.0,0.0
PUNE_G002,2024-09-16,2024,9,16,260,18.5,74.0,0.0
PUNE_G002,2024-09-17,2024,9,17,261,18.5,74.0,0.0
PUNE_G002,2024-09-18,2024,9,18,262,18.5,74.0,0.0
PUNE_G002,2024-09-19,2024,9,19,263,18.5,74.0,0.0
PUNE_G002,2024-09-20,2024,9,20,264,18.5,74.0,0.0
PUNE_G002,2024-09-21,2024,9,21,265,18.5,74.0,0.0
PUNE_G002,2024-09-22,2024,9,22,266,18.5,74.0,0.24982278048992157
PUNE_G002,2024-09-23,2024,9,23,267,18.5,74.0,9.09655475616455
PUNE_G002,2024-09-24,2024,9,24,268,18.5,74.0,8.688482284545898
PUNE_G002,2024-09-25,2024,9,25,269,18.5,74.0,7.6870293617248535
PUNE_G002,2024-09-26,2024,9,26,270,18.5,74.0,46.96053695678711
PUNE_G002,2024-09-27,2024,9,27,271,18.5,74.0,3.401224374771118
PUNE_G002,2024-09-28,2024,9,28,272,18.5,74.0,1.2807801961898804
PUNE_G002,2024-09-29,2024,9,29,273,18.5,74.0,0.5911293029785156
PUNE_G002,2024-09-30,2024,9,30,274,18.5,74.0,0.0
PUNE_G002,2024-10-01,2024,10,1,275,18.5,74.0,0.0
PUNE_G002,2024-10-02,2024,10,2,276,18.5,74.0,0.0
PUNE_G002,2024-10-03,2024,10,3,277,18.5,74.0,0.7881724238395691
PUNE_G002,2024-10-04,2024,10,4,278,18.5,74.0,0.0
PUNE_G002,2024-10-05,2024,10,5,279,18.5,74.0,0.0
PUNE_G002,2024-10-06,2024,10,6,280,18.5,74.0,0.0
PUNE_G002,2024-10-07,2024,10,7,281,18.5,74.0,0.8292248249053955
PUNE_G002,2024-10-08,2024,10,8,282,18.5,74.0,0.0
PUNE_G002,2024-10-09,2024,10,9,283,18.5,74.0,0.0
PUNE_G002,2024-10-10,2024,10,10,284,18.5,74.0,0.6239697933197021
PUNE_G002,2024-10-11,2024,10,11,285,18.5,74.0,0.0
PUNE_G002,2024-10-12,2024,10,12,286,18.5,74.0,9.861347198486328
PUNE_G002,2024-10-13,2024,10,13,287,18.5,74.0,0.0
PUNE_G002,2024-10-14,2024,10,14,288,18.5,74.0,0.0
PUNE_G002,2024-10-15,2024,10,15,289,18.5,74.0,0.9757561087608337
PUNE_G002,2024-10-16,2024,10,16,290,18.5,74.0,2.0327117443084717
PUNE_G002,2024-10-17,2024,10,17,291,18.5,74.0,2.4887278079986572
PUNE_G002,2024-10-18,2024,10,18,292,18.5,74.0,1.0414371490478516
PUNE_G002,2024-10-19,2024,10,19,293,18.5,74.0,0.0
PUNE_G002,2024-10-20,2024,10,20,294,18.5,74.0,7.298807144165039
PUNE_G002,2024-10-21,2024,10,21,295,18.5,74.0,0.45976725220680237
PUNE_G002,2024-10-22,2024,10,22,296,18.5,74.0,0.4738427996635437
PUNE_G002,2024-10-23,2024,10,23,297,18.5,74.0,1.5399891138076782
PUNE_G002,2024-10-24,2024,10,24,298,18.5,74.0,0.0
PUNE_G002,2024-10-25,2024,10,25,299,18.5,74.0,0.0
PUNE_G002,2024-10-26,2024,10,26,300,18.5,74.0,0.0
PUNE_G002,2024-10-27,2024,10,27,301,18.5,74.0,0.0
PUNE_G002,2024-10-28,2024,10,28,302,18.5,74.0,0.0
PUNE_G002,2024-10-29,2024,10,29,303,18.5,74.0,0.0
PUNE_G002,2024-10-30,2024,10,30,304,18.5,74.0,0.0
PUNE_G002,2024-10-31,2024,10,31,305,18.5,74.0,0.0
PUNE_G002,2024-11-01,2024,11,1,306,18.5,74.0,0.0
PUNE_G002,2024-11-02,2024,11,2,307,18.5,74.0,0.0
PUNE_G002,2024-11-03,2024,11,3,308,18.5,74.0,0.0
PUNE_G002,2024-11-04,2024,11,4,309,18.5,74.0,0.0
PUNE_G002,2024-11-05,2024,11,5,310,18.5,74.0,0.0
PUNE_G002,2024-11-06,2024,11,6,311,18.5,74.0,0.0
PUNE_G002,2024-11-07,2024,11,7,312,18.5,74.0,0.0
PUNE_G002,2024-11-08,2024,11,8,313,18.5,74.0,0.0
PUNE_G002,2024-11-09,2024,11,9,314,18.5,74.0,0.0
PUNE_G002,2024-11-10,2024,11,10,315,18.5,74.0,0.0
PUNE_G002,2024-11-11,2024,11,11,316,18.5,74.0,0.0
PUNE_G002,2024-11-12,2024,11,12,317,18.5,74.0,0.0
PUNE_G002,2024-11-13,2024,11,13,318,18.5,74.0,0.0
PUNE_G002,2024-11-14,2024,11,14,319,18.5,74.0,0.0
PUNE_G002,2024-11-15,2024,11,15,320,18.5,74.0,0.0
PUNE_G002,2024-11-16,2024,11,16,321,18.5,74.0,0.0
PUNE_G002,2024-11-17,2024,11,17,322,18.5,74.0,0.0
PUNE_G002,2024-11-18,2024,11,18,323,18.5,74.0,0.0
PUNE_G002,2024-11-19,2024,11,19,324,18.5,74.0,0.0
PUNE_G002,2024-11-20,2024,11,20,325,18.5,74.0,0.0
PUNE_G002,2024-11-21,2024,11,21,326,18.5,74.0,0.0
PUNE_G002,2024-11-22,2024,11,22,327,18.5,74.0,0.0
PUNE_G002,2024-11-23,2024,11,23,328,18.5,74.0,0.0
PUNE_G002,2024-11-24,2024,11,24,329,18.5,74.0,0.0
PUNE_G002,2024-11-25,2024,11,25,330,18.5,74.0,0.0
PUNE_G002,2024-11-26,2024,11,26,331,18.5,74.0,0.0
PUNE_G002,2024-11-27,2024,11,27,332,18.5,74.0,0.0
PUNE_G002,2024-11-28,2024,11,28,333,18.5,74.0,0.0
PUNE_G002,2024-11-29,2024,11,29,334,18.5,74.0,0.0
PUNE_G002,2024-11-30,2024,11,30,335,18.5,74.0,0.0
PUNE_G002,2024-12-01,2024,12,1,336,18.5,74.0,0.0
PUNE_G002,2024-12-02,2024,12,2,337,18.5,74.0,0.0
PUNE_G002,2024-12-03,2024,12,3,338,18.5,74.0,0.0
PUNE_G002,2024-12-04,2024,12,4,339,18.5,74.0,0.13136206567287445
PUNE_G002,2024-12-05,2024,12,5,340,18.5,74.0,0.0
PUNE_G002,2024-12-06,2024,12,6,341,18.5,74.0,0.0
PUNE_G002,2024-12-07,2024,12,7,342,18.5,74.0,0.0
PUNE_G002,2024-12-08,2024,12,8,343,18.5,74.0,0.0
PUNE_G002,2024-12-09,2024,12,9,344,18.5,74.0,0.0
PUNE_G002,2024-12-10,2024,12,10,345,18.5,74.0,0.0
PUNE_G002,2024-12-11,2024,12,11,346,18.5,74.0,0.0
PUNE_G002,2024-12-12,2024,12,12,347,18.5,74.0,0.0
PUNE_G002,2024-12-13,2024,12,13,348,18.5,74.0,0.0
PUNE_G002,2024-12-14,2024,12,14,349,18.5,74.0,0.0
PUNE_G002,2024-12-15,2024,12,15,350,18.5,74.0,0.0
PUNE_G002,2024-12-16,2024,12,16,351,18.5,74.0,0.0
PUNE_G002,2024-12-17,2024,12,17,352,18.5,74.0,0.0
PUNE_G002,2024-12-18,2024,12,18,353,18.5,74.0,0.0
PUNE_G002,2024-12-19,2024,12,19,354,18.5,74.0,0.0
PUNE_G002,2024-12-20,2024,12,20,355,18.5,74.0,0.0
PUNE_G002,2024-12-21,2024,12,21,356,18.5,74.0,0.0
PUNE_G002,2024-12-22,2024,12,22,357,18.5,74.0,0.0
PUNE_G002,2024-12-23,2024,12,23,358,18.5,74.0,0.0
PUNE_G002,2024-12-24,2024,12,24,359,18.5,74.0,0.0
PUNE_G002,2024-12-25,2024,12,25,360,18.5,74.0,0.0
PUNE_G002,2024-12-26,2024,12,26,361,18.5,74.0,0.0
PUNE_G002,2024-12-27,2024,12,27,362,18.5,74.0,0.0
PUNE_G002,2024-12-28,2024,12,28,363,18.5,74.0,0.0
PUNE_G002,2024-12-29,2024,12,29,364,18.5,74.0,1.9704309701919556
PUNE_G002,2024-12-30,2024,12,30,365,18.5,74.0,0.0
PUNE_G002,2024-12-31,2024,12,31,366,18.5,74.0,0.0
PUNE_G002,2025-01-01,2025,1,1,1,18.5,74.0,0.0
PUNE_G002,2025-01-02,2025,1,2,2,18.5,74.0,0.0
PUNE_G002,2025-01-03,2025,1,3,3,18.5,74.0,0.0
PUNE_G002,2025-01-04,2025,1,4,4,18.5,74.0,0.0
PUNE_G002,2025-01-05,2025,1,5,5,18.5,74.0,0.0
PUNE_G002,2025-01-06,2025,1,6,6,18.5,74.0,0.0
PUNE_G002,2025-01-07,2025,1,7,7,18.5,74.0,0.0
PUNE_G002,2025-01-08,2025,1,8,8,18.5,74.0,0.0
PUNE_G002,2025-01-09,2025,1,9,9,18.5,74.0,0.0
PUNE_G002,2025-01-10,2025,1,10,10,18.5,74.0,0.0
PUNE_G002,2025-01-11,2025,1,11,11,18.5,74.0,0.0
PUNE_G002,2025-01-12,2025,1,12,12,18.5,74.0,0.0
PUNE_G002,2025-01-13,2025,1,13,13,18.5,74.0,0.0
PUNE_G002,2025-01-14,2025,1,14,14,18.5,74.0,0.0
PUNE_G002,2025-01-15,2025,1,15,15,18.5,74.0,0.0
PUNE_G002,2025-01-16,2025,1,16,16,18.5,74.0,0.0
PUNE_G002,2025-01-17,2025,1,17,17,18.5,74.0,0.0
PUNE_G002,2025-01-18,2025,1,18,18,18.5,74.0,0.0
PUNE_G002,2025-01-19,2025,1,19,19,18.5,74.0,0.0
PUNE_G002,2025-01-20,2025,1,20,20,18.5,74.0,0.0
PUNE_G002,2025-01-21,2025,1,21,21,18.5,74.0,0.0
PUNE_G002,2025-01-22,2025,1,22,22,18.5,74.0,0.0
PUNE_G002,2025-01-23,2025,1,23,23,18.5,74.0,0.0
PUNE_G002,2025-01-24,2025,1,24,24,18.5,74.0,0.0
PUNE_G002,2025-01-25,2025,1,25,25,18.5,74.0,0.0
PUNE_G002,2025-01-26,2025,1,26,26,18.5,74.0,0.0
PUNE_G002,2025-01-27,2025,1,27,27,18.5,74.0,0.0
PUNE_G002,2025-01-28,2025,1,28,28,18.5,74.0,0.0
PUNE_G002,2025-01-29,2025,1,29,29,18.5,74.0,0.0
PUNE_G002,2025-01-30,2025,1,30,30,18.5,74.0,0.0
PUNE_G002,2025-01-31,2025,1,31,31,18.5,74.0,0.0
PUNE_G002,2025-02-01,2025,2,1,32,18.5,74.0,0.0
PUNE_G002,2025-02-02,2025,2,2,33,18.5,74.0,0.0
PUNE_G002,2025-02-03,2025,2,3,34,18.5,74.0,0.0
PUNE_G002,2025-02-04,2025,2,4,35,18.5,74.0,0.0
PUNE_G002,2025-02-05,2025,2,5,36,18.5,74.0,0.0
PUNE_G002,2025-02-06,2025,2,6,37,18.5,74.0,0.0
PUNE_G002,2025-02-07,2025,2,7,38,18.5,74.0,0.0
PUNE_G002,2025-02-08,2025,2,8,39,18.5,74.0,0.0
PUNE_G002,2025-02-09,2025,2,9,40,18.5,74.0,0.0
PUNE_G002,2025-02-10,2025,2,10,41,18.5,74.0,0.0
PUNE_G002,2025-02-11,2025,2,11,42,18.5,74.0,0.0
PUNE_G002,2025-02-12,2025,2,12,43,18.5,74.0,0.0
PUNE_G002,2025-02-13,2025,2,13,44,18.5,74.0,0.0
PUNE_G002,2025-02-14,2025,2,14,45,18.5,74.0,0.0
PUNE_G002,2025-02-15,2025,2,15,46,18.5,74.0,0.0
PUNE_G002,2025-02-16,2025,2,16,47,18.5,74.0,0.0
PUNE_G002,2025-02-17,2025,2,17,48,18.5,74.0,0.0
PUNE_G002,2025-02-18,2025,2,18,49,18.5,74.0,0.0
PUNE_G002,2025-02-19,2025,2,19,50,18.5,74.0,0.0
PUNE_G002,2025-02-20,2025,2,20,51,18.5,74.0,0.0
PUNE_G002,2025-02-21,2025,2,21,52,18.5,74.0,0.0
PUNE_G002,2025-02-22,2025,2,22,53,18.5,74.0,0.0
PUNE_G002,2025-02-23,2025,2,23,54,18.5,74.0,0.0
PUNE_G002,2025-02-24,2025,2,24,55,18.5,74.0,0.0
PUNE_G002,2025-02-25,2025,2,25,56,18.5,74.0,0.0
PUNE_G002,2025-02-26,2025,2,26,57,18.5,74.0,0.0
PUNE_G002,2025-02-27,2025,2,27,58,18.5,74.0,0.0
PUNE_G002,2025-02-28,2025,2,28,59,18.5,74.0,0.0
PUNE_G002,2025-03-01,2025,3,1,60,18.5,74.0,0.0
PUNE_G002,2025-03-02,2025,3,2,61,18.5,74.0,0.0
PUNE_G002,2025-03-03,2025,3,3,62,18.5,74.0,0.0
PUNE_G002,2025-03-04,2025,3,4,63,18.5,74.0,0.0
PUNE_G002,2025-03-05,2025,3,5,64,18.5,74.0,0.0
PUNE_G002,2025-03-06,2025,3,6,65,18.5,74.0,0.0
PUNE_G002,2025-03-07,2025,3,7,66,18.5,74.0,0.0
PUNE_G002,2025-03-08,2025,3,8,67,18.5,74.0,0.0
PUNE_G002,2025-03-09,2025,3,9,68,18.5,74.0,0.0
PUNE_G002,2025-03-10,2025,3,10,69,18.5,74.0,0.0
PUNE_G002,2025-03-11,2025,3,11,70,18.5,74.0,0.0
PUNE_G002,2025-03-12,2025,3,12,71,18.5,74.0,0.0
PUNE_G002,2025-03-13,2025,3,13,72,18.5,74.0,0.0
PUNE_G002,2025-03-14,2025,3,14,73,18.5,74.0,0.0
PUNE_G002,2025-03-15,2025,3,15,74,18.5,74.0,0.0
PUNE_G002,2025-03-16,2025,3,16,75,18.5,74.0,0.0
PUNE_G002,2025-03-17,2025,3,17,76,18.5,74.0,0.0
PUNE_G002,2025-03-18,2025,3,18,77,18.5,74.0,0.0
PUNE_G002,2025-03-19,2025,3,19,78,18.5,74.0,0.0
PUNE_G002,2025-03-20,2025,3,20,79,18.5,74.0,0.0
PUNE_G002,2025-03-21,2025,3,21,80,18.5,74.0,0.0
PUNE_G002,2025-03-22,2025,3,22,81,18.5,74.0,0.0
PUNE_G002,2025-03-23,2025,3,23,82,18.5,74.0,0.0
PUNE_G002,2025-03-24,2025,3,24,83,18.5,74.0,0.0
PUNE_G002,2025-03-25,2025,3,25,84,18.5,74.0,0.0
PUNE_G002,2025-03-26,2025,3,26,85,18.5,74.0,0.0
PUNE_G002,2025-03-27,2025,3,27,86,18.5,74.0,0.0
PUNE_G002,2025-03-28,2025,3,28,87,18.5,74.0,0.0
PUNE_G002,2025-03-29,2025,3,29,88,18.5,74.0,0.0
PUNE_G002,2025-03-30,2025,3,30,89,18.5,74.0,0.0
PUNE_G002,2025-03-31,2025,3,31,90,18.5,74.0,0.0
PUNE_G002,2025-04-01,2025,4,1,91,18.5,74.0,0.0
PUNE_G002,2025-04-02,2025,4,2,92,18.5,74.0,0.0
PUNE_G002,2025-04-03,2025,4,3,93,18.5,74.0,0.0
PUNE_G002,2025-04-04,2025,4,4,94,18.5,74.0,6.087035655975342
PUNE_G002,2025-04-05,2025,4,5,95,18.5,74.0,0.0
PUNE_G002,2025-04-06,2025,4,6,96,18.5,74.0,0.0
PUNE_G002,2025-04-07,2025,4,7,97,18.5,74.0,0.0
PUNE_G002,2025-04-08,2025,4,8,98,18.5,74.0,0.0
PUNE_G002,2025-04-09,2025,4,9,99,18.5,74.0,0.0
PUNE_G002,2025-04-10,2025,4,10,100,18.5,74.0,0.0
PUNE_G002,2025-04-11,2025,4,11,101,18.5,74.0,0.0
PUNE_G002,2025-04-12,2025,4,12,102,18.5,74.0,0.0
PUNE_G002,2025-04-13,2025,4,13,103,18.5,74.0,0.0
PUNE_G002,2025-04-14,2025,4,14,104,18.5,74.0,0.0
PUNE_G002,2025-04-15,2025,4,15,105,18.5,74.0,0.0
PUNE_G002,2025-04-16,2025,4,16,106,18.5,74.0,0.0
PUNE_G002,2025-04-17,2025,4,17,107,18.5,74.0,0.0
PUNE_G002,2025-04-18,2025,4,18,108,18.5,74.0,0.0
PUNE_G002,2025-04-19,2025,4,19,109,18.5,74.0,0.0
PUNE_G002,2025-04-20,2025,4,20,110,18.5,74.0,0.0
PUNE_G002,2025-04-21,2025,4,21,111,18.5,74.0,0.0
PUNE_G002,2025-04-22,2025,4,22,112,18.5,74.0,0.0
PUNE_G002,2025-04-23,2025,4,23,113,18.5,74.0,0.0
PUNE_G002,2025-04-24,2025,4,24,114,18.5,74.0,0.0
PUNE_G002,2025-04-25,2025,4,25,115,18.5,74.0,0.0
PUNE_G002,2025-04-26,2025,4,26,116,18.5,74.0,0.0
PUNE_G002,2025-04-27,2025,4,27,117,18.5,74.0,0.0
PUNE_G002,2025-04-28,2025,4,28,118,18.5,74.0,0.0
PUNE_G002,2025-04-29,2025,4,29,119,18.5,74.0,0.0
PUNE_G002,2025-04-30,2025,4,30,120,18.5,74.0,0.0
PUNE_G002,2025-05-01,2025,5,1,121,18.5,74.0,0.0
PUNE_G002,2025-05-02,2025,5,2,122,18.5,74.0,0.0
PUNE_G002,2025-05-03,2025,5,3,123,18.5,74.0,0.0
PUNE_G002,2025-05-04,2025,5,4,124,18.5,74.0,0.0
PUNE_G002,2025-05-05,2025,5,5,125,18.5,74.0,0.0
PUNE_G002,2025-05-06,2025,5,6,126,18.5,74.0,0.0
PUNE_G002,2025-05-07,2025,5,7,127,18.5,74.0,0.0
PUNE_G002,2025-05-08,2025,5,8,128,18.5,74.0,0.0
PUNE_G002,2025-05-09,2025,5,9,129,18.5,74.0,0.0
PUNE_G002,2025-05-10,2025,5,10,130,18.5,74.0,3.678138017654419
PUNE_G002,2025-05-11,2025,5,11,131,18.5,74.0,0.0
PUNE_G002,2025-05-12,2025,5,12,132,18.5,74.0,0.0
PUNE_G002,2025-05-13,2025,5,13,133,18.5,74.0,2.136132001876831
PUNE_G002,2025-05-14,2025,5,14,134,18.5,74.0,19.15845489501953
PUNE_G002,2025-05-15,2025,5,15,135,18.5,74.0,0.0
PUNE_G002,2025-05-16,2025,5,16,136,18.5,74.0,0.19704310595989227
PUNE_G002,2025-05-17,2025,5,17,137,18.5,74.0,16.326305389404297
PUNE_G002,2025-05-18,2025,5,18,138,18.5,74.0,0.0
PUNE_G002,2025-05-19,2025,5,19,139,18.5,74.0,4.985895156860352
PUNE_G002,2025-05-20,2025,5,20,140,18.5,74.0,9.354301452636719
PUNE_G002,2025-05-21,2025,5,21,141,18.5,74.0,33.85703659057617
PUNE_G002,2025-05-22,2025,5,22,142,18.5,74.0,25.766357421875
PUNE_G002,2025-05-23,2025,5,23,143,18.5,74.0,13.19112491607666
PUNE_G002,2025-05-24,2025,5,24,144,18.5,74.0,10.127326011657715
PUNE_G002,2025-05-25,2025,5,25,145,18.5,74.0,33.14127731323242
PUNE_G002,2025-05-26,2025,5,26,146,18.5,74.0,33.61736297607422
PUNE_G002,2025-05-27,2025,5,27,147,18.5,74.0,24.278308868408203
PUNE_G002,2025-05-28,2025,5,28,148,18.5,74.0,9.179577827453613
PUNE_G002,2025-05-29,2025,5,29,149,18.5,74.0,3.1887428760528564
PUNE_G002,2025-05-30,2025,5,30,150,18.5,74.0,0.0
PUNE_G002,2025-05-31,2025,5,31,151,18.5,74.0,0.0
PUNE_G002,2025-06-01,2025,6,1,152,18.5,74.0,0.0
PUNE_G002,2025-06-02,2025,6,2,153,18.5,74.0,1.3779258728027344
PUNE_G002,2025-06-03,2025,6,3,154,18.5,74.0,0.0
PUNE_G002,2025-06-04,2025,6,4,155,18.5,74.0,0.0
PUNE_G002,2025-06-05,2025,6,5,156,18.5,74.0,12.520493507385254
PUNE_G002,2025-06-06,2025,6,6,157,18.5,74.0,1.1846070289611816
PUNE_G002,2025-06-07,2025,6,7,158,18.5,74.0,6.753670692443848
PUNE_G002,2025-06-08,2025,6,8,159,18.5,74.0,3.300475597381592
PUNE_G002,2025-06-09,2025,6,9,160,18.5,74.0,0.0
PUNE_G002,2025-06-10,2025,6,10,161,18.5,74.0,0.0
PUNE_G002,2025-06-11,2025,6,11,162,18.5,74.0,0.0
PUNE_G002,2025-06-12,2025,6,12,163,18.5,74.0,9.778597831726074
PUNE_G002,2025-06-13,2025,6,13,164,18.5,74.0,18.147302627563477
PUNE_G002,2025-06-14,2025,6,14,165,18.5,74.0,25.509183883666992
PUNE_G002,2025-06-15,2025,6,15,166,18.5,74.0,6.636704444885254
PUNE_G002,2025-06-16,2025,6,16,167,18.5,74.0,22.08256721496582
PUNE_G002,2025-06-17,2025,6,17,168,18.5,74.0,8.189774513244629
PUNE_G002,2025-06-18,2025,6,18,169,18.5,74.0,6.6083221435546875
PUNE_G002,2025-06-19,2025,6,19,170,18.5,74.0,15.212166786193848
PUNE_G002,2025-06-20,2025,6,20,171,18.5,74.0,25.23379135131836
PUNE_G002,2025-06-21,2025,6,21,172,18.5,74.0,1.7724369764328003
PUNE_G002,2025-06-22,2025,6,22,173,18.5,74.0,1.5707650184631348
PUNE_G002,2025-06-23,2025,6,23,174,18.5,74.0,1.2380552291870117
PUNE_G002,2025-06-24,2025,6,24,175,18.5,74.0,11.983487129211426
PUNE_G002,2025-06-25,2025,6,25,176,18.5,74.0,1.5323448181152344
PUNE_G002,2025-06-26,2025,6,26,177,18.5,74.0,0.0
PUNE_G002,2025-06-27,2025,6,27,178,18.5,74.0,1.115201711654663
PUNE_G002,2025-06-28,2025,6,28,179,18.5,74.0,3.6156439781188965
PUNE_G002,2025-06-29,2025,6,29,180,18.5,74.0,5.0511674880981445
PUNE_G002,2025-06-30,2025,6,30,181,18.5,74.0,0.852578341960907
PUNE_G002,2025-07-01,2025,7,1,182,18.5,74.0,2.029257297515869
PUNE_G002,2025-07-02,2025,7,2,183,18.5,74.0,2.7909181118011475
PUNE_G002,2025-07-03,2025,7,3,184,18.5,74.0,6.288640022277832
PUNE_G002,2025-07-04,2025,7,4,185,18.5,74.0,3.713740587234497
PUNE_G002,2025-07-05,2025,7,5,186,18.5,74.0,3.8040904998779297
PUNE_G002,2025-07-06,2025,7,6,187,18.5,74.0,4.754481792449951
PUNE_G002,2025-07-07,2025,7,7,188,18.5,74.0,5.945532321929932
PUNE_G002,2025-07-08,2025,7,8,189,18.5,74.0,1.832113265991211
PUNE_G002,2025-07-09,2025,7,9,190,18.5,74.0,0.24982278048992157
PUNE_G002,2025-07-10,2025,7,10,191,18.5,74.0,10.221965789794922
PUNE_G002,2025-07-11,2025,7,11,192,18.5,74.0,0.0
PUNE_G002,2025-07-12,2025,7,12,193,18.5,74.0,2.1674740314483643
PUNE_G002,2025-07-13,2025,7,13,194,18.5,74.0,0.1305120438337326
PUNE_G002,2025-07-14,2025,7,14,195,18.5,74.0,0.16420258581638336
PUNE_G002,2025-07-15,2025,7,15,196,18.5,74.0,3.0540671348571777
PUNE_G002,2025-07-16,2025,7,16,197,18.5,74.0,4.67727518081665
PUNE_G002,2025-07-17,2025,7,17,198,18.5,74.0,0.8432601690292358
PUNE_G002,2025-07-18,2025,7,18,199,18.5,74.0,0.0
PUNE_G002,2025-07-19,2025,7,19,200,18.5,74.0,0.0
PUNE_G002,2025-07-20,2025,7,20,201,18.5,74.0,0.0
PUNE_G002,2025-07-21,2025,7,21,202,18.5,74.0,0.16420258581638336
PUNE_G002,2025-07-22,2025,7,22,203,18.5,74.0,0.4738427996635437
PUNE_G002,2025-07-23,2025,7,23,204,18.5,74.0,2.2276155948638916
PUNE_G002,2025-07-24,2025,7,24,205,18.5,74.0,2.069600820541382
PUNE_G002,2025-07-25,2025,7,25,206,18.5,74.0,2.9227051734924316
PUNE_G002,2025-07-26,2025,7,26,207,18.5,74.0,8.43220329284668
PUNE_G002,2025-07-27,2025,7,27,208,18.5,74.0,4.283100605010986
PUNE_G002,2025-07-28,2025,7,28,209,18.5,74.0,3.2724671363830566
PUNE_G002,2025-07-29,2025,7,29,210,18.5,74.0,1.242784857749939
PUNE_G002,2025-07-30,2025,7,30,211,18.5,74.0,1.115302562713623
PUNE_G002,2025-07-31,2025,7,31,212,18.5,74.0,0.8162832260131836
PUNE_G002,2025-08-01,2025,8,1,213,18.5,74.0,2.499220371246338
PUNE_G002,2025-08-02,2025,8,2,214,18.5,74.0,0.0
PUNE_G002,2025-08-03,2025,8,3,215,18.5,74.0,1.3370018005371094
PUNE_G002,2025-08-04,2025,8,4,216,18.5,74.0,0.0
PUNE_G002,2025-08-05,2025,8,5,217,18.5,74.0,0.0
PUNE_G002,2025-08-06,2025,8,6,218,18.5,74.0,2.9272682666778564
PUNE_G002,2025-08-07,2025,8,7,219,18.5,74.0,0.0
PUNE_G002,2025-08-08,2025,8,8,220,18.5,74.0,0.0
PUNE_G002,2025-08-09,2025,8,9,221,18.5,74.0,1.578693151473999
PUNE_G002,2025-08-10,2025,8,10,222,18.5,74.0,1.7310879230499268
PUNE_G002,2025-08-11,2025,8,11,223,18.5,74.0,0.11846069991588593
PUNE_G002,2025-08-12,2025,8,12,224,18.5,74.0,0.0
PUNE_G002,2025-08-13,2025,8,13,225,18.5,74.0,0.0
PUNE_G002,2025-08-14,2025,8,14,226,18.5,74.0,0.9476855993270874
PUNE_G002,2025-08-15,2025,8,15,227,18.5,74.0,0.0
PUNE_G002,2025-08-16,2025,8,16,228,18.5,74.0,0.26976191997528076
PUNE_G002,2025-08-17,2025,8,17,229,18.5,74.0,1.1236153841018677
PUNE_G002,2025-08-18,2025,8,18,230,18.5,74.0,0.45891720056533813
PUNE_G002,2025-08-19,2025,8,19,231,18.5,74.0,15.207961082458496
PUNE_G002,2025-08-20,2025,8,20,232,18.5,74.0,38.145347595214844
PUNE_G002,2025-08-21,2025,8,21,233,18.5,74.0,3.9789812564849854
PUNE_G002,2025-08-22,2025,8,22,234,18.5,74.0,1.4539035558700562
PUNE_G002,2025-08-23,2025,8,23,235,18.5,74.0,10.838544845581055
PUNE_G002,2025-08-24,2025,8,24,236,18.5,74.0,1.9057830572128296
PUNE_G002,2025-08-25,2025,8,25,237,18.5,74.0,7.840644359588623
PUNE_G002,2025-08-26,2025,8,26,238,18.5,74.0,1.0532045364379883
PUNE_G002,2025-08-27,2025,8,27,239,18.5,74.0,0.21698226034641266
PUNE_G002,2025-08-28,2025,8,28,240,18.5,74.0,1.2362124919891357
PUNE_G002,2025-08-29,2025,8,29,241,18.5,74.0,8.989364624023438
PUNE_G002,2025-08-30,2025,8,30,242,18.5,74.0,2.5254883766174316
PUNE_G002,2025-08-31,2025,8,31,243,18.5,74.0,0.0
PUNE_G002,2025-09-01,2025,9,1,244,18.5,74.0,0.8162832260131836
PUNE_G002,2025-09-02,2025,9,2,245,18.5,74.0,0.0
PUNE_G002,2025-09-03,2025,9,3,246,18.5,74.0,0.13093705475330353
PUNE_G002,2025-09-04,2025,9,4,247,18.5,74.0,0.0
PUNE_G002,2025-09-05,2025,9,5,248,18.5,74.0,0.0
PUNE_G002,2025-09-06,2025,9,6,249,18.5,74.0,0.18414172530174255
PUNE_G002,2025-09-07,2025,9,7,250,18.5,74.0,0.0
PUNE_G002,2025-09-08,2025,9,8,251,18.5,74.0,1.543504238128662
PUNE_G002,2025-09-09,2025,9,9,252,18.5,74.0,0.0
PUNE_G002,2025-09-10,2025,9,10,253,18.5,74.0,0.0
PUNE_G002,2025-09-11,2025,9,11,254,18.5,74.0,1.1846070289611816
PUNE_G002,2025-09-12,2025,9,12,255,18.5,74.0,0.0
PUNE_G002,2025-09-13,2025,9,13,256,18.5,74.0,6.385135650634766
PUNE_G002,2025-09-14,2025,9,14,257,18.5,74.0,8.345738410949707
PUNE_G002,2025-09-15,2025,9,15,258,18.5,74.0,41.20643997192383
PUNE_G002,2025-09-16,2025,9,16,259,18.5,74.0,5.345266342163086
PUNE_G002,2025-09-17,2025,9,17,260,18.5,74.0,14.618515968322754
PUNE_G002,2025-09-18,2025,9,18,261,18.5,74.0,8.326766967773438
PUNE_G002,2025-09-19,2025,9,19,262,18.5,74.0,43.1607551574707
PUNE_G002,2025-09-20,2025,9,20,263,18.5,74.0,0.0
PUNE_G002,2025-09-21,2025,9,21,264,18.5,74.0,3.2840516567230225
PUNE_G002,2025-09-22,2025,9,22,265,18.5,74.0,1.303067684173584
PUNE_G002,2025-09-23,2025,9,23,266,18.5,74.0,11.15050220489502
PUNE_G002,2025-09-24,2025,9,24,267,18.5,74.0,0.8761005997657776
PUNE_G002,2025-09-25,2025,9,25,268,18.5,74.0,0.0
PUNE_G002,2025-09-26,2025,9,26,269,18.5,74.0,2.036111831665039
PUNE_G002,2025-09-27,2025,9,27,270,18.5,74.0,9.775511741638184
PUNE_G002,2025-09-28,2025,9,28,271,18.5,74.0,22.026723861694336
PUNE_G002,2025-09-29,2025,9,29,272,18.5,74.0,3.519510507583618
PUNE_G002,2025-09-30,2025,9,30,273,18.5,74.0,0.3479192852973938
PUNE_G002,2025-10-01,2025,10,1,274,18.5,74.0,0.0
PUNE_G002,2025-10-02,2025,10,2,275,18.5,74.0,0.0
PUNE_G002,2025-10-03,2025,10,3,276,18.5,74.0,0.0
PUNE_G002,2025-10-04,2025,10,4,277,18.5,74.0,0.0
PUNE_G002,2025-10-05,2025,10,5,278,18.5,74.0,0.0
PUNE_G002,2025-10-06,2025,10,6,279,18.5,74.0,0.0
PUNE_G002,2025-10-07,2025,10,7,280,18.5,74.0,0.3553820848464966
PUNE_G002,2025-10-08,2025,10,8,281,18.5,74.0,0.0
PUNE_G002,2025-10-09,2025,10,9,282,18.5,74.0,4.494421005249023
PUNE_G002,2025-10-10,2025,10,10,283,18.5,74.0,0.0
PUNE_G002,2025-10-11,2025,10,11,284,18.5,74.0,0.0
PUNE_G002,2025-10-12,2025,10,12,285,18.5,74.0,0.0
PUNE_G002,2025-10-13,2025,10,13,286,18.5,74.0,0.0
PUNE_G002,2025-10-14,2025,10,14,287,18.5,74.0,0.0
PUNE_G002,2025-10-15,2025,10,15,288,18.5,74.0,0.0
PUNE_G002,2025-10-16,2025,10,16,289,18.5,74.0,3.2055389881134033
PUNE_G002,2025-10-17,2025,10,17,290,18.5,74.0,0.0
PUNE_G002,2025-10-18,2025,10,18,291,18.5,74.0,0.0
PUNE_G002,2025-10-19,2025,10,19,292,18.5,74.0,0.0
PUNE_G002,2025-10-20,2025,10,20,293,18.5,74.0,0.0
PUNE_G002,2025-10-21,2025,10,21,294,18.5,74.0,0.0
PUNE_G002,2025-10-22,2025,10,22,295,18.5,74.0,2.1252548694610596
PUNE_G002,2025-10-23,2025,10,23,296,18.5,74.0,0.0
PUNE_G002,2025-10-24,2025,10,24,297,18.5,74.0,20.470521926879883
PUNE_G002,2025-10-25,2025,10,25,298,18.5,74.0,0.5923035144805908
PUNE_G002,2025-10-26,2025,10,26,299,18.5,74.0,1.7769105434417725
PUNE_G002,2025-10-27,2025,10,27,300,18.5,74.0,13.746721267700195
PUNE_G002,2025-10-28,2025,10,28,301,18.5,74.0,6.858382701873779
PUNE_G002,2025-10-29,2025,10,29,302,18.5,74.0,0.0
PUNE_G002,2025-10-30,2025,10,30,303,18.5,74.0,8.06457805633545
PUNE_G002,2025-10-31,2025,10,31,304,18.5,74.0,1.5100512504577637
PUNE_G002,2025-11-01,2025,11,1,305,18.5,74.0,1.598875880241394
PUNE_G002,2025-11-02,2025,11,2,306,18.5,74.0,3.5748131275177
PUNE_G002,2025-11-03,2025,11,3,307,18.5,74.0,0.4738427996635437
PUNE_G002,2025-11-04,2025,11,4,308,18.5,74.0,0.0
PUNE_G002,2025-11-05,2025,11,5,309,18.5,74.0,0.0
PUNE_G002,2025-11-06,2025,11,6,310,18.5,74.0,0.0
PUNE_G002,2025-11-07,2025,11,7,311,18.5,74.0,0.0
PUNE_G002,2025-11-08,2025,11,8,312,18.5,74.0,0.0
PUNE_G002,2025-11-09,2025,11,9,313,18.5,74.0,0.0
PUNE_G002,2025-11-10,2025,11,10,314,18.5,74.0,0.0
PUNE_G002,2025-11-11,2025,11,11,315,18.5,74.0,0.0
PUNE_G002,2025-11-12,2025,11,12,316,18.5,74.0,0.0
PUNE_G002,2025-11-13,2025,11,13,317,18.5,74.0,0.0
PUNE_G002,2025-11-14,2025,11,14,318,18.5,74.0,0.0
PUNE_G002,2025-11-15,2025,11,15,319,18.5,74.0,0.0
PUNE_G002,2025-11-16,2025,11,16,320,18.5,74.0,0.0
PUNE_G002,2025-11-17,2025,11,17,321,18.5,74.0,0.0
PUNE_G002,2025-11-18,2025,11,18,322,18.5,74.0,0.0
PUNE_G002,2025-11-19,2025,11,19,323,18.5,74.0,0.0
PUNE_G002,2025-11-20,2025,11,20,324,18.5,74.0,0.0
PUNE_G002,2025-11-21,2025,11,21,325,18.5,74.0,0.0
PUNE_G002,2025-11-22,2025,11,22,326,18.5,74.0,0.0
PUNE_G002,2025-11-23,2025,11,23,327,18.5,74.0,0.0
PUNE_G002,2025-11-24,2025,11,24,328,18.5,74.0,0.0
PUNE_G002,2025-11-25,2025,11,25,329,18.5,74.0,0.0
PUNE_G002,2025-11-26,2025,11,26,330,18.5,74.0,0.0
PUNE_G002,2025-11-27,2025,11,27,331,18.5,74.0,0.0
PUNE_G002,2025-11-28,2025,11,28,332,18.5,74.0,0.0
PUNE_G002,2025-11-29,2025,11,29,333,18.5,74.0,0.0
PUNE_G002,2025-11-30,2025,11,30,334,18.5,74.0,0.0
PUNE_G002,2025-12-01,2025,12,1,335,18.5,74.0,0.0
PUNE_G002,2025-12-02,2025,12,2,336,18.5,74.0,0.0
PUNE_G002,2025-12-03,2025,12,3,337,18.5,74.0,0.0
PUNE_G002,2025-12-04,2025,12,4,338,18.5,74.0,0.0
PUNE_G002,2025-12-05,2025,12,5,339,18.5,74.0,0.0
PUNE_G002,2025-12-06,2025,12,6,340,18.5,74.0,0.0
PUNE_G002,2025-12-07,2025,12,7,341,18.5,74.0,0.0
PUNE_G002,2025-12-08,2025,12,8,342,18.5,74.0,0.0
PUNE_G002,2025-12-09,2025,12,9,343,18.5,74.0,0.0
PUNE_G002,2025-12-10,2025,12,10,344,18.5,74.0,0.0
PUNE_G002,2025-12-11,2025,12,11,345,18.5,74.0,0.0
PUNE_G002,2025-12-12,2025,12,12,346,18.5,74.0,0.0
PUNE_G002,2025-12-13,2025,12,13,347,18.5,74.0,0.0
PUNE_G002,2025-12-14,2025,12,14,348,18.5,74.0,0.0
PUNE_G002,2025-12-15,2025,12,15,349,18.5,74.0,0.0
PUNE_G002,2025-12-16,2025,12,16,350,18.5,74.0,0.0
PUNE_G002,2025-12-17,2025,12,17,351,18.5,74.0,0.0
PUNE_G002,2025-12-18,2025,12,18,352,18.5,74.0,0.0
PUNE_G002,2025-12-19,2025,12,19,353,18.5,74.0,0.0
PUNE_G002,2025-12-20,2025,12,20,354,18.5,74.0,0.0
PUNE_G002,2025-12-21,2025,12,21,355,18.5,74.0,0.0
PUNE_G002,2025-12-22,2025,12,22,356,18.5,74.0,0.0
PUNE_G002,2025-12-23,2025,12,23,357,18.5,74.0,0.0
PUNE_G002,2025-12-24,2025,12,24,358,18.5,74.0,0.0
PUNE_G002,2025-12-25,2025,12,25,359,18.5,74.0,0.0
PUNE_G002,2025-12-26,2025,12,26,360,18.5,74.0,0.0
PUNE_G002,2025-12-27,2025,12,27,361,18.5,74.0,0.0
PUNE_G002,2025-12-28,2025,12,28,362,18.5,74.0,0.0
PUNE_G002,2025-12-29,2025,12,29,363,18.5,74.0,0.0
PUNE_G002,2025-12-30,2025,12,30,364,18.5,74.0,0.0
PUNE_G002,2025-12-31,2025,12,31,365,18.5,74.0,0.0
PUNE_G003,2015-01-01,2015,1,1,1,18.75,73.75,0.0
PUNE_G003,2015-01-02,2015,1,2,2,18.75,73.75,0.0
PUNE_G003,2015-01-03,2015,1,3,3,18.75,73.75,0.0
PUNE_G003,2015-01-04,2015,1,4,4,18.75,73.75,0.0
PUNE_G003,2015-01-05,2015,1,5,5,18.75,73.75,0.0
PUNE_G003,2015-01-06,2015,1,6,6,18.75,73.75,0.0
PUNE_G003,2015-01-07,2015,1,7,7,18.75,73.75,0.0
PUNE_G003,2015-01-08,2015,1,8,8,18.75,73.75,0.0
PUNE_G003,2015-01-09,2015,1,9,9,18.75,73.75,0.0
PUNE_G003,2015-01-10,2015,1,10,10,18.75,73.75,0.0
PUNE_G003,2015-01-11,2015,1,11,11,18.75,73.75,0.0
PUNE_G003,2015-01-12,2015,1,12,12,18.75,73.75,0.0
PUNE_G003,2015-01-13,2015,1,13,13,18.75,73.75,0.0
PUNE_G003,2015-01-14,2015,1,14,14,18.75,73.75,0.0
PUNE_G003,2015-01-15,2015,1,15,15,18.75,73.75,0.0
PUNE_G003,2015-01-16,2015,1,16,16,18.75,73.75,0.0
PUNE_G003,2015-01-17,2015,1,17,17,18.75,73.75,0.0
PUNE_G003,2015-01-18,2015,1,18,18,18.75,73.75,0.0
PUNE_G003,2015-01-19,2015,1,19,19,18.75,73.75,0.0
PUNE_G003,2015-01-20,2015,1,20,20,18.75,73.75,0.0
PUNE_G003,2015-01-21,2015,1,21,21,18.75,73.75,0.0
PUNE_G003,2015-01-22,2015,1,22,22,18.75,73.75,0.0
PUNE_G003,2015-01-23,2015,1,23,23,18.75,73.75,0.0
PUNE_G003,2015-01-24,2015,1,24,24,18.75,73.75,0.0
PUNE_G003,2015-01-25,2015,1,25,25,18.75,73.75,0.0
PUNE_G003,2015-01-26,2015,1,26,26,18.75,73.75,0.0
PUNE_G003,2015-01-27,2015,1,27,27,18.75,73.75,0.0
PUNE_G003,2015-01-28,2015,1,28,28,18.75,73.75,0.0
PUNE_G003,2015-01-29,2015,1,29,29,18.75,73.75,0.0
PUNE_G003,2015-01-30,2015,1,30,30,18.75,73.75,0.0
PUNE_G003,2015-01-31,2015,1,31,31,18.75,73.75,0.0
PUNE_G003,2015-02-01,2015,2,1,32,18.75,73.75,0.0
PUNE_G003,2015-02-02,2015,2,2,33,18.75,73.75,0.0
PUNE_G003,2015-02-03,2015,2,3,34,18.75,73.75,0.0
PUNE_G003,2015-02-04,2015,2,4,35,18.75,73.75,0.0
PUNE_G003,2015-02-05,2015,2,5,36,18.75,73.75,0.0
PUNE_G003,2015-02-06,2015,2,6,37,18.75,73.75,0.0
PUNE_G003,2015-02-07,2015,2,7,38,18.75,73.75,0.0
PUNE_G003,2015-02-08,2015,2,8,39,18.75,73.75,0.0
PUNE_G003,2015-02-09,2015,2,9,40,18.75,73.75,0.0
PUNE_G003,2015-02-10,2015,2,10,41,18.75,73.75,0.0
PUNE_G003,2015-02-11,2015,2,11,42,18.75,73.75,0.0
PUNE_G003,2015-02-12,2015,2,12,43,18.75,73.75,0.0
PUNE_G003,2015-02-13,2015,2,13,44,18.75,73.75,0.0
PUNE_G003,2015-02-14,2015,2,14,45,18.75,73.75,0.0
PUNE_G003,2015-02-15,2015,2,15,46,18.75,73.75,0.0
PUNE_G003,2015-02-16,2015,2,16,47,18.75,73.75,0.0
PUNE_G003,2015-02-17,2015,2,17,48,18.75,73.75,0.0
PUNE_G003,2015-02-18,2015,2,18,49,18.75,73.75,0.0
PUNE_G003,2015-02-19,2015,2,19,50,18.75,73.75,0.0
PUNE_G003,2015-02-20,2015,2,20,51,18.75,73.75,0.0
PUNE_G003,2015-02-21,2015,2,21,52,18.75,73.75,0.0
PUNE_G003,2015-02-22,2015,2,22,53,18.75,73.75,0.0
PUNE_G003,2015-02-23,2015,2,23,54,18.75,73.75,0.0
PUNE_G003,2015-02-24,2015,2,24,55,18.75,73.75,0.0
PUNE_G003,2015-02-25,2015,2,25,56,18.75,73.75,0.0
PUNE_G003,2015-02-26,2015,2,26,57,18.75,73.75,0.0
PUNE_G003,2015-02-27,2015,2,27,58,18.75,73.75,0.0
PUNE_G003,2015-02-28,2015,2,28,59,18.75,73.75,0.0
PUNE_G003,2015-03-01,2015,3,1,60,18.75,73.75,42.064056396484375
PUNE_G003,2015-03-02,2015,3,2,61,18.75,73.75,15.186423301696777
PUNE_G003,2015-03-03,2015,3,3,62,18.75,73.75,0.2199040949344635
PUNE_G003,2015-03-04,2015,3,4,63,18.75,73.75,0.0
PUNE_G003,2015-03-05,2015,3,5,64,18.75,73.75,0.0
PUNE_G003,2015-03-06,2015,3,6,65,18.75,73.75,0.0
PUNE_G003,2015-03-07,2015,3,7,66,18.75,73.75,0.0
PUNE_G003,2015-03-08,2015,3,8,67,18.75,73.75,0.0
PUNE_G003,2015-03-09,2015,3,9,68,18.75,73.75,0.0
PUNE_G003,2015-03-10,2015,3,10,69,18.75,73.75,0.0
PUNE_G003,2015-03-11,2015,3,11,70,18.75,73.75,1.4169600009918213
PUNE_G003,2015-03-12,2015,3,12,71,18.75,73.75,0.0
PUNE_G003,2015-03-13,2015,3,13,72,18.75,73.75,0.0
PUNE_G003,2015-03-14,2015,3,14,73,18.75,73.75,0.0
PUNE_G003,2015-03-15,2015,3,15,74,18.75,73.75,0.0
PUNE_G003,2015-03-16,2015,3,16,75,18.75,73.75,0.0
PUNE_G003,2015-03-17,2015,3,17,76,18.75,73.75,0.0
PUNE_G003,2015-03-18,2015,3,18,77,18.75,73.75,0.0
PUNE_G003,2015-03-19,2015,3,19,78,18.75,73.75,0.0
PUNE_G003,2015-03-20,2015,3,20,79,18.75,73.75,0.0
PUNE_G003,2015-03-21,2015,3,21,80,18.75,73.75,0.0
PUNE_G003,2015-03-22,2015,3,22,81,18.75,73.75,0.0
PUNE_G003,2015-03-23,2015,3,23,82,18.75,73.75,0.0
PUNE_G003,2015-03-24,2015,3,24,83,18.75,73.75,0.0
PUNE_G003,2015-03-25,2015,3,25,84,18.75,73.75,0.0
PUNE_G003,2015-03-26,2015,3,26,85,18.75,73.75,0.0
PUNE_G003,2015-03-27,2015,3,27,86,18.75,73.75,0.0
PUNE_G003,2015-03-28,2015,3,28,87,18.75,73.75,0.0
PUNE_G003,2015-03-29,2015,3,29,88,18.75,73.75,0.6455461978912354
PUNE_G003,2015-03-30,2015,3,30,89,18.75,73.75,7.582940101623535
PUNE_G003,2015-03-31,2015,3,31,90,18.75,73.75,0.0
PUNE_G003,2015-04-01,2015,4,1,91,18.75,73.75,0.0
PUNE_G003,2015-04-02,2015,4,2,92,18.75,73.75,0.0
PUNE_G003,2015-04-03,2015,4,3,93,18.75,73.75,0.0
PUNE_G003,2015-04-04,2015,4,4,94,18.75,73.75,0.0
PUNE_G003,2015-04-05,2015,4,5,95,18.75,73.75,0.0
PUNE_G003,2015-04-06,2015,4,6,96,18.75,73.75,0.0
PUNE_G003,2015-04-07,2015,4,7,97,18.75,73.75,0.0
PUNE_G003,2015-04-08,2015,4,8,98,18.75,73.75,0.0
PUNE_G003,2015-04-09,2015,4,9,99,18.75,73.75,0.0
PUNE_G003,2015-04-10,2015,4,10,100,18.75,73.75,0.0
PUNE_G003,2015-04-11,2015,4,11,101,18.75,73.75,0.0
PUNE_G003,2015-04-12,2015,4,12,102,18.75,73.75,0.0
PUNE_G003,2015-04-13,2015,4,13,103,18.75,73.75,0.0
PUNE_G003,2015-04-14,2015,4,14,104,18.75,73.75,0.0
PUNE_G003,2015-04-15,2015,4,15,105,18.75,73.75,0.6010712385177612
PUNE_G003,2015-04-16,2015,4,16,106,18.75,73.75,0.2199040949344635
PUNE_G003,2015-04-17,2015,4,17,107,18.75,73.75,0.14892776310443878
PUNE_G003,2015-04-18,2015,4,18,108,18.75,73.75,0.0
PUNE_G003,2015-04-19,2015,4,19,109,18.75,73.75,0.0
PUNE_G003,2015-04-20,2015,4,20,110,18.75,73.75,0.0
PUNE_G003,2015-04-21,2015,4,21,111,18.75,73.75,0.0
PUNE_G003,2015-04-22,2015,4,22,112,18.75,73.75,5.161312580108643
PUNE_G003,2015-04-23,2015,4,23,113,18.75,73.75,0.0
PUNE_G003,2015-04-24,2015,4,24,114,18.75,73.75,0.0
PUNE_G003,2015-04-25,2015,4,25,115,18.75,73.75,0.0
PUNE_G003,2015-04-26,2015,4,26,116,18.75,73.75,0.0
PUNE_G003,2015-04-27,2015,4,27,117,18.75,73.75,0.0
PUNE_G003,2015-04-28,2015,4,28,118,18.75,73.75,0.0
PUNE_G003,2015-04-29,2015,4,29,119,18.75,73.75,0.0
PUNE_G003,2015-04-30,2015,4,30,120,18.75,73.75,0.0
PUNE_G003,2015-05-01,2015,5,1,121,18.75,73.75,0.0
PUNE_G003,2015-05-02,2015,5,2,122,18.75,73.75,0.0
PUNE_G003,2015-05-03,2015,5,3,123,18.75,73.75,0.0
PUNE_G003,2015-05-04,2015,5,4,124,18.75,73.75,0.0
PUNE_G003,2015-05-05,2015,5,5,125,18.75,73.75,0.0
PUNE_G003,2015-05-06,2015,5,6,126,18.75,73.75,3.8039662837982178
PUNE_G003,2015-05-07,2015,5,7,127,18.75,73.75,0.0
PUNE_G003,2015-05-08,2015,5,8,128,18.75,73.75,0.0
PUNE_G003,2015-05-09,2015,5,9,129,18.75,73.75,0.0
PUNE_G003,2015-05-10,2015,5,10,130,18.75,73.75,1.232458233833313
PUNE_G003,2015-05-11,2015,5,11,131,18.75,73.75,0.0
PUNE_G003,2015-05-12,2015,5,12,132,18.75,73.75,0.0
PUNE_G003,2015-05-13,2015,5,13,133,18.75,73.75,0.0
PUNE_G003,2015-05-14,2015,5,14,134,18.75,73.75,45.868446350097656
PUNE_G003,2015-05-15,2015,5,15,135,18.75,73.75,0.0
PUNE_G003,2015-05-16,2015,5,16,136,18.75,73.75,2.811196804046631
PUNE_G003,2015-05-17,2015,5,17,137,18.75,73.75,0.0
PUNE_G003,2015-05-18,2015,5,18,138,18.75,73.75,0.0
PUNE_G003,2015-05-19,2015,5,19,139,18.75,73.75,0.0
PUNE_G003,2015-05-20,2015,5,20,140,18.75,73.75,0.0
PUNE_G003,2015-05-21,2015,5,21,141,18.75,73.75,0.0
PUNE_G003,2015-05-22,2015,5,22,142,18.75,73.75,0.0
PUNE_G003,2015-05-23,2015,5,23,143,18.75,73.75,0.0
PUNE_G003,2015-05-24,2015,5,24,144,18.75,73.75,0.0
PUNE_G003,2015-05-25,2015,5,25,145,18.75,73.75,0.0
PUNE_G003,2015-05-26,2015,5,26,146,18.75,73.75,0.0
PUNE_G003,2015-05-27,2015,5,27,147,18.75,73.75,0.0
PUNE_G003,2015-05-28,2015,5,28,148,18.75,73.75,0.0
PUNE_G003,2015-05-29,2015,5,29,149,18.75,73.75,0.0
PUNE_G003,2015-05-30,2015,5,30,150,18.75,73.75,1.5703331232070923
PUNE_G003,2015-05-31,2015,5,31,151,18.75,73.75,0.0
PUNE_G003,2015-06-01,2015,6,1,152,18.75,73.75,0.0
PUNE_G003,2015-06-02,2015,6,2,153,18.75,73.75,0.0
PUNE_G003,2015-06-03,2015,6,3,154,18.75,73.75,0.0
PUNE_G003,2015-06-04,2015,6,4,155,18.75,73.75,0.0
PUNE_G003,2015-06-05,2015,6,5,156,18.75,73.75,8.767729759216309
PUNE_G003,2015-06-06,2015,6,6,157,18.75,73.75,3.8689258098602295
PUNE_G003,2015-06-07,2015,6,7,158,18.75,73.75,0.0
PUNE_G003,2015-06-08,2015,6,8,159,18.75,73.75,14.842986106872559
PUNE_G003,2015-06-09,2015,6,9,160,18.75,73.75,10.153096199035645
PUNE_G003,2015-06-10,2015,6,10,161,18.75,73.75,1.8574286699295044
PUNE_G003,2015-06-11,2015,6,11,162,18.75,73.75,0.0
PUNE_G003,2015-06-12,2015,6,12,163,18.75,73.75,7.289966106414795
PUNE_G003,2015-06-13,2015,6,13,164,18.75,73.75,0.6106038093566895
PUNE_G003,2015-06-14,2015,6,14,165,18.75,73.75,0.5880371928215027
PUNE_G003,2015-06-15,2015,6,15,166,18.75,73.75,1.7841187715530396
PUNE_G003,2015-06-16,2015,6,16,167,18.75,73.75,4.246286869049072
PUNE_G003,2015-06-17,2015,6,17,168,18.75,73.75,0.4981963336467743
PUNE_G003,2015-06-18,2015,6,18,169,18.75,73.75,0.5348682403564453
PUNE_G003,2015-06-19,2015,6,19,170,18.75,73.75,6.973743438720703
PUNE_G003,2015-06-20,2015,6,20,171,18.75,73.75,8.223803520202637
PUNE_G003,2015-06-21,2015,6,21,172,18.75,73.75,9.779398918151855
PUNE_G003,2015-06-22,2015,6,22,173,18.75,73.75,57.503108978271484
PUNE_G003,2015-06-23,2015,6,23,174,18.75,73.75,15.195941925048828
PUNE_G003,2015-06-24,2015,6,24,175,18.75,73.75,67.5672607421875
PUNE_G003,2015-06-25,2015,6,25,176,18.75,73.75,14.221165657043457
PUNE_G003,2015-06-26,2015,6,26,177,18.75,73.75,1.6010785102844238
PUNE_G003,2015-06-27,2015,6,27,178,18.75,73.75,1.299696683883667
PUNE_G003,2015-06-28,2015,6,28,179,18.75,73.75,0.0
PUNE_G003,2015-06-29,2015,6,29,180,18.75,73.75,0.4342948794364929
PUNE_G003,2015-06-30,2015,6,30,181,18.75,73.75,1.1828808784484863
PUNE_G003,2015-07-01,2015,7,1,182,18.75,73.75,0.0
PUNE_G003,2015-07-02,2015,7,2,183,18.75,73.75,0.0
PUNE_G003,2015-07-03,2015,7,3,184,18.75,73.75,0.0
PUNE_G003,2015-07-04,2015,7,4,185,18.75,73.75,0.0
PUNE_G003,2015-07-05,2015,7,5,186,18.75,73.75,0.0
PUNE_G003,2015-07-06,2015,7,6,187,18.75,73.75,0.0
PUNE_G003,2015-07-07,2015,7,7,188,18.75,73.75,0.0
PUNE_G003,2015-07-08,2015,7,8,189,18.75,73.75,0.1539328694343567
PUNE_G003,2015-07-09,2015,7,9,190,18.75,73.75,3.7255313396453857
PUNE_G003,2015-07-10,2015,7,10,191,18.75,73.75,0.765151858329773
PUNE_G003,2015-07-11,2015,7,11,192,18.75,73.75,2.927495002746582
PUNE_G003,2015-07-12,2015,7,12,193,18.75,73.75,0.0
PUNE_G003,2015-07-13,2015,7,13,194,18.75,73.75,0.26388493180274963
PUNE_G003,2015-07-14,2015,7,14,195,18.75,73.75,0.10262191295623779
PUNE_G003,2015-07-15,2015,7,15,196,18.75,73.75,0.0
PUNE_G003,2015-07-16,2015,7,16,197,18.75,73.75,0.3701687157154083
PUNE_G003,2015-07-17,2015,7,17,198,18.75,73.75,3.1919972896575928
PUNE_G003,2015-07-18,2015,7,18,199,18.75,73.75,1.229670524597168
PUNE_G003,2015-07-19,2015,7,19,200,18.75,73.75,4.8891682624816895
PUNE_G003,2015-07-20,2015,7,20,201,18.75,73.75,5.215790271759033
PUNE_G003,2015-07-21,2015,7,21,202,18.75,73.75,16.267932891845703
PUNE_G003,2015-07-22,2015,7,22,203,18.75,73.75,20.493135452270508
PUNE_G003,2015-07-23,2015,7,23,204,18.75,73.75,4.7006754875183105
PUNE_G003,2015-07-24,2015,7,24,205,18.75,73.75,1.7655450105667114
PUNE_G003,2015-07-25,2015,7,25,206,18.75,73.75,7.8290886878967285
PUNE_G003,2015-07-26,2015,7,26,207,18.75,73.75,4.618978500366211
PUNE_G003,2015-07-27,2015,7,27,208,18.75,73.75,3.4285101890563965
PUNE_G003,2015-07-28,2015,7,28,209,18.75,73.75,9.916302680969238
PUNE_G003,2015-07-29,2015,7,29,210,18.75,73.75,5.029623985290527
PUNE_G003,2015-07-30,2015,7,30,211,18.75,73.75,13.57686996459961
PUNE_G003,2015-07-31,2015,7,31,212,18.75,73.75,2.8264474868774414
PUNE_G003,2015-08-01,2015,8,1,213,18.75,73.75,2.130889415740967
PUNE_G003,2015-08-02,2015,8,2,214,18.75,73.75,1.3213729858398438
PUNE_G003,2015-08-03,2015,8,3,215,18.75,73.75,0.703909158706665
PUNE_G003,2015-08-04,2015,8,4,216,18.75,73.75,0.29320546984672546
PUNE_G003,2015-08-05,2015,8,5,217,18.75,73.75,3.994420289993286
PUNE_G003,2015-08-06,2015,8,6,218,18.75,73.75,2.5188870429992676
PUNE_G003,2015-08-07,2015,8,7,219,18.75,73.75,1.3339916467666626
PUNE_G003,2015-08-08,2015,8,8,220,18.75,73.75,1.3563016653060913
PUNE_G003,2015-08-09,2015,8,9,221,18.75,73.75,0.8556015491485596
PUNE_G003,2015-08-10,2015,8,10,222,18.75,73.75,0.17567873001098633
PUNE_G003,2015-08-11,2015,8,11,223,18.75,73.75,0.0
PUNE_G003,2015-08-12,2015,8,12,224,18.75,73.75,1.5497807264328003
PUNE_G003,2015-08-13,2015,8,13,225,18.75,73.75,0.5045122504234314
PUNE_G003,2015-08-14,2015,8,14,226,18.75,73.75,1.7804900407791138
PUNE_G003,2015-08-15,2015,8,15,227,18.75,73.75,1.0588380098342896
PUNE_G003,2015-08-16,2015,8,16,228,18.75,73.75,0.0
PUNE_G003,2015-08-17,2015,8,17,229,18.75,73.75,1.5319690704345703
PUNE_G003,2015-08-18,2015,8,18,230,18.75,73.75,0.0
PUNE_G003,2015-08-19,2015,8,19,231,18.75,73.75,0.13927260041236877
PUNE_G003,2015-08-20,2015,8,20,232,18.75,73.75,0.0
PUNE_G003,2015-08-21,2015,8,21,233,18.75,73.75,0.0
PUNE_G003,2015-08-22,2015,8,22,234,18.75,73.75,0.5635852813720703
PUNE_G003,2015-08-23,2015,8,23,235,18.75,73.75,0.8722577691078186
PUNE_G003,2015-08-24,2015,8,24,236,18.75,73.75,1.0083814859390259
PUNE_G003,2015-08-25,2015,8,25,237,18.75,73.75,0.25383299589157104
PUNE_G003,2015-08-26,2015,8,26,238,18.75,73.75,6.443451881408691
PUNE_G003,2015-08-27,2015,8,27,239,18.75,73.75,0.1685931384563446
PUNE_G003,2015-08-28,2015,8,28,240,18.75,73.75,1.109364628791809
PUNE_G003,2015-08-29,2015,8,29,241,18.75,73.75,5.099194049835205
PUNE_G003,2015-08-30,2015,8,30,242,18.75,73.75,0.0
PUNE_G003,2015-08-31,2015,8,31,243,18.75,73.75,0.718117356300354
PUNE_G003,2015-09-01,2015,9,1,244,18.75,73.75,0.3408556282520294
PUNE_G003,2015-09-02,2015,9,2,245,18.75,73.75,0.0
PUNE_G003,2015-09-03,2015,9,3,246,18.75,73.75,0.6533746123313904
PUNE_G003,2015-09-04,2015,9,4,247,18.75,73.75,0.0
PUNE_G003,2015-09-05,2015,9,5,248,18.75,73.75,0.0
PUNE_G003,2015-09-06,2015,9,6,249,18.75,73.75,0.0
PUNE_G003,2015-09-07,2015,9,7,250,18.75,73.75,0.0
PUNE_G003,2015-09-08,2015,9,8,251,18.75,73.75,0.0
PUNE_G003,2015-09-09,2015,9,9,252,18.75,73.75,1.4108965396881104
PUNE_G003,2015-09-10,2015,9,10,253,18.75,73.75,16.966218948364258
PUNE_G003,2015-09-11,2015,9,11,254,18.75,73.75,11.662610054016113
PUNE_G003,2015-09-12,2015,9,12,255,18.75,73.75,0.5131096243858337
PUNE_G003,2015-09-13,2015,9,13,256,18.75,73.75,22.03953742980957
PUNE_G003,2015-09-14,2015,9,14,257,18.75,73.75,1.4447360038757324
PUNE_G003,2015-09-15,2015,9,15,258,18.75,73.75,1.0714595317840576
PUNE_G003,2015-09-16,2015,9,16,259,18.75,73.75,4.909083843231201
PUNE_G003,2015-09-17,2015,9,17,260,18.75,73.75,1.7041040658950806
PUNE_G003,2015-09-18,2015,9,18,261,18.75,73.75,7.720828056335449
PUNE_G003,2015-09-19,2015,9,19,262,18.75,73.75,55.82102584838867
PUNE_G003,2015-09-20,2015,9,20,263,18.75,73.75,4.9669365882873535
PUNE_G003,2015-09-21,2015,9,21,264,18.75,73.75,0.35917672514915466
PUNE_G003,2015-09-22,2015,9,22,265,18.75,73.75,0.4877029359340668
PUNE_G003,2015-09-23,2015,9,23,266,18.75,73.75,0.9309273958206177
PUNE_G003,2015-09-24,2015,9,24,267,18.75,73.75,0.0
PUNE_G003,2015-09-25,2015,9,25,268,18.75,73.75,0.0
PUNE_G003,2015-09-26,2015,9,26,269,18.75,73.75,0.0
PUNE_G003,2015-09-27,2015,9,27,270,18.75,73.75,0.0
PUNE_G003,2015-09-28,2015,9,28,271,18.75,73.75,0.0
PUNE_G003,2015-09-29,2015,9,29,272,18.75,73.75,0.0
PUNE_G003,2015-09-30,2015,9,30,273,18.75,73.75,0.0
PUNE_G003,2015-10-01,2015,10,1,274,18.75,73.75,0.0
PUNE_G003,2015-10-02,2015,10,2,275,18.75,73.75,6.684629917144775
PUNE_G003,2015-10-03,2015,10,3,276,18.75,73.75,32.61806106567383
PUNE_G003,2015-10-04,2015,10,4,277,18.75,73.75,16.745758056640625
PUNE_G003,2015-10-05,2015,10,5,278,18.75,73.75,6.02126932144165
PUNE_G003,2015-10-06,2015,10,6,279,18.75,73.75,0.0
PUNE_G003,2015-10-07,2015,10,7,280,18.75,73.75,0.0
PUNE_G003,2015-10-08,2015,10,8,281,18.75,73.75,0.0
PUNE_G003,2015-10-09,2015,10,9,282,18.75,73.75,0.0
PUNE_G003,2015-10-10,2015,10,10,283,18.75,73.75,0.0
PUNE_G003,2015-10-11,2015,10,11,284,18.75,73.75,2.1441733837127686
PUNE_G003,2015-10-12,2015,10,12,285,18.75,73.75,28.025842666625977
PUNE_G003,2015-10-13,2015,10,13,286,18.75,73.75,0.0
PUNE_G003,2015-10-14,2015,10,14,287,18.75,73.75,0.0
PUNE_G003,2015-10-15,2015,10,15,288,18.75,73.75,0.0
PUNE_G003,2015-10-16,2015,10,16,289,18.75,73.75,0.0
PUNE_G003,2015-10-17,2015,10,17,290,18.75,73.75,0.0
PUNE_G003,2015-10-18,2015,10,18,291,18.75,73.75,0.0
PUNE_G003,2015-10-19,2015,10,19,292,18.75,73.75,0.0
PUNE_G003,2015-10-20,2015,10,20,293,18.75,73.75,0.0
PUNE_G003,2015-10-21,2015,10,21,294,18.75,73.75,0.0
PUNE_G003,2015-10-22,2015,10,22,295,18.75,73.75,0.0
PUNE_G003,2015-10-23,2015,10,23,296,18.75,73.75,0.0
PUNE_G003,2015-10-24,2015,10,24,297,18.75,73.75,0.0
PUNE_G003,2015-10-25,2015,10,25,298,18.75,73.75,0.0
PUNE_G003,2015-10-26,2015,10,26,299,18.75,73.75,0.0
PUNE_G003,2015-10-27,2015,10,27,300,18.75,73.75,0.0
PUNE_G003,2015-10-28,2015,10,28,301,18.75,73.75,0.0
PUNE_G003,2015-10-29,2015,10,29,302,18.75,73.75,0.0
PUNE_G003,2015-10-30,2015,10,30,303,18.75,73.75,0.0
PUNE_G003,2015-10-31,2015,10,31,304,18.75,73.75,0.0
PUNE_G003,2015-11-01,2015,11,1,305,18.75,73.75,0.0
PUNE_G003,2015-11-02,2015,11,2,306,18.75,73.75,0.0
PUNE_G003,2015-11-03,2015,11,3,307,18.75,73.75,0.0
PUNE_G003,2015-11-04,2015,11,4,308,18.75,73.75,0.0
PUNE_G003,2015-11-05,2015,11,5,309,18.75,73.75,0.0
PUNE_G003,2015-11-06,2015,11,6,310,18.75,73.75,0.0
PUNE_G003,2015-11-07,2015,11,7,311,18.75,73.75,0.0
PUNE_G003,2015-11-08,2015,11,8,312,18.75,73.75,0.0
PUNE_G003,2015-11-09,2015,11,9,313,18.75,73.75,0.0
PUNE_G003,2015-11-10,2015,11,10,314,18.75,73.75,0.0
PUNE_G003,2015-11-11,2015,11,11,315,18.75,73.75,0.0
PUNE_G003,2015-11-12,2015,11,12,316,18.75,73.75,0.0
PUNE_G003,2015-11-13,2015,11,13,317,18.75,73.75,0.0
PUNE_G003,2015-11-14,2015,11,14,318,18.75,73.75,0.0
PUNE_G003,2015-11-15,2015,11,15,319,18.75,73.75,0.0
PUNE_G003,2015-11-16,2015,11,16,320,18.75,73.75,0.0
PUNE_G003,2015-11-17,2015,11,17,321,18.75,73.75,0.0
PUNE_G003,2015-11-18,2015,11,18,322,18.75,73.75,0.0
PUNE_G003,2015-11-19,2015,11,19,323,18.75,73.75,0.0
PUNE_G003,2015-11-20,2015,11,20,324,18.75,73.75,0.0
PUNE_G003,2015-11-21,2015,11,21,325,18.75,73.75,0.0
PUNE_G003,2015-11-22,2015,11,22,326,18.75,73.75,0.0
PUNE_G003,2015-11-23,2015,11,23,327,18.75,73.75,67.47870635986328
PUNE_G003,2015-11-24,2015,11,24,328,18.75,73.75,24.878515243530273
PUNE_G003,2015-11-25,2015,11,25,329,18.75,73.75,0.0
PUNE_G003,2015-11-26,2015,11,26,330,18.75,73.75,0.0
PUNE_G003,2015-11-27,2015,11,27,331,18.75,73.75,0.0
PUNE_G003,2015-11-28,2015,11,28,332,18.75,73.75,0.0
PUNE_G003,2015-11-29,2015,11,29,333,18.75,73.75,0.0
PUNE_G003,2015-11-30,2015,11,30,334,18.75,73.75,0.0
PUNE_G003,2015-12-01,2015,12,1,335,18.75,73.75,0.0
PUNE_G003,2015-12-02,2015,12,2,336,18.75,73.75,0.0
PUNE_G003,2015-12-03,2015,12,3,337,18.75,73.75,0.0
PUNE_G003,2015-12-04,2015,12,4,338,18.75,73.75,0.0
PUNE_G003,2015-12-05,2015,12,5,339,18.75,73.75,0.0
PUNE_G003,2015-12-06,2015,12,6,340,18.75,73.75,0.0
PUNE_G003,2015-12-07,2015,12,7,341,18.75,73.75,0.0
PUNE_G003,2015-12-08,2015,12,8,342,18.75,73.75,0.0
PUNE_G003,2015-12-09,2015,12,9,343,18.75,73.75,0.0
PUNE_G003,2015-12-10,2015,12,10,344,18.75,73.75,0.0
PUNE_G003,2015-12-11,2015,12,11,345,18.75,73.75,0.0
PUNE_G003,2015-12-12,2015,12,12,346,18.75,73.75,0.0
PUNE_G003,2015-12-13,2015,12,13,347,18.75,73.75,0.0
PUNE_G003,2015-12-14,2015,12,14,348,18.75,73.75,0.0
PUNE_G003,2015-12-15,2015,12,15,349,18.75,73.75,0.0
PUNE_G003,2015-12-16,2015,12,16,350,18.75,73.75,0.0
PUNE_G003,2015-12-17,2015,12,17,351,18.75,73.75,0.0
PUNE_G003,2015-12-18,2015,12,18,352,18.75,73.75,0.0
PUNE_G003,2015-12-19,2015,12,19,353,18.75,73.75,0.0
PUNE_G003,2015-12-20,2015,12,20,354,18.75,73.75,0.0
PUNE_G003,2015-12-21,2015,12,21,355,18.75,73.75,0.0
PUNE_G003,2015-12-22,2015,12,22,356,18.75,73.75,0.0
PUNE_G003,2015-12-23,2015,12,23,357,18.75,73.75,0.0
PUNE_G003,2015-12-24,2015,12,24,358,18.75,73.75,0.0
PUNE_G003,2015-12-25,2015,12,25,359,18.75,73.75,0.0
PUNE_G003,2015-12-26,2015,12,26,360,18.75,73.75,0.0
PUNE_G003,2015-12-27,2015,12,27,361,18.75,73.75,0.0
PUNE_G003,2015-12-28,2015,12,28,362,18.75,73.75,0.0
PUNE_G003,2015-12-29,2015,12,29,363,18.75,73.75,0.0
PUNE_G003,2015-12-30,2015,12,30,364,18.75,73.75,0.0
PUNE_G003,2015-12-31,2015,12,31,365,18.75,73.75,0.0
PUNE_G003,2016-01-01,2016,1,1,1,18.75,73.75,0.0
PUNE_G003,2016-01-02,2016,1,2,2,18.75,73.75,0.0
PUNE_G003,2016-01-03,2016,1,3,3,18.75,73.75,0.0
PUNE_G003,2016-01-04,2016,1,4,4,18.75,73.75,0.0
PUNE_G003,2016-01-05,2016,1,5,5,18.75,73.75,0.0
PUNE_G003,2016-01-06,2016,1,6,6,18.75,73.75,0.0
PUNE_G003,2016-01-07,2016,1,7,7,18.75,73.75,0.0
PUNE_G003,2016-01-08,2016,1,8,8,18.75,73.75,0.0
PUNE_G003,2016-01-09,2016,1,9,9,18.75,73.75,0.0
PUNE_G003,2016-01-10,2016,1,10,10,18.75,73.75,0.0
PUNE_G003,2016-01-11,2016,1,11,11,18.75,73.75,0.0
PUNE_G003,2016-01-12,2016,1,12,12,18.75,73.75,0.0
PUNE_G003,2016-01-13,2016,1,13,13,18.75,73.75,0.0
PUNE_G003,2016-01-14,2016,1,14,14,18.75,73.75,0.0
PUNE_G003,2016-01-15,2016,1,15,15,18.75,73.75,0.0
PUNE_G003,2016-01-16,2016,1,16,16,18.75,73.75,0.0
PUNE_G003,2016-01-17,2016,1,17,17,18.75,73.75,0.0
PUNE_G003,2016-01-18,2016,1,18,18,18.75,73.75,0.0
PUNE_G003,2016-01-19,2016,1,19,19,18.75,73.75,0.0
PUNE_G003,2016-01-20,2016,1,20,20,18.75,73.75,0.0
PUNE_G003,2016-01-21,2016,1,21,21,18.75,73.75,0.0
PUNE_G003,2016-01-22,2016,1,22,22,18.75,73.75,0.0
PUNE_G003,2016-01-23,2016,1,23,23,18.75,73.75,0.0
PUNE_G003,2016-01-24,2016,1,24,24,18.75,73.75,0.0
PUNE_G003,2016-01-25,2016,1,25,25,18.75,73.75,0.0
PUNE_G003,2016-01-26,2016,1,26,26,18.75,73.75,0.0
PUNE_G003,2016-01-27,2016,1,27,27,18.75,73.75,0.0
PUNE_G003,2016-01-28,2016,1,28,28,18.75,73.75,0.0
PUNE_G003,2016-01-29,2016,1,29,29,18.75,73.75,0.0
PUNE_G003,2016-01-30,2016,1,30,30,18.75,73.75,0.0
PUNE_G003,2016-01-31,2016,1,31,31,18.75,73.75,0.0
PUNE_G003,2016-02-01,2016,2,1,32,18.75,73.75,0.0
PUNE_G003,2016-02-02,2016,2,2,33,18.75,73.75,0.0
PUNE_G003,2016-02-03,2016,2,3,34,18.75,73.75,0.0
PUNE_G003,2016-02-04,2016,2,4,35,18.75,73.75,0.0
PUNE_G003,2016-02-05,2016,2,5,36,18.75,73.75,0.0
PUNE_G003,2016-02-06,2016,2,6,37,18.75,73.75,0.0
PUNE_G003,2016-02-07,2016,2,7,38,18.75,73.75,0.0
PUNE_G003,2016-02-08,2016,2,8,39,18.75,73.75,0.0
PUNE_G003,2016-02-09,2016,2,9,40,18.75,73.75,0.0
PUNE_G003,2016-02-10,2016,2,10,41,18.75,73.75,0.0
PUNE_G003,2016-02-11,2016,2,11,42,18.75,73.75,0.0
PUNE_G003,2016-02-12,2016,2,12,43,18.75,73.75,0.0
PUNE_G003,2016-02-13,2016,2,13,44,18.75,73.75,0.0
PUNE_G003,2016-02-14,2016,2,14,45,18.75,73.75,0.0
PUNE_G003,2016-02-15,2016,2,15,46,18.75,73.75,0.0
PUNE_G003,2016-02-16,2016,2,16,47,18.75,73.75,0.0
PUNE_G003,2016-02-17,2016,2,17,48,18.75,73.75,0.0
PUNE_G003,2016-02-18,2016,2,18,49,18.75,73.75,0.0
PUNE_G003,2016-02-19,2016,2,19,50,18.75,73.75,0.0
PUNE_G003,2016-02-20,2016,2,20,51,18.75,73.75,0.0
PUNE_G003,2016-02-21,2016,2,21,52,18.75,73.75,0.0
PUNE_G003,2016-02-22,2016,2,22,53,18.75,73.75,0.0
PUNE_G003,2016-02-23,2016,2,23,54,18.75,73.75,0.0
PUNE_G003,2016-02-24,2016,2,24,55,18.75,73.75,0.0
PUNE_G003,2016-02-25,2016,2,25,56,18.75,73.75,0.0
PUNE_G003,2016-02-26,2016,2,26,57,18.75,73.75,0.0
PUNE_G003,2016-02-27,2016,2,27,58,18.75,73.75,0.0
PUNE_G003,2016-02-28,2016,2,28,59,18.75,73.75,0.0
PUNE_G003,2016-02-29,2016,2,29,60,18.75,73.75,0.0
PUNE_G003,2016-03-01,2016,3,1,61,18.75,73.75,0.0
PUNE_G003,2016-03-02,2016,3,2,62,18.75,73.75,1.5890883207321167
PUNE_G003,2016-03-03,2016,3,3,63,18.75,73.75,1.741295576095581
PUNE_G003,2016-03-04,2016,3,4,64,18.75,73.75,0.31133946776390076
PUNE_G003,2016-03-05,2016,3,5,65,18.75,73.75,1.9404696226119995
PUNE_G003,2016-03-06,2016,3,6,66,18.75,73.75,0.0
PUNE_G003,2016-03-07,2016,3,7,67,18.75,73.75,0.0
PUNE_G003,2016-03-08,2016,3,8,68,18.75,73.75,0.0
PUNE_G003,2016-03-09,2016,3,9,69,18.75,73.75,0.0
PUNE_G003,2016-03-10,2016,3,10,70,18.75,73.75,0.0
PUNE_G003,2016-03-11,2016,3,11,71,18.75,73.75,0.0
PUNE_G003,2016-03-12,2016,3,12,72,18.75,73.75,0.0
PUNE_G003,2016-03-13,2016,3,13,73,18.75,73.75,0.0
PUNE_G003,2016-03-14,2016,3,14,74,18.75,73.75,0.0
PUNE_G003,2016-03-15,2016,3,15,75,18.75,73.75,0.0
PUNE_G003,2016-03-16,2016,3,16,76,18.75,73.75,0.0
PUNE_G003,2016-03-17,2016,3,17,77,18.75,73.75,0.0
PUNE_G003,2016-03-18,2016,3,18,78,18.75,73.75,0.0
PUNE_G003,2016-03-19,2016,3,19,79,18.75,73.75,0.0
PUNE_G003,2016-03-20,2016,3,20,80,18.75,73.75,0.0
PUNE_G003,2016-03-21,2016,3,21,81,18.75,73.75,0.0
PUNE_G003,2016-03-22,2016,3,22,82,18.75,73.75,0.0
PUNE_G003,2016-03-23,2016,3,23,83,18.75,73.75,0.0
PUNE_G003,2016-03-24,2016,3,24,84,18.75,73.75,0.0
PUNE_G003,2016-03-25,2016,3,25,85,18.75,73.75,0.0
PUNE_G003,2016-03-26,2016,3,26,86,18.75,73.75,0.0
PUNE_G003,2016-03-27,2016,3,27,87,18.75,73.75,0.0
PUNE_G003,2016-03-28,2016,3,28,88,18.75,73.75,0.0
PUNE_G003,2016-03-29,2016,3,29,89,18.75,73.75,0.0
PUNE_G003,2016-03-30,2016,3,30,90,18.75,73.75,0.0
PUNE_G003,2016-03-31,2016,3,31,91,18.75,73.75,0.0
PUNE_G003,2016-04-01,2016,4,1,92,18.75,73.75,0.0
PUNE_G003,2016-04-02,2016,4,2,93,18.75,73.75,0.0
PUNE_G003,2016-04-03,2016,4,3,94,18.75,73.75,0.0
PUNE_G003,2016-04-04,2016,4,4,95,18.75,73.75,0.0
PUNE_G003,2016-04-05,2016,4,5,96,18.75,73.75,0.0
PUNE_G003,2016-04-06,2016,4,6,97,18.75,73.75,0.3126005530357361
PUNE_G003,2016-04-07,2016,4,7,98,18.75,73.75,0.0
PUNE_G003,2016-04-08,2016,4,8,99,18.75,73.75,0.0
PUNE_G003,2016-04-09,2016,4,9,100,18.75,73.75,0.0
PUNE_G003,2016-04-10,2016,4,10,101,18.75,73.75,0.0
PUNE_G003,2016-04-11,2016,4,11,102,18.75,73.75,0.0
PUNE_G003,2016-04-12,2016,4,12,103,18.75,73.75,0.0
PUNE_G003,2016-04-13,2016,4,13,104,18.75,73.75,0.0
PUNE_G003,2016-04-14,2016,4,14,105,18.75,73.75,0.0
PUNE_G003,2016-04-15,2016,4,15,106,18.75,73.75,0.0
PUNE_G003,2016-04-16,2016,4,16,107,18.75,73.75,0.0
PUNE_G003,2016-04-17,2016,4,17,108,18.75,73.75,0.0
PUNE_G003,2016-04-18,2016,4,18,109,18.75,73.75,0.0
PUNE_G003,2016-04-19,2016,4,19,110,18.75,73.75,0.0
PUNE_G003,2016-04-20,2016,4,20,111,18.75,73.75,0.0
PUNE_G003,2016-04-21,2016,4,21,112,18.75,73.75,0.0
PUNE_G003,2016-04-22,2016,4,22,113,18.75,73.75,0.0
PUNE_G003,2016-04-23,2016,4,23,114,18.75,73.75,0.0
PUNE_G003,2016-04-24,2016,4,24,115,18.75,73.75,0.0
PUNE_G003,2016-04-25,2016,4,25,116,18.75,73.75,0.0
PUNE_G003,2016-04-26,2016,4,26,117,18.75,73.75,0.0
PUNE_G003,2016-04-27,2016,4,27,118,18.75,73.75,0.0
PUNE_G003,2016-04-28,2016,4,28,119,18.75,73.75,0.0
PUNE_G003,2016-04-29,2016,4,29,120,18.75,73.75,0.0
PUNE_G003,2016-04-30,2016,4,30,121,18.75,73.75,0.0
PUNE_G003,2016-05-01,2016,5,1,122,18.75,73.75,0.0
PUNE_G003,2016-05-02,2016,5,2,123,18.75,73.75,0.0
PUNE_G003,2016-05-03,2016,5,3,124,18.75,73.75,0.0
PUNE_G003,2016-05-04,2016,5,4,125,18.75,73.75,0.0
PUNE_G003,2016-05-05,2016,5,5,126,18.75,73.75,0.0
PUNE_G003,2016-05-06,2016,5,6,127,18.75,73.75,0.0
PUNE_G003,2016-05-07,2016,5,7,128,18.75,73.75,0.0
PUNE_G003,2016-05-08,2016,5,8,129,18.75,73.75,0.0
PUNE_G003,2016-05-09,2016,5,9,130,18.75,73.75,0.25752297043800354
PUNE_G003,2016-05-10,2016,5,10,131,18.75,73.75,8.430598258972168
PUNE_G003,2016-05-11,2016,5,11,132,18.75,73.75,0.0
PUNE_G003,2016-05-12,2016,5,12,133,18.75,73.75,1.4219517707824707
PUNE_G003,2016-05-13,2016,5,13,134,18.75,73.75,0.0
PUNE_G003,2016-05-14,2016,5,14,135,18.75,73.75,0.0
PUNE_G003,2016-05-15,2016,5,15,136,18.75,73.75,0.0
PUNE_G003,2016-05-16,2016,5,16,137,18.75,73.75,0.0
PUNE_G003,2016-05-17,2016,5,17,138,18.75,73.75,0.0
PUNE_G003,2016-05-18,2016,5,18,139,18.75,73.75,0.0
PUNE_G003,2016-05-19,2016,5,19,140,18.75,73.75,0.0
PUNE_G003,2016-05-20,2016,5,20,141,18.75,73.75,0.0
PUNE_G003,2016-05-21,2016,5,21,142,18.75,73.75,0.0
PUNE_G003,2016-05-22,2016,5,22,143,18.75,73.75,0.0
PUNE_G003,2016-05-23,2016,5,23,144,18.75,73.75,0.0
PUNE_G003,2016-05-24,2016,5,24,145,18.75,73.75,0.0
PUNE_G003,2016-05-25,2016,5,25,146,18.75,73.75,0.0
PUNE_G003,2016-05-26,2016,5,26,147,18.75,73.75,0.0
PUNE_G003,2016-05-27,2016,5,27,148,18.75,73.75,0.0
PUNE_G003,2016-05-28,2016,5,28,149,18.75,73.75,0.0
PUNE_G003,2016-05-29,2016,5,29,150,18.75,73.75,0.0
PUNE_G003,2016-05-30,2016,5,30,151,18.75,73.75,0.0
PUNE_G003,2016-05-31,2016,5,31,152,18.75,73.75,0.0
PUNE_G003,2016-06-01,2016,6,1,153,18.75,73.75,0.0
PUNE_G003,2016-06-02,2016,6,2,154,18.75,73.75,0.25795528292655945
PUNE_G003,2016-06-03,2016,6,3,155,18.75,73.75,0.0
PUNE_G003,2016-06-04,2016,6,4,156,18.75,73.75,0.5121095776557922
PUNE_G003,2016-06-05,2016,6,5,157,18.75,73.75,7.705325126647949
PUNE_G003,2016-06-06,2016,6,6,158,18.75,73.75,11.893324851989746
PUNE_G003,2016-06-07,2016,6,7,159,18.75,73.75,0.26845458149909973
PUNE_G003,2016-06-08,2016,6,8,160,18.75,73.75,0.0
PUNE_G003,2016-06-09,2016,6,9,161,18.75,73.75,0.0
PUNE_G003,2016-06-10,2016,6,10,162,18.75,73.75,0.0
PUNE_G003,2016-06-11,2016,6,11,163,18.75,73.75,0.0
PUNE_G003,2016-06-12,2016,6,12,164,18.75,73.75,0.0
PUNE_G003,2016-06-13,2016,6,13,165,18.75,73.75,0.0
PUNE_G003,2016-06-14,2016,6,14,166,18.75,73.75,0.0
PUNE_G003,2016-06-15,2016,6,15,167,18.75,73.75,0.0
PUNE_G003,2016-06-16,2016,6,16,168,18.75,73.75,0.0
PUNE_G003,2016-06-17,2016,6,17,169,18.75,73.75,0.0
PUNE_G003,2016-06-18,2016,6,18,170,18.75,73.75,0.0
PUNE_G003,2016-06-19,2016,6,19,171,18.75,73.75,0.0
PUNE_G003,2016-06-20,2016,6,20,172,18.75,73.75,5.762399673461914
PUNE_G003,2016-06-21,2016,6,21,173,18.75,73.75,18.37148094177246
PUNE_G003,2016-06-22,2016,6,22,174,18.75,73.75,10.497405052185059
PUNE_G003,2016-06-23,2016,6,23,175,18.75,73.75,0.0
PUNE_G003,2016-06-24,2016,6,24,176,18.75,73.75,1.4426919221878052
PUNE_G003,2016-06-25,2016,6,25,177,18.75,73.75,3.2365059852600098
PUNE_G003,2016-06-26,2016,6,26,178,18.75,73.75,4.508755683898926
PUNE_G003,2016-06-27,2016,6,27,179,18.75,73.75,6.231084823608398
PUNE_G003,2016-06-28,2016,6,28,180,18.75,73.75,1.2483659982681274
PUNE_G003,2016-06-29,2016,6,29,181,18.75,73.75,4.3765668869018555
PUNE_G003,2016-06-30,2016,6,30,182,18.75,73.75,0.2421247810125351
PUNE_G003,2016-07-01,2016,7,1,183,18.75,73.75,1.235447883605957
PUNE_G003,2016-07-02,2016,7,2,184,18.75,73.75,16.78165626525879
PUNE_G003,2016-07-03,2016,7,3,185,18.75,73.75,36.83871841430664
PUNE_G003,2016-07-04,2016,7,4,186,18.75,73.75,57.9744758605957
PUNE_G003,2016-07-05,2016,7,5,187,18.75,73.75,17.963455200195312
PUNE_G003,2016-07-06,2016,7,6,188,18.75,73.75,4.254612445831299
PUNE_G003,2016-07-07,2016,7,7,189,18.75,73.75,3.139693260192871
PUNE_G003,2016-07-08,2016,7,8,190,18.75,73.75,2.669821262359619
PUNE_G003,2016-07-09,2016,7,9,191,18.75,73.75,8.098950386047363
PUNE_G003,2016-07-10,2016,7,10,192,18.75,73.75,23.121627807617188
PUNE_G003,2016-07-11,2016,7,11,193,18.75,73.75,22.53257942199707
PUNE_G003,2016-07-12,2016,7,12,194,18.75,73.75,18.44013023376465
PUNE_G003,2016-07-13,2016,7,13,195,18.75,73.75,4.298649787902832
PUNE_G003,2016-07-14,2016,7,14,196,18.75,73.75,1.5803680419921875
PUNE_G003,2016-07-15,2016,7,15,197,18.75,73.75,1.1041995286941528
PUNE_G003,2016-07-16,2016,7,16,198,18.75,73.75,0.588758647441864
PUNE_G003,2016-07-17,2016,7,17,199,18.75,73.75,1.2088805437088013
PUNE_G003,2016-07-18,2016,7,18,200,18.75,73.75,0.566780149936676
PUNE_G003,2016-07-19,2016,7,19,201,18.75,73.75,3.382124662399292
PUNE_G003,2016-07-20,2016,7,20,202,18.75,73.75,3.8679707050323486
PUNE_G003,2016-07-21,2016,7,21,203,18.75,73.75,2.455796241760254
PUNE_G003,2016-07-22,2016,7,22,204,18.75,73.75,0.39441660046577454
PUNE_G003,2016-07-23,2016,7,23,205,18.75,73.75,4.70907735824585
PUNE_G003,2016-07-24,2016,7,24,206,18.75,73.75,1.3880771398544312
PUNE_G003,2016-07-25,2016,7,25,207,18.75,73.75,0.0
PUNE_G003,2016-07-26,2016,7,26,208,18.75,73.75,0.0
PUNE_G003,2016-07-27,2016,7,27,209,18.75,73.75,2.808805465698242
PUNE_G003,2016-07-28,2016,7,28,210,18.75,73.75,0.2980685830116272
PUNE_G003,2016-07-29,2016,7,29,211,18.75,73.75,3.768065929412842
PUNE_G003,2016-07-30,2016,7,30,212,18.75,73.75,1.7555826902389526
PUNE_G003,2016-07-31,2016,7,31,213,18.75,73.75,3.601588726043701
PUNE_G003,2016-08-01,2016,8,1,214,18.75,73.75,13.689077377319336
PUNE_G003,2016-08-02,2016,8,2,215,18.75,73.75,14.476040840148926
PUNE_G003,2016-08-03,2016,8,3,216,18.75,73.75,33.952266693115234
PUNE_G003,2016-08-04,2016,8,4,217,18.75,73.75,25.54191017150879
PUNE_G003,2016-08-05,2016,8,5,218,18.75,73.75,7.194552421569824
PUNE_G003,2016-08-06,2016,8,6,219,18.75,73.75,33.5301513671875
PUNE_G003,2016-08-07,2016,8,7,220,18.75,73.75,16.970027923583984
PUNE_G003,2016-08-08,2016,8,8,221,18.75,73.75,6.088222980499268
PUNE_G003,2016-08-09,2016,8,9,222,18.75,73.75,8.505258560180664
PUNE_G003,2016-08-10,2016,8,10,223,18.75,73.75,6.359303951263428
PUNE_G003,2016-08-11,2016,8,11,224,18.75,73.75,7.1872735023498535
PUNE_G003,2016-08-12,2016,8,12,225,18.75,73.75,9.006680488586426
PUNE_G003,2016-08-13,2016,8,13,226,18.75,73.75,1.308105230331421
PUNE_G003,2016-08-14,2016,8,14,227,18.75,73.75,1.7709511518478394
PUNE_G003,2016-08-15,2016,8,15,228,18.75,73.75,0.5427698493003845
PUNE_G003,2016-08-16,2016,8,16,229,18.75,73.75,0.0
PUNE_G003,2016-08-17,2016,8,17,230,18.75,73.75,0.3782346546649933
PUNE_G003,2016-08-18,2016,8,18,231,18.75,73.75,1.4903428554534912
PUNE_G003,2016-08-19,2016,8,19,232,18.75,73.75,0.2980685830116272
PUNE_G003,2016-08-20,2016,8,20,233,18.75,73.75,0.0
PUNE_G003,2016-08-21,2016,8,21,234,18.75,73.75,0.0
PUNE_G003,2016-08-22,2016,8,22,235,18.75,73.75,0.0
PUNE_G003,2016-08-23,2016,8,23,236,18.75,73.75,5.551363945007324
PUNE_G003,2016-08-24,2016,8,24,237,18.75,73.75,12.68856430053711
PUNE_G003,2016-08-25,2016,8,25,238,18.75,73.75,5.220351696014404
PUNE_G003,2016-08-26,2016,8,26,239,18.75,73.75,0.19133387506008148
PUNE_G003,2016-08-27,2016,8,27,240,18.75,73.75,2.7507777214050293
PUNE_G003,2016-08-28,2016,8,28,241,18.75,73.75,0.0
PUNE_G003,2016-08-29,2016,8,29,242,18.75,73.75,0.2980685830116272
PUNE_G003,2016-08-30,2016,8,30,243,18.75,73.75,0.3440574109554291
PUNE_G003,2016-08-31,2016,8,31,244,18.75,73.75,0.0
PUNE_G003,2016-09-01,2016,9,1,245,18.75,73.75,0.0
PUNE_G003,2016-09-02,2016,9,2,246,18.75,73.75,0.2883974313735962
PUNE_G003,2016-09-03,2016,9,3,247,18.75,73.75,0.0
PUNE_G003,2016-09-04,2016,9,4,248,18.75,73.75,1.4813182353973389
PUNE_G003,2016-09-05,2016,9,5,249,18.75,73.75,0.0
PUNE_G003,2016-09-06,2016,9,6,250,18.75,73.75,0.0
PUNE_G003,2016-09-07,2016,9,7,251,18.75,73.75,1.225689172744751
PUNE_G003,2016-09-08,2016,9,8,252,18.75,73.75,4.184511661529541
PUNE_G003,2016-09-09,2016,9,9,253,18.75,73.75,0.0
PUNE_G003,2016-09-10,2016,9,10,254,18.75,73.75,0.0
PUNE_G003,2016-09-11,2016,9,11,255,18.75,73.75,0.0
PUNE_G003,2016-09-12,2016,9,12,256,18.75,73.75,0.0
PUNE_G003,2016-09-13,2016,9,13,257,18.75,73.75,0.37382203340530396
PUNE_G003,2016-09-14,2016,9,14,258,18.75,73.75,0.0
PUNE_G003,2016-09-15,2016,9,15,259,18.75,73.75,12.724833488464355
PUNE_G003,2016-09-16,2016,9,16,260,18.75,73.75,9.082881927490234
PUNE_G003,2016-09-17,2016,9,17,261,18.75,73.75,31.947830200195312
PUNE_G003,2016-09-18,2016,9,18,262,18.75,73.75,20.57098960876465
PUNE_G003,2016-09-19,2016,9,19,263,18.75,73.75,6.541884422302246
PUNE_G003,2016-09-20,2016,9,20,264,18.75,73.75,1.5890047550201416
PUNE_G003,2016-09-21,2016,9,21,265,18.75,73.75,5.931270122528076
PUNE_G003,2016-09-22,2016,9,22,266,18.75,73.75,20.00840187072754
PUNE_G003,2016-09-23,2016,9,23,267,18.75,73.75,11.501777648925781
PUNE_G003,2016-09-24,2016,9,24,268,18.75,73.75,17.17568588256836
PUNE_G003,2016-09-25,2016,9,25,269,18.75,73.75,1.0309627056121826
PUNE_G003,2016-09-26,2016,9,26,270,18.75,73.75,0.0
PUNE_G003,2016-09-27,2016,9,27,271,18.75,73.75,0.0
PUNE_G003,2016-09-28,2016,9,28,272,18.75,73.75,0.0
PUNE_G003,2016-09-29,2016,9,29,273,18.75,73.75,0.46192023158073425
PUNE_G003,2016-09-30,2016,9,30,274,18.75,73.75,0.0
PUNE_G003,2016-10-01,2016,10,1,275,18.75,73.75,5.664842128753662
PUNE_G003,2016-10-02,2016,10,2,276,18.75,73.75,52.653141021728516
PUNE_G003,2016-10-03,2016,10,3,277,18.75,73.75,1.9164910316467285
PUNE_G003,2016-10-04,2016,10,4,278,18.75,73.75,4.037198543548584
PUNE_G003,2016-10-05,2016,10,5,279,18.75,73.75,0.1932046264410019
PUNE_G003,2016-10-06,2016,10,6,280,18.75,73.75,0.28980693221092224
PUNE_G003,2016-10-07,2016,10,7,281,18.75,73.75,0.0
PUNE_G003,2016-10-08,2016,10,8,282,18.75,73.75,0.0
PUNE_G003,2016-10-09,2016,10,9,283,18.75,73.75,0.0
PUNE_G003,2016-10-10,2016,10,10,284,18.75,73.75,6.4889421463012695
PUNE_G003,2016-10-11,2016,10,11,285,18.75,73.75,0.0
PUNE_G003,2016-10-12,2016,10,12,286,18.75,73.75,0.0
PUNE_G003,2016-10-13,2016,10,13,287,18.75,73.75,0.0
PUNE_G003,2016-10-14,2016,10,14,288,18.75,73.75,0.0
PUNE_G003,2016-10-15,2016,10,15,289,18.75,73.75,0.0
PUNE_G003,2016-10-16,2016,10,16,290,18.75,73.75,0.0
PUNE_G003,2016-10-17,2016,10,17,291,18.75,73.75,0.0
PUNE_G003,2016-10-18,2016,10,18,292,18.75,73.75,0.0
PUNE_G003,2016-10-19,2016,10,19,293,18.75,73.75,0.0
PUNE_G003,2016-10-20,2016,10,20,294,18.75,73.75,0.0
PUNE_G003,2016-10-21,2016,10,21,295,18.75,73.75,0.0
PUNE_G003,2016-10-22,2016,10,22,296,18.75,73.75,0.0
PUNE_G003,2016-10-23,2016,10,23,297,18.75,73.75,0.0
PUNE_G003,2016-10-24,2016,10,24,298,18.75,73.75,0.0
PUNE_G003,2016-10-25,2016,10,25,299,18.75,73.75,0.0
PUNE_G003,2016-10-26,2016,10,26,300,18.75,73.75,0.0
PUNE_G003,2016-10-27,2016,10,27,301,18.75,73.75,0.0
PUNE_G003,2016-10-28,2016,10,28,302,18.75,73.75,0.0
PUNE_G003,2016-10-29,2016,10,29,303,18.75,73.75,0.0
PUNE_G003,2016-10-30,2016,10,30,304,18.75,73.75,0.0
PUNE_G003,2016-10-31,2016,10,31,305,18.75,73.75,0.0
PUNE_G003,2016-11-01,2016,11,1,306,18.75,73.75,0.0
PUNE_G003,2016-11-02,2016,11,2,307,18.75,73.75,0.0
PUNE_G003,2016-11-03,2016,11,3,308,18.75,73.75,0.0
PUNE_G003,2016-11-04,2016,11,4,309,18.75,73.75,0.0
PUNE_G003,2016-11-05,2016,11,5,310,18.75,73.75,0.0
PUNE_G003,2016-11-06,2016,11,6,311,18.75,73.75,0.0
PUNE_G003,2016-11-07,2016,11,7,312,18.75,73.75,0.0
PUNE_G003,2016-11-08,2016,11,8,313,18.75,73.75,0.0
PUNE_G003,2016-11-09,2016,11,9,314,18.75,73.75,0.0
PUNE_G003,2016-11-10,2016,11,10,315,18.75,73.75,0.0
PUNE_G003,2016-11-11,2016,11,11,316,18.75,73.75,0.0
PUNE_G003,2016-11-12,2016,11,12,317,18.75,73.75,0.0
PUNE_G003,2016-11-13,2016,11,13,318,18.75,73.75,0.0
PUNE_G003,2016-11-14,2016,11,14,319,18.75,73.75,0.0
PUNE_G003,2016-11-15,2016,11,15,320,18.75,73.75,0.0
PUNE_G003,2016-11-16,2016,11,16,321,18.75,73.75,0.0
PUNE_G003,2016-11-17,2016,11,17,322,18.75,73.75,0.0
PUNE_G003,2016-11-18,2016,11,18,323,18.75,73.75,0.0
PUNE_G003,2016-11-19,2016,11,19,324,18.75,73.75,0.0
PUNE_G003,2016-11-20,2016,11,20,325,18.75,73.75,0.0
PUNE_G003,2016-11-21,2016,11,21,326,18.75,73.75,0.0
PUNE_G003,2016-11-22,2016,11,22,327,18.75,73.75,0.0
PUNE_G003,2016-11-23,2016,11,23,328,18.75,73.75,0.0
PUNE_G003,2016-11-24,2016,11,24,329,18.75,73.75,0.0
PUNE_G003,2016-11-25,2016,11,25,330,18.75,73.75,0.0
PUNE_G003,2016-11-26,2016,11,26,331,18.75,73.75,0.0
PUNE_G003,2016-11-27,2016,11,27,332,18.75,73.75,0.0
PUNE_G003,2016-11-28,2016,11,28,333,18.75,73.75,0.0
PUNE_G003,2016-11-29,2016,11,29,334,18.75,73.75,0.0
PUNE_G003,2016-11-30,2016,11,30,335,18.75,73.75,0.0
PUNE_G003,2016-12-01,2016,12,1,336,18.75,73.75,0.0
PUNE_G003,2016-12-02,2016,12,2,337,18.75,73.75,0.0
PUNE_G003,2016-12-03,2016,12,3,338,18.75,73.75,0.0
PUNE_G003,2016-12-04,2016,12,4,339,18.75,73.75,0.0
PUNE_G003,2016-12-05,2016,12,5,340,18.75,73.75,0.0
PUNE_G003,2016-12-06,2016,12,6,341,18.75,73.75,0.0
PUNE_G003,2016-12-07,2016,12,7,342,18.75,73.75,0.0
PUNE_G003,2016-12-08,2016,12,8,343,18.75,73.75,0.0
PUNE_G003,2016-12-09,2016,12,9,344,18.75,73.75,0.0
PUNE_G003,2016-12-10,2016,12,10,345,18.75,73.75,0.0
PUNE_G003,2016-12-11,2016,12,11,346,18.75,73.75,0.0
PUNE_G003,2016-12-12,2016,12,12,347,18.75,73.75,0.0
PUNE_G003,2016-12-13,2016,12,13,348,18.75,73.75,0.0
PUNE_G003,2016-12-14,2016,12,14,349,18.75,73.75,0.0
PUNE_G003,2016-12-15,2016,12,15,350,18.75,73.75,0.0
PUNE_G003,2016-12-16,2016,12,16,351,18.75,73.75,0.0
PUNE_G003,2016-12-17,2016,12,17,352,18.75,73.75,0.0
PUNE_G003,2016-12-18,2016,12,18,353,18.75,73.75,0.0
PUNE_G003,2016-12-19,2016,12,19,354,18.75,73.75,0.0
PUNE_G003,2016-12-20,2016,12,20,355,18.75,73.75,0.0
PUNE_G003,2016-12-21,2016,12,21,356,18.75,73.75,0.0
PUNE_G003,2016-12-22,2016,12,22,357,18.75,73.75,0.0
PUNE_G003,2016-12-23,2016,12,23,358,18.75,73.75,0.0
PUNE_G003,2016-12-24,2016,12,24,359,18.75,73.75,0.0
PUNE_G003,2016-12-25,2016,12,25,360,18.75,73.75,0.0
PUNE_G003,2016-12-26,2016,12,26,361,18.75,73.75,0.0
PUNE_G003,2016-12-27,2016,12,27,362,18.75,73.75,0.0
PUNE_G003,2016-12-28,2016,12,28,363,18.75,73.75,0.0
PUNE_G003,2016-12-29,2016,12,29,364,18.75,73.75,0.0
PUNE_G003,2016-12-30,2016,12,30,365,18.75,73.75,0.0
PUNE_G003,2016-12-31,2016,12,31,366,18.75,73.75,0.0
PUNE_G003,2017-01-01,2017,1,1,1,18.75,73.75,0.0
PUNE_G003,2017-01-02,2017,1,2,2,18.75,73.75,0.0
PUNE_G003,2017-01-03,2017,1,3,3,18.75,73.75,0.0
PUNE_G003,2017-01-04,2017,1,4,4,18.75,73.75,0.0
PUNE_G003,2017-01-05,2017,1,5,5,18.75,73.75,0.0
PUNE_G003,2017-01-06,2017,1,6,6,18.75,73.75,0.0
PUNE_G003,2017-01-07,2017,1,7,7,18.75,73.75,0.0
PUNE_G003,2017-01-08,2017,1,8,8,18.75,73.75,0.0
PUNE_G003,2017-01-09,2017,1,9,9,18.75,73.75,0.0
PUNE_G003,2017-01-10,2017,1,10,10,18.75,73.75,0.0
PUNE_G003,2017-01-11,2017,1,11,11,18.75,73.75,0.0
PUNE_G003,2017-01-12,2017,1,12,12,18.75,73.75,0.0
PUNE_G003,2017-01-13,2017,1,13,13,18.75,73.75,0.0
PUNE_G003,2017-01-14,2017,1,14,14,18.75,73.75,0.0
PUNE_G003,2017-01-15,2017,1,15,15,18.75,73.75,0.0
PUNE_G003,2017-01-16,2017,1,16,16,18.75,73.75,0.0
PUNE_G003,2017-01-17,2017,1,17,17,18.75,73.75,0.0
PUNE_G003,2017-01-18,2017,1,18,18,18.75,73.75,0.0
PUNE_G003,2017-01-19,2017,1,19,19,18.75,73.75,0.0
PUNE_G003,2017-01-20,2017,1,20,20,18.75,73.75,0.0
PUNE_G003,2017-01-21,2017,1,21,21,18.75,73.75,0.0
PUNE_G003,2017-01-22,2017,1,22,22,18.75,73.75,0.0
PUNE_G003,2017-01-23,2017,1,23,23,18.75,73.75,0.0
PUNE_G003,2017-01-24,2017,1,24,24,18.75,73.75,0.0
PUNE_G003,2017-01-25,2017,1,25,25,18.75,73.75,0.0
PUNE_G003,2017-01-26,2017,1,26,26,18.75,73.75,0.0
PUNE_G003,2017-01-27,2017,1,27,27,18.75,73.75,0.0
PUNE_G003,2017-01-28,2017,1,28,28,18.75,73.75,0.0
PUNE_G003,2017-01-29,2017,1,29,29,18.75,73.75,0.0
PUNE_G003,2017-01-30,2017,1,30,30,18.75,73.75,0.0
PUNE_G003,2017-01-31,2017,1,31,31,18.75,73.75,0.0
PUNE_G003,2017-02-01,2017,2,1,32,18.75,73.75,0.0
PUNE_G003,2017-02-02,2017,2,2,33,18.75,73.75,0.0
PUNE_G003,2017-02-03,2017,2,3,34,18.75,73.75,0.0
PUNE_G003,2017-02-04,2017,2,4,35,18.75,73.75,0.0
PUNE_G003,2017-02-05,2017,2,5,36,18.75,73.75,0.0
PUNE_G003,2017-02-06,2017,2,6,37,18.75,73.75,0.0
PUNE_G003,2017-02-07,2017,2,7,38,18.75,73.75,0.0
PUNE_G003,2017-02-08,2017,2,8,39,18.75,73.75,0.0
PUNE_G003,2017-02-09,2017,2,9,40,18.75,73.75,0.0
PUNE_G003,2017-02-10,2017,2,10,41,18.75,73.75,0.0
PUNE_G003,2017-02-11,2017,2,11,42,18.75,73.75,0.0
PUNE_G003,2017-02-12,2017,2,12,43,18.75,73.75,0.0
PUNE_G003,2017-02-13,2017,2,13,44,18.75,73.75,0.0
PUNE_G003,2017-02-14,2017,2,14,45,18.75,73.75,0.0
PUNE_G003,2017-02-15,2017,2,15,46,18.75,73.75,0.0
PUNE_G003,2017-02-16,2017,2,16,47,18.75,73.75,0.0
PUNE_G003,2017-02-17,2017,2,17,48,18.75,73.75,0.0
PUNE_G003,2017-02-18,2017,2,18,49,18.75,73.75,0.0
PUNE_G003,2017-02-19,2017,2,19,50,18.75,73.75,0.0
PUNE_G003,2017-02-20,2017,2,20,51,18.75,73.75,0.0
PUNE_G003,2017-02-21,2017,2,21,52,18.75,73.75,0.0
PUNE_G003,2017-02-22,2017,2,22,53,18.75,73.75,0.0
PUNE_G003,2017-02-23,2017,2,23,54,18.75,73.75,0.0
PUNE_G003,2017-02-24,2017,2,24,55,18.75,73.75,0.0
PUNE_G003,2017-02-25,2017,2,25,56,18.75,73.75,0.0
PUNE_G003,2017-02-26,2017,2,26,57,18.75,73.75,0.0
PUNE_G003,2017-02-27,2017,2,27,58,18.75,73.75,0.0
PUNE_G003,2017-02-28,2017,2,28,59,18.75,73.75,0.0
PUNE_G003,2017-03-01,2017,3,1,60,18.75,73.75,0.0
PUNE_G003,2017-03-02,2017,3,2,61,18.75,73.75,0.0
PUNE_G003,2017-03-03,2017,3,3,62,18.75,73.75,0.0
PUNE_G003,2017-03-04,2017,3,4,63,18.75,73.75,0.0
PUNE_G003,2017-03-05,2017,3,5,64,18.75,73.75,0.0
PUNE_G003,2017-03-06,2017,3,6,65,18.75,73.75,0.0
PUNE_G003,2017-03-07,2017,3,7,66,18.75,73.75,0.0
PUNE_G003,2017-03-08,2017,3,8,67,18.75,73.75,0.0
PUNE_G003,2017-03-09,2017,3,9,68,18.75,73.75,0.0
PUNE_G003,2017-03-10,2017,3,10,69,18.75,73.75,0.0
PUNE_G003,2017-03-11,2017,3,11,70,18.75,73.75,0.0
PUNE_G003,2017-03-12,2017,3,12,71,18.75,73.75,0.0
PUNE_G003,2017-03-13,2017,3,13,72,18.75,73.75,0.0
PUNE_G003,2017-03-14,2017,3,14,73,18.75,73.75,0.0
PUNE_G003,2017-03-15,2017,3,15,74,18.75,73.75,0.0
PUNE_G003,2017-03-16,2017,3,16,75,18.75,73.75,0.0
PUNE_G003,2017-03-17,2017,3,17,76,18.75,73.75,0.0
PUNE_G003,2017-03-18,2017,3,18,77,18.75,73.75,0.0
PUNE_G003,2017-03-19,2017,3,19,78,18.75,73.75,0.0
PUNE_G003,2017-03-20,2017,3,20,79,18.75,73.75,0.0
PUNE_G003,2017-03-21,2017,3,21,80,18.75,73.75,0.0
PUNE_G003,2017-03-22,2017,3,22,81,18.75,73.75,0.0
PUNE_G003,2017-03-23,2017,3,23,82,18.75,73.75,0.0
PUNE_G003,2017-03-24,2017,3,24,83,18.75,73.75,0.0
PUNE_G003,2017-03-25,2017,3,25,84,18.75,73.75,0.0
PUNE_G003,2017-03-26,2017,3,26,85,18.75,73.75,0.0
PUNE_G003,2017-03-27,2017,3,27,86,18.75,73.75,0.0
PUNE_G003,2017-03-28,2017,3,28,87,18.75,73.75,0.0
PUNE_G003,2017-03-29,2017,3,29,88,18.75,73.75,0.0
PUNE_G003,2017-03-30,2017,3,30,89,18.75,73.75,0.0
PUNE_G003,2017-03-31,2017,3,31,90,18.75,73.75,0.0
PUNE_G003,2017-04-01,2017,4,1,91,18.75,73.75,0.0
PUNE_G003,2017-04-02,2017,4,2,92,18.75,73.75,0.0
PUNE_G003,2017-04-03,2017,4,3,93,18.75,73.75,0.0
PUNE_G003,2017-04-04,2017,4,4,94,18.75,73.75,0.0
PUNE_G003,2017-04-05,2017,4,5,95,18.75,73.75,0.0
PUNE_G003,2017-04-06,2017,4,6,96,18.75,73.75,0.0
PUNE_G003,2017-04-07,2017,4,7,97,18.75,73.75,0.0
PUNE_G003,2017-04-08,2017,4,8,98,18.75,73.75,0.0
PUNE_G003,2017-04-09,2017,4,9,99,18.75,73.75,0.0
PUNE_G003,2017-04-10,2017,4,10,100,18.75,73.75,0.0
PUNE_G003,2017-04-11,2017,4,11,101,18.75,73.75,0.0
PUNE_G003,2017-04-12,2017,4,12,102,18.75,73.75,0.0
PUNE_G003,2017-04-13,2017,4,13,103,18.75,73.75,0.0
PUNE_G003,2017-04-14,2017,4,14,104,18.75,73.75,0.0
PUNE_G003,2017-04-15,2017,4,15,105,18.75,73.75,0.0
PUNE_G003,2017-04-16,2017,4,16,106,18.75,73.75,0.0
PUNE_G003,2017-04-17,2017,4,17,107,18.75,73.75,0.0
PUNE_G003,2017-04-18,2017,4,18,108,18.75,73.75,0.0
PUNE_G003,2017-04-19,2017,4,19,109,18.75,73.75,0.0
PUNE_G003,2017-04-20,2017,4,20,110,18.75,73.75,0.0
PUNE_G003,2017-04-21,2017,4,21,111,18.75,73.75,0.0
PUNE_G003,2017-04-22,2017,4,22,112,18.75,73.75,0.0
PUNE_G003,2017-04-23,2017,4,23,113,18.75,73.75,0.0
PUNE_G003,2017-04-24,2017,4,24,114,18.75,73.75,0.0
PUNE_G003,2017-04-25,2017,4,25,115,18.75,73.75,0.0
PUNE_G003,2017-04-26,2017,4,26,116,18.75,73.75,0.0
PUNE_G003,2017-04-27,2017,4,27,117,18.75,73.75,0.0
PUNE_G003,2017-04-28,2017,4,28,118,18.75,73.75,0.0
PUNE_G003,2017-04-29,2017,4,29,119,18.75,73.75,0.0
PUNE_G003,2017-04-30,2017,4,30,120,18.75,73.75,0.0
PUNE_G003,2017-05-01,2017,5,1,121,18.75,73.75,0.0
PUNE_G003,2017-05-02,2017,5,2,122,18.75,73.75,0.0
PUNE_G003,2017-05-03,2017,5,3,123,18.75,73.75,0.0
PUNE_G003,2017-05-04,2017,5,4,124,18.75,73.75,0.0
PUNE_G003,2017-05-05,2017,5,5,125,18.75,73.75,0.0
PUNE_G003,2017-05-06,2017,5,6,126,18.75,73.75,0.0
PUNE_G003,2017-05-07,2017,5,7,127,18.75,73.75,0.0
PUNE_G003,2017-05-08,2017,5,8,128,18.75,73.75,0.0
PUNE_G003,2017-05-09,2017,5,9,129,18.75,73.75,0.0
PUNE_G003,2017-05-10,2017,5,10,130,18.75,73.75,0.0
PUNE_G003,2017-05-11,2017,5,11,131,18.75,73.75,0.0
PUNE_G003,2017-05-12,2017,5,12,132,18.75,73.75,0.0
PUNE_G003,2017-05-13,2017,5,13,133,18.75,73.75,1.1874430179595947
PUNE_G003,2017-05-14,2017,5,14,134,18.75,73.75,20.73295783996582
PUNE_G003,2017-05-15,2017,5,15,135,18.75,73.75,0.0
PUNE_G003,2017-05-16,2017,5,16,136,18.75,73.75,0.0
PUNE_G003,2017-05-17,2017,5,17,137,18.75,73.75,0.0
PUNE_G003,2017-05-18,2017,5,18,138,18.75,73.75,0.0
PUNE_G003,2017-05-19,2017,5,19,139,18.75,73.75,0.0
PUNE_G003,2017-05-20,2017,5,20,140,18.75,73.75,0.0
PUNE_G003,2017-05-21,2017,5,21,141,18.75,73.75,0.0
PUNE_G003,2017-05-22,2017,5,22,142,18.75,73.75,0.0
PUNE_G003,2017-05-23,2017,5,23,143,18.75,73.75,0.0
PUNE_G003,2017-05-24,2017,5,24,144,18.75,73.75,0.0
PUNE_G003,2017-05-25,2017,5,25,145,18.75,73.75,0.0
PUNE_G003,2017-05-26,2017,5,26,146,18.75,73.75,0.0
PUNE_G003,2017-05-27,2017,5,27,147,18.75,73.75,0.0
PUNE_G003,2017-05-28,2017,5,28,148,18.75,73.75,0.0
PUNE_G003,2017-05-29,2017,5,29,149,18.75,73.75,0.0
PUNE_G003,2017-05-30,2017,5,30,150,18.75,73.75,0.0
PUNE_G003,2017-05-31,2017,5,31,151,18.75,73.75,0.12113133072853088
PUNE_G003,2017-06-01,2017,6,1,152,18.75,73.75,0.0
PUNE_G003,2017-06-02,2017,6,2,153,18.75,73.75,0.19871239364147186
PUNE_G003,2017-06-03,2017,6,3,154,18.75,73.75,0.0
PUNE_G003,2017-06-04,2017,6,4,155,18.75,73.75,1.2657089233398438
PUNE_G003,2017-06-05,2017,6,5,156,18.75,73.75,0.0
PUNE_G003,2017-06-06,2017,6,6,157,18.75,73.75,0.0
PUNE_G003,2017-06-07,2017,6,7,158,18.75,73.75,0.0
PUNE_G003,2017-06-08,2017,6,8,159,18.75,73.75,0.0
PUNE_G003,2017-06-09,2017,6,9,160,18.75,73.75,0.0
PUNE_G003,2017-06-10,2017,6,10,161,18.75,73.75,0.5961371660232544
PUNE_G003,2017-06-11,2017,6,11,162,18.75,73.75,0.0
PUNE_G003,2017-06-12,2017,6,12,163,18.75,73.75,0.3679106831550598
PUNE_G003,2017-06-13,2017,6,13,164,18.75,73.75,7.165832996368408
PUNE_G003,2017-06-14,2017,6,14,165,18.75,73.75,0.0
PUNE_G003,2017-06-15,2017,6,15,166,18.75,73.75,22.679479598999023
PUNE_G003,2017-06-16,2017,6,16,167,18.75,73.75,0.34722578525543213
PUNE_G003,2017-06-17,2017,6,17,168,18.75,73.75,13.654616355895996
PUNE_G003,2017-06-18,2017,6,18,169,18.75,73.75,0.773499608039856
PUNE_G003,2017-06-19,2017,6,19,170,18.75,73.75,0.0
PUNE_G003,2017-06-20,2017,6,20,171,18.75,73.75,0.3440574109554291
PUNE_G003,2017-06-21,2017,6,21,172,18.75,73.75,0.0
PUNE_G003,2017-06-22,2017,6,22,173,18.75,73.75,0.0
PUNE_G003,2017-06-23,2017,6,23,174,18.75,73.75,0.7232533693313599
PUNE_G003,2017-06-24,2017,6,24,175,18.75,73.75,0.7378532290458679
PUNE_G003,2017-06-25,2017,6,25,176,18.75,73.75,58.09605026245117
PUNE_G003,2017-06-26,2017,6,26,177,18.75,73.75,12.923615455627441
PUNE_G003,2017-06-27,2017,6,27,178,18.75,73.75,10.04017162322998
PUNE_G003,2017-06-28,2017,6,28,179,18.75,73.75,6.605828762054443
PUNE_G003,2017-06-29,2017,6,29,180,18.75,73.75,7.921104907989502
PUNE_G003,2017-06-30,2017,6,30,181,18.75,73.75,26.24148178100586
PUNE_G003,2017-07-01,2017,7,1,182,18.75,73.75,4.870882034301758
PUNE_G003,2017-07-02,2017,7,2,183,18.75,73.75,4.3811259269714355
PUNE_G003,2017-07-03,2017,7,3,184,18.75,73.75,5.803393363952637
PUNE_G003,2017-07-04,2017,7,4,185,18.75,73.75,0.6746951937675476
PUNE_G003,2017-07-05,2017,7,5,186,18.75,73.75,2.5633671283721924
PUNE_G003,2017-07-06,2017,7,6,187,18.75,73.75,1.115113615989685
PUNE_G003,2017-07-07,2017,7,7,188,18.75,73.75,2.043989658355713
PUNE_G003,2017-07-08,2017,7,8,189,18.75,73.75,0.48301154375076294
PUNE_G003,2017-07-09,2017,7,9,190,18.75,73.75,1.437777042388916
PUNE_G003,2017-07-10,2017,7,10,191,18.75,73.75,0.0
PUNE_G003,2017-07-11,2017,7,11,192,18.75,73.75,0.33669859170913696
PUNE_G003,2017-07-12,2017,7,12,193,18.75,73.75,0.1441987156867981
PUNE_G003,2017-07-13,2017,7,13,194,18.75,73.75,0.2645992338657379
PUNE_G003,2017-07-14,2017,7,14,195,18.75,73.75,39.05122375488281
PUNE_G003,2017-07-15,2017,7,15,196,18.75,73.75,24.446563720703125
PUNE_G003,2017-07-16,2017,7,16,197,18.75,73.75,9.208562850952148
PUNE_G003,2017-07-17,2017,7,17,198,18.75,73.75,7.878930568695068
PUNE_G003,2017-07-18,2017,7,18,199,18.75,73.75,12.290034294128418
PUNE_G003,2017-07-19,2017,7,19,200,18.75,73.75,8.787354469299316
PUNE_G003,2017-07-20,2017,7,20,201,18.75,73.75,10.62443733215332
PUNE_G003,2017-07-21,2017,7,21,202,18.75,73.75,16.305559158325195
PUNE_G003,2017-07-22,2017,7,22,203,18.75,73.75,17.89333152770996
PUNE_G003,2017-07-23,2017,7,23,204,18.75,73.75,7.728468894958496
PUNE_G003,2017-07-24,2017,7,24,205,18.75,73.75,6.16087007522583
PUNE_G003,2017-07-25,2017,7,25,206,18.75,73.75,3.3601300716400146
PUNE_G003,2017-07-26,2017,7,26,207,18.75,73.75,3.060093879699707
PUNE_G003,2017-07-27,2017,7,27,208,18.75,73.75,3.395923137664795
PUNE_G003,2017-07-28,2017,7,28,209,18.75,73.75,7.883816242218018
PUNE_G003,2017-07-29,2017,7,29,210,18.75,73.75,3.2011420726776123
PUNE_G003,2017-07-30,2017,7,30,211,18.75,73.75,2.493659257888794
PUNE_G003,2017-07-31,2017,7,31,212,18.75,73.75,1.3526524305343628
PUNE_G003,2017-08-01,2017,8,1,213,18.75,73.75,2.089179039001465
PUNE_G003,2017-08-02,2017,8,2,214,18.75,73.75,3.5518524646759033
PUNE_G003,2017-08-03,2017,8,3,215,18.75,73.75,0.7242749929428101
PUNE_G003,2017-08-04,2017,8,4,216,18.75,73.75,2.431565999984741
PUNE_G003,2017-08-05,2017,8,5,217,18.75,73.75,0.0
PUNE_G003,2017-08-06,2017,8,6,218,18.75,73.75,0.0
PUNE_G003,2017-08-07,2017,8,7,219,18.75,73.75,0.0
PUNE_G003,2017-08-08,2017,8,8,220,18.75,73.75,0.0
PUNE_G003,2017-08-09,2017,8,9,221,18.75,73.75,3.9661693572998047
PUNE_G003,2017-08-10,2017,8,10,222,18.75,73.75,1.4762035608291626
PUNE_G003,2017-08-11,2017,8,11,223,18.75,73.75,0.5904558300971985
PUNE_G003,2017-08-12,2017,8,12,224,18.75,73.75,2.0498480796813965
PUNE_G003,2017-08-13,2017,8,13,225,18.75,73.75,0.7712975144386292
PUNE_G003,2017-08-14,2017,8,14,226,18.75,73.75,1.231547236442566
PUNE_G003,2017-08-15,2017,8,15,227,18.75,73.75,2.0507826805114746
PUNE_G003,2017-08-16,2017,8,16,228,18.75,73.75,0.0
PUNE_G003,2017-08-17,2017,8,17,229,18.75,73.75,0.528012752532959
PUNE_G003,2017-08-18,2017,8,18,230,18.75,73.75,1.9925726652145386
PUNE_G003,2017-08-19,2017,8,19,231,18.75,73.75,0.4840557873249054
PUNE_G003,2017-08-20,2017,8,20,232,18.75,73.75,30.5540771484375
PUNE_G003,2017-08-21,2017,8,21,233,18.75,73.75,70.03514099121094
PUNE_G003,2017-08-22,2017,8,22,234,18.75,73.75,3.555175542831421
PUNE_G003,2017-08-23,2017,8,23,235,18.75,73.75,0.0
PUNE_G003,2017-08-24,2017,8,24,236,18.75,73.75,0.2563372552394867
PUNE_G003,2017-08-25,2017,8,25,237,18.75,73.75,1.1525298357009888
PUNE_G003,2017-08-26,2017,8,26,238,18.75,73.75,20.400041580200195
PUNE_G003,2017-08-27,2017,8,27,239,18.75,73.75,9.58799934387207
PUNE_G003,2017-08-28,2017,8,28,240,18.75,73.75,14.40115737915039
PUNE_G003,2017-08-29,2017,8,29,241,18.75,73.75,29.34572410583496
PUNE_G003,2017-08-30,2017,8,30,242,18.75,73.75,16.94403076171875
PUNE_G003,2017-08-31,2017,8,31,243,18.75,73.75,1.9324004650115967
PUNE_G003,2017-09-01,2017,9,1,244,18.75,73.75,0.0
PUNE_G003,2017-09-02,2017,9,2,245,18.75,73.75,1.8024839162826538
PUNE_G003,2017-09-03,2017,9,3,246,18.75,73.75,0.0
PUNE_G003,2017-09-04,2017,9,4,247,18.75,73.75,0.0
PUNE_G003,2017-09-05,2017,9,5,248,18.75,73.75,0.0
PUNE_G003,2017-09-06,2017,9,6,249,18.75,73.75,0.0
PUNE_G003,2017-09-07,2017,9,7,250,18.75,73.75,0.0
PUNE_G003,2017-09-08,2017,9,8,251,18.75,73.75,16.37401580810547
PUNE_G003,2017-09-09,2017,9,9,252,18.75,73.75,2.6250128746032715
PUNE_G003,2017-09-10,2017,9,10,253,18.75,73.75,12.672080039978027
PUNE_G003,2017-09-11,2017,9,11,254,18.75,73.75,6.920133113861084
PUNE_G003,2017-09-12,2017,9,12,255,18.75,73.75,1.9272745847702026
PUNE_G003,2017-09-13,2017,9,13,256,18.75,73.75,14.220346450805664
PUNE_G003,2017-09-14,2017,9,14,257,18.75,73.75,37.931095123291016
PUNE_G003,2017-09-15,2017,9,15,258,18.75,73.75,10.551671981811523
PUNE_G003,2017-09-16,2017,9,16,259,18.75,73.75,6.687136650085449
PUNE_G003,2017-09-17,2017,9,17,260,18.75,73.75,0.0
PUNE_G003,2017-09-18,2017,9,18,261,18.75,73.75,0.0
PUNE_G003,2017-09-19,2017,9,19,262,18.75,73.75,4.190883159637451
PUNE_G003,2017-09-20,2017,9,20,263,18.75,73.75,28.42401123046875
PUNE_G003,2017-09-21,2017,9,21,264,18.75,73.75,30.08460235595703
PUNE_G003,2017-09-22,2017,9,22,265,18.75,73.75,3.3350026607513428
PUNE_G003,2017-09-23,2017,9,23,266,18.75,73.75,0.0
PUNE_G003,2017-09-24,2017,9,24,267,18.75,73.75,0.0
PUNE_G003,2017-09-25,2017,9,25,268,18.75,73.75,0.0
PUNE_G003,2017-09-26,2017,9,26,269,18.75,73.75,0.0
PUNE_G003,2017-09-27,2017,9,27,270,18.75,73.75,0.0
PUNE_G003,2017-09-28,2017,9,28,271,18.75,73.75,0.648894190788269
PUNE_G003,2017-09-29,2017,9,29,272,18.75,73.75,0.0
PUNE_G003,2017-09-30,2017,9,30,273,18.75,73.75,7.422102451324463
PUNE_G003,2017-10-01,2017,10,1,274,18.75,73.75,0.11497209221124649
PUNE_G003,2017-10-02,2017,10,2,275,18.75,73.75,0.0
PUNE_G003,2017-10-03,2017,10,3,276,18.75,73.75,0.0
PUNE_G003,2017-10-04,2017,10,4,277,18.75,73.75,0.0
PUNE_G003,2017-10-05,2017,10,5,278,18.75,73.75,0.0
PUNE_G003,2017-10-06,2017,10,6,279,18.75,73.75,0.0
PUNE_G003,2017-10-07,2017,10,7,280,18.75,73.75,10.421686172485352
PUNE_G003,2017-10-08,2017,10,8,281,18.75,73.75,13.54139232635498
PUNE_G003,2017-10-09,2017,10,9,282,18.75,73.75,23.604928970336914
PUNE_G003,2017-10-10,2017,10,10,283,18.75,73.75,2.1171083450317383
PUNE_G003,2017-10-11,2017,10,11,284,18.75,73.75,13.38402271270752
PUNE_G003,2017-10-12,2017,10,12,285,18.75,73.75,11.915765762329102
PUNE_G003,2017-10-13,2017,10,13,286,18.75,73.75,0.9557895064353943
PUNE_G003,2017-10-14,2017,10,14,287,18.75,73.75,27.638046264648438
PUNE_G003,2017-10-15,2017,10,15,288,18.75,73.75,15.477493286132812
PUNE_G003,2017-10-16,2017,10,16,289,18.75,73.75,0.9935619831085205
PUNE_G003,2017-10-17,2017,10,17,290,18.75,73.75,0.0
PUNE_G003,2017-10-18,2017,10,18,291,18.75,73.75,0.0
PUNE_G003,2017-10-19,2017,10,19,292,18.75,73.75,0.0
PUNE_G003,2017-10-20,2017,10,20,293,18.75,73.75,0.0
PUNE_G003,2017-10-21,2017,10,21,294,18.75,73.75,0.0
PUNE_G003,2017-10-22,2017,10,22,295,18.75,73.75,0.0
PUNE_G003,2017-10-23,2017,10,23,296,18.75,73.75,0.0
PUNE_G003,2017-10-24,2017,10,24,297,18.75,73.75,0.0
PUNE_G003,2017-10-25,2017,10,25,298,18.75,73.75,0.0
PUNE_G003,2017-10-26,2017,10,26,299,18.75,73.75,0.0
PUNE_G003,2017-10-27,2017,10,27,300,18.75,73.75,0.0
PUNE_G003,2017-10-28,2017,10,28,301,18.75,73.75,2.6673524379730225
PUNE_G003,2017-10-29,2017,10,29,302,18.75,73.75,0.0
PUNE_G003,2017-10-30,2017,10,30,303,18.75,73.75,0.0
PUNE_G003,2017-10-31,2017,10,31,304,18.75,73.75,0.0
PUNE_G003,2017-11-01,2017,11,1,305,18.75,73.75,0.0
PUNE_G003,2017-11-02,2017,11,2,306,18.75,73.75,0.0
PUNE_G003,2017-11-03,2017,11,3,307,18.75,73.75,0.0
PUNE_G003,2017-11-04,2017,11,4,308,18.75,73.75,0.0
PUNE_G003,2017-11-05,2017,11,5,309,18.75,73.75,0.0
PUNE_G003,2017-11-06,2017,11,6,310,18.75,73.75,0.0
PUNE_G003,2017-11-07,2017,11,7,311,18.75,73.75,0.0
PUNE_G003,2017-11-08,2017,11,8,312,18.75,73.75,0.0
PUNE_G003,2017-11-09,2017,11,9,313,18.75,73.75,0.0
PUNE_G003,2017-11-10,2017,11,10,314,18.75,73.75,0.0
PUNE_G003,2017-11-11,2017,11,11,315,18.75,73.75,0.0
PUNE_G003,2017-11-12,2017,11,12,316,18.75,73.75,0.0
PUNE_G003,2017-11-13,2017,11,13,317,18.75,73.75,0.0
PUNE_G003,2017-11-14,2017,11,14,318,18.75,73.75,0.0
PUNE_G003,2017-11-15,2017,11,15,319,18.75,73.75,0.0
PUNE_G003,2017-11-16,2017,11,16,320,18.75,73.75,0.0
PUNE_G003,2017-11-17,2017,11,17,321,18.75,73.75,0.0
PUNE_G003,2017-11-18,2017,11,18,322,18.75,73.75,0.0
PUNE_G003,2017-11-19,2017,11,19,323,18.75,73.75,0.0
PUNE_G003,2017-11-20,2017,11,20,324,18.75,73.75,0.0
PUNE_G003,2017-11-21,2017,11,21,325,18.75,73.75,10.298247337341309
PUNE_G003,2017-11-22,2017,11,22,326,18.75,73.75,3.6885337829589844
PUNE_G003,2017-11-23,2017,11,23,327,18.75,73.75,9.17292594909668
PUNE_G003,2017-11-24,2017,11,24,328,18.75,73.75,0.13594500720500946
PUNE_G003,2017-11-25,2017,11,25,329,18.75,73.75,0.0
PUNE_G003,2017-11-26,2017,11,26,330,18.75,73.75,0.0
PUNE_G003,2017-11-27,2017,11,27,331,18.75,73.75,0.0
PUNE_G003,2017-11-28,2017,11,28,332,18.75,73.75,0.0
PUNE_G003,2017-11-29,2017,11,29,333,18.75,73.75,0.0
PUNE_G003,2017-11-30,2017,11,30,334,18.75,73.75,0.0
PUNE_G003,2017-12-01,2017,12,1,335,18.75,73.75,0.0
PUNE_G003,2017-12-02,2017,12,2,336,18.75,73.75,0.0
PUNE_G003,2017-12-03,2017,12,3,337,18.75,73.75,0.0
PUNE_G003,2017-12-04,2017,12,4,338,18.75,73.75,0.0
PUNE_G003,2017-12-05,2017,12,5,339,18.75,73.75,0.7686975598335266
PUNE_G003,2017-12-06,2017,12,6,340,18.75,73.75,0.0
PUNE_G003,2017-12-07,2017,12,7,341,18.75,73.75,0.0
PUNE_G003,2017-12-08,2017,12,8,342,18.75,73.75,0.0
PUNE_G003,2017-12-09,2017,12,9,343,18.75,73.75,0.0
PUNE_G003,2017-12-10,2017,12,10,344,18.75,73.75,0.0
PUNE_G003,2017-12-11,2017,12,11,345,18.75,73.75,0.0
PUNE_G003,2017-12-12,2017,12,12,346,18.75,73.75,0.0
PUNE_G003,2017-12-13,2017,12,13,347,18.75,73.75,0.0
PUNE_G003,2017-12-14,2017,12,14,348,18.75,73.75,0.0
PUNE_G003,2017-12-15,2017,12,15,349,18.75,73.75,0.0
PUNE_G003,2017-12-16,2017,12,16,350,18.75,73.75,0.0
PUNE_G003,2017-12-17,2017,12,17,351,18.75,73.75,0.0
PUNE_G003,2017-12-18,2017,12,18,352,18.75,73.75,0.0
PUNE_G003,2017-12-19,2017,12,19,353,18.75,73.75,0.0
PUNE_G003,2017-12-20,2017,12,20,354,18.75,73.75,0.0
PUNE_G003,2017-12-21,2017,12,21,355,18.75,73.75,0.0
PUNE_G003,2017-12-22,2017,12,22,356,18.75,73.75,0.0
PUNE_G003,2017-12-23,2017,12,23,357,18.75,73.75,0.0
PUNE_G003,2017-12-24,2017,12,24,358,18.75,73.75,0.0
PUNE_G003,2017-12-25,2017,12,25,359,18.75,73.75,0.0
PUNE_G003,2017-12-26,2017,12,26,360,18.75,73.75,0.0
PUNE_G003,2017-12-27,2017,12,27,361,18.75,73.75,0.0
PUNE_G003,2017-12-28,2017,12,28,362,18.75,73.75,0.0
PUNE_G003,2017-12-29,2017,12,29,363,18.75,73.75,0.0
PUNE_G003,2017-12-30,2017,12,30,364,18.75,73.75,0.0
PUNE_G003,2017-12-31,2017,12,31,365,18.75,73.75,0.0
PUNE_G003,2018-01-01,2018,1,1,1,18.75,73.75,0.0
PUNE_G003,2018-01-02,2018,1,2,2,18.75,73.75,0.0
PUNE_G003,2018-01-03,2018,1,3,3,18.75,73.75,0.0
PUNE_G003,2018-01-04,2018,1,4,4,18.75,73.75,0.0
PUNE_G003,2018-01-05,2018,1,5,5,18.75,73.75,0.0
PUNE_G003,2018-01-06,2018,1,6,6,18.75,73.75,0.0
PUNE_G003,2018-01-07,2018,1,7,7,18.75,73.75,0.0
PUNE_G003,2018-01-08,2018,1,8,8,18.75,73.75,0.0
PUNE_G003,2018-01-09,2018,1,9,9,18.75,73.75,0.0
PUNE_G003,2018-01-10,2018,1,10,10,18.75,73.75,0.0
PUNE_G003,2018-01-11,2018,1,11,11,18.75,73.75,0.0
PUNE_G003,2018-01-12,2018,1,12,12,18.75,73.75,0.0
PUNE_G003,2018-01-13,2018,1,13,13,18.75,73.75,0.0
PUNE_G003,2018-01-14,2018,1,14,14,18.75,73.75,0.0
PUNE_G003,2018-01-15,2018,1,15,15,18.75,73.75,0.0
PUNE_G003,2018-01-16,2018,1,16,16,18.75,73.75,0.0
PUNE_G003,2018-01-17,2018,1,17,17,18.75,73.75,0.0
PUNE_G003,2018-01-18,2018,1,18,18,18.75,73.75,0.0
PUNE_G003,2018-01-19,2018,1,19,19,18.75,73.75,0.0
PUNE_G003,2018-01-20,2018,1,20,20,18.75,73.75,0.0
PUNE_G003,2018-01-21,2018,1,21,21,18.75,73.75,0.0
PUNE_G003,2018-01-22,2018,1,22,22,18.75,73.75,0.0
PUNE_G003,2018-01-23,2018,1,23,23,18.75,73.75,0.0
PUNE_G003,2018-01-24,2018,1,24,24,18.75,73.75,0.0
PUNE_G003,2018-01-25,2018,1,25,25,18.75,73.75,0.0
PUNE_G003,2018-01-26,2018,1,26,26,18.75,73.75,0.0
PUNE_G003,2018-01-27,2018,1,27,27,18.75,73.75,0.0
PUNE_G003,2018-01-28,2018,1,28,28,18.75,73.75,0.0
PUNE_G003,2018-01-29,2018,1,29,29,18.75,73.75,0.0
PUNE_G003,2018-01-30,2018,1,30,30,18.75,73.75,0.0
PUNE_G003,2018-01-31,2018,1,31,31,18.75,73.75,0.0
PUNE_G003,2018-02-01,2018,2,1,32,18.75,73.75,0.0
PUNE_G003,2018-02-02,2018,2,2,33,18.75,73.75,0.0
PUNE_G003,2018-02-03,2018,2,3,34,18.75,73.75,0.0
PUNE_G003,2018-02-04,2018,2,4,35,18.75,73.75,0.0
PUNE_G003,2018-02-05,2018,2,5,36,18.75,73.75,0.0
PUNE_G003,2018-02-06,2018,2,6,37,18.75,73.75,0.0
PUNE_G003,2018-02-07,2018,2,7,38,18.75,73.75,0.0
PUNE_G003,2018-02-08,2018,2,8,39,18.75,73.75,0.0
PUNE_G003,2018-02-09,2018,2,9,40,18.75,73.75,0.0
PUNE_G003,2018-02-10,2018,2,10,41,18.75,73.75,0.0
PUNE_G003,2018-02-11,2018,2,11,42,18.75,73.75,0.0
PUNE_G003,2018-02-12,2018,2,12,43,18.75,73.75,0.0
PUNE_G003,2018-02-13,2018,2,13,44,18.75,73.75,0.0
PUNE_G003,2018-02-14,2018,2,14,45,18.75,73.75,0.0
PUNE_G003,2018-02-15,2018,2,15,46,18.75,73.75,0.0
PUNE_G003,2018-02-16,2018,2,16,47,18.75,73.75,0.0
PUNE_G003,2018-02-17,2018,2,17,48,18.75,73.75,0.0
PUNE_G003,2018-02-18,2018,2,18,49,18.75,73.75,0.0
PUNE_G003,2018-02-19,2018,2,19,50,18.75,73.75,0.0
PUNE_G003,2018-02-20,2018,2,20,51,18.75,73.75,0.0
PUNE_G003,2018-02-21,2018,2,21,52,18.75,73.75,0.0
PUNE_G003,2018-02-22,2018,2,22,53,18.75,73.75,0.0
PUNE_G003,2018-02-23,2018,2,23,54,18.75,73.75,0.0
PUNE_G003,2018-02-24,2018,2,24,55,18.75,73.75,0.0
PUNE_G003,2018-02-25,2018,2,25,56,18.75,73.75,0.0
PUNE_G003,2018-02-26,2018,2,26,57,18.75,73.75,0.0
PUNE_G003,2018-02-27,2018,2,27,58,18.75,73.75,0.0
PUNE_G003,2018-02-28,2018,2,28,59,18.75,73.75,0.0
PUNE_G003,2018-03-01,2018,3,1,60,18.75,73.75,0.0
PUNE_G003,2018-03-02,2018,3,2,61,18.75,73.75,0.0
PUNE_G003,2018-03-03,2018,3,3,62,18.75,73.75,0.0
PUNE_G003,2018-03-04,2018,3,4,63,18.75,73.75,0.0
PUNE_G003,2018-03-05,2018,3,5,64,18.75,73.75,0.0
PUNE_G003,2018-03-06,2018,3,6,65,18.75,73.75,0.0
PUNE_G003,2018-03-07,2018,3,7,66,18.75,73.75,0.0
PUNE_G003,2018-03-08,2018,3,8,67,18.75,73.75,0.0
PUNE_G003,2018-03-09,2018,3,9,68,18.75,73.75,0.0
PUNE_G003,2018-03-10,2018,3,10,69,18.75,73.75,0.0
PUNE_G003,2018-03-11,2018,3,11,70,18.75,73.75,0.0
PUNE_G003,2018-03-12,2018,3,12,71,18.75,73.75,0.0
PUNE_G003,2018-03-13,2018,3,13,72,18.75,73.75,0.0
PUNE_G003,2018-03-14,2018,3,14,73,18.75,73.75,0.0
PUNE_G003,2018-03-15,2018,3,15,74,18.75,73.75,0.0
PUNE_G003,2018-03-16,2018,3,16,75,18.75,73.75,0.0
PUNE_G003,2018-03-17,2018,3,17,76,18.75,73.75,0.0
PUNE_G003,2018-03-18,2018,3,18,77,18.75,73.75,0.0
PUNE_G003,2018-03-19,2018,3,19,78,18.75,73.75,2.4564146995544434
PUNE_G003,2018-03-20,2018,3,20,79,18.75,73.75,0.0
PUNE_G003,2018-03-21,2018,3,21,80,18.75,73.75,0.0
PUNE_G003,2018-03-22,2018,3,22,81,18.75,73.75,0.0
PUNE_G003,2018-03-23,2018,3,23,82,18.75,73.75,0.0
PUNE_G003,2018-03-24,2018,3,24,83,18.75,73.75,0.0
PUNE_G003,2018-03-25,2018,3,25,84,18.75,73.75,0.0
PUNE_G003,2018-03-26,2018,3,26,85,18.75,73.75,0.0
PUNE_G003,2018-03-27,2018,3,27,86,18.75,73.75,0.0
PUNE_G003,2018-03-28,2018,3,28,87,18.75,73.75,0.0
PUNE_G003,2018-03-29,2018,3,29,88,18.75,73.75,0.0
PUNE_G003,2018-03-30,2018,3,30,89,18.75,73.75,0.0
PUNE_G003,2018-03-31,2018,3,31,90,18.75,73.75,0.0
PUNE_G003,2018-04-01,2018,4,1,91,18.75,73.75,0.0
PUNE_G003,2018-04-02,2018,4,2,92,18.75,73.75,0.0
PUNE_G003,2018-04-03,2018,4,3,93,18.75,73.75,0.0
PUNE_G003,2018-04-04,2018,4,4,94,18.75,73.75,0.0
PUNE_G003,2018-04-05,2018,4,5,95,18.75,73.75,0.0
PUNE_G003,2018-04-06,2018,4,6,96,18.75,73.75,0.0
PUNE_G003,2018-04-07,2018,4,7,97,18.75,73.75,0.0
PUNE_G003,2018-04-08,2018,4,8,98,18.75,73.75,0.0
PUNE_G003,2018-04-09,2018,4,9,99,18.75,73.75,0.0
PUNE_G003,2018-04-10,2018,4,10,100,18.75,73.75,0.0
PUNE_G003,2018-04-11,2018,4,11,101,18.75,73.75,0.0
PUNE_G003,2018-04-12,2018,4,12,102,18.75,73.75,0.0
PUNE_G003,2018-04-13,2018,4,13,103,18.75,73.75,0.0
PUNE_G003,2018-04-14,2018,4,14,104,18.75,73.75,0.0
PUNE_G003,2018-04-15,2018,4,15,105,18.75,73.75,0.0
PUNE_G003,2018-04-16,2018,4,16,106,18.75,73.75,0.0
PUNE_G003,2018-04-17,2018,4,17,107,18.75,73.75,0.0
PUNE_G003,2018-04-18,2018,4,18,108,18.75,73.75,3.527238130569458
PUNE_G003,2018-04-19,2018,4,19,109,18.75,73.75,0.0
PUNE_G003,2018-04-20,2018,4,20,110,18.75,73.75,0.0
PUNE_G003,2018-04-21,2018,4,21,111,18.75,73.75,0.0
PUNE_G003,2018-04-22,2018,4,22,112,18.75,73.75,0.0
PUNE_G003,2018-04-23,2018,4,23,113,18.75,73.75,0.0
PUNE_G003,2018-04-24,2018,4,24,114,18.75,73.75,0.0
PUNE_G003,2018-04-25,2018,4,25,115,18.75,73.75,0.0
PUNE_G003,2018-04-26,2018,4,26,116,18.75,73.75,0.0
PUNE_G003,2018-04-27,2018,4,27,117,18.75,73.75,0.0
PUNE_G003,2018-04-28,2018,4,28,118,18.75,73.75,0.0
PUNE_G003,2018-04-29,2018,4,29,119,18.75,73.75,0.0
PUNE_G003,2018-04-30,2018,4,30,120,18.75,73.75,0.0
PUNE_G003,2018-05-01,2018,5,1,121,18.75,73.75,0.0
PUNE_G003,2018-05-02,2018,5,2,122,18.75,73.75,0.0
PUNE_G003,2018-05-03,2018,5,3,123,18.75,73.75,0.0
PUNE_G003,2018-05-04,2018,5,4,124,18.75,73.75,0.0
PUNE_G003,2018-05-05,2018,5,5,125,18.75,73.75,0.0
PUNE_G003,2018-05-06,2018,5,6,126,18.75,73.75,0.0
PUNE_G003,2018-05-07,2018,5,7,127,18.75,73.75,0.0
PUNE_G003,2018-05-08,2018,5,8,128,18.75,73.75,0.0
PUNE_G003,2018-05-09,2018,5,9,129,18.75,73.75,0.0
PUNE_G003,2018-05-10,2018,5,10,130,18.75,73.75,0.0
PUNE_G003,2018-05-11,2018,5,11,131,18.75,73.75,0.0
PUNE_G003,2018-05-12,2018,5,12,132,18.75,73.75,0.0
PUNE_G003,2018-05-13,2018,5,13,133,18.75,73.75,0.0
PUNE_G003,2018-05-14,2018,5,14,134,18.75,73.75,0.0
PUNE_G003,2018-05-15,2018,5,15,135,18.75,73.75,0.0
PUNE_G003,2018-05-16,2018,5,16,136,18.75,73.75,0.0
PUNE_G003,2018-05-17,2018,5,17,137,18.75,73.75,0.0
PUNE_G003,2018-05-18,2018,5,18,138,18.75,73.75,2.1458284854888916
PUNE_G003,2018-05-19,2018,5,19,139,18.75,73.75,0.0
PUNE_G003,2018-05-20,2018,5,20,140,18.75,73.75,0.0
PUNE_G003,2018-05-21,2018,5,21,141,18.75,73.75,0.0
PUNE_G003,2018-05-22,2018,5,22,142,18.75,73.75,0.0
PUNE_G003,2018-05-23,2018,5,23,143,18.75,73.75,0.1679803729057312
PUNE_G003,2018-05-24,2018,5,24,144,18.75,73.75,0.0
PUNE_G003,2018-05-25,2018,5,25,145,18.75,73.75,0.0
PUNE_G003,2018-05-26,2018,5,26,146,18.75,73.75,0.0
PUNE_G003,2018-05-27,2018,5,27,147,18.75,73.75,0.0
PUNE_G003,2018-05-28,2018,5,28,148,18.75,73.75,0.0
PUNE_G003,2018-05-29,2018,5,29,149,18.75,73.75,0.0
PUNE_G003,2018-05-30,2018,5,30,150,18.75,73.75,0.0
PUNE_G003,2018-05-31,2018,5,31,151,18.75,73.75,0.0
PUNE_G003,2018-06-01,2018,6,1,152,18.75,73.75,0.0
PUNE_G003,2018-06-02,2018,6,2,153,18.75,73.75,2.935668468475342
PUNE_G003,2018-06-03,2018,6,3,154,18.75,73.75,2.837493419647217
PUNE_G003,2018-06-04,2018,6,4,155,18.75,73.75,0.0
PUNE_G003,2018-06-05,2018,6,5,156,18.75,73.75,46.94054412841797
PUNE_G003,2018-06-06,2018,6,6,157,18.75,73.75,2.1793763637542725
PUNE_G003,2018-06-07,2018,6,7,158,18.75,73.75,7.911568641662598
PUNE_G003,2018-06-08,2018,6,8,159,18.75,73.75,0.0
PUNE_G003,2018-06-09,2018,6,9,160,18.75,73.75,21.886363983154297
PUNE_G003,2018-06-10,2018,6,10,161,18.75,73.75,0.0
PUNE_G003,2018-06-11,2018,6,11,162,18.75,73.75,0.2659413814544678
PUNE_G003,2018-06-12,2018,6,12,163,18.75,73.75,0.0
PUNE_G003,2018-06-13,2018,6,13,164,18.75,73.75,0.0
PUNE_G003,2018-06-14,2018,6,14,165,18.75,73.75,0.0
PUNE_G003,2018-06-15,2018,6,15,166,18.75,73.75,0.0
PUNE_G003,2018-06-16,2018,6,16,167,18.75,73.75,0.0
PUNE_G003,2018-06-17,2018,6,17,168,18.75,73.75,0.7926341891288757
PUNE_G003,2018-06-18,2018,6,18,169,18.75,73.75,3.206702709197998
PUNE_G003,2018-06-19,2018,6,19,170,18.75,73.75,0.0
PUNE_G003,2018-06-20,2018,6,20,171,18.75,73.75,1.3698588609695435
PUNE_G003,2018-06-21,2018,6,21,172,18.75,73.75,1.9023690223693848
PUNE_G003,2018-06-22,2018,6,22,173,18.75,73.75,20.389801025390625
PUNE_G003,2018-06-23,2018,6,23,174,18.75,73.75,11.566801071166992
PUNE_G003,2018-06-24,2018,6,24,175,18.75,73.75,0.8877444267272949
PUNE_G003,2018-06-25,2018,6,25,176,18.75,73.75,3.056180238723755
PUNE_G003,2018-06-26,2018,6,26,177,18.75,73.75,10.927192687988281
PUNE_G003,2018-06-27,2018,6,27,178,18.75,73.75,5.987171649932861
PUNE_G003,2018-06-28,2018,6,28,179,18.75,73.75,0.25910744071006775
PUNE_G003,2018-06-29,2018,6,29,180,18.75,73.75,2.0844054222106934
PUNE_G003,2018-06-30,2018,6,30,181,18.75,73.75,11.930255889892578
PUNE_G003,2018-07-01,2018,7,1,182,18.75,73.75,0.1824008673429489
PUNE_G003,2018-07-02,2018,7,2,183,18.75,73.75,0.0
PUNE_G003,2018-07-03,2018,7,3,184,18.75,73.75,4.331866264343262
PUNE_G003,2018-07-04,2018,7,4,185,18.75,73.75,7.542346954345703
PUNE_G003,2018-07-05,2018,7,5,186,18.75,73.75,16.135622024536133
PUNE_G003,2018-07-06,2018,7,6,187,18.75,73.75,3.600750207901001
PUNE_G003,2018-07-07,2018,7,7,188,18.75,73.75,10.419394493103027
PUNE_G003,2018-07-08,2018,7,8,189,18.75,73.75,5.843361854553223
PUNE_G003,2018-07-09,2018,7,9,190,18.75,73.75,7.52802848815918
PUNE_G003,2018-07-10,2018,7,10,191,18.75,73.75,11.474884033203125
PUNE_G003,2018-07-11,2018,7,11,192,18.75,73.75,3.665363073348999
PUNE_G003,2018-07-12,2018,7,12,193,18.75,73.75,5.579311370849609
PUNE_G003,2018-07-13,2018,7,13,194,18.75,73.75,6.998205184936523
PUNE_G003,2018-07-14,2018,7,14,195,18.75,73.75,6.218753814697266
PUNE_G003,2018-07-15,2018,7,15,196,18.75,73.75,7.3370184898376465
PUNE_G003,2018-07-16,2018,7,16,197,18.75,73.75,21.68669891357422
PUNE_G003,2018-07-17,2018,7,17,198,18.75,73.75,29.05856704711914
PUNE_G003,2018-07-18,2018,7,18,199,18.75,73.75,17.04349708557129
PUNE_G003,2018-07-19,2018,7,19,200,18.75,73.75,3.474599838256836
PUNE_G003,2018-07-20,2018,7,20,201,18.75,73.75,0.7104914784431458
PUNE_G003,2018-07-21,2018,7,21,202,18.75,73.75,5.173121929168701
PUNE_G003,2018-07-22,2018,7,22,203,18.75,73.75,1.942226529121399
PUNE_G003,2018-07-23,2018,7,23,204,18.75,73.75,3.4293384552001953
PUNE_G003,2018-07-24,2018,7,24,205,18.75,73.75,1.5900133848190308
PUNE_G003,2018-07-25,2018,7,25,206,18.75,73.75,2.6543068885803223
PUNE_G003,2018-07-26,2018,7,26,207,18.75,73.75,0.7031052708625793
PUNE_G003,2018-07-27,2018,7,27,208,18.75,73.75,0.451106458902359
PUNE_G003,2018-07-28,2018,7,28,209,18.75,73.75,1.3099708557128906
PUNE_G003,2018-07-29,2018,7,29,210,18.75,73.75,0.20864799618721008
PUNE_G003,2018-07-30,2018,7,30,211,18.75,73.75,0.0
PUNE_G003,2018-07-31,2018,7,31,212,18.75,73.75,0.0
PUNE_G003,2018-08-01,2018,8,1,213,18.75,73.75,0.24080103635787964
PUNE_G003,2018-08-02,2018,8,2,214,18.75,73.75,0.3619062900543213
PUNE_G003,2018-08-03,2018,8,3,215,18.75,73.75,1.359750509262085
PUNE_G003,2018-08-04,2018,8,4,216,18.75,73.75,0.14490346610546112
PUNE_G003,2018-08-05,2018,8,5,217,18.75,73.75,4.88447380065918
PUNE_G003,2018-08-06,2018,8,6,218,18.75,73.75,0.0
PUNE_G003,2018-08-07,2018,8,7,219,18.75,73.75,0.4462571442127228
PUNE_G003,2018-08-08,2018,8,8,220,18.75,73.75,2.6092960834503174
PUNE_G003,2018-08-09,2018,8,9,221,18.75,73.75,0.5299032330513
PUNE_G003,2018-08-10,2018,8,10,222,18.75,73.75,0.5923278331756592
PUNE_G003,2018-08-11,2018,8,11,223,18.75,73.75,3.5422213077545166
PUNE_G003,2018-08-12,2018,8,12,224,18.75,73.75,2.971606731414795
PUNE_G003,2018-08-13,2018,8,13,225,18.75,73.75,3.9354426860809326
PUNE_G003,2018-08-14,2018,8,14,226,18.75,73.75,3.370972156524658
PUNE_G003,2018-08-15,2018,8,15,227,18.75,73.75,1.5541223287582397
PUNE_G003,2018-08-16,2018,8,16,228,18.75,73.75,2.678225517272949
PUNE_G003,2018-08-17,2018,8,17,229,18.75,73.75,21.546688079833984
PUNE_G003,2018-08-18,2018,8,18,230,18.75,73.75,2.3229546546936035
PUNE_G003,2018-08-19,2018,8,19,231,18.75,73.75,5.235345363616943
PUNE_G003,2018-08-20,2018,8,20,232,18.75,73.75,3.445647954940796
PUNE_G003,2018-08-21,2018,8,21,233,18.75,73.75,11.48628044128418
PUNE_G003,2018-08-22,2018,8,22,234,18.75,73.75,15.052515983581543
PUNE_G003,2018-08-23,2018,8,23,235,18.75,73.75,5.344812393188477
PUNE_G003,2018-08-24,2018,8,24,236,18.75,73.75,0.3872760534286499
PUNE_G003,2018-08-25,2018,8,25,237,18.75,73.75,2.989582061767578
PUNE_G003,2018-08-26,2018,8,26,238,18.75,73.75,19.86067008972168
PUNE_G003,2018-08-27,2018,8,27,239,18.75,73.75,5.533915996551514
PUNE_G003,2018-08-28,2018,8,28,240,18.75,73.75,1.2637158632278442
PUNE_G003,2018-08-29,2018,8,29,241,18.75,73.75,0.4318981468677521
PUNE_G003,2018-08-30,2018,8,30,242,18.75,73.75,0.0
PUNE_G003,2018-08-31,2018,8,31,243,18.75,73.75,0.3974247872829437
PUNE_G003,2018-09-01,2018,9,1,244,18.75,73.75,0.8935041427612305
PUNE_G003,2018-09-02,2018,9,2,245,18.75,73.75,3.289764165878296
PUNE_G003,2018-09-03,2018,9,3,246,18.75,73.75,3.388160467147827
PUNE_G003,2018-09-04,2018,9,4,247,18.75,73.75,0.39004623889923096
PUNE_G003,2018-09-05,2018,9,5,248,18.75,73.75,0.5564743876457214
PUNE_G003,2018-09-06,2018,9,6,249,18.75,73.75,0.0
PUNE_G003,2018-09-07,2018,9,7,250,18.75,73.75,0.0
PUNE_G003,2018-09-08,2018,9,8,251,18.75,73.75,0.7368373274803162
PUNE_G003,2018-09-09,2018,9,9,252,18.75,73.75,0.0
PUNE_G003,2018-09-10,2018,9,10,253,18.75,73.75,0.0
PUNE_G003,2018-09-11,2018,9,11,254,18.75,73.75,0.0
PUNE_G003,2018-09-12,2018,9,12,255,18.75,73.75,0.0
PUNE_G003,2018-09-13,2018,9,13,256,18.75,73.75,0.0
PUNE_G003,2018-09-14,2018,9,14,257,18.75,73.75,0.0
PUNE_G003,2018-09-15,2018,9,15,258,18.75,73.75,0.0
PUNE_G003,2018-09-16,2018,9,16,259,18.75,73.75,0.0
PUNE_G003,2018-09-17,2018,9,17,260,18.75,73.75,0.0
PUNE_G003,2018-09-18,2018,9,18,261,18.75,73.75,0.0
PUNE_G003,2018-09-19,2018,9,19,262,18.75,73.75,1.2304154634475708
PUNE_G003,2018-09-20,2018,9,20,263,18.75,73.75,0.8366648554801941
PUNE_G003,2018-09-21,2018,9,21,264,18.75,73.75,1.6436582803726196
PUNE_G003,2018-09-22,2018,9,22,265,18.75,73.75,0.0
PUNE_G003,2018-09-23,2018,9,23,266,18.75,73.75,0.0
PUNE_G003,2018-09-24,2018,9,24,267,18.75,73.75,0.0
PUNE_G003,2018-09-25,2018,9,25,268,18.75,73.75,0.0
PUNE_G003,2018-09-26,2018,9,26,269,18.75,73.75,0.0
PUNE_G003,2018-09-27,2018,9,27,270,18.75,73.75,0.5090195536613464
PUNE_G003,2018-09-28,2018,9,28,271,18.75,73.75,3.814497232437134
PUNE_G003,2018-09-29,2018,9,29,272,18.75,73.75,12.66232967376709
PUNE_G003,2018-09-30,2018,9,30,273,18.75,73.75,2.490715742111206
PUNE_G003,2018-10-01,2018,10,1,274,18.75,73.75,22.073760986328125
PUNE_G003,2018-10-02,2018,10,2,275,18.75,73.75,3.037872552871704
PUNE_G003,2018-10-03,2018,10,3,276,18.75,73.75,5.297177314758301
PUNE_G003,2018-10-04,2018,10,4,277,18.75,73.75,0.15920667350292206
PUNE_G003,2018-10-05,2018,10,5,278,18.75,73.75,0.0
PUNE_G003,2018-10-06,2018,10,6,279,18.75,73.75,0.0
PUNE_G003,2018-10-07,2018,10,7,280,18.75,73.75,0.0
PUNE_G003,2018-10-08,2018,10,8,281,18.75,73.75,0.0
PUNE_G003,2018-10-09,2018,10,9,282,18.75,73.75,0.0
PUNE_G003,2018-10-10,2018,10,10,283,18.75,73.75,0.0
PUNE_G003,2018-10-11,2018,10,11,284,18.75,73.75,0.0
PUNE_G003,2018-10-12,2018,10,12,285,18.75,73.75,0.0
PUNE_G003,2018-10-13,2018,10,13,286,18.75,73.75,0.0
PUNE_G003,2018-10-14,2018,10,14,287,18.75,73.75,0.0
PUNE_G003,2018-10-15,2018,10,15,288,18.75,73.75,0.0
PUNE_G003,2018-10-16,2018,10,16,289,18.75,73.75,0.0
PUNE_G003,2018-10-17,2018,10,17,290,18.75,73.75,0.0
PUNE_G003,2018-10-18,2018,10,18,291,18.75,73.75,0.19078931212425232
PUNE_G003,2018-10-19,2018,10,19,292,18.75,73.75,3.515065908432007
PUNE_G003,2018-10-20,2018,10,20,293,18.75,73.75,0.9607803821563721
PUNE_G003,2018-10-21,2018,10,21,294,18.75,73.75,0.0
PUNE_G003,2018-10-22,2018,10,22,295,18.75,73.75,0.0
PUNE_G003,2018-10-23,2018,10,23,296,18.75,73.75,0.0
PUNE_G003,2018-10-24,2018,10,24,297,18.75,73.75,0.0
PUNE_G003,2018-10-25,2018,10,25,298,18.75,73.75,0.0
PUNE_G003,2018-10-26,2018,10,26,299,18.75,73.75,0.0
PUNE_G003,2018-10-27,2018,10,27,300,18.75,73.75,0.0
PUNE_G003,2018-10-28,2018,10,28,301,18.75,73.75,0.0
PUNE_G003,2018-10-29,2018,10,29,302,18.75,73.75,0.0
PUNE_G003,2018-10-30,2018,10,30,303,18.75,73.75,0.0
PUNE_G003,2018-10-31,2018,10,31,304,18.75,73.75,0.0
PUNE_G003,2018-11-01,2018,11,1,305,18.75,73.75,0.0
PUNE_G003,2018-11-02,2018,11,2,306,18.75,73.75,0.0
PUNE_G003,2018-11-03,2018,11,3,307,18.75,73.75,0.0
PUNE_G003,2018-11-04,2018,11,4,308,18.75,73.75,0.14857378602027893
PUNE_G003,2018-11-05,2018,11,5,309,18.75,73.75,0.0
PUNE_G003,2018-11-06,2018,11,6,310,18.75,73.75,0.0
PUNE_G003,2018-11-07,2018,11,7,311,18.75,73.75,0.0
PUNE_G003,2018-11-08,2018,11,8,312,18.75,73.75,0.0
PUNE_G003,2018-11-09,2018,11,9,313,18.75,73.75,0.0
PUNE_G003,2018-11-10,2018,11,10,314,18.75,73.75,0.0
PUNE_G003,2018-11-11,2018,11,11,315,18.75,73.75,0.0
PUNE_G003,2018-11-12,2018,11,12,316,18.75,73.75,0.0
PUNE_G003,2018-11-13,2018,11,13,317,18.75,73.75,0.0
PUNE_G003,2018-11-14,2018,11,14,318,18.75,73.75,0.0
PUNE_G003,2018-11-15,2018,11,15,319,18.75,73.75,0.0
PUNE_G003,2018-11-16,2018,11,16,320,18.75,73.75,0.0
PUNE_G003,2018-11-17,2018,11,17,321,18.75,73.75,0.0
PUNE_G003,2018-11-18,2018,11,18,322,18.75,73.75,0.0
PUNE_G003,2018-11-19,2018,11,19,323,18.75,73.75,0.0
PUNE_G003,2018-11-20,2018,11,20,324,18.75,73.75,0.1491536945104599
PUNE_G003,2018-11-21,2018,11,21,325,18.75,73.75,0.0
PUNE_G003,2018-11-22,2018,11,22,326,18.75,73.75,0.0
PUNE_G003,2018-11-23,2018,11,23,327,18.75,73.75,0.0
PUNE_G003,2018-11-24,2018,11,24,328,18.75,73.75,0.0
PUNE_G003,2018-11-25,2018,11,25,329,18.75,73.75,0.0
PUNE_G003,2018-11-26,2018,11,26,330,18.75,73.75,0.0
PUNE_G003,2018-11-27,2018,11,27,331,18.75,73.75,0.0
PUNE_G003,2018-11-28,2018,11,28,332,18.75,73.75,0.0
PUNE_G003,2018-11-29,2018,11,29,333,18.75,73.75,0.0
PUNE_G003,2018-11-30,2018,11,30,334,18.75,73.75,0.0
PUNE_G003,2018-12-01,2018,12,1,335,18.75,73.75,0.0
PUNE_G003,2018-12-02,2018,12,2,336,18.75,73.75,0.0
PUNE_G003,2018-12-03,2018,12,3,337,18.75,73.75,0.0
PUNE_G003,2018-12-04,2018,12,4,338,18.75,73.75,0.0
PUNE_G003,2018-12-05,2018,12,5,339,18.75,73.75,0.0
PUNE_G003,2018-12-06,2018,12,6,340,18.75,73.75,0.0
PUNE_G003,2018-12-07,2018,12,7,341,18.75,73.75,0.0
PUNE_G003,2018-12-08,2018,12,8,342,18.75,73.75,0.0
PUNE_G003,2018-12-09,2018,12,9,343,18.75,73.75,0.0
PUNE_G003,2018-12-10,2018,12,10,344,18.75,73.75,0.0
PUNE_G003,2018-12-11,2018,12,11,345,18.75,73.75,0.0
PUNE_G003,2018-12-12,2018,12,12,346,18.75,73.75,0.0
PUNE_G003,2018-12-13,2018,12,13,347,18.75,73.75,0.0
PUNE_G003,2018-12-14,2018,12,14,348,18.75,73.75,0.0
PUNE_G003,2018-12-15,2018,12,15,349,18.75,73.75,0.0
PUNE_G003,2018-12-16,2018,12,16,350,18.75,73.75,0.0
PUNE_G003,2018-12-17,2018,12,17,351,18.75,73.75,0.0
PUNE_G003,2018-12-18,2018,12,18,352,18.75,73.75,0.0
PUNE_G003,2018-12-19,2018,12,19,353,18.75,73.75,0.0
PUNE_G003,2018-12-20,2018,12,20,354,18.75,73.75,0.0
PUNE_G003,2018-12-21,2018,12,21,355,18.75,73.75,0.0
PUNE_G003,2018-12-22,2018,12,22,356,18.75,73.75,0.0
PUNE_G003,2018-12-23,2018,12,23,357,18.75,73.75,0.0
PUNE_G003,2018-12-24,2018,12,24,358,18.75,73.75,0.0
PUNE_G003,2018-12-25,2018,12,25,359,18.75,73.75,0.0
PUNE_G003,2018-12-26,2018,12,26,360,18.75,73.75,0.0
PUNE_G003,2018-12-27,2018,12,27,361,18.75,73.75,0.0
PUNE_G003,2018-12-28,2018,12,28,362,18.75,73.75,0.0
PUNE_G003,2018-12-29,2018,12,29,363,18.75,73.75,0.0
PUNE_G003,2018-12-30,2018,12,30,364,18.75,73.75,0.0
PUNE_G003,2018-12-31,2018,12,31,365,18.75,73.75,0.0
PUNE_G003,2019-01-01,2019,1,1,1,18.75,73.75,0.0
PUNE_G003,2019-01-02,2019,1,2,2,18.75,73.75,0.0
PUNE_G003,2019-01-03,2019,1,3,3,18.75,73.75,0.0
PUNE_G003,2019-01-04,2019,1,4,4,18.75,73.75,0.0
PUNE_G003,2019-01-05,2019,1,5,5,18.75,73.75,0.0
PUNE_G003,2019-01-06,2019,1,6,6,18.75,73.75,0.0
PUNE_G003,2019-01-07,2019,1,7,7,18.75,73.75,0.0
PUNE_G003,2019-01-08,2019,1,8,8,18.75,73.75,0.0
PUNE_G003,2019-01-09,2019,1,9,9,18.75,73.75,0.0
PUNE_G003,2019-01-10,2019,1,10,10,18.75,73.75,0.0
PUNE_G003,2019-01-11,2019,1,11,11,18.75,73.75,0.0
PUNE_G003,2019-01-12,2019,1,12,12,18.75,73.75,0.0
PUNE_G003,2019-01-13,2019,1,13,13,18.75,73.75,0.0
PUNE_G003,2019-01-14,2019,1,14,14,18.75,73.75,0.0
PUNE_G003,2019-01-15,2019,1,15,15,18.75,73.75,0.0
PUNE_G003,2019-01-16,2019,1,16,16,18.75,73.75,0.0
PUNE_G003,2019-01-17,2019,1,17,17,18.75,73.75,0.0
PUNE_G003,2019-01-18,2019,1,18,18,18.75,73.75,0.0
PUNE_G003,2019-01-19,2019,1,19,19,18.75,73.75,0.0
PUNE_G003,2019-01-20,2019,1,20,20,18.75,73.75,0.0
PUNE_G003,2019-01-21,2019,1,21,21,18.75,73.75,0.0
PUNE_G003,2019-01-22,2019,1,22,22,18.75,73.75,0.0
PUNE_G003,2019-01-23,2019,1,23,23,18.75,73.75,0.0
PUNE_G003,2019-01-24,2019,1,24,24,18.75,73.75,0.0
PUNE_G003,2019-01-25,2019,1,25,25,18.75,73.75,0.0
PUNE_G003,2019-01-26,2019,1,26,26,18.75,73.75,0.0
PUNE_G003,2019-01-27,2019,1,27,27,18.75,73.75,0.0
PUNE_G003,2019-01-28,2019,1,28,28,18.75,73.75,0.0
PUNE_G003,2019-01-29,2019,1,29,29,18.75,73.75,0.0
PUNE_G003,2019-01-30,2019,1,30,30,18.75,73.75,0.0
PUNE_G003,2019-01-31,2019,1,31,31,18.75,73.75,0.0
PUNE_G003,2019-02-01,2019,2,1,32,18.75,73.75,0.0
PUNE_G003,2019-02-02,2019,2,2,33,18.75,73.75,0.0
PUNE_G003,2019-02-03,2019,2,3,34,18.75,73.75,0.0
PUNE_G003,2019-02-04,2019,2,4,35,18.75,73.75,0.0
PUNE_G003,2019-02-05,2019,2,5,36,18.75,73.75,0.0
PUNE_G003,2019-02-06,2019,2,6,37,18.75,73.75,0.0
PUNE_G003,2019-02-07,2019,2,7,38,18.75,73.75,0.0
PUNE_G003,2019-02-08,2019,2,8,39,18.75,73.75,0.0
PUNE_G003,2019-02-09,2019,2,9,40,18.75,73.75,0.0
PUNE_G003,2019-02-10,2019,2,10,41,18.75,73.75,0.0
PUNE_G003,2019-02-11,2019,2,11,42,18.75,73.75,0.0
PUNE_G003,2019-02-12,2019,2,12,43,18.75,73.75,0.0
PUNE_G003,2019-02-13,2019,2,13,44,18.75,73.75,0.0
PUNE_G003,2019-02-14,2019,2,14,45,18.75,73.75,0.0
PUNE_G003,2019-02-15,2019,2,15,46,18.75,73.75,0.0
PUNE_G003,2019-02-16,2019,2,16,47,18.75,73.75,0.0
PUNE_G003,2019-02-17,2019,2,17,48,18.75,73.75,0.0
PUNE_G003,2019-02-18,2019,2,18,49,18.75,73.75,0.0
PUNE_G003,2019-02-19,2019,2,19,50,18.75,73.75,0.0
PUNE_G003,2019-02-20,2019,2,20,51,18.75,73.75,0.0
PUNE_G003,2019-02-21,2019,2,21,52,18.75,73.75,0.0
PUNE_G003,2019-02-22,2019,2,22,53,18.75,73.75,0.0
PUNE_G003,2019-02-23,2019,2,23,54,18.75,73.75,0.0
PUNE_G003,2019-02-24,2019,2,24,55,18.75,73.75,0.0
PUNE_G003,2019-02-25,2019,2,25,56,18.75,73.75,0.0
PUNE_G003,2019-02-26,2019,2,26,57,18.75,73.75,0.0
PUNE_G003,2019-02-27,2019,2,27,58,18.75,73.75,0.0
PUNE_G003,2019-02-28,2019,2,28,59,18.75,73.75,0.0
PUNE_G003,2019-03-01,2019,3,1,60,18.75,73.75,0.0
PUNE_G003,2019-03-02,2019,3,2,61,18.75,73.75,0.0
PUNE_G003,2019-03-03,2019,3,3,62,18.75,73.75,0.0
PUNE_G003,2019-03-04,2019,3,4,63,18.75,73.75,0.0
PUNE_G003,2019-03-05,2019,3,5,64,18.75,73.75,0.0
PUNE_G003,2019-03-06,2019,3,6,65,18.75,73.75,0.0
PUNE_G003,2019-03-07,2019,3,7,66,18.75,73.75,0.0
PUNE_G003,2019-03-08,2019,3,8,67,18.75,73.75,0.0
PUNE_G003,2019-03-09,2019,3,9,68,18.75,73.75,0.0
PUNE_G003,2019-03-10,2019,3,10,69,18.75,73.75,0.0
PUNE_G003,2019-03-11,2019,3,11,70,18.75,73.75,0.0
PUNE_G003,2019-03-12,2019,3,12,71,18.75,73.75,0.0
PUNE_G003,2019-03-13,2019,3,13,72,18.75,73.75,0.0
PUNE_G003,2019-03-14,2019,3,14,73,18.75,73.75,0.0
PUNE_G003,2019-03-15,2019,3,15,74,18.75,73.75,0.0
PUNE_G003,2019-03-16,2019,3,16,75,18.75,73.75,0.0
PUNE_G003,2019-03-17,2019,3,17,76,18.75,73.75,0.0
PUNE_G003,2019-03-18,2019,3,18,77,18.75,73.75,0.0
PUNE_G003,2019-03-19,2019,3,19,78,18.75,73.75,0.0
PUNE_G003,2019-03-20,2019,3,20,79,18.75,73.75,0.0
PUNE_G003,2019-03-21,2019,3,21,80,18.75,73.75,0.0
PUNE_G003,2019-03-22,2019,3,22,81,18.75,73.75,0.0
PUNE_G003,2019-03-23,2019,3,23,82,18.75,73.75,0.0
PUNE_G003,2019-03-24,2019,3,24,83,18.75,73.75,0.0
PUNE_G003,2019-03-25,2019,3,25,84,18.75,73.75,0.0
PUNE_G003,2019-03-26,2019,3,26,85,18.75,73.75,0.0
PUNE_G003,2019-03-27,2019,3,27,86,18.75,73.75,0.0
PUNE_G003,2019-03-28,2019,3,28,87,18.75,73.75,0.0
PUNE_G003,2019-03-29,2019,3,29,88,18.75,73.75,0.0
PUNE_G003,2019-03-30,2019,3,30,89,18.75,73.75,0.0
PUNE_G003,2019-03-31,2019,3,31,90,18.75,73.75,0.0
PUNE_G003,2019-04-01,2019,4,1,91,18.75,73.75,0.0
PUNE_G003,2019-04-02,2019,4,2,92,18.75,73.75,0.0
PUNE_G003,2019-04-03,2019,4,3,93,18.75,73.75,0.0
PUNE_G003,2019-04-04,2019,4,4,94,18.75,73.75,0.0
PUNE_G003,2019-04-05,2019,4,5,95,18.75,73.75,0.0
PUNE_G003,2019-04-06,2019,4,6,96,18.75,73.75,0.0
PUNE_G003,2019-04-07,2019,4,7,97,18.75,73.75,0.0
PUNE_G003,2019-04-08,2019,4,8,98,18.75,73.75,0.0
PUNE_G003,2019-04-09,2019,4,9,99,18.75,73.75,0.0
PUNE_G003,2019-04-10,2019,4,10,100,18.75,73.75,0.0
PUNE_G003,2019-04-11,2019,4,11,101,18.75,73.75,0.0
PUNE_G003,2019-04-12,2019,4,12,102,18.75,73.75,0.0
PUNE_G003,2019-04-13,2019,4,13,103,18.75,73.75,0.0
PUNE_G003,2019-04-14,2019,4,14,104,18.75,73.75,0.0
PUNE_G003,2019-04-15,2019,4,15,105,18.75,73.75,0.0
PUNE_G003,2019-04-16,2019,4,16,106,18.75,73.75,2.163874387741089
PUNE_G003,2019-04-17,2019,4,17,107,18.75,73.75,5.466629981994629
PUNE_G003,2019-04-18,2019,4,18,108,18.75,73.75,0.0
PUNE_G003,2019-04-19,2019,4,19,109,18.75,73.75,0.0
PUNE_G003,2019-04-20,2019,4,20,110,18.75,73.75,0.0
PUNE_G003,2019-04-21,2019,4,21,111,18.75,73.75,0.0
PUNE_G003,2019-04-22,2019,4,22,112,18.75,73.75,0.0
PUNE_G003,2019-04-23,2019,4,23,113,18.75,73.75,0.0
PUNE_G003,2019-04-24,2019,4,24,114,18.75,73.75,0.0
PUNE_G003,2019-04-25,2019,4,25,115,18.75,73.75,0.0
PUNE_G003,2019-04-26,2019,4,26,116,18.75,73.75,0.0
PUNE_G003,2019-04-27,2019,4,27,117,18.75,73.75,0.0
PUNE_G003,2019-04-28,2019,4,28,118,18.75,73.75,0.0
PUNE_G003,2019-04-29,2019,4,29,119,18.75,73.75,0.0
PUNE_G003,2019-04-30,2019,4,30,120,18.75,73.75,0.0
PUNE_G003,2019-05-01,2019,5,1,121,18.75,73.75,0.0
PUNE_G003,2019-05-02,2019,5,2,122,18.75,73.75,0.0
PUNE_G003,2019-05-03,2019,5,3,123,18.75,73.75,0.0
PUNE_G003,2019-05-04,2019,5,4,124,18.75,73.75,0.0
PUNE_G003,2019-05-05,2019,5,5,125,18.75,73.75,0.0
PUNE_G003,2019-05-06,2019,5,6,126,18.75,73.75,0.0
PUNE_G003,2019-05-07,2019,5,7,127,18.75,73.75,0.0
PUNE_G003,2019-05-08,2019,5,8,128,18.75,73.75,0.0
PUNE_G003,2019-05-09,2019,5,9,129,18.75,73.75,0.0
PUNE_G003,2019-05-10,2019,5,10,130,18.75,73.75,0.0
PUNE_G003,2019-05-11,2019,5,11,131,18.75,73.75,0.0
PUNE_G003,2019-05-12,2019,5,12,132,18.75,73.75,0.0
PUNE_G003,2019-05-13,2019,5,13,133,18.75,73.75,0.0
PUNE_G003,2019-05-14,2019,5,14,134,18.75,73.75,0.0
PUNE_G003,2019-05-15,2019,5,15,135,18.75,73.75,0.0
PUNE_G003,2019-05-16,2019,5,16,136,18.75,73.75,0.0
PUNE_G003,2019-05-17,2019,5,17,137,18.75,73.75,0.0
PUNE_G003,2019-05-18,2019,5,18,138,18.75,73.75,0.0
PUNE_G003,2019-05-19,2019,5,19,139,18.75,73.75,0.0
PUNE_G003,2019-05-20,2019,5,20,140,18.75,73.75,0.0
PUNE_G003,2019-05-21,2019,5,21,141,18.75,73.75,0.0
PUNE_G003,2019-05-22,2019,5,22,142,18.75,73.75,0.0
PUNE_G003,2019-05-23,2019,5,23,143,18.75,73.75,0.0
PUNE_G003,2019-05-24,2019,5,24,144,18.75,73.75,0.0
PUNE_G003,2019-05-25,2019,5,25,145,18.75,73.75,0.0
PUNE_G003,2019-05-26,2019,5,26,146,18.75,73.75,0.0
PUNE_G003,2019-05-27,2019,5,27,147,18.75,73.75,0.0
PUNE_G003,2019-05-28,2019,5,28,148,18.75,73.75,0.0
PUNE_G003,2019-05-29,2019,5,29,149,18.75,73.75,0.0
PUNE_G003,2019-05-30,2019,5,30,150,18.75,73.75,0.0
PUNE_G003,2019-05-31,2019,5,31,151,18.75,73.75,0.0
PUNE_G003,2019-06-01,2019,6,1,152,18.75,73.75,0.0
PUNE_G003,2019-06-02,2019,6,2,153,18.75,73.75,0.0
PUNE_G003,2019-06-03,2019,6,3,154,18.75,73.75,0.0
PUNE_G003,2019-06-04,2019,6,4,155,18.75,73.75,0.0
PUNE_G003,2019-06-05,2019,6,5,156,18.75,73.75,0.0
PUNE_G003,2019-06-06,2019,6,6,157,18.75,73.75,0.0
PUNE_G003,2019-06-07,2019,6,7,158,18.75,73.75,0.0
PUNE_G003,2019-06-08,2019,6,8,159,18.75,73.75,2.0955398082733154
PUNE_G003,2019-06-09,2019,6,9,160,18.75,73.75,0.0
PUNE_G003,2019-06-10,2019,6,10,161,18.75,73.75,19.94363021850586
PUNE_G003,2019-06-11,2019,6,11,162,18.75,73.75,8.097861289978027
PUNE_G003,2019-06-12,2019,6,12,163,18.75,73.75,3.6413450241088867
PUNE_G003,2019-06-13,2019,6,13,164,18.75,73.75,2.4793074131011963
PUNE_G003,2019-06-14,2019,6,14,165,18.75,73.75,2.5307466983795166
PUNE_G003,2019-06-15,2019,6,15,166,18.75,73.75,0.4447438418865204
PUNE_G003,2019-06-16,2019,6,16,167,18.75,73.75,0.0
PUNE_G003,2019-06-17,2019,6,17,168,18.75,73.75,0.0
PUNE_G003,2019-06-18,2019,6,18,169,18.75,73.75,0.0
PUNE_G003,2019-06-19,2019,6,19,170,18.75,73.75,0.22272273898124695
PUNE_G003,2019-06-20,2019,6,20,171,18.75,73.75,0.22994418442249298
PUNE_G003,2019-06-21,2019,6,21,172,18.75,73.75,0.0
PUNE_G003,2019-06-22,2019,6,22,173,18.75,73.75,0.0
PUNE_G003,2019-06-23,2019,6,23,174,18.75,73.75,0.0
PUNE_G003,2019-06-24,2019,6,24,175,18.75,73.75,3.1812734603881836
PUNE_G003,2019-06-25,2019,6,25,176,18.75,73.75,14.861505508422852
PUNE_G003,2019-06-26,2019,6,26,177,18.75,73.75,2.993311882019043
PUNE_G003,2019-06-27,2019,6,27,178,18.75,73.75,5.341405391693115
PUNE_G003,2019-06-28,2019,6,28,179,18.75,73.75,7.143766403198242
PUNE_G003,2019-06-29,2019,6,29,180,18.75,73.75,66.96076965332031
PUNE_G003,2019-06-30,2019,6,30,181,18.75,73.75,11.689547538757324
PUNE_G003,2019-07-01,2019,7,1,182,18.75,73.75,9.205796241760254
PUNE_G003,2019-07-02,2019,7,2,183,18.75,73.75,29.63364028930664
PUNE_G003,2019-07-03,2019,7,3,184,18.75,73.75,7.9590582847595215
PUNE_G003,2019-07-04,2019,7,4,185,18.75,73.75,3.8153791427612305
PUNE_G003,2019-07-05,2019,7,5,186,18.75,73.75,2.663494348526001
PUNE_G003,2019-07-06,2019,7,6,187,18.75,73.75,20.39053726196289
PUNE_G003,2019-07-07,2019,7,7,188,18.75,73.75,36.69560623168945
PUNE_G003,2019-07-08,2019,7,8,189,18.75,73.75,12.717805862426758
PUNE_G003,2019-07-09,2019,7,9,190,18.75,73.75,22.37984275817871
PUNE_G003,2019-07-10,2019,7,10,191,18.75,73.75,5.595535755157471
PUNE_G003,2019-07-11,2019,7,11,192,18.75,73.75,53.179927825927734
PUNE_G003,2019-07-12,2019,7,12,193,18.75,73.75,20.96096420288086
PUNE_G003,2019-07-13,2019,7,13,194,18.75,73.75,5.14410400390625
PUNE_G003,2019-07-14,2019,7,14,195,18.75,73.75,6.354556083679199
PUNE_G003,2019-07-15,2019,7,15,196,18.75,73.75,3.196913957595825
PUNE_G003,2019-07-16,2019,7,16,197,18.75,73.75,2.837636709213257
PUNE_G003,2019-07-17,2019,7,17,198,18.75,73.75,2.574327230453491
PUNE_G003,2019-07-18,2019,7,18,199,18.75,73.75,0.0
PUNE_G003,2019-07-19,2019,7,19,200,18.75,73.75,0.0
PUNE_G003,2019-07-20,2019,7,20,201,18.75,73.75,7.013073921203613
PUNE_G003,2019-07-21,2019,7,21,202,18.75,73.75,32.98816680908203
PUNE_G003,2019-07-22,2019,7,22,203,18.75,73.75,12.001794815063477
PUNE_G003,2019-07-23,2019,7,23,204,18.75,73.75,5.886281967163086
PUNE_G003,2019-07-24,2019,7,24,205,18.75,73.75,1.1913021802902222
PUNE_G003,2019-07-25,2019,7,25,206,18.75,73.75,9.87790584564209
PUNE_G003,2019-07-26,2019,7,26,207,18.75,73.75,48.57400894165039
PUNE_G003,2019-07-27,2019,7,27,208,18.75,73.75,86.13514709472656
PUNE_G003,2019-07-28,2019,7,28,209,18.75,73.75,95.43598175048828
PUNE_G003,2019-07-29,2019,7,29,210,18.75,73.75,44.67599105834961
PUNE_G003,2019-07-30,2019,7,30,211,18.75,73.75,58.76930618286133
PUNE_G003,2019-07-31,2019,7,31,212,18.75,73.75,40.017234802246094
PUNE_G003,2019-08-01,2019,8,1,213,18.75,73.75,25.464632034301758
PUNE_G003,2019-08-02,2019,8,2,214,18.75,73.75,25.144779205322266
PUNE_G003,2019-08-03,2019,8,3,215,18.75,73.75,24.926753997802734
PUNE_G003,2019-08-04,2019,8,4,216,18.75,73.75,48.0793571472168
PUNE_G003,2019-08-05,2019,8,5,217,18.75,73.75,57.74195098876953
PUNE_G003,2019-08-06,2019,8,6,218,18.75,73.75,46.972774505615234
PUNE_G003,2019-08-07,2019,8,7,219,18.75,73.75,31.56281852722168
PUNE_G003,2019-08-08,2019,8,8,220,18.75,73.75,27.886293411254883
PUNE_G003,2019-08-09,2019,8,9,221,18.75,73.75,28.993011474609375
PUNE_G003,2019-08-10,2019,8,10,222,18.75,73.75,20.37379264831543
PUNE_G003,2019-08-11,2019,8,11,223,18.75,73.75,31.190004348754883
PUNE_G003,2019-08-12,2019,8,12,224,18.75,73.75,20.547330856323242
PUNE_G003,2019-08-13,2019,8,13,225,18.75,73.75,10.513609886169434
PUNE_G003,2019-08-14,2019,8,14,226,18.75,73.75,8.021944999694824
PUNE_G003,2019-08-15,2019,8,15,227,18.75,73.75,4.130921840667725
PUNE_G003,2019-08-16,2019,8,16,228,18.75,73.75,13.235702514648438
PUNE_G003,2019-08-17,2019,8,17,229,18.75,73.75,6.148016452789307
PUNE_G003,2019-08-18,2019,8,18,230,18.75,73.75,0.10415826737880707
PUNE_G003,2019-08-19,2019,8,19,231,18.75,73.75,0.7220351099967957
PUNE_G003,2019-08-20,2019,8,20,232,18.75,73.75,0.0
PUNE_G003,2019-08-21,2019,8,21,233,18.75,73.75,0.0
PUNE_G003,2019-08-22,2019,8,22,234,18.75,73.75,3.3939812183380127
PUNE_G003,2019-08-23,2019,8,23,235,18.75,73.75,0.4349459707736969
PUNE_G003,2019-08-24,2019,8,24,236,18.75,73.75,5.160131931304932
PUNE_G003,2019-08-25,2019,8,25,237,18.75,73.75,0.0
PUNE_G003,2019-08-26,2019,8,26,238,18.75,73.75,0.0
PUNE_G003,2019-08-27,2019,8,27,239,18.75,73.75,0.0
PUNE_G003,2019-08-28,2019,8,28,240,18.75,73.75,1.1285561323165894
PUNE_G003,2019-08-29,2019,8,29,241,18.75,73.75,0.0
PUNE_G003,2019-08-30,2019,8,30,242,18.75,73.75,0.0
PUNE_G003,2019-08-31,2019,8,31,243,18.75,73.75,5.241995811462402
PUNE_G003,2019-09-01,2019,9,1,244,18.75,73.75,10.490876197814941
PUNE_G003,2019-09-02,2019,9,2,245,18.75,73.75,5.588996410369873
PUNE_G003,2019-09-03,2019,9,3,246,18.75,73.75,1.5140694379806519
PUNE_G003,2019-09-04,2019,9,4,247,18.75,73.75,8.384986877441406
PUNE_G003,2019-09-05,2019,9,5,248,18.75,73.75,9.222734451293945
PUNE_G003,2019-09-06,2019,9,6,249,18.75,73.75,3.718784809112549
PUNE_G003,2019-09-07,2019,9,7,250,18.75,73.75,13.822476387023926
PUNE_G003,2019-09-08,2019,9,8,251,18.75,73.75,5.832440376281738
PUNE_G003,2019-09-09,2019,9,9,252,18.75,73.75,7.260629177093506
PUNE_G003,2019-09-10,2019,9,10,253,18.75,73.75,14.387883186340332
PUNE_G003,2019-09-11,2019,9,11,254,18.75,73.75,0.9466777443885803
PUNE_G003,2019-09-12,2019,9,12,255,18.75,73.75,0.4842495620250702
PUNE_G003,2019-09-13,2019,9,13,256,18.75,73.75,12.294560432434082
PUNE_G003,2019-09-14,2019,9,14,257,18.75,73.75,21.355562210083008
PUNE_G003,2019-09-15,2019,9,15,258,18.75,73.75,10.248968124389648
PUNE_G003,2019-09-16,2019,9,16,259,18.75,73.75,6.524791240692139
PUNE_G003,2019-09-17,2019,9,17,260,18.75,73.75,0.34608927369117737
PUNE_G003,2019-09-18,2019,9,18,261,18.75,73.75,5.84270715713501
PUNE_G003,2019-09-19,2019,9,19,262,18.75,73.75,15.367748260498047
PUNE_G003,2019-09-20,2019,9,20,263,18.75,73.75,14.854253768920898
PUNE_G003,2019-09-21,2019,9,21,264,18.75,73.75,5.821486473083496
PUNE_G003,2019-09-22,2019,9,22,265,18.75,73.75,0.0
PUNE_G003,2019-09-23,2019,9,23,266,18.75,73.75,0.0
PUNE_G003,2019-09-24,2019,9,24,267,18.75,73.75,13.950385093688965
PUNE_G003,2019-09-25,2019,9,25,268,18.75,73.75,35.44796371459961
PUNE_G003,2019-09-26,2019,9,26,269,18.75,73.75,14.882148742675781
PUNE_G003,2019-09-27,2019,9,27,270,18.75,73.75,2.4471242427825928
PUNE_G003,2019-09-28,2019,9,28,271,18.75,73.75,3.51081919670105
PUNE_G003,2019-09-29,2019,9,29,272,18.75,73.75,0.0
PUNE_G003,2019-09-30,2019,9,30,273,18.75,73.75,0.0
PUNE_G003,2019-10-01,2019,10,1,274,18.75,73.75,0.0
PUNE_G003,2019-10-02,2019,10,2,275,18.75,73.75,0.0
PUNE_G003,2019-10-03,2019,10,3,276,18.75,73.75,0.0
PUNE_G003,2019-10-04,2019,10,4,277,18.75,73.75,0.0
PUNE_G003,2019-10-05,2019,10,5,278,18.75,73.75,13.092169761657715
PUNE_G003,2019-10-06,2019,10,6,279,18.75,73.75,3.1151437759399414
PUNE_G003,2019-10-07,2019,10,7,280,18.75,73.75,7.472147464752197
PUNE_G003,2019-10-08,2019,10,8,281,18.75,73.75,0.0
PUNE_G003,2019-10-09,2019,10,9,282,18.75,73.75,35.244930267333984
PUNE_G003,2019-10-10,2019,10,10,283,18.75,73.75,2.526810884475708
PUNE_G003,2019-10-11,2019,10,11,284,18.75,73.75,15.323572158813477
PUNE_G003,2019-10-12,2019,10,12,285,18.75,73.75,0.0
PUNE_G003,2019-10-13,2019,10,13,286,18.75,73.75,0.0
PUNE_G003,2019-10-14,2019,10,14,287,18.75,73.75,0.0
PUNE_G003,2019-10-15,2019,10,15,288,18.75,73.75,0.0
PUNE_G003,2019-10-16,2019,10,16,289,18.75,73.75,0.0
PUNE_G003,2019-10-17,2019,10,17,290,18.75,73.75,0.0
PUNE_G003,2019-10-18,2019,10,18,291,18.75,73.75,0.0
PUNE_G003,2019-10-19,2019,10,19,292,18.75,73.75,3.3373055458068848
PUNE_G003,2019-10-20,2019,10,20,293,18.75,73.75,35.67726135253906
PUNE_G003,2019-10-21,2019,10,21,294,18.75,73.75,21.854833602905273
PUNE_G003,2019-10-22,2019,10,22,295,18.75,73.75,21.549518585205078
PUNE_G003,2019-10-23,2019,10,23,296,18.75,73.75,2.6509616374969482
PUNE_G003,2019-10-24,2019,10,24,297,18.75,73.75,5.901024341583252
PUNE_G003,2019-10-25,2019,10,25,298,18.75,73.75,12.154834747314453
PUNE_G003,2019-10-26,2019,10,26,299,18.75,73.75,2.3613460063934326
PUNE_G003,2019-10-27,2019,10,27,300,18.75,73.75,0.1784149557352066
PUNE_G003,2019-10-28,2019,10,28,301,18.75,73.75,0.0
PUNE_G003,2019-10-29,2019,10,29,302,18.75,73.75,1.4739387035369873
PUNE_G003,2019-10-30,2019,10,30,303,18.75,73.75,0.0
PUNE_G003,2019-10-31,2019,10,31,304,18.75,73.75,3.9126172065734863
PUNE_G003,2019-11-01,2019,11,1,305,18.75,73.75,0.0
PUNE_G003,2019-11-02,2019,11,2,306,18.75,73.75,5.245038986206055
PUNE_G003,2019-11-03,2019,11,3,307,18.75,73.75,0.0
PUNE_G003,2019-11-04,2019,11,4,308,18.75,73.75,16.555437088012695
PUNE_G003,2019-11-05,2019,11,5,309,18.75,73.75,3.6301708221435547
PUNE_G003,2019-11-06,2019,11,6,310,18.75,73.75,0.0
PUNE_G003,2019-11-07,2019,11,7,311,18.75,73.75,9.813552856445312
PUNE_G003,2019-11-08,2019,11,8,312,18.75,73.75,0.0
PUNE_G003,2019-11-09,2019,11,9,313,18.75,73.75,0.0
PUNE_G003,2019-11-10,2019,11,10,314,18.75,73.75,0.0
PUNE_G003,2019-11-11,2019,11,11,315,18.75,73.75,0.0
PUNE_G003,2019-11-12,2019,11,12,316,18.75,73.75,0.0
PUNE_G003,2019-11-13,2019,11,13,317,18.75,73.75,0.0
PUNE_G003,2019-11-14,2019,11,14,318,18.75,73.75,0.0
PUNE_G003,2019-11-15,2019,11,15,319,18.75,73.75,0.0
PUNE_G003,2019-11-16,2019,11,16,320,18.75,73.75,0.0
PUNE_G003,2019-11-17,2019,11,17,321,18.75,73.75,0.0
PUNE_G003,2019-11-18,2019,11,18,322,18.75,73.75,0.0
PUNE_G003,2019-11-19,2019,11,19,323,18.75,73.75,0.0
PUNE_G003,2019-11-20,2019,11,20,324,18.75,73.75,0.0
PUNE_G003,2019-11-21,2019,11,21,325,18.75,73.75,0.0
PUNE_G003,2019-11-22,2019,11,22,326,18.75,73.75,0.0
PUNE_G003,2019-11-23,2019,11,23,327,18.75,73.75,0.0
PUNE_G003,2019-11-24,2019,11,24,328,18.75,73.75,0.0
PUNE_G003,2019-11-25,2019,11,25,329,18.75,73.75,0.0
PUNE_G003,2019-11-26,2019,11,26,330,18.75,73.75,0.0
PUNE_G003,2019-11-27,2019,11,27,331,18.75,73.75,0.0
PUNE_G003,2019-11-28,2019,11,28,332,18.75,73.75,0.0
PUNE_G003,2019-11-29,2019,11,29,333,18.75,73.75,0.0
PUNE_G003,2019-11-30,2019,11,30,334,18.75,73.75,0.0
PUNE_G003,2019-12-01,2019,12,1,335,18.75,73.75,0.0
PUNE_G003,2019-12-02,2019,12,2,336,18.75,73.75,0.0
PUNE_G003,2019-12-03,2019,12,3,337,18.75,73.75,0.0
PUNE_G003,2019-12-04,2019,12,4,338,18.75,73.75,0.0
PUNE_G003,2019-12-05,2019,12,5,339,18.75,73.75,0.0
PUNE_G003,2019-12-06,2019,12,6,340,18.75,73.75,0.0
PUNE_G003,2019-12-07,2019,12,7,341,18.75,73.75,0.0
PUNE_G003,2019-12-08,2019,12,8,342,18.75,73.75,0.0
PUNE_G003,2019-12-09,2019,12,9,343,18.75,73.75,0.0
PUNE_G003,2019-12-10,2019,12,10,344,18.75,73.75,0.0
PUNE_G003,2019-12-11,2019,12,11,345,18.75,73.75,0.0
PUNE_G003,2019-12-12,2019,12,12,346,18.75,73.75,0.0
PUNE_G003,2019-12-13,2019,12,13,347,18.75,73.75,0.0
PUNE_G003,2019-12-14,2019,12,14,348,18.75,73.75,0.0
PUNE_G003,2019-12-15,2019,12,15,349,18.75,73.75,0.0
PUNE_G003,2019-12-16,2019,12,16,350,18.75,73.75,0.0
PUNE_G003,2019-12-17,2019,12,17,351,18.75,73.75,0.0
PUNE_G003,2019-12-18,2019,12,18,352,18.75,73.75,0.0
PUNE_G003,2019-12-19,2019,12,19,353,18.75,73.75,0.0
PUNE_G003,2019-12-20,2019,12,20,354,18.75,73.75,0.0
PUNE_G003,2019-12-21,2019,12,21,355,18.75,73.75,0.0
PUNE_G003,2019-12-22,2019,12,22,356,18.75,73.75,0.0
PUNE_G003,2019-12-23,2019,12,23,357,18.75,73.75,0.0
PUNE_G003,2019-12-24,2019,12,24,358,18.75,73.75,0.0
PUNE_G003,2019-12-25,2019,12,25,359,18.75,73.75,0.0
PUNE_G003,2019-12-26,2019,12,26,360,18.75,73.75,0.3316299617290497
PUNE_G003,2019-12-27,2019,12,27,361,18.75,73.75,0.0
PUNE_G003,2019-12-28,2019,12,28,362,18.75,73.75,0.0
PUNE_G003,2019-12-29,2019,12,29,363,18.75,73.75,0.0
PUNE_G003,2019-12-30,2019,12,30,364,18.75,73.75,0.0
PUNE_G003,2019-12-31,2019,12,31,365,18.75,73.75,0.0
PUNE_G003,2020-01-01,2020,1,1,1,18.75,73.75,0.0
PUNE_G003,2020-01-02,2020,1,2,2,18.75,73.75,0.0
PUNE_G003,2020-01-03,2020,1,3,3,18.75,73.75,0.0
PUNE_G003,2020-01-04,2020,1,4,4,18.75,73.75,0.0
PUNE_G003,2020-01-05,2020,1,5,5,18.75,73.75,0.0
PUNE_G003,2020-01-06,2020,1,6,6,18.75,73.75,0.0
PUNE_G003,2020-01-07,2020,1,7,7,18.75,73.75,0.0
PUNE_G003,2020-01-08,2020,1,8,8,18.75,73.75,0.0
PUNE_G003,2020-01-09,2020,1,9,9,18.75,73.75,0.0
PUNE_G003,2020-01-10,2020,1,10,10,18.75,73.75,0.0
PUNE_G003,2020-01-11,2020,1,11,11,18.75,73.75,0.0
PUNE_G003,2020-01-12,2020,1,12,12,18.75,73.75,0.0
PUNE_G003,2020-01-13,2020,1,13,13,18.75,73.75,0.0
PUNE_G003,2020-01-14,2020,1,14,14,18.75,73.75,0.0
PUNE_G003,2020-01-15,2020,1,15,15,18.75,73.75,0.0
PUNE_G003,2020-01-16,2020,1,16,16,18.75,73.75,0.0
PUNE_G003,2020-01-17,2020,1,17,17,18.75,73.75,0.0
PUNE_G003,2020-01-18,2020,1,18,18,18.75,73.75,0.0
PUNE_G003,2020-01-19,2020,1,19,19,18.75,73.75,0.0
PUNE_G003,2020-01-20,2020,1,20,20,18.75,73.75,0.0
PUNE_G003,2020-01-21,2020,1,21,21,18.75,73.75,0.0
PUNE_G003,2020-01-22,2020,1,22,22,18.75,73.75,0.0
PUNE_G003,2020-01-23,2020,1,23,23,18.75,73.75,0.0
PUNE_G003,2020-01-24,2020,1,24,24,18.75,73.75,0.0
PUNE_G003,2020-01-25,2020,1,25,25,18.75,73.75,0.0
PUNE_G003,2020-01-26,2020,1,26,26,18.75,73.75,0.0
PUNE_G003,2020-01-27,2020,1,27,27,18.75,73.75,0.0
PUNE_G003,2020-01-28,2020,1,28,28,18.75,73.75,0.0
PUNE_G003,2020-01-29,2020,1,29,29,18.75,73.75,0.0
PUNE_G003,2020-01-30,2020,1,30,30,18.75,73.75,0.0
PUNE_G003,2020-01-31,2020,1,31,31,18.75,73.75,0.0
PUNE_G003,2020-02-01,2020,2,1,32,18.75,73.75,0.0
PUNE_G003,2020-02-02,2020,2,2,33,18.75,73.75,0.0
PUNE_G003,2020-02-03,2020,2,3,34,18.75,73.75,0.0
PUNE_G003,2020-02-04,2020,2,4,35,18.75,73.75,0.0
PUNE_G003,2020-02-05,2020,2,5,36,18.75,73.75,0.0
PUNE_G003,2020-02-06,2020,2,6,37,18.75,73.75,0.0
PUNE_G003,2020-02-07,2020,2,7,38,18.75,73.75,0.0
PUNE_G003,2020-02-08,2020,2,8,39,18.75,73.75,0.0
PUNE_G003,2020-02-09,2020,2,9,40,18.75,73.75,0.0
PUNE_G003,2020-02-10,2020,2,10,41,18.75,73.75,0.0
PUNE_G003,2020-02-11,2020,2,11,42,18.75,73.75,0.0
PUNE_G003,2020-02-12,2020,2,12,43,18.75,73.75,0.0
PUNE_G003,2020-02-13,2020,2,13,44,18.75,73.75,0.0
PUNE_G003,2020-02-14,2020,2,14,45,18.75,73.75,0.0
PUNE_G003,2020-02-15,2020,2,15,46,18.75,73.75,0.0
PUNE_G003,2020-02-16,2020,2,16,47,18.75,73.75,0.0
PUNE_G003,2020-02-17,2020,2,17,48,18.75,73.75,0.0
PUNE_G003,2020-02-18,2020,2,18,49,18.75,73.75,0.0
PUNE_G003,2020-02-19,2020,2,19,50,18.75,73.75,0.0
PUNE_G003,2020-02-20,2020,2,20,51,18.75,73.75,0.0
PUNE_G003,2020-02-21,2020,2,21,52,18.75,73.75,0.0
PUNE_G003,2020-02-22,2020,2,22,53,18.75,73.75,0.0
PUNE_G003,2020-02-23,2020,2,23,54,18.75,73.75,0.0
PUNE_G003,2020-02-24,2020,2,24,55,18.75,73.75,0.0
PUNE_G003,2020-02-25,2020,2,25,56,18.75,73.75,0.0
PUNE_G003,2020-02-26,2020,2,26,57,18.75,73.75,0.0
PUNE_G003,2020-02-27,2020,2,27,58,18.75,73.75,0.0
PUNE_G003,2020-02-28,2020,2,28,59,18.75,73.75,0.0
PUNE_G003,2020-02-29,2020,2,29,60,18.75,73.75,0.0
PUNE_G003,2020-03-01,2020,3,1,61,18.75,73.75,0.0
PUNE_G003,2020-03-02,2020,3,2,62,18.75,73.75,0.0
PUNE_G003,2020-03-03,2020,3,3,63,18.75,73.75,0.0
PUNE_G003,2020-03-04,2020,3,4,64,18.75,73.75,0.0
PUNE_G003,2020-03-05,2020,3,5,65,18.75,73.75,0.0
PUNE_G003,2020-03-06,2020,3,6,66,18.75,73.75,0.0
PUNE_G003,2020-03-07,2020,3,7,67,18.75,73.75,0.0
PUNE_G003,2020-03-08,2020,3,8,68,18.75,73.75,0.0
PUNE_G003,2020-03-09,2020,3,9,69,18.75,73.75,0.0
PUNE_G003,2020-03-10,2020,3,10,70,18.75,73.75,0.0
PUNE_G003,2020-03-11,2020,3,11,71,18.75,73.75,0.0
PUNE_G003,2020-03-12,2020,3,12,72,18.75,73.75,0.0
PUNE_G003,2020-03-13,2020,3,13,73,18.75,73.75,0.0
PUNE_G003,2020-03-14,2020,3,14,74,18.75,73.75,0.0
PUNE_G003,2020-03-15,2020,3,15,75,18.75,73.75,0.0
PUNE_G003,2020-03-16,2020,3,16,76,18.75,73.75,0.0
PUNE_G003,2020-03-17,2020,3,17,77,18.75,73.75,0.0
PUNE_G003,2020-03-18,2020,3,18,78,18.75,73.75,0.0
PUNE_G003,2020-03-19,2020,3,19,79,18.75,73.75,0.0
PUNE_G003,2020-03-20,2020,3,20,80,18.75,73.75,0.0
PUNE_G003,2020-03-21,2020,3,21,81,18.75,73.75,0.0
PUNE_G003,2020-03-22,2020,3,22,82,18.75,73.75,0.0
PUNE_G003,2020-03-23,2020,3,23,83,18.75,73.75,0.0
PUNE_G003,2020-03-24,2020,3,24,84,18.75,73.75,0.0
PUNE_G003,2020-03-25,2020,3,25,85,18.75,73.75,5.63170051574707
PUNE_G003,2020-03-26,2020,3,26,86,18.75,73.75,0.13940174877643585
PUNE_G003,2020-03-27,2020,3,27,87,18.75,73.75,0.0
PUNE_G003,2020-03-28,2020,3,28,88,18.75,73.75,1.6552023887634277
PUNE_G003,2020-03-29,2020,3,29,89,18.75,73.75,6.167584419250488
PUNE_G003,2020-03-30,2020,3,30,90,18.75,73.75,2.7285099029541016
PUNE_G003,2020-03-31,2020,3,31,91,18.75,73.75,0.0
PUNE_G003,2020-04-01,2020,4,1,92,18.75,73.75,0.0
PUNE_G003,2020-04-02,2020,4,2,93,18.75,73.75,0.0
PUNE_G003,2020-04-03,2020,4,3,94,18.75,73.75,0.0
PUNE_G003,2020-04-04,2020,4,4,95,18.75,73.75,0.0
PUNE_G003,2020-04-05,2020,4,5,96,18.75,73.75,0.0
PUNE_G003,2020-04-06,2020,4,6,97,18.75,73.75,0.0
PUNE_G003,2020-04-07,2020,4,7,98,18.75,73.75,0.0
PUNE_G003,2020-04-08,2020,4,8,99,18.75,73.75,0.0
PUNE_G003,2020-04-09,2020,4,9,100,18.75,73.75,0.0
PUNE_G003,2020-04-10,2020,4,10,101,18.75,73.75,0.0
PUNE_G003,2020-04-11,2020,4,11,102,18.75,73.75,0.0
PUNE_G003,2020-04-12,2020,4,12,103,18.75,73.75,0.6714461445808411
PUNE_G003,2020-04-13,2020,4,13,104,18.75,73.75,0.0
PUNE_G003,2020-04-14,2020,4,14,105,18.75,73.75,0.0
PUNE_G003,2020-04-15,2020,4,15,106,18.75,73.75,0.0
PUNE_G003,2020-04-16,2020,4,16,107,18.75,73.75,0.0
PUNE_G003,2020-04-17,2020,4,17,108,18.75,73.75,0.0
PUNE_G003,2020-04-18,2020,4,18,109,18.75,73.75,0.0
PUNE_G003,2020-04-19,2020,4,19,110,18.75,73.75,0.5888736248016357
PUNE_G003,2020-04-20,2020,4,20,111,18.75,73.75,0.0
PUNE_G003,2020-04-21,2020,4,21,112,18.75,73.75,0.0
PUNE_G003,2020-04-22,2020,4,22,113,18.75,73.75,0.0
PUNE_G003,2020-04-23,2020,4,23,114,18.75,73.75,0.0
PUNE_G003,2020-04-24,2020,4,24,115,18.75,73.75,0.0
PUNE_G003,2020-04-25,2020,4,25,116,18.75,73.75,0.0
PUNE_G003,2020-04-26,2020,4,26,117,18.75,73.75,0.0
PUNE_G003,2020-04-27,2020,4,27,118,18.75,73.75,0.0
PUNE_G003,2020-04-28,2020,4,28,119,18.75,73.75,0.0
PUNE_G003,2020-04-29,2020,4,29,120,18.75,73.75,0.0
PUNE_G003,2020-04-30,2020,4,30,121,18.75,73.75,0.0
PUNE_G003,2020-05-01,2020,5,1,122,18.75,73.75,0.0
PUNE_G003,2020-05-02,2020,5,2,123,18.75,73.75,0.11044763773679733
PUNE_G003,2020-05-03,2020,5,3,124,18.75,73.75,0.0
PUNE_G003,2020-05-04,2020,5,4,125,18.75,73.75,0.0
PUNE_G003,2020-05-05,2020,5,5,126,18.75,73.75,0.0
PUNE_G003,2020-05-06,2020,5,6,127,18.75,73.75,0.0
PUNE_G003,2020-05-07,2020,5,7,128,18.75,73.75,0.0
PUNE_G003,2020-05-08,2020,5,8,129,18.75,73.75,0.0
PUNE_G003,2020-05-09,2020,5,9,130,18.75,73.75,0.0
PUNE_G003,2020-05-10,2020,5,10,131,18.75,73.75,0.0
PUNE_G003,2020-05-11,2020,5,11,132,18.75,73.75,0.0
PUNE_G003,2020-05-12,2020,5,12,133,18.75,73.75,0.0
PUNE_G003,2020-05-13,2020,5,13,134,18.75,73.75,0.0
PUNE_G003,2020-05-14,2020,5,14,135,18.75,73.75,0.0
PUNE_G003,2020-05-15,2020,5,15,136,18.75,73.75,16.501022338867188
PUNE_G003,2020-05-16,2020,5,16,137,18.75,73.75,0.0
PUNE_G003,2020-05-17,2020,5,17,138,18.75,73.75,0.5566681623458862
PUNE_G003,2020-05-18,2020,5,18,139,18.75,73.75,1.5627964735031128
PUNE_G003,2020-05-19,2020,5,19,140,18.75,73.75,0.0
PUNE_G003,2020-05-20,2020,5,20,141,18.75,73.75,0.0
PUNE_G003,2020-05-21,2020,5,21,142,18.75,73.75,0.0
PUNE_G003,2020-05-22,2020,5,22,143,18.75,73.75,0.0
PUNE_G003,2020-05-23,2020,5,23,144,18.75,73.75,0.0
PUNE_G003,2020-05-24,2020,5,24,145,18.75,73.75,0.0
PUNE_G003,2020-05-25,2020,5,25,146,18.75,73.75,0.0
PUNE_G003,2020-05-26,2020,5,26,147,18.75,73.75,0.0
PUNE_G003,2020-05-27,2020,5,27,148,18.75,73.75,0.0
PUNE_G003,2020-05-28,2020,5,28,149,18.75,73.75,0.0
PUNE_G003,2020-05-29,2020,5,29,150,18.75,73.75,0.0
PUNE_G003,2020-05-30,2020,5,30,151,18.75,73.75,0.0
PUNE_G003,2020-05-31,2020,5,31,152,18.75,73.75,0.0
PUNE_G003,2020-06-01,2020,6,1,153,18.75,73.75,11.144688606262207
PUNE_G003,2020-06-02,2020,6,2,154,18.75,73.75,2.985729932785034
PUNE_G003,2020-06-03,2020,6,3,155,18.75,73.75,73.4837875366211
PUNE_G003,2020-06-04,2020,6,4,156,18.75,73.75,60.06432342529297
PUNE_G003,2020-06-05,2020,6,5,157,18.75,73.75,7.323549270629883
PUNE_G003,2020-06-06,2020,6,6,158,18.75,73.75,0.0
PUNE_G003,2020-06-07,2020,6,7,159,18.75,73.75,4.070590972900391
PUNE_G003,2020-06-08,2020,6,8,160,18.75,73.75,0.42623719573020935
PUNE_G003,2020-06-09,2020,6,9,161,18.75,73.75,0.0
PUNE_G003,2020-06-10,2020,6,10,162,18.75,73.75,0.0
PUNE_G003,2020-06-11,2020,6,11,163,18.75,73.75,0.3974247872829437
PUNE_G003,2020-06-12,2020,6,12,164,18.75,73.75,0.0
PUNE_G003,2020-06-13,2020,6,13,165,18.75,73.75,0.0
PUNE_G003,2020-06-14,2020,6,14,166,18.75,73.75,0.9995694756507874
PUNE_G003,2020-06-15,2020,6,15,167,18.75,73.75,0.95542311668396
PUNE_G003,2020-06-16,2020,6,16,168,18.75,73.75,8.643688201904297
PUNE_G003,2020-06-17,2020,6,17,169,18.75,73.75,7.3045334815979
PUNE_G003,2020-06-18,2020,6,18,170,18.75,73.75,22.143505096435547
PUNE_G003,2020-06-19,2020,6,19,171,18.75,73.75,9.120292663574219
PUNE_G003,2020-06-20,2020,6,20,172,18.75,73.75,0.0
PUNE_G003,2020-06-21,2020,6,21,173,18.75,73.75,0.0
PUNE_G003,2020-06-22,2020,6,22,174,18.75,73.75,0.0
PUNE_G003,2020-06-23,2020,6,23,175,18.75,73.75,0.0
PUNE_G003,2020-06-24,2020,6,24,176,18.75,73.75,0.0
PUNE_G003,2020-06-25,2020,6,25,177,18.75,73.75,0.3841657042503357
PUNE_G003,2020-06-26,2020,6,26,178,18.75,73.75,15.982905387878418
PUNE_G003,2020-06-27,2020,6,27,179,18.75,73.75,0.0
PUNE_G003,2020-06-28,2020,6,28,180,18.75,73.75,0.13909867405891418
PUNE_G003,2020-06-29,2020,6,29,181,18.75,73.75,3.1133944988250732
PUNE_G003,2020-06-30,2020,6,30,182,18.75,73.75,32.55635452270508
PUNE_G003,2020-07-01,2020,7,1,183,18.75,73.75,1.6354491710662842
PUNE_G003,2020-07-02,2020,7,2,184,18.75,73.75,0.18024839460849762
PUNE_G003,2020-07-03,2020,7,3,185,18.75,73.75,0.18024839460849762
PUNE_G003,2020-07-04,2020,7,4,186,18.75,73.75,1.7110685110092163
PUNE_G003,2020-07-05,2020,7,5,187,18.75,73.75,3.7786612510681152
PUNE_G003,2020-07-06,2020,7,6,188,18.75,73.75,2.73679256439209
PUNE_G003,2020-07-07,2020,7,7,189,18.75,73.75,9.21342945098877
PUNE_G003,2020-07-08,2020,7,8,190,18.75,73.75,11.054564476013184
PUNE_G003,2020-07-09,2020,7,9,191,18.75,73.75,4.891900539398193
PUNE_G003,2020-07-10,2020,7,10,192,18.75,73.75,0.5348467230796814
PUNE_G003,2020-07-11,2020,7,11,193,18.75,73.75,0.7960226535797119
PUNE_G003,2020-07-12,2020,7,12,194,18.75,73.75,0.19871239364147186
PUNE_G003,2020-07-13,2020,7,13,195,18.75,73.75,0.980522632598877
PUNE_G003,2020-07-14,2020,7,14,196,18.75,73.75,1.9847800731658936
PUNE_G003,2020-07-15,2020,7,15,197,18.75,73.75,0.7948495745658875
PUNE_G003,2020-07-16,2020,7,16,198,18.75,73.75,1.4506350755691528
PUNE_G003,2020-07-17,2020,7,17,199,18.75,73.75,0.48249533772468567
PUNE_G003,2020-07-18,2020,7,18,200,18.75,73.75,1.5526126623153687
PUNE_G003,2020-07-19,2020,7,19,201,18.75,73.75,1.635404109954834
PUNE_G003,2020-07-20,2020,7,20,202,18.75,73.75,0.0
PUNE_G003,2020-07-21,2020,7,21,203,18.75,73.75,0.0
PUNE_G003,2020-07-22,2020,7,22,204,18.75,73.75,0.19871239364147186
PUNE_G003,2020-07-23,2020,7,23,205,18.75,73.75,5.787021160125732
PUNE_G003,2020-07-24,2020,7,24,206,18.75,73.75,5.488836288452148
PUNE_G003,2020-07-25,2020,7,25,207,18.75,73.75,2.7356767654418945
PUNE_G003,2020-07-26,2020,7,26,208,18.75,73.75,55.65797424316406
PUNE_G003,2020-07-27,2020,7,27,209,18.75,73.75,0.45506542921066284
PUNE_G003,2020-07-28,2020,7,28,210,18.75,73.75,0.0
PUNE_G003,2020-07-29,2020,7,29,211,18.75,73.75,0.0
PUNE_G003,2020-07-30,2020,7,30,212,18.75,73.75,0.0
PUNE_G003,2020-07-31,2020,7,31,213,18.75,73.75,0.0
PUNE_G003,2020-08-01,2020,8,1,214,18.75,73.75,13.648146629333496
PUNE_G003,2020-08-02,2020,8,2,215,18.75,73.75,0.0
PUNE_G003,2020-08-03,2020,8,3,216,18.75,73.75,0.7545499801635742
PUNE_G003,2020-08-04,2020,8,4,217,18.75,73.75,8.169111251831055
PUNE_G003,2020-08-05,2020,8,5,218,18.75,73.75,37.89337158203125
PUNE_G003,2020-08-06,2020,8,6,219,18.75,73.75,9.69157886505127
PUNE_G003,2020-08-07,2020,8,7,220,18.75,73.75,5.265096187591553
PUNE_G003,2020-08-08,2020,8,8,221,18.75,73.75,0.9535960555076599
PUNE_G003,2020-08-09,2020,8,9,222,18.75,73.75,1.7250514030456543
PUNE_G003,2020-08-10,2020,8,10,223,18.75,73.75,0.3952764868736267
PUNE_G003,2020-08-11,2020,8,11,224,18.75,73.75,28.08747673034668
PUNE_G003,2020-08-12,2020,8,12,225,18.75,73.75,2.952984571456909
PUNE_G003,2020-08-13,2020,8,13,226,18.75,73.75,17.746448516845703
PUNE_G003,2020-08-14,2020,8,14,227,18.75,73.75,27.945405960083008
PUNE_G003,2020-08-15,2020,8,15,228,18.75,73.75,23.18975257873535
PUNE_G003,2020-08-16,2020,8,16,229,18.75,73.75,19.943954467773438
PUNE_G003,2020-08-17,2020,8,17,230,18.75,73.75,17.646028518676758
PUNE_G003,2020-08-18,2020,8,18,231,18.75,73.75,3.144568681716919
PUNE_G003,2020-08-19,2020,8,19,232,18.75,73.75,5.60637903213501
PUNE_G003,2020-08-20,2020,8,20,233,18.75,73.75,2.352782726287842
PUNE_G003,2020-08-21,2020,8,21,234,18.75,73.75,12.080236434936523
PUNE_G003,2020-08-22,2020,8,22,235,18.75,73.75,3.168079137802124
PUNE_G003,2020-08-23,2020,8,23,236,18.75,73.75,3.7696211338043213
PUNE_G003,2020-08-24,2020,8,24,237,18.75,73.75,2.498453378677368
PUNE_G003,2020-08-25,2020,8,25,238,18.75,73.75,0.5054143667221069
PUNE_G003,2020-08-26,2020,8,26,239,18.75,73.75,0.7220351099967957
PUNE_G003,2020-08-27,2020,8,27,240,18.75,73.75,0.0
PUNE_G003,2020-08-28,2020,8,28,241,18.75,73.75,0.0
PUNE_G003,2020-08-29,2020,8,29,242,18.75,73.75,7.46903657913208
PUNE_G003,2020-08-30,2020,8,30,243,18.75,73.75,20.390098571777344
PUNE_G003,2020-08-31,2020,8,31,244,18.75,73.75,7.016188621520996
PUNE_G003,2020-09-01,2020,9,1,245,18.75,73.75,2.9006781578063965
PUNE_G003,2020-09-02,2020,9,2,246,18.75,73.75,0.0
PUNE_G003,2020-09-03,2020,9,3,247,18.75,73.75,0.0
PUNE_G003,2020-09-04,2020,9,4,248,18.75,73.75,4.78740930557251
PUNE_G003,2020-09-05,2020,9,5,249,18.75,73.75,0.41729599237442017
PUNE_G003,2020-09-06,2020,9,6,250,18.75,73.75,2.179333448410034
PUNE_G003,2020-09-07,2020,9,7,251,18.75,73.75,11.663389205932617
PUNE_G003,2020-09-08,2020,9,8,252,18.75,73.75,32.09823989868164
PUNE_G003,2020-09-09,2020,9,9,253,18.75,73.75,11.433101654052734
PUNE_G003,2020-09-10,2020,9,10,254,18.75,73.75,2.110130548477173
PUNE_G003,2020-09-11,2020,9,11,255,18.75,73.75,3.417743444442749
PUNE_G003,2020-09-12,2020,9,12,256,18.75,73.75,50.491920471191406
PUNE_G003,2020-09-13,2020,9,13,257,18.75,73.75,3.789339303970337
PUNE_G003,2020-09-14,2020,9,14,258,18.75,73.75,0.5040045976638794
PUNE_G003,2020-09-15,2020,9,15,259,18.75,73.75,0.0
PUNE_G003,2020-09-16,2020,9,16,260,18.75,73.75,0.0
PUNE_G003,2020-09-17,2020,9,17,261,18.75,73.75,0.590282678604126
PUNE_G003,2020-09-18,2020,9,18,262,18.75,73.75,1.3125869035720825
PUNE_G003,2020-09-19,2020,9,19,263,18.75,73.75,0.0
PUNE_G003,2020-09-20,2020,9,20,264,18.75,73.75,35.29961013793945
PUNE_G003,2020-09-21,2020,9,21,265,18.75,73.75,28.275249481201172
PUNE_G003,2020-09-22,2020,9,22,266,18.75,73.75,51.092098236083984
PUNE_G003,2020-09-23,2020,9,23,267,18.75,73.75,4.252585411071777
PUNE_G003,2020-09-24,2020,9,24,268,18.75,73.75,0.21311859786510468
PUNE_G003,2020-09-25,2020,9,25,269,18.75,73.75,0.6706996560096741
PUNE_G003,2020-09-26,2020,9,26,270,18.75,73.75,2.342677593231201
PUNE_G003,2020-09-27,2020,9,27,271,18.75,73.75,0.0
PUNE_G003,2020-09-28,2020,9,28,272,18.75,73.75,0.0
PUNE_G003,2020-09-29,2020,9,29,273,18.75,73.75,0.22994418442249298
PUNE_G003,2020-09-30,2020,9,30,274,18.75,73.75,0.0
PUNE_G003,2020-10-01,2020,10,1,275,18.75,73.75,0.0
PUNE_G003,2020-10-02,2020,10,2,276,18.75,73.75,0.6226789355278015
PUNE_G003,2020-10-03,2020,10,3,277,18.75,73.75,0.4828827381134033
PUNE_G003,2020-10-04,2020,10,4,278,18.75,73.75,13.654109001159668
PUNE_G003,2020-10-05,2020,10,5,279,18.75,73.75,0.0
PUNE_G003,2020-10-06,2020,10,6,280,18.75,73.75,7.982088088989258
PUNE_G003,2020-10-07,2020,10,7,281,18.75,73.75,0.0
PUNE_G003,2020-10-08,2020,10,8,282,18.75,73.75,0.0
PUNE_G003,2020-10-09,2020,10,9,283,18.75,73.75,0.0
PUNE_G003,2020-10-10,2020,10,10,284,18.75,73.75,0.9538195133209229
PUNE_G003,2020-10-11,2020,10,11,285,18.75,73.75,10.20124340057373
PUNE_G003,2020-10-12,2020,10,12,286,18.75,73.75,5.4133381843566895
PUNE_G003,2020-10-13,2020,10,13,287,18.75,73.75,8.698393821716309
PUNE_G003,2020-10-14,2020,10,14,288,18.75,73.75,1.6703659296035767
PUNE_G003,2020-10-15,2020,10,15,289,18.75,73.75,90.98828887939453
PUNE_G003,2020-10-16,2020,10,16,290,18.75,73.75,7.092755317687988
PUNE_G003,2020-10-17,2020,10,17,291,18.75,73.75,1.429726004600525
PUNE_G003,2020-10-18,2020,10,18,292,18.75,73.75,9.846616744995117
PUNE_G003,2020-10-19,2020,10,19,293,18.75,73.75,31.451494216918945
PUNE_G003,2020-10-20,2020,10,20,294,18.75,73.75,3.9755914211273193
PUNE_G003,2020-10-21,2020,10,21,295,18.75,73.75,3.7951760292053223
PUNE_G003,2020-10-22,2020,10,22,296,18.75,73.75,4.8837361335754395
PUNE_G003,2020-10-23,2020,10,23,297,18.75,73.75,20.285497665405273
PUNE_G003,2020-10-24,2020,10,24,298,18.75,73.75,28.643230438232422
PUNE_G003,2020-10-25,2020,10,25,299,18.75,73.75,8.924173355102539
PUNE_G003,2020-10-26,2020,10,26,300,18.75,73.75,1.7556039094924927
PUNE_G003,2020-10-27,2020,10,27,301,18.75,73.75,0.0
PUNE_G003,2020-10-28,2020,10,28,302,18.75,73.75,0.0
PUNE_G003,2020-10-29,2020,10,29,303,18.75,73.75,0.0
PUNE_G003,2020-10-30,2020,10,30,304,18.75,73.75,0.0
PUNE_G003,2020-10-31,2020,10,31,305,18.75,73.75,0.0
PUNE_G003,2020-11-01,2020,11,1,306,18.75,73.75,0.0
PUNE_G003,2020-11-02,2020,11,2,307,18.75,73.75,0.0
PUNE_G003,2020-11-03,2020,11,3,308,18.75,73.75,0.0
PUNE_G003,2020-11-04,2020,11,4,309,18.75,73.75,0.0
PUNE_G003,2020-11-05,2020,11,5,310,18.75,73.75,0.0
PUNE_G003,2020-11-06,2020,11,6,311,18.75,73.75,0.0
PUNE_G003,2020-11-07,2020,11,7,312,18.75,73.75,0.0
PUNE_G003,2020-11-08,2020,11,8,313,18.75,73.75,0.0
PUNE_G003,2020-11-09,2020,11,9,314,18.75,73.75,0.0
PUNE_G003,2020-11-10,2020,11,10,315,18.75,73.75,0.0
PUNE_G003,2020-11-11,2020,11,11,316,18.75,73.75,0.0
PUNE_G003,2020-11-12,2020,11,12,317,18.75,73.75,0.0
PUNE_G003,2020-11-13,2020,11,13,318,18.75,73.75,0.0
PUNE_G003,2020-11-14,2020,11,14,319,18.75,73.75,0.0
PUNE_G003,2020-11-15,2020,11,15,320,18.75,73.75,0.0
PUNE_G003,2020-11-16,2020,11,16,321,18.75,73.75,0.0
PUNE_G003,2020-11-17,2020,11,17,322,18.75,73.75,0.0
PUNE_G003,2020-11-18,2020,11,18,323,18.75,73.75,0.0
PUNE_G003,2020-11-19,2020,11,19,324,18.75,73.75,0.0
PUNE_G003,2020-11-20,2020,11,20,325,18.75,73.75,0.0
PUNE_G003,2020-11-21,2020,11,21,326,18.75,73.75,4.190840721130371
PUNE_G003,2020-11-22,2020,11,22,327,18.75,73.75,0.0
PUNE_G003,2020-11-23,2020,11,23,328,18.75,73.75,0.0
PUNE_G003,2020-11-24,2020,11,24,329,18.75,73.75,0.0
PUNE_G003,2020-11-25,2020,11,25,330,18.75,73.75,0.0
PUNE_G003,2020-11-26,2020,11,26,331,18.75,73.75,0.0
PUNE_G003,2020-11-27,2020,11,27,332,18.75,73.75,0.0
PUNE_G003,2020-11-28,2020,11,28,333,18.75,73.75,0.0
PUNE_G003,2020-11-29,2020,11,29,334,18.75,73.75,0.0
PUNE_G003,2020-11-30,2020,11,30,335,18.75,73.75,0.0
PUNE_G003,2020-12-01,2020,12,1,336,18.75,73.75,0.0
PUNE_G003,2020-12-02,2020,12,2,337,18.75,73.75,0.0
PUNE_G003,2020-12-03,2020,12,3,338,18.75,73.75,0.0
PUNE_G003,2020-12-04,2020,12,4,339,18.75,73.75,0.0
PUNE_G003,2020-12-05,2020,12,5,340,18.75,73.75,0.0
PUNE_G003,2020-12-06,2020,12,6,341,18.75,73.75,0.0
PUNE_G003,2020-12-07,2020,12,7,342,18.75,73.75,0.0
PUNE_G003,2020-12-08,2020,12,8,343,18.75,73.75,0.0
PUNE_G003,2020-12-09,2020,12,9,344,18.75,73.75,0.0
PUNE_G003,2020-12-10,2020,12,10,345,18.75,73.75,0.0
PUNE_G003,2020-12-11,2020,12,11,346,18.75,73.75,0.0
PUNE_G003,2020-12-12,2020,12,12,347,18.75,73.75,0.0
PUNE_G003,2020-12-13,2020,12,13,348,18.75,73.75,0.0
PUNE_G003,2020-12-14,2020,12,14,349,18.75,73.75,0.0
PUNE_G003,2020-12-15,2020,12,15,350,18.75,73.75,2.9884700775146484
PUNE_G003,2020-12-16,2020,12,16,351,18.75,73.75,0.0
PUNE_G003,2020-12-17,2020,12,17,352,18.75,73.75,0.0
PUNE_G003,2020-12-18,2020,12,18,353,18.75,73.75,0.0
PUNE_G003,2020-12-19,2020,12,19,354,18.75,73.75,0.0
PUNE_G003,2020-12-20,2020,12,20,355,18.75,73.75,0.0
PUNE_G003,2020-12-21,2020,12,21,356,18.75,73.75,0.0
PUNE_G003,2020-12-22,2020,12,22,357,18.75,73.75,0.0
PUNE_G003,2020-12-23,2020,12,23,358,18.75,73.75,0.0
PUNE_G003,2020-12-24,2020,12,24,359,18.75,73.75,0.0
PUNE_G003,2020-12-25,2020,12,25,360,18.75,73.75,0.0
PUNE_G003,2020-12-26,2020,12,26,361,18.75,73.75,0.0
PUNE_G003,2020-12-27,2020,12,27,362,18.75,73.75,0.0
PUNE_G003,2020-12-28,2020,12,28,363,18.75,73.75,0.0
PUNE_G003,2020-12-29,2020,12,29,364,18.75,73.75,0.0
PUNE_G003,2020-12-30,2020,12,30,365,18.75,73.75,0.0
PUNE_G003,2020-12-31,2020,12,31,366,18.75,73.75,0.0
PUNE_G003,2021-01-01,2021,1,1,1,18.75,73.75,0.0
PUNE_G003,2021-01-02,2021,1,2,2,18.75,73.75,0.0
PUNE_G003,2021-01-03,2021,1,3,3,18.75,73.75,0.0
PUNE_G003,2021-01-04,2021,1,4,4,18.75,73.75,0.0
PUNE_G003,2021-01-05,2021,1,5,5,18.75,73.75,0.0
PUNE_G003,2021-01-06,2021,1,6,6,18.75,73.75,0.0
PUNE_G003,2021-01-07,2021,1,7,7,18.75,73.75,0.0
PUNE_G003,2021-01-08,2021,1,8,8,18.75,73.75,1.900710940361023
PUNE_G003,2021-01-09,2021,1,9,9,18.75,73.75,28.699047088623047
PUNE_G003,2021-01-10,2021,1,10,10,18.75,73.75,0.0
PUNE_G003,2021-01-11,2021,1,11,11,18.75,73.75,0.0
PUNE_G003,2021-01-12,2021,1,12,12,18.75,73.75,0.0
PUNE_G003,2021-01-13,2021,1,13,13,18.75,73.75,0.0
PUNE_G003,2021-01-14,2021,1,14,14,18.75,73.75,0.0
PUNE_G003,2021-01-15,2021,1,15,15,18.75,73.75,0.0
PUNE_G003,2021-01-16,2021,1,16,16,18.75,73.75,0.0
PUNE_G003,2021-01-17,2021,1,17,17,18.75,73.75,0.0
PUNE_G003,2021-01-18,2021,1,18,18,18.75,73.75,0.0
PUNE_G003,2021-01-19,2021,1,19,19,18.75,73.75,0.0
PUNE_G003,2021-01-20,2021,1,20,20,18.75,73.75,0.0
PUNE_G003,2021-01-21,2021,1,21,21,18.75,73.75,0.0
PUNE_G003,2021-01-22,2021,1,22,22,18.75,73.75,0.0
PUNE_G003,2021-01-23,2021,1,23,23,18.75,73.75,0.0
PUNE_G003,2021-01-24,2021,1,24,24,18.75,73.75,0.0
PUNE_G003,2021-01-25,2021,1,25,25,18.75,73.75,0.0
PUNE_G003,2021-01-26,2021,1,26,26,18.75,73.75,0.0
PUNE_G003,2021-01-27,2021,1,27,27,18.75,73.75,0.0
PUNE_G003,2021-01-28,2021,1,28,28,18.75,73.75,0.0
PUNE_G003,2021-01-29,2021,1,29,29,18.75,73.75,0.0
PUNE_G003,2021-01-30,2021,1,30,30,18.75,73.75,0.0
PUNE_G003,2021-01-31,2021,1,31,31,18.75,73.75,0.0
PUNE_G003,2021-02-01,2021,2,1,32,18.75,73.75,0.0
PUNE_G003,2021-02-02,2021,2,2,33,18.75,73.75,0.0
PUNE_G003,2021-02-03,2021,2,3,34,18.75,73.75,0.0
PUNE_G003,2021-02-04,2021,2,4,35,18.75,73.75,0.0
PUNE_G003,2021-02-05,2021,2,5,36,18.75,73.75,0.0
PUNE_G003,2021-02-06,2021,2,6,37,18.75,73.75,0.0
PUNE_G003,2021-02-07,2021,2,7,38,18.75,73.75,0.0
PUNE_G003,2021-02-08,2021,2,8,39,18.75,73.75,0.0
PUNE_G003,2021-02-09,2021,2,9,40,18.75,73.75,0.0
PUNE_G003,2021-02-10,2021,2,10,41,18.75,73.75,0.0
PUNE_G003,2021-02-11,2021,2,11,42,18.75,73.75,0.0
PUNE_G003,2021-02-12,2021,2,12,43,18.75,73.75,0.0
PUNE_G003,2021-02-13,2021,2,13,44,18.75,73.75,0.0
PUNE_G003,2021-02-14,2021,2,14,45,18.75,73.75,0.0
PUNE_G003,2021-02-15,2021,2,15,46,18.75,73.75,0.0
PUNE_G003,2021-02-16,2021,2,16,47,18.75,73.75,0.0
PUNE_G003,2021-02-17,2021,2,17,48,18.75,73.75,0.0
PUNE_G003,2021-02-18,2021,2,18,49,18.75,73.75,0.0
PUNE_G003,2021-02-19,2021,2,19,50,18.75,73.75,0.48277047276496887
PUNE_G003,2021-02-20,2021,2,20,51,18.75,73.75,0.0
PUNE_G003,2021-02-21,2021,2,21,52,18.75,73.75,0.0
PUNE_G003,2021-02-22,2021,2,22,53,18.75,73.75,0.0
PUNE_G003,2021-02-23,2021,2,23,54,18.75,73.75,0.0
PUNE_G003,2021-02-24,2021,2,24,55,18.75,73.75,0.0
PUNE_G003,2021-02-25,2021,2,25,56,18.75,73.75,0.0
PUNE_G003,2021-02-26,2021,2,26,57,18.75,73.75,0.0
PUNE_G003,2021-02-27,2021,2,27,58,18.75,73.75,0.0
PUNE_G003,2021-02-28,2021,2,28,59,18.75,73.75,0.0
PUNE_G003,2021-03-01,2021,3,1,60,18.75,73.75,0.0
PUNE_G003,2021-03-02,2021,3,2,61,18.75,73.75,0.0
PUNE_G003,2021-03-03,2021,3,3,62,18.75,73.75,0.0
PUNE_G003,2021-03-04,2021,3,4,63,18.75,73.75,0.0
PUNE_G003,2021-03-05,2021,3,5,64,18.75,73.75,0.0
PUNE_G003,2021-03-06,2021,3,6,65,18.75,73.75,0.0
PUNE_G003,2021-03-07,2021,3,7,66,18.75,73.75,0.0
PUNE_G003,2021-03-08,2021,3,8,67,18.75,73.75,0.0
PUNE_G003,2021-03-09,2021,3,9,68,18.75,73.75,0.0
PUNE_G003,2021-03-10,2021,3,10,69,18.75,73.75,0.0
PUNE_G003,2021-03-11,2021,3,11,70,18.75,73.75,0.0
PUNE_G003,2021-03-12,2021,3,12,71,18.75,73.75,0.0
PUNE_G003,2021-03-13,2021,3,13,72,18.75,73.75,0.0
PUNE_G003,2021-03-14,2021,3,14,73,18.75,73.75,0.0
PUNE_G003,2021-03-15,2021,3,15,74,18.75,73.75,0.0
PUNE_G003,2021-03-16,2021,3,16,75,18.75,73.75,0.0
PUNE_G003,2021-03-17,2021,3,17,76,18.75,73.75,0.0
PUNE_G003,2021-03-18,2021,3,18,77,18.75,73.75,0.0
PUNE_G003,2021-03-19,2021,3,19,78,18.75,73.75,0.0
PUNE_G003,2021-03-20,2021,3,20,79,18.75,73.75,0.0
PUNE_G003,2021-03-21,2021,3,21,80,18.75,73.75,0.0
PUNE_G003,2021-03-22,2021,3,22,81,18.75,73.75,0.0
PUNE_G003,2021-03-23,2021,3,23,82,18.75,73.75,0.0
PUNE_G003,2021-03-24,2021,3,24,83,18.75,73.75,0.0
PUNE_G003,2021-03-25,2021,3,25,84,18.75,73.75,0.0
PUNE_G003,2021-03-26,2021,3,26,85,18.75,73.75,0.0
PUNE_G003,2021-03-27,2021,3,27,86,18.75,73.75,0.0
PUNE_G003,2021-03-28,2021,3,28,87,18.75,73.75,0.0
PUNE_G003,2021-03-29,2021,3,29,88,18.75,73.75,0.0
PUNE_G003,2021-03-30,2021,3,30,89,18.75,73.75,0.0
PUNE_G003,2021-03-31,2021,3,31,90,18.75,73.75,0.0
PUNE_G003,2021-04-01,2021,4,1,91,18.75,73.75,0.0
PUNE_G003,2021-04-02,2021,4,2,92,18.75,73.75,0.0
PUNE_G003,2021-04-03,2021,4,3,93,18.75,73.75,0.0
PUNE_G003,2021-04-04,2021,4,4,94,18.75,73.75,0.0
PUNE_G003,2021-04-05,2021,4,5,95,18.75,73.75,0.0
PUNE_G003,2021-04-06,2021,4,6,96,18.75,73.75,0.0
PUNE_G003,2021-04-07,2021,4,7,97,18.75,73.75,0.0
PUNE_G003,2021-04-08,2021,4,8,98,18.75,73.75,0.0
PUNE_G003,2021-04-09,2021,4,9,99,18.75,73.75,0.0
PUNE_G003,2021-04-10,2021,4,10,100,18.75,73.75,0.0
PUNE_G003,2021-04-11,2021,4,11,101,18.75,73.75,0.10345014929771423
PUNE_G003,2021-04-12,2021,4,12,102,18.75,73.75,0.0
PUNE_G003,2021-04-13,2021,4,13,103,18.75,73.75,2.4801175594329834
PUNE_G003,2021-04-14,2021,4,14,104,18.75,73.75,0.0
PUNE_G003,2021-04-15,2021,4,15,105,18.75,73.75,2.3537731170654297
PUNE_G003,2021-04-16,2021,4,16,106,18.75,73.75,0.0
PUNE_G003,2021-04-17,2021,4,17,107,18.75,73.75,0.0
PUNE_G003,2021-04-18,2021,4,18,108,18.75,73.75,0.0
PUNE_G003,2021-04-19,2021,4,19,109,18.75,73.75,0.0
PUNE_G003,2021-04-20,2021,4,20,110,18.75,73.75,0.0
PUNE_G003,2021-04-21,2021,4,21,111,18.75,73.75,0.0
PUNE_G003,2021-04-22,2021,4,22,112,18.75,73.75,0.0
PUNE_G003,2021-04-23,2021,4,23,113,18.75,73.75,0.0
PUNE_G003,2021-04-24,2021,4,24,114,18.75,73.75,0.0
PUNE_G003,2021-04-25,2021,4,25,115,18.75,73.75,0.0
PUNE_G003,2021-04-26,2021,4,26,116,18.75,73.75,0.0
PUNE_G003,2021-04-27,2021,4,27,117,18.75,73.75,0.0
PUNE_G003,2021-04-28,2021,4,28,118,18.75,73.75,1.2293040752410889
PUNE_G003,2021-04-29,2021,4,29,119,18.75,73.75,0.0
PUNE_G003,2021-04-30,2021,4,30,120,18.75,73.75,0.1471462994813919
PUNE_G003,2021-05-01,2021,5,1,121,18.75,73.75,0.14626847207546234
PUNE_G003,2021-05-02,2021,5,2,122,18.75,73.75,0.0
PUNE_G003,2021-05-03,2021,5,3,123,18.75,73.75,8.465821266174316
PUNE_G003,2021-05-04,2021,5,4,124,18.75,73.75,0.2806474268436432
PUNE_G003,2021-05-05,2021,5,5,125,18.75,73.75,0.0
PUNE_G003,2021-05-06,2021,5,6,126,18.75,73.75,0.0
PUNE_G003,2021-05-07,2021,5,7,127,18.75,73.75,0.0
PUNE_G003,2021-05-08,2021,5,8,128,18.75,73.75,0.0
PUNE_G003,2021-05-09,2021,5,9,129,18.75,73.75,0.2525826692581177
PUNE_G003,2021-05-10,2021,5,10,130,18.75,73.75,0.0
PUNE_G003,2021-05-11,2021,5,11,131,18.75,73.75,0.0
PUNE_G003,2021-05-12,2021,5,12,132,18.75,73.75,0.0
PUNE_G003,2021-05-13,2021,5,13,133,18.75,73.75,0.0
PUNE_G003,2021-05-14,2021,5,14,134,18.75,73.75,0.0
PUNE_G003,2021-05-15,2021,5,15,135,18.75,73.75,0.5890839099884033
PUNE_G003,2021-05-16,2021,5,16,136,18.75,73.75,3.5509321689605713
PUNE_G003,2021-05-17,2021,5,17,137,18.75,73.75,1.1708989143371582
PUNE_G003,2021-05-18,2021,5,18,138,18.75,73.75,3.832347869873047
PUNE_G003,2021-05-19,2021,5,19,139,18.75,73.75,0.0
PUNE_G003,2021-05-20,2021,5,20,140,18.75,73.75,2.1890501976013184
PUNE_G003,2021-05-21,2021,5,21,141,18.75,73.75,0.0
PUNE_G003,2021-05-22,2021,5,22,142,18.75,73.75,1.640337347984314
PUNE_G003,2021-05-23,2021,5,23,143,18.75,73.75,0.0
PUNE_G003,2021-05-24,2021,5,24,144,18.75,73.75,1.7654402256011963
PUNE_G003,2021-05-25,2021,5,25,145,18.75,73.75,0.0
PUNE_G003,2021-05-26,2021,5,26,146,18.75,73.75,0.0
PUNE_G003,2021-05-27,2021,5,27,147,18.75,73.75,0.0
PUNE_G003,2021-05-28,2021,5,28,148,18.75,73.75,0.0
PUNE_G003,2021-05-29,2021,5,29,149,18.75,73.75,0.11399662494659424
PUNE_G003,2021-05-30,2021,5,30,150,18.75,73.75,13.626777648925781
PUNE_G003,2021-05-31,2021,5,31,151,18.75,73.75,0.0
PUNE_G003,2021-06-01,2021,6,1,152,18.75,73.75,29.077280044555664
PUNE_G003,2021-06-02,2021,6,2,153,18.75,73.75,5.283171653747559
PUNE_G003,2021-06-03,2021,6,3,154,18.75,73.75,15.174153327941895
PUNE_G003,2021-06-04,2021,6,4,155,18.75,73.75,0.0
PUNE_G003,2021-06-05,2021,6,5,156,18.75,73.75,13.200135231018066
PUNE_G003,2021-06-06,2021,6,6,157,18.75,73.75,53.565547943115234
PUNE_G003,2021-06-07,2021,6,7,158,18.75,73.75,13.267627716064453
PUNE_G003,2021-06-08,2021,6,8,159,18.75,73.75,0.9776884317398071
PUNE_G003,2021-06-09,2021,6,9,160,18.75,73.75,0.0
PUNE_G003,2021-06-10,2021,6,10,161,18.75,73.75,8.867044448852539
PUNE_G003,2021-06-11,2021,6,11,162,18.75,73.75,0.26660433411598206
PUNE_G003,2021-06-12,2021,6,12,163,18.75,73.75,7.193526268005371
PUNE_G003,2021-06-13,2021,6,13,164,18.75,73.75,0.26530396938323975
PUNE_G003,2021-06-14,2021,6,14,165,18.75,73.75,1.3251104354858398
PUNE_G003,2021-06-15,2021,6,15,166,18.75,73.75,0.0
PUNE_G003,2021-06-16,2021,6,16,167,18.75,73.75,1.3460896015167236
PUNE_G003,2021-06-17,2021,6,17,168,18.75,73.75,1.5065114498138428
PUNE_G003,2021-06-18,2021,6,18,169,18.75,73.75,13.904549598693848
PUNE_G003,2021-06-19,2021,6,19,170,18.75,73.75,36.521644592285156
PUNE_G003,2021-06-20,2021,6,20,171,18.75,73.75,12.212160110473633
PUNE_G003,2021-06-21,2021,6,21,172,18.75,73.75,1.8929206132888794
PUNE_G003,2021-06-22,2021,6,22,173,18.75,73.75,0.21665044128894806
PUNE_G003,2021-06-23,2021,6,23,174,18.75,73.75,0.8413941264152527
PUNE_G003,2021-06-24,2021,6,24,175,18.75,73.75,0.0
PUNE_G003,2021-06-25,2021,6,25,176,18.75,73.75,0.0
PUNE_G003,2021-06-26,2021,6,26,177,18.75,73.75,1.3720020055770874
PUNE_G003,2021-06-27,2021,6,27,178,18.75,73.75,1.8691102266311646
PUNE_G003,2021-06-28,2021,6,28,179,18.75,73.75,3.751265048980713
PUNE_G003,2021-06-29,2021,6,29,180,18.75,73.75,2.835822343826294
PUNE_G003,2021-06-30,2021,6,30,181,18.75,73.75,0.0
PUNE_G003,2021-07-01,2021,7,1,182,18.75,73.75,0.0
PUNE_G003,2021-07-02,2021,7,2,183,18.75,73.75,0.0
PUNE_G003,2021-07-03,2021,7,3,184,18.75,73.75,0.2367832511663437
PUNE_G003,2021-07-04,2021,7,4,185,18.75,73.75,0.0
PUNE_G003,2021-07-05,2021,7,5,186,18.75,73.75,0.0
PUNE_G003,2021-07-06,2021,7,6,187,18.75,73.75,0.11764833331108093
PUNE_G003,2021-07-07,2021,7,7,188,18.75,73.75,0.0
PUNE_G003,2021-07-08,2021,7,8,189,18.75,73.75,0.0
PUNE_G003,2021-07-09,2021,7,9,190,18.75,73.75,4.826631546020508
PUNE_G003,2021-07-10,2021,7,10,191,18.75,73.75,2.216636896133423
PUNE_G003,2021-07-11,2021,7,11,192,18.75,73.75,0.0
PUNE_G003,2021-07-12,2021,7,12,193,18.75,73.75,1.310523509979248
PUNE_G003,2021-07-13,2021,7,13,194,18.75,73.75,5.17812967300415
PUNE_G003,2021-07-14,2021,7,14,195,18.75,73.75,3.4907915592193604
PUNE_G003,2021-07-15,2021,7,15,196,18.75,73.75,0.32941532135009766
PUNE_G003,2021-07-16,2021,7,16,197,18.75,73.75,0.9956790208816528
PUNE_G003,2021-07-17,2021,7,17,198,18.75,73.75,1.4500972032546997
PUNE_G003,2021-07-18,2021,7,18,199,18.75,73.75,0.9956790208816528
PUNE_G003,2021-07-19,2021,7,19,200,18.75,73.75,4.639405250549316
PUNE_G003,2021-07-20,2021,7,20,201,18.75,73.75,18.67525291442871
PUNE_G003,2021-07-21,2021,7,21,202,18.75,73.75,10.69375991821289
PUNE_G003,2021-07-22,2021,7,22,203,18.75,73.75,24.825016021728516
PUNE_G003,2021-07-23,2021,7,23,204,18.75,73.75,7.2410688400268555
PUNE_G003,2021-07-24,2021,7,24,205,18.75,73.75,35.96300506591797
PUNE_G003,2021-07-25,2021,7,25,206,18.75,73.75,5.2820611000061035
PUNE_G003,2021-07-26,2021,7,26,207,18.75,73.75,7.80578088760376
PUNE_G003,2021-07-27,2021,7,27,208,18.75,73.75,2.5604512691497803
PUNE_G003,2021-07-28,2021,7,28,209,18.75,73.75,3.687812566757202
PUNE_G003,2021-07-29,2021,7,29,210,18.75,73.75,3.1650452613830566
PUNE_G003,2021-07-30,2021,7,30,211,18.75,73.75,2.4964632987976074
PUNE_G003,2021-07-31,2021,7,31,212,18.75,73.75,1.4611579179763794
PUNE_G003,2021-08-01,2021,8,1,213,18.75,73.75,3.204671859741211
PUNE_G003,2021-08-02,2021,8,2,214,18.75,73.75,1.0787369012832642
PUNE_G003,2021-08-03,2021,8,3,215,18.75,73.75,1.6008493900299072
PUNE_G003,2021-08-04,2021,8,4,216,18.75,73.75,1.6104234457015991
PUNE_G003,2021-08-05,2021,8,5,217,18.75,73.75,0.9897325038909912
PUNE_G003,2021-08-06,2021,8,6,218,18.75,73.75,0.47207990288734436
PUNE_G003,2021-08-07,2021,8,7,219,18.75,73.75,0.0
PUNE_G003,2021-08-08,2021,8,8,220,18.75,73.75,0.42502060532569885
PUNE_G003,2021-08-09,2021,8,9,221,18.75,73.75,0.0
PUNE_G003,2021-08-10,2021,8,10,222,18.75,73.75,0.0
PUNE_G003,2021-08-11,2021,8,11,223,18.75,73.75,0.3323885202407837
PUNE_G003,2021-08-12,2021,8,12,224,18.75,73.75,0.0
PUNE_G003,2021-08-13,2021,8,13,225,18.75,73.75,1.4626445770263672
PUNE_G003,2021-08-14,2021,8,14,226,18.75,73.75,0.1897239238023758
PUNE_G003,2021-08-15,2021,8,15,227,18.75,73.75,2.7928531169891357
PUNE_G003,2021-08-16,2021,8,16,228,18.75,73.75,0.3323885202407837
PUNE_G003,2021-08-17,2021,8,17,229,18.75,73.75,0.2853291928768158
PUNE_G003,2021-08-18,2021,8,18,230,18.75,73.75,3.454275131225586
PUNE_G003,2021-08-19,2021,8,19,231,18.75,73.75,1.981915831565857
PUNE_G003,2021-08-20,2021,8,20,232,18.75,73.75,1.318493366241455
PUNE_G003,2021-08-21,2021,8,21,233,18.75,73.75,2.7097344398498535
PUNE_G003,2021-08-22,2021,8,22,234,18.75,73.75,1.2199149131774902
PUNE_G003,2021-08-23,2021,8,23,235,18.75,73.75,0.0
PUNE_G003,2021-08-24,2021,8,24,236,18.75,73.75,0.0
PUNE_G003,2021-08-25,2021,8,25,237,18.75,73.75,0.0
PUNE_G003,2021-08-26,2021,8,26,238,18.75,73.75,0.0
PUNE_G003,2021-08-27,2021,8,27,239,18.75,73.75,1.853153109550476
PUNE_G003,2021-08-28,2021,8,28,240,18.75,73.75,0.3544315695762634
PUNE_G003,2021-08-29,2021,8,29,241,18.75,73.75,0.48123979568481445
PUNE_G003,2021-08-30,2021,8,30,242,18.75,73.75,0.0
PUNE_G003,2021-08-31,2021,8,31,243,18.75,73.75,5.207022190093994
PUNE_G003,2021-09-01,2021,9,1,244,18.75,73.75,0.29087767004966736
PUNE_G003,2021-09-02,2021,9,2,245,18.75,73.75,0.0
PUNE_G003,2021-09-03,2021,9,3,246,18.75,73.75,0.32941532135009766
PUNE_G003,2021-09-04,2021,9,4,247,18.75,73.75,0.41841965913772583
PUNE_G003,2021-09-05,2021,9,5,248,18.75,73.75,10.959121704101562
PUNE_G003,2021-09-06,2021,9,6,249,18.75,73.75,2.37250018119812
PUNE_G003,2021-09-07,2021,9,7,250,18.75,73.75,21.663894653320312
PUNE_G003,2021-09-08,2021,9,8,251,18.75,73.75,9.012694358825684
PUNE_G003,2021-09-09,2021,9,9,252,18.75,73.75,2.94295072555542
PUNE_G003,2021-09-10,2021,9,10,253,18.75,73.75,2.489030361175537
PUNE_G003,2021-09-11,2021,9,11,254,18.75,73.75,7.343352794647217
PUNE_G003,2021-09-12,2021,9,12,255,18.75,73.75,4.128851413726807
PUNE_G003,2021-09-13,2021,9,13,256,18.75,73.75,1.5736693143844604
PUNE_G003,2021-09-14,2021,9,14,257,18.75,73.75,1.0772502422332764
PUNE_G003,2021-09-15,2021,9,15,258,18.75,73.75,0.0
PUNE_G003,2021-09-16,2021,9,16,259,18.75,73.75,0.0
PUNE_G003,2021-09-17,2021,9,17,260,18.75,73.75,0.0
PUNE_G003,2021-09-18,2021,9,18,261,18.75,73.75,0.0
PUNE_G003,2021-09-19,2021,9,19,262,18.75,73.75,0.0
PUNE_G003,2021-09-20,2021,9,20,263,18.75,73.75,0.0
PUNE_G003,2021-09-21,2021,9,21,264,18.75,73.75,3.625413656234741
PUNE_G003,2021-09-22,2021,9,22,265,18.75,73.75,4.861977577209473
PUNE_G003,2021-09-23,2021,9,23,266,18.75,73.75,8.3456449508667
PUNE_G003,2021-09-24,2021,9,24,267,18.75,73.75,1.0484189987182617
PUNE_G003,2021-09-25,2021,9,25,268,18.75,73.75,0.1828637421131134
PUNE_G003,2021-09-26,2021,9,26,269,18.75,73.75,0.7924095988273621
PUNE_G003,2021-09-27,2021,9,27,270,18.75,73.75,4.757050514221191
PUNE_G003,2021-09-28,2021,9,28,271,18.75,73.75,0.7822264432907104
PUNE_G003,2021-09-29,2021,9,29,272,18.75,73.75,3.642239809036255
PUNE_G003,2021-09-30,2021,9,30,273,18.75,73.75,0.611771285533905
PUNE_G003,2021-10-01,2021,10,1,274,18.75,73.75,0.0
PUNE_G003,2021-10-02,2021,10,2,275,18.75,73.75,6.17299222946167
PUNE_G003,2021-10-03,2021,10,3,276,18.75,73.75,0.0
PUNE_G003,2021-10-04,2021,10,4,277,18.75,73.75,0.7397774457931519
PUNE_G003,2021-10-05,2021,10,5,278,18.75,73.75,7.025187015533447
PUNE_G003,2021-10-06,2021,10,6,279,18.75,73.75,1.3158912658691406
PUNE_G003,2021-10-07,2021,10,7,280,18.75,73.75,3.512390375137329
PUNE_G003,2021-10-08,2021,10,8,281,18.75,73.75,4.083825588226318
PUNE_G003,2021-10-09,2021,10,9,282,18.75,73.75,6.243131637573242
PUNE_G003,2021-10-10,2021,10,10,283,18.75,73.75,32.788368225097656
PUNE_G003,2021-10-11,2021,10,11,284,18.75,73.75,3.089242696762085
PUNE_G003,2021-10-12,2021,10,12,285,18.75,73.75,0.10777951776981354
PUNE_G003,2021-10-13,2021,10,13,286,18.75,73.75,0.0
PUNE_G003,2021-10-14,2021,10,14,287,18.75,73.75,0.0
PUNE_G003,2021-10-15,2021,10,15,288,18.75,73.75,0.0
PUNE_G003,2021-10-16,2021,10,16,289,18.75,73.75,0.0
PUNE_G003,2021-10-17,2021,10,17,290,18.75,73.75,0.0
PUNE_G003,2021-10-18,2021,10,18,291,18.75,73.75,0.0
PUNE_G003,2021-10-19,2021,10,19,292,18.75,73.75,0.0
PUNE_G003,2021-10-20,2021,10,20,293,18.75,73.75,0.0
PUNE_G003,2021-10-21,2021,10,21,294,18.75,73.75,0.0
PUNE_G003,2021-10-22,2021,10,22,295,18.75,73.75,0.0
PUNE_G003,2021-10-23,2021,10,23,296,18.75,73.75,0.0
PUNE_G003,2021-10-24,2021,10,24,297,18.75,73.75,0.0
PUNE_G003,2021-10-25,2021,10,25,298,18.75,73.75,0.0
PUNE_G003,2021-10-26,2021,10,26,299,18.75,73.75,0.0
PUNE_G003,2021-10-27,2021,10,27,300,18.75,73.75,0.0
PUNE_G003,2021-10-28,2021,10,28,301,18.75,73.75,0.0
PUNE_G003,2021-10-29,2021,10,29,302,18.75,73.75,0.0
PUNE_G003,2021-10-30,2021,10,30,303,18.75,73.75,0.0
PUNE_G003,2021-10-31,2021,10,31,304,18.75,73.75,0.0
PUNE_G003,2021-11-01,2021,11,1,305,18.75,73.75,0.0
PUNE_G003,2021-11-02,2021,11,2,306,18.75,73.75,0.0
PUNE_G003,2021-11-03,2021,11,3,307,18.75,73.75,0.0
PUNE_G003,2021-11-04,2021,11,4,308,18.75,73.75,0.0
PUNE_G003,2021-11-05,2021,11,5,309,18.75,73.75,28.072858810424805
PUNE_G003,2021-11-06,2021,11,6,310,18.75,73.75,0.0
PUNE_G003,2021-11-07,2021,11,7,311,18.75,73.75,0.3328041136264801
PUNE_G003,2021-11-08,2021,11,8,312,18.75,73.75,0.0
PUNE_G003,2021-11-09,2021,11,9,313,18.75,73.75,0.0
PUNE_G003,2021-11-10,2021,11,10,314,18.75,73.75,0.0
PUNE_G003,2021-11-11,2021,11,11,315,18.75,73.75,0.0
PUNE_G003,2021-11-12,2021,11,12,316,18.75,73.75,0.0
PUNE_G003,2021-11-13,2021,11,13,317,18.75,73.75,0.0
PUNE_G003,2021-11-14,2021,11,14,318,18.75,73.75,0.0
PUNE_G003,2021-11-15,2021,11,15,319,18.75,73.75,0.0
PUNE_G003,2021-11-16,2021,11,16,320,18.75,73.75,0.0
PUNE_G003,2021-11-17,2021,11,17,321,18.75,73.75,14.616665840148926
PUNE_G003,2021-11-18,2021,11,18,322,18.75,73.75,0.0
PUNE_G003,2021-11-19,2021,11,19,323,18.75,73.75,0.0
PUNE_G003,2021-11-20,2021,11,20,324,18.75,73.75,0.0
PUNE_G003,2021-11-21,2021,11,21,325,18.75,73.75,6.640932083129883
PUNE_G003,2021-11-22,2021,11,22,326,18.75,73.75,0.6178432106971741
PUNE_G003,2021-11-23,2021,11,23,327,18.75,73.75,0.0
PUNE_G003,2021-11-24,2021,11,24,328,18.75,73.75,0.0
PUNE_G003,2021-11-25,2021,11,25,329,18.75,73.75,0.0
PUNE_G003,2021-11-26,2021,11,26,330,18.75,73.75,0.0
PUNE_G003,2021-11-27,2021,11,27,331,18.75,73.75,0.0
PUNE_G003,2021-11-28,2021,11,28,332,18.75,73.75,0.0
PUNE_G003,2021-11-29,2021,11,29,333,18.75,73.75,0.0
PUNE_G003,2021-11-30,2021,11,30,334,18.75,73.75,0.0
PUNE_G003,2021-12-01,2021,12,1,335,18.75,73.75,0.18823733925819397
PUNE_G003,2021-12-02,2021,12,2,336,18.75,73.75,74.08651733398438
PUNE_G003,2021-12-03,2021,12,3,337,18.75,73.75,0.0
PUNE_G003,2021-12-04,2021,12,4,338,18.75,73.75,3.5263614654541016
PUNE_G003,2021-12-05,2021,12,5,339,18.75,73.75,0.0
PUNE_G003,2021-12-06,2021,12,6,340,18.75,73.75,0.0
PUNE_G003,2021-12-07,2021,12,7,341,18.75,73.75,0.0
PUNE_G003,2021-12-08,2021,12,8,342,18.75,73.75,0.0
PUNE_G003,2021-12-09,2021,12,9,343,18.75,73.75,0.0
PUNE_G003,2021-12-10,2021,12,10,344,18.75,73.75,0.0
PUNE_G003,2021-12-11,2021,12,11,345,18.75,73.75,0.0
PUNE_G003,2021-12-12,2021,12,12,346,18.75,73.75,0.0
PUNE_G003,2021-12-13,2021,12,13,347,18.75,73.75,0.0
PUNE_G003,2021-12-14,2021,12,14,348,18.75,73.75,0.0
PUNE_G003,2021-12-15,2021,12,15,349,18.75,73.75,0.0
PUNE_G003,2021-12-16,2021,12,16,350,18.75,73.75,0.0
PUNE_G003,2021-12-17,2021,12,17,351,18.75,73.75,0.0
PUNE_G003,2021-12-18,2021,12,18,352,18.75,73.75,0.0
PUNE_G003,2021-12-19,2021,12,19,353,18.75,73.75,0.0
PUNE_G003,2021-12-20,2021,12,20,354,18.75,73.75,0.0
PUNE_G003,2021-12-21,2021,12,21,355,18.75,73.75,0.0
PUNE_G003,2021-12-22,2021,12,22,356,18.75,73.75,0.0
PUNE_G003,2021-12-23,2021,12,23,357,18.75,73.75,0.0
PUNE_G003,2021-12-24,2021,12,24,358,18.75,73.75,0.0
PUNE_G003,2021-12-25,2021,12,25,359,18.75,73.75,0.0
PUNE_G003,2021-12-26,2021,12,26,360,18.75,73.75,0.0
PUNE_G003,2021-12-27,2021,12,27,361,18.75,73.75,0.0
PUNE_G003,2021-12-28,2021,12,28,362,18.75,73.75,0.0
PUNE_G003,2021-12-29,2021,12,29,363,18.75,73.75,0.0
PUNE_G003,2021-12-30,2021,12,30,364,18.75,73.75,0.0
PUNE_G003,2021-12-31,2021,12,31,365,18.75,73.75,0.0
PUNE_G003,2022-01-01,2022,1,1,1,18.75,73.75,0.0
PUNE_G003,2022-01-02,2022,1,2,2,18.75,73.75,0.0
PUNE_G003,2022-01-03,2022,1,3,3,18.75,73.75,0.0
PUNE_G003,2022-01-04,2022,1,4,4,18.75,73.75,0.0
PUNE_G003,2022-01-05,2022,1,5,5,18.75,73.75,0.0
PUNE_G003,2022-01-06,2022,1,6,6,18.75,73.75,0.0
PUNE_G003,2022-01-07,2022,1,7,7,18.75,73.75,0.0
PUNE_G003,2022-01-08,2022,1,8,8,18.75,73.75,0.0
PUNE_G003,2022-01-09,2022,1,9,9,18.75,73.75,0.0
PUNE_G003,2022-01-10,2022,1,10,10,18.75,73.75,0.0
PUNE_G003,2022-01-11,2022,1,11,11,18.75,73.75,0.0
PUNE_G003,2022-01-12,2022,1,12,12,18.75,73.75,0.0
PUNE_G003,2022-01-13,2022,1,13,13,18.75,73.75,0.0
PUNE_G003,2022-01-14,2022,1,14,14,18.75,73.75,0.0
PUNE_G003,2022-01-15,2022,1,15,15,18.75,73.75,0.0
PUNE_G003,2022-01-16,2022,1,16,16,18.75,73.75,0.0
PUNE_G003,2022-01-17,2022,1,17,17,18.75,73.75,0.0
PUNE_G003,2022-01-18,2022,1,18,18,18.75,73.75,0.0
PUNE_G003,2022-01-19,2022,1,19,19,18.75,73.75,0.0
PUNE_G003,2022-01-20,2022,1,20,20,18.75,73.75,0.0
PUNE_G003,2022-01-21,2022,1,21,21,18.75,73.75,0.0
PUNE_G003,2022-01-22,2022,1,22,22,18.75,73.75,0.0
PUNE_G003,2022-01-23,2022,1,23,23,18.75,73.75,0.0
PUNE_G003,2022-01-24,2022,1,24,24,18.75,73.75,0.0
PUNE_G003,2022-01-25,2022,1,25,25,18.75,73.75,0.0
PUNE_G003,2022-01-26,2022,1,26,26,18.75,73.75,0.0
PUNE_G003,2022-01-27,2022,1,27,27,18.75,73.75,0.0
PUNE_G003,2022-01-28,2022,1,28,28,18.75,73.75,0.0
PUNE_G003,2022-01-29,2022,1,29,29,18.75,73.75,0.0
PUNE_G003,2022-01-30,2022,1,30,30,18.75,73.75,0.0
PUNE_G003,2022-01-31,2022,1,31,31,18.75,73.75,0.0
PUNE_G003,2022-02-01,2022,2,1,32,18.75,73.75,0.0
PUNE_G003,2022-02-02,2022,2,2,33,18.75,73.75,0.0
PUNE_G003,2022-02-03,2022,2,3,34,18.75,73.75,0.0
PUNE_G003,2022-02-04,2022,2,4,35,18.75,73.75,0.0
PUNE_G003,2022-02-05,2022,2,5,36,18.75,73.75,0.0
PUNE_G003,2022-02-06,2022,2,6,37,18.75,73.75,0.0
PUNE_G003,2022-02-07,2022,2,7,38,18.75,73.75,0.0
PUNE_G003,2022-02-08,2022,2,8,39,18.75,73.75,0.0
PUNE_G003,2022-02-09,2022,2,9,40,18.75,73.75,0.0
PUNE_G003,2022-02-10,2022,2,10,41,18.75,73.75,0.0
PUNE_G003,2022-02-11,2022,2,11,42,18.75,73.75,0.0
PUNE_G003,2022-02-12,2022,2,12,43,18.75,73.75,0.0
PUNE_G003,2022-02-13,2022,2,13,44,18.75,73.75,0.0
PUNE_G003,2022-02-14,2022,2,14,45,18.75,73.75,0.0
PUNE_G003,2022-02-15,2022,2,15,46,18.75,73.75,0.0
PUNE_G003,2022-02-16,2022,2,16,47,18.75,73.75,0.0
PUNE_G003,2022-02-17,2022,2,17,48,18.75,73.75,0.0
PUNE_G003,2022-02-18,2022,2,18,49,18.75,73.75,0.0
PUNE_G003,2022-02-19,2022,2,19,50,18.75,73.75,0.0
PUNE_G003,2022-02-20,2022,2,20,51,18.75,73.75,0.0
PUNE_G003,2022-02-21,2022,2,21,52,18.75,73.75,0.0
PUNE_G003,2022-02-22,2022,2,22,53,18.75,73.75,0.0
PUNE_G003,2022-02-23,2022,2,23,54,18.75,73.75,0.0
PUNE_G003,2022-02-24,2022,2,24,55,18.75,73.75,0.0
PUNE_G003,2022-02-25,2022,2,25,56,18.75,73.75,0.0
PUNE_G003,2022-02-26,2022,2,26,57,18.75,73.75,0.0
PUNE_G003,2022-02-27,2022,2,27,58,18.75,73.75,0.0
PUNE_G003,2022-02-28,2022,2,28,59,18.75,73.75,0.0
PUNE_G003,2022-03-01,2022,3,1,60,18.75,73.75,0.0
PUNE_G003,2022-03-02,2022,3,2,61,18.75,73.75,0.0
PUNE_G003,2022-03-03,2022,3,3,62,18.75,73.75,0.0
PUNE_G003,2022-03-04,2022,3,4,63,18.75,73.75,0.0
PUNE_G003,2022-03-05,2022,3,5,64,18.75,73.75,0.0
PUNE_G003,2022-03-06,2022,3,6,65,18.75,73.75,0.0
PUNE_G003,2022-03-07,2022,3,7,66,18.75,73.75,0.0
PUNE_G003,2022-03-08,2022,3,8,67,18.75,73.75,0.0
PUNE_G003,2022-03-09,2022,3,9,68,18.75,73.75,0.0
PUNE_G003,2022-03-10,2022,3,10,69,18.75,73.75,0.0
PUNE_G003,2022-03-11,2022,3,11,70,18.75,73.75,0.0
PUNE_G003,2022-03-12,2022,3,12,71,18.75,73.75,4.196643829345703
PUNE_G003,2022-03-13,2022,3,13,72,18.75,73.75,0.0
PUNE_G003,2022-03-14,2022,3,14,73,18.75,73.75,0.0
PUNE_G003,2022-03-15,2022,3,15,74,18.75,73.75,0.0
PUNE_G003,2022-03-16,2022,3,16,75,18.75,73.75,0.0
PUNE_G003,2022-03-17,2022,3,17,76,18.75,73.75,0.0
PUNE_G003,2022-03-18,2022,3,18,77,18.75,73.75,0.0
PUNE_G003,2022-03-19,2022,3,19,78,18.75,73.75,0.0
PUNE_G003,2022-03-20,2022,3,20,79,18.75,73.75,0.0
PUNE_G003,2022-03-21,2022,3,21,80,18.75,73.75,0.0
PUNE_G003,2022-03-22,2022,3,22,81,18.75,73.75,0.0
PUNE_G003,2022-03-23,2022,3,23,82,18.75,73.75,0.0
PUNE_G003,2022-03-24,2022,3,24,83,18.75,73.75,0.0
PUNE_G003,2022-03-25,2022,3,25,84,18.75,73.75,0.0
PUNE_G003,2022-03-26,2022,3,26,85,18.75,73.75,0.0
PUNE_G003,2022-03-27,2022,3,27,86,18.75,73.75,0.0
PUNE_G003,2022-03-28,2022,3,28,87,18.75,73.75,0.0
PUNE_G003,2022-03-29,2022,3,29,88,18.75,73.75,0.0
PUNE_G003,2022-03-30,2022,3,30,89,18.75,73.75,0.0
PUNE_G003,2022-03-31,2022,3,31,90,18.75,73.75,0.0
PUNE_G003,2022-04-01,2022,4,1,91,18.75,73.75,0.0
PUNE_G003,2022-04-02,2022,4,2,92,18.75,73.75,0.0
PUNE_G003,2022-04-03,2022,4,3,93,18.75,73.75,0.0
PUNE_G003,2022-04-04,2022,4,4,94,18.75,73.75,0.0
PUNE_G003,2022-04-05,2022,4,5,95,18.75,73.75,0.0
PUNE_G003,2022-04-06,2022,4,6,96,18.75,73.75,0.0
PUNE_G003,2022-04-07,2022,4,7,97,18.75,73.75,0.0
PUNE_G003,2022-04-08,2022,4,8,98,18.75,73.75,0.0
PUNE_G003,2022-04-09,2022,4,9,99,18.75,73.75,0.0
PUNE_G003,2022-04-10,2022,4,10,100,18.75,73.75,0.0
PUNE_G003,2022-04-11,2022,4,11,101,18.75,73.75,0.0
PUNE_G003,2022-04-12,2022,4,12,102,18.75,73.75,0.0
PUNE_G003,2022-04-13,2022,4,13,103,18.75,73.75,0.0
PUNE_G003,2022-04-14,2022,4,14,104,18.75,73.75,0.0
PUNE_G003,2022-04-15,2022,4,15,105,18.75,73.75,0.0
PUNE_G003,2022-04-16,2022,4,16,106,18.75,73.75,0.0
PUNE_G003,2022-04-17,2022,4,17,107,18.75,73.75,0.0
PUNE_G003,2022-04-18,2022,4,18,108,18.75,73.75,0.0
PUNE_G003,2022-04-19,2022,4,19,109,18.75,73.75,0.0
PUNE_G003,2022-04-20,2022,4,20,110,18.75,73.75,0.0
PUNE_G003,2022-04-21,2022,4,21,111,18.75,73.75,0.0
PUNE_G003,2022-04-22,2022,4,22,112,18.75,73.75,0.0
PUNE_G003,2022-04-23,2022,4,23,113,18.75,73.75,0.0
PUNE_G003,2022-04-24,2022,4,24,114,18.75,73.75,0.0
PUNE_G003,2022-04-25,2022,4,25,115,18.75,73.75,0.0
PUNE_G003,2022-04-26,2022,4,26,116,18.75,73.75,0.0
PUNE_G003,2022-04-27,2022,4,27,117,18.75,73.75,0.0
PUNE_G003,2022-04-28,2022,4,28,118,18.75,73.75,0.0
PUNE_G003,2022-04-29,2022,4,29,119,18.75,73.75,0.0
PUNE_G003,2022-04-30,2022,4,30,120,18.75,73.75,0.0
PUNE_G003,2022-05-01,2022,5,1,121,18.75,73.75,0.0
PUNE_G003,2022-05-02,2022,5,2,122,18.75,73.75,0.0
PUNE_G003,2022-05-03,2022,5,3,123,18.75,73.75,0.0
PUNE_G003,2022-05-04,2022,5,4,124,18.75,73.75,0.0
PUNE_G003,2022-05-05,2022,5,5,125,18.75,73.75,0.0
PUNE_G003,2022-05-06,2022,5,6,126,18.75,73.75,0.0
PUNE_G003,2022-05-07,2022,5,7,127,18.75,73.75,0.0
PUNE_G003,2022-05-08,2022,5,8,128,18.75,73.75,0.0
PUNE_G003,2022-05-09,2022,5,9,129,18.75,73.75,0.0
PUNE_G003,2022-05-10,2022,5,10,130,18.75,73.75,0.0
PUNE_G003,2022-05-11,2022,5,11,131,18.75,73.75,0.0
PUNE_G003,2022-05-12,2022,5,12,132,18.75,73.75,0.0
PUNE_G003,2022-05-13,2022,5,13,133,18.75,73.75,0.0
PUNE_G003,2022-05-14,2022,5,14,134,18.75,73.75,0.0
PUNE_G003,2022-05-15,2022,5,15,135,18.75,73.75,0.0
PUNE_G003,2022-05-16,2022,5,16,136,18.75,73.75,0.0
PUNE_G003,2022-05-17,2022,5,17,137,18.75,73.75,0.0
PUNE_G003,2022-05-18,2022,5,18,138,18.75,73.75,0.0
PUNE_G003,2022-05-19,2022,5,19,139,18.75,73.75,0.0
PUNE_G003,2022-05-20,2022,5,20,140,18.75,73.75,0.0
PUNE_G003,2022-05-21,2022,5,21,141,18.75,73.75,0.0
PUNE_G003,2022-05-22,2022,5,22,142,18.75,73.75,0.0
PUNE_G003,2022-05-23,2022,5,23,143,18.75,73.75,0.0
PUNE_G003,2022-05-24,2022,5,24,144,18.75,73.75,0.0
PUNE_G003,2022-05-25,2022,5,25,145,18.75,73.75,0.0
PUNE_G003,2022-05-26,2022,5,26,146,18.75,73.75,0.0
PUNE_G003,2022-05-27,2022,5,27,147,18.75,73.75,0.0
PUNE_G003,2022-05-28,2022,5,28,148,18.75,73.75,0.0
PUNE_G003,2022-05-29,2022,5,29,149,18.75,73.75,0.0
PUNE_G003,2022-05-30,2022,5,30,150,18.75,73.75,0.0
PUNE_G003,2022-05-31,2022,5,31,151,18.75,73.75,0.0
PUNE_G003,2022-06-01,2022,6,1,152,18.75,73.75,0.0
PUNE_G003,2022-06-02,2022,6,2,153,18.75,73.75,4.184196472167969
PUNE_G003,2022-06-03,2022,6,3,154,18.75,73.75,0.0
PUNE_G003,2022-06-04,2022,6,4,155,18.75,73.75,0.0
PUNE_G003,2022-06-05,2022,6,5,156,18.75,73.75,0.0
PUNE_G003,2022-06-06,2022,6,6,157,18.75,73.75,0.0
PUNE_G003,2022-06-07,2022,6,7,158,18.75,73.75,0.0
PUNE_G003,2022-06-08,2022,6,8,159,18.75,73.75,0.0
PUNE_G003,2022-06-09,2022,6,9,160,18.75,73.75,0.17258523404598236
PUNE_G003,2022-06-10,2022,6,10,161,18.75,73.75,6.276294708251953
PUNE_G003,2022-06-11,2022,6,11,162,18.75,73.75,13.917218208312988
PUNE_G003,2022-06-12,2022,6,12,163,18.75,73.75,0.7055633664131165
PUNE_G003,2022-06-13,2022,6,13,164,18.75,73.75,0.18354438245296478
PUNE_G003,2022-06-14,2022,6,14,165,18.75,73.75,0.0
PUNE_G003,2022-06-15,2022,6,15,166,18.75,73.75,0.0
PUNE_G003,2022-06-16,2022,6,16,167,18.75,73.75,0.0
PUNE_G003,2022-06-17,2022,6,17,168,18.75,73.75,0.0
PUNE_G003,2022-06-18,2022,6,18,169,18.75,73.75,0.0
PUNE_G003,2022-06-19,2022,6,19,170,18.75,73.75,0.0
PUNE_G003,2022-06-20,2022,6,20,171,18.75,73.75,0.4474243223667145
PUNE_G003,2022-06-21,2022,6,21,172,18.75,73.75,0.0
PUNE_G003,2022-06-22,2022,6,22,173,18.75,73.75,0.0
PUNE_G003,2022-06-23,2022,6,23,174,18.75,73.75,5.9246087074279785
PUNE_G003,2022-06-24,2022,6,24,175,18.75,73.75,0.0
PUNE_G003,2022-06-25,2022,6,25,176,18.75,73.75,1.503799557685852
PUNE_G003,2022-06-26,2022,6,26,177,18.75,73.75,3.8980894088745117
PUNE_G003,2022-06-27,2022,6,27,178,18.75,73.75,1.6268224716186523
PUNE_G003,2022-06-28,2022,6,28,179,18.75,73.75,0.8001644611358643
PUNE_G003,2022-06-29,2022,6,29,180,18.75,73.75,1.9270983934402466
PUNE_G003,2022-06-30,2022,6,30,181,18.75,73.75,0.0
PUNE_G003,2022-07-01,2022,7,1,182,18.75,73.75,3.821092367172241
PUNE_G003,2022-07-02,2022,7,2,183,18.75,73.75,2.0730276107788086
PUNE_G003,2022-07-03,2022,7,3,184,18.75,73.75,2.588665723800659
PUNE_G003,2022-07-04,2022,7,4,185,18.75,73.75,1.9884107112884521
PUNE_G003,2022-07-05,2022,7,5,186,18.75,73.75,4.0078125
PUNE_G003,2022-07-06,2022,7,6,187,18.75,73.75,24.586511611938477
PUNE_G003,2022-07-07,2022,7,7,188,18.75,73.75,16.260313034057617
PUNE_G003,2022-07-08,2022,7,8,189,18.75,73.75,17.390905380249023
PUNE_G003,2022-07-09,2022,7,9,190,18.75,73.75,14.533074378967285
PUNE_G003,2022-07-10,2022,7,10,191,18.75,73.75,45.420772552490234
PUNE_G003,2022-07-11,2022,7,11,192,18.75,73.75,23.758787155151367
PUNE_G003,2022-07-12,2022,7,12,193,18.75,73.75,45.71200180053711
PUNE_G003,2022-07-13,2022,7,13,194,18.75,73.75,27.323518753051758
PUNE_G003,2022-07-14,2022,7,14,195,18.75,73.75,43.13151931762695
PUNE_G003,2022-07-15,2022,7,15,196,18.75,73.75,43.85654830932617
PUNE_G003,2022-07-16,2022,7,16,197,18.75,73.75,10.695862770080566
PUNE_G003,2022-07-17,2022,7,17,198,18.75,73.75,6.470573902130127
PUNE_G003,2022-07-18,2022,7,18,199,18.75,73.75,0.6006295084953308
PUNE_G003,2022-07-19,2022,7,19,200,18.75,73.75,8.345061302185059
PUNE_G003,2022-07-20,2022,7,20,201,18.75,73.75,1.0953216552734375
PUNE_G003,2022-07-21,2022,7,21,202,18.75,73.75,3.462477684020996
PUNE_G003,2022-07-22,2022,7,22,203,18.75,73.75,0.9259384870529175
PUNE_G003,2022-07-23,2022,7,23,204,18.75,73.75,0.917968213558197
PUNE_G003,2022-07-24,2022,7,24,205,18.75,73.75,9.259151458740234
PUNE_G003,2022-07-25,2022,7,25,206,18.75,73.75,1.5449315309524536
PUNE_G003,2022-07-26,2022,7,26,207,18.75,73.75,1.1832398176193237
PUNE_G003,2022-07-27,2022,7,27,208,18.75,73.75,0.847557008266449
PUNE_G003,2022-07-28,2022,7,28,209,18.75,73.75,4.8156538009643555
PUNE_G003,2022-07-29,2022,7,29,210,18.75,73.75,0.6377414464950562
PUNE_G003,2022-07-30,2022,7,30,211,18.75,73.75,1.475801944732666
PUNE_G003,2022-07-31,2022,7,31,212,18.75,73.75,1.95704185962677
PUNE_G003,2022-08-01,2022,8,1,213,18.75,73.75,0.0
PUNE_G003,2022-08-02,2022,8,2,214,18.75,73.75,0.0
PUNE_G003,2022-08-03,2022,8,3,215,18.75,73.75,0.0
PUNE_G003,2022-08-04,2022,8,4,216,18.75,73.75,7.624083518981934
PUNE_G003,2022-08-05,2022,8,5,217,18.75,73.75,6.3598504066467285
PUNE_G003,2022-08-06,2022,8,6,218,18.75,73.75,3.4445226192474365
PUNE_G003,2022-08-07,2022,8,7,219,18.75,73.75,3.5231449604034424
PUNE_G003,2022-08-08,2022,8,8,220,18.75,73.75,10.202895164489746
PUNE_G003,2022-08-09,2022,8,9,221,18.75,73.75,13.701358795166016
PUNE_G003,2022-08-10,2022,8,10,222,18.75,73.75,21.172225952148438
PUNE_G003,2022-08-11,2022,8,11,223,18.75,73.75,15.591922760009766
PUNE_G003,2022-08-12,2022,8,12,224,18.75,73.75,7.298762798309326
PUNE_G003,2022-08-13,2022,8,13,225,18.75,73.75,3.8405964374542236
PUNE_G003,2022-08-14,2022,8,14,226,18.75,73.75,5.096828937530518
PUNE_G003,2022-08-15,2022,8,15,227,18.75,73.75,2.002511739730835
PUNE_G003,2022-08-16,2022,8,16,228,18.75,73.75,4.553605556488037
PUNE_G003,2022-08-17,2022,8,17,229,18.75,73.75,7.112669944763184
PUNE_G003,2022-08-18,2022,8,18,230,18.75,73.75,1.6499035358428955
PUNE_G003,2022-08-19,2022,8,19,231,18.75,73.75,0.3096247911453247
PUNE_G003,2022-08-20,2022,8,20,232,18.75,73.75,0.9288743734359741
PUNE_G003,2022-08-21,2022,8,21,233,18.75,73.75,0.6192495822906494
PUNE_G003,2022-08-22,2022,8,22,234,18.75,73.75,0.3311806917190552
PUNE_G003,2022-08-23,2022,8,23,235,18.75,73.75,0.2959109842777252
PUNE_G003,2022-08-24,2022,8,24,236,18.75,73.75,2.7639734745025635
PUNE_G003,2022-08-25,2022,8,25,237,18.75,73.75,2.1928701400756836
PUNE_G003,2022-08-26,2022,8,26,238,18.75,73.75,0.1616692841053009
PUNE_G003,2022-08-27,2022,8,27,239,18.75,73.75,0.0
PUNE_G003,2022-08-28,2022,8,28,240,18.75,73.75,0.0
PUNE_G003,2022-08-29,2022,8,29,241,18.75,73.75,0.0
PUNE_G003,2022-08-30,2022,8,30,242,18.75,73.75,0.0
PUNE_G003,2022-08-31,2022,8,31,243,18.75,73.75,0.0
PUNE_G003,2022-09-01,2022,9,1,244,18.75,73.75,18.804489135742188
PUNE_G003,2022-09-02,2022,9,2,245,18.75,73.75,0.0
PUNE_G003,2022-09-03,2022,9,3,246,18.75,73.75,0.0
PUNE_G003,2022-09-04,2022,9,4,247,18.75,73.75,0.0
PUNE_G003,2022-09-05,2022,9,5,248,18.75,73.75,1.9249591827392578
PUNE_G003,2022-09-06,2022,9,6,249,18.75,73.75,0.22457857429981232
PUNE_G003,2022-09-07,2022,9,7,250,18.75,73.75,3.328540563583374
PUNE_G003,2022-09-08,2022,9,8,251,18.75,73.75,54.229862213134766
PUNE_G003,2022-09-09,2022,9,9,252,18.75,73.75,12.85043716430664
PUNE_G003,2022-09-10,2022,9,10,253,18.75,73.75,6.559712886810303
PUNE_G003,2022-09-11,2022,9,11,254,18.75,73.75,2.5116376876831055
PUNE_G003,2022-09-12,2022,9,12,255,18.75,73.75,20.600337982177734
PUNE_G003,2022-09-13,2022,9,13,256,18.75,73.75,11.143580436706543
PUNE_G003,2022-09-14,2022,9,14,257,18.75,73.75,23.017976760864258
PUNE_G003,2022-09-15,2022,9,15,258,18.75,73.75,4.039126396179199
PUNE_G003,2022-09-16,2022,9,16,259,18.75,73.75,12.938498497009277
PUNE_G003,2022-09-17,2022,9,17,260,18.75,73.75,26.79950714111328
PUNE_G003,2022-09-18,2022,9,18,261,18.75,73.75,2.4945244789123535
PUNE_G003,2022-09-19,2022,9,19,262,18.75,73.75,2.034717559814453
PUNE_G003,2022-09-20,2022,9,20,263,18.75,73.75,9.85993480682373
PUNE_G003,2022-09-21,2022,9,21,264,18.75,73.75,3.0177929401397705
PUNE_G003,2022-09-22,2022,9,22,265,18.75,73.75,0.0
PUNE_G003,2022-09-23,2022,9,23,266,18.75,73.75,0.0
PUNE_G003,2022-09-24,2022,9,24,267,18.75,73.75,0.0
PUNE_G003,2022-09-25,2022,9,25,268,18.75,73.75,0.0
PUNE_G003,2022-09-26,2022,9,26,269,18.75,73.75,1.058727502822876
PUNE_G003,2022-09-27,2022,9,27,270,18.75,73.75,2.9714596271514893
PUNE_G003,2022-09-28,2022,9,28,271,18.75,73.75,0.0
PUNE_G003,2022-09-29,2022,9,29,272,18.75,73.75,4.047049045562744
PUNE_G003,2022-09-30,2022,9,30,273,18.75,73.75,1.6734298467636108
PUNE_G003,2022-10-01,2022,10,1,274,18.75,73.75,3.300063133239746
PUNE_G003,2022-10-02,2022,10,2,275,18.75,73.75,0.0
PUNE_G003,2022-10-03,2022,10,3,276,18.75,73.75,0.0
PUNE_G003,2022-10-04,2022,10,4,277,18.75,73.75,0.0
PUNE_G003,2022-10-05,2022,10,5,278,18.75,73.75,0.0
PUNE_G003,2022-10-06,2022,10,6,279,18.75,73.75,0.0
PUNE_G003,2022-10-07,2022,10,7,280,18.75,73.75,3.8874387741088867
PUNE_G003,2022-10-08,2022,10,8,281,18.75,73.75,1.5514990091323853
PUNE_G003,2022-10-09,2022,10,9,282,18.75,73.75,0.0
PUNE_G003,2022-10-10,2022,10,10,283,18.75,73.75,0.0
PUNE_G003,2022-10-11,2022,10,11,284,18.75,73.75,4.166704177856445
PUNE_G003,2022-10-12,2022,10,12,285,18.75,73.75,22.351516723632812
PUNE_G003,2022-10-13,2022,10,13,286,18.75,73.75,3.8304200172424316
PUNE_G003,2022-10-14,2022,10,14,287,18.75,73.75,6.229392051696777
PUNE_G003,2022-10-15,2022,10,15,288,18.75,73.75,10.28317928314209
PUNE_G003,2022-10-16,2022,10,16,289,18.75,73.75,0.0
PUNE_G003,2022-10-17,2022,10,17,290,18.75,73.75,7.322140216827393
PUNE_G003,2022-10-18,2022,10,18,291,18.75,73.75,15.05909252166748
PUNE_G003,2022-10-19,2022,10,19,292,18.75,73.75,0.23585893213748932
PUNE_G003,2022-10-20,2022,10,20,293,18.75,73.75,2.1837222576141357
PUNE_G003,2022-10-21,2022,10,21,294,18.75,73.75,6.4264445304870605
PUNE_G003,2022-10-22,2022,10,22,295,18.75,73.75,1.1549755334854126
PUNE_G003,2022-10-23,2022,10,23,296,18.75,73.75,0.0
PUNE_G003,2022-10-24,2022,10,24,297,18.75,73.75,0.0
PUNE_G003,2022-10-25,2022,10,25,298,18.75,73.75,0.0
PUNE_G003,2022-10-26,2022,10,26,299,18.75,73.75,0.0
PUNE_G003,2022-10-27,2022,10,27,300,18.75,73.75,0.0
PUNE_G003,2022-10-28,2022,10,28,301,18.75,73.75,0.0
PUNE_G003,2022-10-29,2022,10,29,302,18.75,73.75,0.0
PUNE_G003,2022-10-30,2022,10,30,303,18.75,73.75,0.0
PUNE_G003,2022-10-31,2022,10,31,304,18.75,73.75,0.0
PUNE_G003,2022-11-01,2022,11,1,305,18.75,73.75,0.0
PUNE_G003,2022-11-02,2022,11,2,306,18.75,73.75,0.0
PUNE_G003,2022-11-03,2022,11,3,307,18.75,73.75,0.0
PUNE_G003,2022-11-04,2022,11,4,308,18.75,73.75,0.0
PUNE_G003,2022-11-05,2022,11,5,309,18.75,73.75,0.0
PUNE_G003,2022-11-06,2022,11,6,310,18.75,73.75,0.0
PUNE_G003,2022-11-07,2022,11,7,311,18.75,73.75,0.0
PUNE_G003,2022-11-08,2022,11,8,312,18.75,73.75,0.0
PUNE_G003,2022-11-09,2022,11,9,313,18.75,73.75,0.0
PUNE_G003,2022-11-10,2022,11,10,314,18.75,73.75,0.0
PUNE_G003,2022-11-11,2022,11,11,315,18.75,73.75,0.0
PUNE_G003,2022-11-12,2022,11,12,316,18.75,73.75,0.0
PUNE_G003,2022-11-13,2022,11,13,317,18.75,73.75,0.0
PUNE_G003,2022-11-14,2022,11,14,318,18.75,73.75,0.0
PUNE_G003,2022-11-15,2022,11,15,319,18.75,73.75,0.0
PUNE_G003,2022-11-16,2022,11,16,320,18.75,73.75,0.0
PUNE_G003,2022-11-17,2022,11,17,321,18.75,73.75,0.0
PUNE_G003,2022-11-18,2022,11,18,322,18.75,73.75,0.0
PUNE_G003,2022-11-19,2022,11,19,323,18.75,73.75,0.0
PUNE_G003,2022-11-20,2022,11,20,324,18.75,73.75,0.0
PUNE_G003,2022-11-21,2022,11,21,325,18.75,73.75,0.0
PUNE_G003,2022-11-22,2022,11,22,326,18.75,73.75,0.0
PUNE_G003,2022-11-23,2022,11,23,327,18.75,73.75,0.0
PUNE_G003,2022-11-24,2022,11,24,328,18.75,73.75,0.0
PUNE_G003,2022-11-25,2022,11,25,329,18.75,73.75,0.0
PUNE_G003,2022-11-26,2022,11,26,330,18.75,73.75,0.0
PUNE_G003,2022-11-27,2022,11,27,331,18.75,73.75,0.0
PUNE_G003,2022-11-28,2022,11,28,332,18.75,73.75,0.0
PUNE_G003,2022-11-29,2022,11,29,333,18.75,73.75,0.0
PUNE_G003,2022-11-30,2022,11,30,334,18.75,73.75,0.0
PUNE_G003,2022-12-01,2022,12,1,335,18.75,73.75,0.0
PUNE_G003,2022-12-02,2022,12,2,336,18.75,73.75,0.0
PUNE_G003,2022-12-03,2022,12,3,337,18.75,73.75,0.0
PUNE_G003,2022-12-04,2022,12,4,338,18.75,73.75,0.0
PUNE_G003,2022-12-05,2022,12,5,339,18.75,73.75,0.0
PUNE_G003,2022-12-06,2022,12,6,340,18.75,73.75,0.0
PUNE_G003,2022-12-07,2022,12,7,341,18.75,73.75,0.0
PUNE_G003,2022-12-08,2022,12,8,342,18.75,73.75,0.0
PUNE_G003,2022-12-09,2022,12,9,343,18.75,73.75,0.0
PUNE_G003,2022-12-10,2022,12,10,344,18.75,73.75,0.0
PUNE_G003,2022-12-11,2022,12,11,345,18.75,73.75,0.0
PUNE_G003,2022-12-12,2022,12,12,346,18.75,73.75,0.0
PUNE_G003,2022-12-13,2022,12,13,347,18.75,73.75,0.0
PUNE_G003,2022-12-14,2022,12,14,348,18.75,73.75,0.0
PUNE_G003,2022-12-15,2022,12,15,349,18.75,73.75,0.0
PUNE_G003,2022-12-16,2022,12,16,350,18.75,73.75,0.0
PUNE_G003,2022-12-17,2022,12,17,351,18.75,73.75,0.0
PUNE_G003,2022-12-18,2022,12,18,352,18.75,73.75,0.0
PUNE_G003,2022-12-19,2022,12,19,353,18.75,73.75,0.0
PUNE_G003,2022-12-20,2022,12,20,354,18.75,73.75,0.0
PUNE_G003,2022-12-21,2022,12,21,355,18.75,73.75,0.0
PUNE_G003,2022-12-22,2022,12,22,356,18.75,73.75,0.0
PUNE_G003,2022-12-23,2022,12,23,357,18.75,73.75,0.0
PUNE_G003,2022-12-24,2022,12,24,358,18.75,73.75,0.0
PUNE_G003,2022-12-25,2022,12,25,359,18.75,73.75,0.0
PUNE_G003,2022-12-26,2022,12,26,360,18.75,73.75,0.0
PUNE_G003,2022-12-27,2022,12,27,361,18.75,73.75,0.0
PUNE_G003,2022-12-28,2022,12,28,362,18.75,73.75,0.0
PUNE_G003,2022-12-29,2022,12,29,363,18.75,73.75,0.0
PUNE_G003,2022-12-30,2022,12,30,364,18.75,73.75,0.0
PUNE_G003,2022-12-31,2022,12,31,365,18.75,73.75,0.0
PUNE_G003,2023-01-01,2023,1,1,1,18.75,73.75,0.0
PUNE_G003,2023-01-02,2023,1,2,2,18.75,73.75,0.0
PUNE_G003,2023-01-03,2023,1,3,3,18.75,73.75,0.0
PUNE_G003,2023-01-04,2023,1,4,4,18.75,73.75,0.0
PUNE_G003,2023-01-05,2023,1,5,5,18.75,73.75,0.0
PUNE_G003,2023-01-06,2023,1,6,6,18.75,73.75,0.0
PUNE_G003,2023-01-07,2023,1,7,7,18.75,73.75,0.0
PUNE_G003,2023-01-08,2023,1,8,8,18.75,73.75,0.0
PUNE_G003,2023-01-09,2023,1,9,9,18.75,73.75,0.0
PUNE_G003,2023-01-10,2023,1,10,10,18.75,73.75,0.0
PUNE_G003,2023-01-11,2023,1,11,11,18.75,73.75,0.0
PUNE_G003,2023-01-12,2023,1,12,12,18.75,73.75,0.0
PUNE_G003,2023-01-13,2023,1,13,13,18.75,73.75,0.0
PUNE_G003,2023-01-14,2023,1,14,14,18.75,73.75,0.0
PUNE_G003,2023-01-15,2023,1,15,15,18.75,73.75,0.0
PUNE_G003,2023-01-16,2023,1,16,16,18.75,73.75,0.0
PUNE_G003,2023-01-17,2023,1,17,17,18.75,73.75,0.0
PUNE_G003,2023-01-18,2023,1,18,18,18.75,73.75,0.0
PUNE_G003,2023-01-19,2023,1,19,19,18.75,73.75,0.0
PUNE_G003,2023-01-20,2023,1,20,20,18.75,73.75,0.0
PUNE_G003,2023-01-21,2023,1,21,21,18.75,73.75,0.0
PUNE_G003,2023-01-22,2023,1,22,22,18.75,73.75,0.0
PUNE_G003,2023-01-23,2023,1,23,23,18.75,73.75,0.0
PUNE_G003,2023-01-24,2023,1,24,24,18.75,73.75,0.0
PUNE_G003,2023-01-25,2023,1,25,25,18.75,73.75,0.0
PUNE_G003,2023-01-26,2023,1,26,26,18.75,73.75,0.0
PUNE_G003,2023-01-27,2023,1,27,27,18.75,73.75,0.0
PUNE_G003,2023-01-28,2023,1,28,28,18.75,73.75,0.0
PUNE_G003,2023-01-29,2023,1,29,29,18.75,73.75,0.0
PUNE_G003,2023-01-30,2023,1,30,30,18.75,73.75,0.0
PUNE_G003,2023-01-31,2023,1,31,31,18.75,73.75,0.0
PUNE_G003,2023-02-01,2023,2,1,32,18.75,73.75,0.0
PUNE_G003,2023-02-02,2023,2,2,33,18.75,73.75,0.0
PUNE_G003,2023-02-03,2023,2,3,34,18.75,73.75,0.0
PUNE_G003,2023-02-04,2023,2,4,35,18.75,73.75,0.0
PUNE_G003,2023-02-05,2023,2,5,36,18.75,73.75,0.0
PUNE_G003,2023-02-06,2023,2,6,37,18.75,73.75,0.0
PUNE_G003,2023-02-07,2023,2,7,38,18.75,73.75,0.0
PUNE_G003,2023-02-08,2023,2,8,39,18.75,73.75,0.0
PUNE_G003,2023-02-09,2023,2,9,40,18.75,73.75,0.0
PUNE_G003,2023-02-10,2023,2,10,41,18.75,73.75,0.0
PUNE_G003,2023-02-11,2023,2,11,42,18.75,73.75,0.0
PUNE_G003,2023-02-12,2023,2,12,43,18.75,73.75,0.0
PUNE_G003,2023-02-13,2023,2,13,44,18.75,73.75,0.0
PUNE_G003,2023-02-14,2023,2,14,45,18.75,73.75,0.0
PUNE_G003,2023-02-15,2023,2,15,46,18.75,73.75,0.0
PUNE_G003,2023-02-16,2023,2,16,47,18.75,73.75,0.0
PUNE_G003,2023-02-17,2023,2,17,48,18.75,73.75,0.0
PUNE_G003,2023-02-18,2023,2,18,49,18.75,73.75,0.0
PUNE_G003,2023-02-19,2023,2,19,50,18.75,73.75,0.0
PUNE_G003,2023-02-20,2023,2,20,51,18.75,73.75,0.0
PUNE_G003,2023-02-21,2023,2,21,52,18.75,73.75,0.0
PUNE_G003,2023-02-22,2023,2,22,53,18.75,73.75,0.0
PUNE_G003,2023-02-23,2023,2,23,54,18.75,73.75,0.0
PUNE_G003,2023-02-24,2023,2,24,55,18.75,73.75,0.0
PUNE_G003,2023-02-25,2023,2,25,56,18.75,73.75,0.0
PUNE_G003,2023-02-26,2023,2,26,57,18.75,73.75,0.0
PUNE_G003,2023-02-27,2023,2,27,58,18.75,73.75,0.0
PUNE_G003,2023-02-28,2023,2,28,59,18.75,73.75,0.0
PUNE_G003,2023-03-01,2023,3,1,60,18.75,73.75,0.0
PUNE_G003,2023-03-02,2023,3,2,61,18.75,73.75,0.0
PUNE_G003,2023-03-03,2023,3,3,62,18.75,73.75,0.0
PUNE_G003,2023-03-04,2023,3,4,63,18.75,73.75,0.0
PUNE_G003,2023-03-05,2023,3,5,64,18.75,73.75,0.0
PUNE_G003,2023-03-06,2023,3,6,65,18.75,73.75,0.0
PUNE_G003,2023-03-07,2023,3,7,66,18.75,73.75,6.725875377655029
PUNE_G003,2023-03-08,2023,3,8,67,18.75,73.75,0.018814096227288246
PUNE_G003,2023-03-09,2023,3,9,68,18.75,73.75,0.0
PUNE_G003,2023-03-10,2023,3,10,69,18.75,73.75,0.0
PUNE_G003,2023-03-11,2023,3,11,70,18.75,73.75,0.0
PUNE_G003,2023-03-12,2023,3,12,71,18.75,73.75,0.0
PUNE_G003,2023-03-13,2023,3,13,72,18.75,73.75,0.0
PUNE_G003,2023-03-14,2023,3,14,73,18.75,73.75,0.0
PUNE_G003,2023-03-15,2023,3,15,74,18.75,73.75,0.0
PUNE_G003,2023-03-16,2023,3,16,75,18.75,73.75,0.24458321928977966
PUNE_G003,2023-03-17,2023,3,17,76,18.75,73.75,1.822188377380371
PUNE_G003,2023-03-18,2023,3,18,77,18.75,73.75,0.0
PUNE_G003,2023-03-19,2023,3,19,78,18.75,73.75,0.0
PUNE_G003,2023-03-20,2023,3,20,79,18.75,73.75,0.0
PUNE_G003,2023-03-21,2023,3,21,80,18.75,73.75,0.0
PUNE_G003,2023-03-22,2023,3,22,81,18.75,73.75,0.07525638490915298
PUNE_G003,2023-03-23,2023,3,23,82,18.75,73.75,0.0
PUNE_G003,2023-03-24,2023,3,24,83,18.75,73.75,0.0
PUNE_G003,2023-03-25,2023,3,25,84,18.75,73.75,0.0
PUNE_G003,2023-03-26,2023,3,26,85,18.75,73.75,0.0
PUNE_G003,2023-03-27,2023,3,27,86,18.75,73.75,0.0
PUNE_G003,2023-03-28,2023,3,28,87,18.75,73.75,0.0
PUNE_G003,2023-03-29,2023,3,29,88,18.75,73.75,0.0
PUNE_G003,2023-03-30,2023,3,30,89,18.75,73.75,0.0
PUNE_G003,2023-03-31,2023,3,31,90,18.75,73.75,0.0
PUNE_G003,2023-04-01,2023,4,1,91,18.75,73.75,0.0
PUNE_G003,2023-04-02,2023,4,2,92,18.75,73.75,0.0
PUNE_G003,2023-04-03,2023,4,3,93,18.75,73.75,0.0
PUNE_G003,2023-04-04,2023,4,4,94,18.75,73.75,0.0
PUNE_G003,2023-04-05,2023,4,5,95,18.75,73.75,0.0
PUNE_G003,2023-04-06,2023,4,6,96,18.75,73.75,0.0
PUNE_G003,2023-04-07,2023,4,7,97,18.75,73.75,0.0
PUNE_G003,2023-04-08,2023,4,8,98,18.75,73.75,0.09407047927379608
PUNE_G003,2023-04-09,2023,4,9,99,18.75,73.75,0.0
PUNE_G003,2023-04-10,2023,4,10,100,18.75,73.75,2.6680314540863037
PUNE_G003,2023-04-11,2023,4,11,101,18.75,73.75,0.0
PUNE_G003,2023-04-12,2023,4,12,102,18.75,73.75,0.0
PUNE_G003,2023-04-13,2023,4,13,103,18.75,73.75,0.0
PUNE_G003,2023-04-14,2023,4,14,104,18.75,73.75,4.628267288208008
PUNE_G003,2023-04-15,2023,4,15,105,18.75,73.75,0.0
PUNE_G003,2023-04-16,2023,4,16,106,18.75,73.75,1.0261039733886719
PUNE_G003,2023-04-17,2023,4,17,107,18.75,73.75,0.8515729904174805
PUNE_G003,2023-04-18,2023,4,18,108,18.75,73.75,0.0
PUNE_G003,2023-04-19,2023,4,19,109,18.75,73.75,0.0
PUNE_G003,2023-04-20,2023,4,20,110,18.75,73.75,0.0
PUNE_G003,2023-04-21,2023,4,21,111,18.75,73.75,0.22576916217803955
PUNE_G003,2023-04-22,2023,4,22,112,18.75,73.75,0.0
PUNE_G003,2023-04-23,2023,4,23,113,18.75,73.75,0.0
PUNE_G003,2023-04-24,2023,4,24,114,18.75,73.75,0.0
PUNE_G003,2023-04-25,2023,4,25,115,18.75,73.75,0.0
PUNE_G003,2023-04-26,2023,4,26,116,18.75,73.75,0.0
PUNE_G003,2023-04-27,2023,4,27,117,18.75,73.75,0.0
PUNE_G003,2023-04-28,2023,4,28,118,18.75,73.75,0.0
PUNE_G003,2023-04-29,2023,4,29,119,18.75,73.75,0.0
PUNE_G003,2023-04-30,2023,4,30,120,18.75,73.75,0.0
PUNE_G003,2023-05-01,2023,5,1,121,18.75,73.75,0.0
PUNE_G003,2023-05-02,2023,5,2,122,18.75,73.75,0.0
PUNE_G003,2023-05-03,2023,5,3,123,18.75,73.75,0.0
PUNE_G003,2023-05-04,2023,5,4,124,18.75,73.75,0.8466342687606812
PUNE_G003,2023-05-05,2023,5,5,125,18.75,73.75,0.0
PUNE_G003,2023-05-06,2023,5,6,126,18.75,73.75,0.0
PUNE_G003,2023-05-07,2023,5,7,127,18.75,73.75,0.11288458108901978
PUNE_G003,2023-05-08,2023,5,8,128,18.75,73.75,0.018814096227288246
PUNE_G003,2023-05-09,2023,5,9,129,18.75,73.75,1.7308968305587769
PUNE_G003,2023-05-10,2023,5,10,130,18.75,73.75,0.0
PUNE_G003,2023-05-11,2023,5,11,131,18.75,73.75,0.0
PUNE_G003,2023-05-12,2023,5,12,132,18.75,73.75,0.0
PUNE_G003,2023-05-13,2023,5,13,133,18.75,73.75,0.0
PUNE_G003,2023-05-14,2023,5,14,134,18.75,73.75,0.0
PUNE_G003,2023-05-15,2023,5,15,135,18.75,73.75,0.0
PUNE_G003,2023-05-16,2023,5,16,136,18.75,73.75,0.0
PUNE_G003,2023-05-17,2023,5,17,137,18.75,73.75,0.0
PUNE_G003,2023-05-18,2023,5,18,138,18.75,73.75,0.0
PUNE_G003,2023-05-19,2023,5,19,139,18.75,73.75,0.0
PUNE_G003,2023-05-20,2023,5,20,140,18.75,73.75,0.0
PUNE_G003,2023-05-21,2023,5,21,141,18.75,73.75,0.0
PUNE_G003,2023-05-22,2023,5,22,142,18.75,73.75,0.0
PUNE_G003,2023-05-23,2023,5,23,143,18.75,73.75,0.0
PUNE_G003,2023-05-24,2023,5,24,144,18.75,73.75,0.0
PUNE_G003,2023-05-25,2023,5,25,145,18.75,73.75,0.0
PUNE_G003,2023-05-26,2023,5,26,146,18.75,73.75,0.0
PUNE_G003,2023-05-27,2023,5,27,147,18.75,73.75,0.0
PUNE_G003,2023-05-28,2023,5,28,148,18.75,73.75,0.0
PUNE_G003,2023-05-29,2023,5,29,149,18.75,73.75,0.0
PUNE_G003,2023-05-30,2023,5,30,150,18.75,73.75,0.9407047033309937
PUNE_G003,2023-05-31,2023,5,31,151,18.75,73.75,0.9742546081542969
PUNE_G003,2023-06-01,2023,6,1,152,18.75,73.75,0.0
PUNE_G003,2023-06-02,2023,6,2,153,18.75,73.75,1.3358007669448853
PUNE_G003,2023-06-03,2023,6,3,154,18.75,73.75,0.0
PUNE_G003,2023-06-04,2023,6,4,155,18.75,73.75,0.0
PUNE_G003,2023-06-05,2023,6,5,156,18.75,73.75,2.502274513244629
PUNE_G003,2023-06-06,2023,6,6,157,18.75,73.75,0.0
PUNE_G003,2023-06-07,2023,6,7,158,18.75,73.75,0.0
PUNE_G003,2023-06-08,2023,6,8,159,18.75,73.75,0.0
PUNE_G003,2023-06-09,2023,6,9,160,18.75,73.75,0.0
PUNE_G003,2023-06-10,2023,6,10,161,18.75,73.75,0.0
PUNE_G003,2023-06-11,2023,6,11,162,18.75,73.75,0.0
PUNE_G003,2023-06-12,2023,6,12,163,18.75,73.75,0.0
PUNE_G003,2023-06-13,2023,6,13,164,18.75,73.75,0.0
PUNE_G003,2023-06-14,2023,6,14,165,18.75,73.75,0.0
PUNE_G003,2023-06-15,2023,6,15,166,18.75,73.75,0.1719272881746292
PUNE_G003,2023-06-16,2023,6,16,167,18.75,73.75,0.0
PUNE_G003,2023-06-17,2023,6,17,168,18.75,73.75,0.1522463709115982
PUNE_G003,2023-06-18,2023,6,18,169,18.75,73.75,0.1580551415681839
PUNE_G003,2023-06-19,2023,6,19,170,18.75,73.75,0.0
PUNE_G003,2023-06-20,2023,6,20,171,18.75,73.75,0.0
PUNE_G003,2023-06-21,2023,6,21,172,18.75,73.75,0.0
PUNE_G003,2023-06-22,2023,6,22,173,18.75,73.75,0.0
PUNE_G003,2023-06-23,2023,6,23,174,18.75,73.75,0.0
PUNE_G003,2023-06-24,2023,6,24,175,18.75,73.75,0.0
PUNE_G003,2023-06-25,2023,6,25,176,18.75,73.75,6.730896949768066
PUNE_G003,2023-06-26,2023,6,26,177,18.75,73.75,9.74624252319336
PUNE_G003,2023-06-27,2023,6,27,178,18.75,73.75,10.63858413696289
PUNE_G003,2023-06-28,2023,6,28,179,18.75,73.75,5.342390060424805
PUNE_G003,2023-06-29,2023,6,29,180,18.75,73.75,5.628788471221924
PUNE_G003,2023-06-30,2023,6,30,181,18.75,73.75,8.496623992919922
PUNE_G003,2023-07-01,2023,7,1,182,18.75,73.75,22.090003967285156
PUNE_G003,2023-07-02,2023,7,2,183,18.75,73.75,3.937281608581543
PUNE_G003,2023-07-03,2023,7,3,184,18.75,73.75,3.316822052001953
PUNE_G003,2023-07-04,2023,7,4,185,18.75,73.75,0.5020136833190918
PUNE_G003,2023-07-05,2023,7,5,186,18.75,73.75,0.30707618594169617
PUNE_G003,2023-07-06,2023,7,6,187,18.75,73.75,1.5914043188095093
PUNE_G003,2023-07-07,2023,7,7,188,18.75,73.75,2.4861459732055664
PUNE_G003,2023-07-08,2023,7,8,189,18.75,73.75,4.785342216491699
PUNE_G003,2023-07-09,2023,7,9,190,18.75,73.75,1.4853893518447876
PUNE_G003,2023-07-10,2023,7,10,191,18.75,73.75,0.1513795703649521
PUNE_G003,2023-07-11,2023,7,11,192,18.75,73.75,0.714431643486023
PUNE_G003,2023-07-12,2023,7,12,193,18.75,73.75,1.2285466194152832
PUNE_G003,2023-07-13,2023,7,13,194,18.75,73.75,0.057309094816446304
PUNE_G003,2023-07-14,2023,7,14,195,18.75,73.75,0.4780157208442688
PUNE_G003,2023-07-15,2023,7,15,196,18.75,73.75,2.786715269088745
PUNE_G003,2023-07-16,2023,7,16,197,18.75,73.75,2.257596731185913
PUNE_G003,2023-07-17,2023,7,17,198,18.75,73.75,3.1122119426727295
PUNE_G003,2023-07-18,2023,7,18,199,18.75,73.75,9.66112995147705
PUNE_G003,2023-07-19,2023,7,19,200,18.75,73.75,7.638558864593506
PUNE_G003,2023-07-20,2023,7,20,201,18.75,73.75,14.83654499053955
PUNE_G003,2023-07-21,2023,7,21,202,18.75,73.75,4.615846157073975
PUNE_G003,2023-07-22,2023,7,22,203,18.75,73.75,10.23488712310791
PUNE_G003,2023-07-23,2023,7,23,204,18.75,73.75,6.227266311645508
PUNE_G003,2023-07-24,2023,7,24,205,18.75,73.75,11.347281455993652
PUNE_G003,2023-07-25,2023,7,25,206,18.75,73.75,9.203880310058594
PUNE_G003,2023-07-26,2023,7,26,207,18.75,73.75,12.161052703857422
PUNE_G003,2023-07-27,2023,7,27,208,18.75,73.75,5.374677658081055
PUNE_G003,2023-07-28,2023,7,28,209,18.75,73.75,19.200355529785156
PUNE_G003,2023-07-29,2023,7,29,210,18.75,73.75,4.307473659515381
PUNE_G003,2023-07-30,2023,7,30,211,18.75,73.75,4.67810583114624
PUNE_G003,2023-07-31,2023,7,31,212,18.75,73.75,1.6323310136795044
PUNE_G003,2023-08-01,2023,8,1,213,18.75,73.75,2.182377576828003
PUNE_G003,2023-08-02,2023,8,2,214,18.75,73.75,1.2821636199951172
PUNE_G003,2023-08-03,2023,8,3,215,18.75,73.75,0.9048939347267151
PUNE_G003,2023-08-04,2023,8,4,216,18.75,73.75,2.3513214588165283
PUNE_G003,2023-08-05,2023,8,5,217,18.75,73.75,3.8329668045043945
PUNE_G003,2023-08-06,2023,8,6,218,18.75,73.75,1.7031121253967285
PUNE_G003,2023-08-07,2023,8,7,219,18.75,73.75,0.7229617834091187
PUNE_G003,2023-08-08,2023,8,8,220,18.75,73.75,0.18751603364944458
PUNE_G003,2023-08-09,2023,8,9,221,18.75,73.75,2.4452362060546875
PUNE_G003,2023-08-10,2023,8,10,222,18.75,73.75,0.19729602336883545
PUNE_G003,2023-08-11,2023,8,11,223,18.75,73.75,1.5123252868652344
PUNE_G003,2023-08-12,2023,8,12,224,18.75,73.75,0.3111683428287506
PUNE_G003,2023-08-13,2023,8,13,225,18.75,73.75,1.251956820487976
PUNE_G003,2023-08-14,2023,8,14,226,18.75,73.75,0.5077184438705444
PUNE_G003,2023-08-15,2023,8,15,227,18.75,73.75,0.5117936134338379
PUNE_G003,2023-08-16,2023,8,16,228,18.75,73.75,0.3479297161102295
PUNE_G003,2023-08-17,2023,8,17,229,18.75,73.75,0.018814096227288246
PUNE_G003,2023-08-18,2023,8,18,230,18.75,73.75,0.2626514732837677
PUNE_G003,2023-08-19,2023,8,19,231,18.75,73.75,0.34619608521461487
PUNE_G003,2023-08-20,2023,8,20,232,18.75,73.75,3.610136032104492
PUNE_G003,2023-08-21,2023,8,21,233,18.75,73.75,4.510068416595459
PUNE_G003,2023-08-22,2023,8,22,234,18.75,73.75,0.02784821204841137
PUNE_G003,2023-08-23,2023,8,23,235,18.75,73.75,2.1109821796417236
PUNE_G003,2023-08-24,2023,8,24,236,18.75,73.75,0.5291160345077515
PUNE_G003,2023-08-25,2023,8,25,237,18.75,73.75,1.6886628866195679
PUNE_G003,2023-08-26,2023,8,26,238,18.75,73.75,2.504876136779785
PUNE_G003,2023-08-27,2023,8,27,239,18.75,73.75,8.716249465942383
PUNE_G003,2023-08-28,2023,8,28,240,18.75,73.75,2.125562906265259
PUNE_G003,2023-08-29,2023,8,29,241,18.75,73.75,0.22427742183208466
PUNE_G003,2023-08-30,2023,8,30,242,18.75,73.75,0.0
PUNE_G003,2023-08-31,2023,8,31,243,18.75,73.75,0.0
PUNE_G003,2023-09-01,2023,9,1,244,18.75,73.75,0.0
PUNE_G003,2023-09-02,2023,9,2,245,18.75,73.75,4.383768081665039
PUNE_G003,2023-09-03,2023,9,3,246,18.75,73.75,4.886443614959717
PUNE_G003,2023-09-04,2023,9,4,247,18.75,73.75,0.0
PUNE_G003,2023-09-05,2023,9,5,248,18.75,73.75,0.0
PUNE_G003,2023-09-06,2023,9,6,249,18.75,73.75,0.0
PUNE_G003,2023-09-07,2023,9,7,250,18.75,73.75,0.0
PUNE_G003,2023-09-08,2023,9,8,251,18.75,73.75,21.358068466186523
PUNE_G003,2023-09-09,2023,9,9,252,18.75,73.75,35.83378601074219
PUNE_G003,2023-09-10,2023,9,10,253,18.75,73.75,1.2446733713150024
PUNE_G003,2023-09-11,2023,9,11,254,18.75,73.75,0.0
PUNE_G003,2023-09-12,2023,9,12,255,18.75,73.75,0.0
PUNE_G003,2023-09-13,2023,9,13,256,18.75,73.75,0.0
PUNE_G003,2023-09-14,2023,9,14,257,18.75,73.75,0.0
PUNE_G003,2023-09-15,2023,9,15,258,18.75,73.75,0.0
PUNE_G003,2023-09-16,2023,9,16,259,18.75,73.75,0.0
PUNE_G003,2023-09-17,2023,9,17,260,18.75,73.75,1.6806164979934692
PUNE_G003,2023-09-18,2023,9,18,261,18.75,73.75,1.8311293125152588
PUNE_G003,2023-09-19,2023,9,19,262,18.75,73.75,2.6082956790924072
PUNE_G003,2023-09-20,2023,9,20,263,18.75,73.75,0.7288914918899536
PUNE_G003,2023-09-21,2023,9,21,264,18.75,73.75,2.869924783706665
PUNE_G003,2023-09-22,2023,9,22,265,18.75,73.75,2.3669750690460205
PUNE_G003,2023-09-23,2023,9,23,266,18.75,73.75,5.0391950607299805
PUNE_G003,2023-09-24,2023,9,24,267,18.75,73.75,17.487499237060547
PUNE_G003,2023-09-25,2023,9,25,268,18.75,73.75,1.7369643449783325
PUNE_G003,2023-09-26,2023,9,26,269,18.75,73.75,2.49141788482666
PUNE_G003,2023-09-27,2023,9,27,270,18.75,73.75,25.092790603637695
PUNE_G003,2023-09-28,2023,9,28,271,18.75,73.75,22.496768951416016
PUNE_G003,2023-09-29,2023,9,29,272,18.75,73.75,15.465078353881836
PUNE_G003,2023-09-30,2023,9,30,273,18.75,73.75,22.287500381469727
PUNE_G003,2023-10-01,2023,10,1,274,18.75,73.75,11.899479866027832
PUNE_G003,2023-10-02,2023,10,2,275,18.75,73.75,5.8943681716918945
PUNE_G003,2023-10-03,2023,10,3,276,18.75,73.75,0.0
PUNE_G003,2023-10-04,2023,10,4,277,18.75,73.75,0.0
PUNE_G003,2023-10-05,2023,10,5,278,18.75,73.75,0.0
PUNE_G003,2023-10-06,2023,10,6,279,18.75,73.75,0.0
PUNE_G003,2023-10-07,2023,10,7,280,18.75,73.75,0.0
PUNE_G003,2023-10-08,2023,10,8,281,18.75,73.75,0.0
PUNE_G003,2023-10-09,2023,10,9,282,18.75,73.75,0.0
PUNE_G003,2023-10-10,2023,10,10,283,18.75,73.75,0.0
PUNE_G003,2023-10-11,2023,10,11,284,18.75,73.75,0.0
PUNE_G003,2023-10-12,2023,10,12,285,18.75,73.75,0.0
PUNE_G003,2023-10-13,2023,10,13,286,18.75,73.75,0.0
PUNE_G003,2023-10-14,2023,10,14,287,18.75,73.75,0.0
PUNE_G003,2023-10-15,2023,10,15,288,18.75,73.75,0.0
PUNE_G003,2023-10-16,2023,10,16,289,18.75,73.75,0.0
PUNE_G003,2023-10-17,2023,10,17,290,18.75,73.75,0.0
PUNE_G003,2023-10-18,2023,10,18,291,18.75,73.75,0.0
PUNE_G003,2023-10-19,2023,10,19,292,18.75,73.75,0.18814095854759216
PUNE_G003,2023-10-20,2023,10,20,293,18.75,73.75,0.16932684183120728
PUNE_G003,2023-10-21,2023,10,21,294,18.75,73.75,0.0
PUNE_G003,2023-10-22,2023,10,22,295,18.75,73.75,0.22923637926578522
PUNE_G003,2023-10-23,2023,10,23,296,18.75,73.75,0.0
PUNE_G003,2023-10-24,2023,10,24,297,18.75,73.75,0.0
PUNE_G003,2023-10-25,2023,10,25,298,18.75,73.75,0.0
PUNE_G003,2023-10-26,2023,10,26,299,18.75,73.75,0.0
PUNE_G003,2023-10-27,2023,10,27,300,18.75,73.75,0.0
PUNE_G003,2023-10-28,2023,10,28,301,18.75,73.75,0.0
PUNE_G003,2023-10-29,2023,10,29,302,18.75,73.75,0.0
PUNE_G003,2023-10-30,2023,10,30,303,18.75,73.75,0.0
PUNE_G003,2023-10-31,2023,10,31,304,18.75,73.75,0.0
PUNE_G003,2023-11-01,2023,11,1,305,18.75,73.75,0.0
PUNE_G003,2023-11-02,2023,11,2,306,18.75,73.75,0.0
PUNE_G003,2023-11-03,2023,11,3,307,18.75,73.75,0.0
PUNE_G003,2023-11-04,2023,11,4,308,18.75,73.75,0.0
PUNE_G003,2023-11-05,2023,11,5,309,18.75,73.75,0.0
PUNE_G003,2023-11-06,2023,11,6,310,18.75,73.75,0.0
PUNE_G003,2023-11-07,2023,11,7,311,18.75,73.75,0.0
PUNE_G003,2023-11-08,2023,11,8,312,18.75,73.75,0.0
PUNE_G003,2023-11-09,2023,11,9,313,18.75,73.75,0.0
PUNE_G003,2023-11-10,2023,11,10,314,18.75,73.75,0.0
PUNE_G003,2023-11-11,2023,11,11,315,18.75,73.75,7.458175182342529
PUNE_G003,2023-11-12,2023,11,12,316,18.75,73.75,0.0
PUNE_G003,2023-11-13,2023,11,13,317,18.75,73.75,0.0
PUNE_G003,2023-11-14,2023,11,14,318,18.75,73.75,0.0
PUNE_G003,2023-11-15,2023,11,15,319,18.75,73.75,0.0
PUNE_G003,2023-11-16,2023,11,16,320,18.75,73.75,0.0
PUNE_G003,2023-11-17,2023,11,17,321,18.75,73.75,0.0
PUNE_G003,2023-11-18,2023,11,18,322,18.75,73.75,0.0
PUNE_G003,2023-11-19,2023,11,19,323,18.75,73.75,0.0
PUNE_G003,2023-11-20,2023,11,20,324,18.75,73.75,0.0
PUNE_G003,2023-11-21,2023,11,21,325,18.75,73.75,0.0
PUNE_G003,2023-11-22,2023,11,22,326,18.75,73.75,0.0
PUNE_G003,2023-11-23,2023,11,23,327,18.75,73.75,0.0
PUNE_G003,2023-11-24,2023,11,24,328,18.75,73.75,0.0
PUNE_G003,2023-11-25,2023,11,25,329,18.75,73.75,0.0
PUNE_G003,2023-11-26,2023,11,26,330,18.75,73.75,0.0
PUNE_G003,2023-11-27,2023,11,27,331,18.75,73.75,9.009800910949707
PUNE_G003,2023-11-28,2023,11,28,332,18.75,73.75,0.0
PUNE_G003,2023-11-29,2023,11,29,333,18.75,73.75,0.0
PUNE_G003,2023-11-30,2023,11,30,334,18.75,73.75,0.0
PUNE_G003,2023-12-01,2023,12,1,335,18.75,73.75,0.0
PUNE_G003,2023-12-02,2023,12,2,336,18.75,73.75,0.0
PUNE_G003,2023-12-03,2023,12,3,337,18.75,73.75,0.0
PUNE_G003,2023-12-04,2023,12,4,338,18.75,73.75,0.0
PUNE_G003,2023-12-05,2023,12,5,339,18.75,73.75,0.0
PUNE_G003,2023-12-06,2023,12,6,340,18.75,73.75,0.0
PUNE_G003,2023-12-07,2023,12,7,341,18.75,73.75,0.0
PUNE_G003,2023-12-08,2023,12,8,342,18.75,73.75,0.0
PUNE_G003,2023-12-09,2023,12,9,343,18.75,73.75,0.0
PUNE_G003,2023-12-10,2023,12,10,344,18.75,73.75,0.0
PUNE_G003,2023-12-11,2023,12,11,345,18.75,73.75,0.0
PUNE_G003,2023-12-12,2023,12,12,346,18.75,73.75,0.0
PUNE_G003,2023-12-13,2023,12,13,347,18.75,73.75,0.0
PUNE_G003,2023-12-14,2023,12,14,348,18.75,73.75,0.0
PUNE_G003,2023-12-15,2023,12,15,349,18.75,73.75,0.0
PUNE_G003,2023-12-16,2023,12,16,350,18.75,73.75,0.0
PUNE_G003,2023-12-17,2023,12,17,351,18.75,73.75,0.0
PUNE_G003,2023-12-18,2023,12,18,352,18.75,73.75,0.0
PUNE_G003,2023-12-19,2023,12,19,353,18.75,73.75,0.0
PUNE_G003,2023-12-20,2023,12,20,354,18.75,73.75,0.0
PUNE_G003,2023-12-21,2023,12,21,355,18.75,73.75,0.0
PUNE_G003,2023-12-22,2023,12,22,356,18.75,73.75,0.0
PUNE_G003,2023-12-23,2023,12,23,357,18.75,73.75,0.0
PUNE_G003,2023-12-24,2023,12,24,358,18.75,73.75,0.0
PUNE_G003,2023-12-25,2023,12,25,359,18.75,73.75,0.0
PUNE_G003,2023-12-26,2023,12,26,360,18.75,73.75,0.0
PUNE_G003,2023-12-27,2023,12,27,361,18.75,73.75,0.0
PUNE_G003,2023-12-28,2023,12,28,362,18.75,73.75,0.0
PUNE_G003,2023-12-29,2023,12,29,363,18.75,73.75,0.0
PUNE_G003,2023-12-30,2023,12,30,364,18.75,73.75,0.0
PUNE_G003,2023-12-31,2023,12,31,365,18.75,73.75,0.0
PUNE_G003,2024-01-01,2024,1,1,1,18.75,73.75,0.0
PUNE_G003,2024-01-02,2024,1,2,2,18.75,73.75,0.0
PUNE_G003,2024-01-03,2024,1,3,3,18.75,73.75,0.0
PUNE_G003,2024-01-04,2024,1,4,4,18.75,73.75,0.0
PUNE_G003,2024-01-05,2024,1,5,5,18.75,73.75,0.0
PUNE_G003,2024-01-06,2024,1,6,6,18.75,73.75,0.0
PUNE_G003,2024-01-07,2024,1,7,7,18.75,73.75,0.0
PUNE_G003,2024-01-08,2024,1,8,8,18.75,73.75,0.0
PUNE_G003,2024-01-09,2024,1,9,9,18.75,73.75,0.0
PUNE_G003,2024-01-10,2024,1,10,10,18.75,73.75,8.41465950012207
PUNE_G003,2024-01-11,2024,1,11,11,18.75,73.75,0.0
PUNE_G003,2024-01-12,2024,1,12,12,18.75,73.75,0.0
PUNE_G003,2024-01-13,2024,1,13,13,18.75,73.75,0.0
PUNE_G003,2024-01-14,2024,1,14,14,18.75,73.75,0.0
PUNE_G003,2024-01-15,2024,1,15,15,18.75,73.75,0.0
PUNE_G003,2024-01-16,2024,1,16,16,18.75,73.75,0.0
PUNE_G003,2024-01-17,2024,1,17,17,18.75,73.75,0.0
PUNE_G003,2024-01-18,2024,1,18,18,18.75,73.75,0.0
PUNE_G003,2024-01-19,2024,1,19,19,18.75,73.75,0.0
PUNE_G003,2024-01-20,2024,1,20,20,18.75,73.75,0.0
PUNE_G003,2024-01-21,2024,1,21,21,18.75,73.75,0.0
PUNE_G003,2024-01-22,2024,1,22,22,18.75,73.75,0.0
PUNE_G003,2024-01-23,2024,1,23,23,18.75,73.75,0.0
PUNE_G003,2024-01-24,2024,1,24,24,18.75,73.75,0.0
PUNE_G003,2024-01-25,2024,1,25,25,18.75,73.75,0.0
PUNE_G003,2024-01-26,2024,1,26,26,18.75,73.75,0.0
PUNE_G003,2024-01-27,2024,1,27,27,18.75,73.75,0.0
PUNE_G003,2024-01-28,2024,1,28,28,18.75,73.75,0.0
PUNE_G003,2024-01-29,2024,1,29,29,18.75,73.75,0.0
PUNE_G003,2024-01-30,2024,1,30,30,18.75,73.75,0.0
PUNE_G003,2024-01-31,2024,1,31,31,18.75,73.75,0.0
PUNE_G003,2024-02-01,2024,2,1,32,18.75,73.75,0.0
PUNE_G003,2024-02-02,2024,2,2,33,18.75,73.75,0.0
PUNE_G003,2024-02-03,2024,2,3,34,18.75,73.75,0.0
PUNE_G003,2024-02-04,2024,2,4,35,18.75,73.75,0.0
PUNE_G003,2024-02-05,2024,2,5,36,18.75,73.75,0.0
PUNE_G003,2024-02-06,2024,2,6,37,18.75,73.75,0.0
PUNE_G003,2024-02-07,2024,2,7,38,18.75,73.75,0.0
PUNE_G003,2024-02-08,2024,2,8,39,18.75,73.75,0.0
PUNE_G003,2024-02-09,2024,2,9,40,18.75,73.75,0.0
PUNE_G003,2024-02-10,2024,2,10,41,18.75,73.75,0.0
PUNE_G003,2024-02-11,2024,2,11,42,18.75,73.75,0.0
PUNE_G003,2024-02-12,2024,2,12,43,18.75,73.75,0.0
PUNE_G003,2024-02-13,2024,2,13,44,18.75,73.75,0.0
PUNE_G003,2024-02-14,2024,2,14,45,18.75,73.75,0.0
PUNE_G003,2024-02-15,2024,2,15,46,18.75,73.75,0.0
PUNE_G003,2024-02-16,2024,2,16,47,18.75,73.75,0.0
PUNE_G003,2024-02-17,2024,2,17,48,18.75,73.75,0.0
PUNE_G003,2024-02-18,2024,2,18,49,18.75,73.75,0.0
PUNE_G003,2024-02-19,2024,2,19,50,18.75,73.75,0.0
PUNE_G003,2024-02-20,2024,2,20,51,18.75,73.75,0.0
PUNE_G003,2024-02-21,2024,2,21,52,18.75,73.75,0.0
PUNE_G003,2024-02-22,2024,2,22,53,18.75,73.75,0.0
PUNE_G003,2024-02-23,2024,2,23,54,18.75,73.75,0.0
PUNE_G003,2024-02-24,2024,2,24,55,18.75,73.75,0.0
PUNE_G003,2024-02-25,2024,2,25,56,18.75,73.75,0.0
PUNE_G003,2024-02-26,2024,2,26,57,18.75,73.75,0.0
PUNE_G003,2024-02-27,2024,2,27,58,18.75,73.75,0.0
PUNE_G003,2024-02-28,2024,2,28,59,18.75,73.75,0.0
PUNE_G003,2024-02-29,2024,2,29,60,18.75,73.75,0.0
PUNE_G003,2024-03-01,2024,3,1,61,18.75,73.75,0.0
PUNE_G003,2024-03-02,2024,3,2,62,18.75,73.75,0.3762819170951843
PUNE_G003,2024-03-03,2024,3,3,63,18.75,73.75,0.0
PUNE_G003,2024-03-04,2024,3,4,64,18.75,73.75,0.0
PUNE_G003,2024-03-05,2024,3,5,65,18.75,73.75,0.0
PUNE_G003,2024-03-06,2024,3,6,66,18.75,73.75,0.0
PUNE_G003,2024-03-07,2024,3,7,67,18.75,73.75,0.0
PUNE_G003,2024-03-08,2024,3,8,68,18.75,73.75,0.0
PUNE_G003,2024-03-09,2024,3,9,69,18.75,73.75,0.0
PUNE_G003,2024-03-10,2024,3,10,70,18.75,73.75,0.0
PUNE_G003,2024-03-11,2024,3,11,71,18.75,73.75,0.0
PUNE_G003,2024-03-12,2024,3,12,72,18.75,73.75,0.0
PUNE_G003,2024-03-13,2024,3,13,73,18.75,73.75,0.0
PUNE_G003,2024-03-14,2024,3,14,74,18.75,73.75,0.0
PUNE_G003,2024-03-15,2024,3,15,75,18.75,73.75,0.0
PUNE_G003,2024-03-16,2024,3,16,76,18.75,73.75,0.0
PUNE_G003,2024-03-17,2024,3,17,77,18.75,73.75,0.0
PUNE_G003,2024-03-18,2024,3,18,78,18.75,73.75,0.0
PUNE_G003,2024-03-19,2024,3,19,79,18.75,73.75,0.0
PUNE_G003,2024-03-20,2024,3,20,80,18.75,73.75,0.0
PUNE_G003,2024-03-21,2024,3,21,81,18.75,73.75,0.0
PUNE_G003,2024-03-22,2024,3,22,82,18.75,73.75,0.0
PUNE_G003,2024-03-23,2024,3,23,83,18.75,73.75,0.0
PUNE_G003,2024-03-24,2024,3,24,84,18.75,73.75,0.0
PUNE_G003,2024-03-25,2024,3,25,85,18.75,73.75,0.0
PUNE_G003,2024-03-26,2024,3,26,86,18.75,73.75,0.0
PUNE_G003,2024-03-27,2024,3,27,87,18.75,73.75,0.0
PUNE_G003,2024-03-28,2024,3,28,88,18.75,73.75,0.0
PUNE_G003,2024-03-29,2024,3,29,89,18.75,73.75,0.0
PUNE_G003,2024-03-30,2024,3,30,90,18.75,73.75,0.0
PUNE_G003,2024-03-31,2024,3,31,91,18.75,73.75,0.0
PUNE_G003,2024-04-01,2024,4,1,92,18.75,73.75,0.0
PUNE_G003,2024-04-02,2024,4,2,93,18.75,73.75,0.0
PUNE_G003,2024-04-03,2024,4,3,94,18.75,73.75,0.0
PUNE_G003,2024-04-04,2024,4,4,95,18.75,73.75,0.0
PUNE_G003,2024-04-05,2024,4,5,96,18.75,73.75,0.0
PUNE_G003,2024-04-06,2024,4,6,97,18.75,73.75,0.0
PUNE_G003,2024-04-07,2024,4,7,98,18.75,73.75,0.0
PUNE_G003,2024-04-08,2024,4,8,99,18.75,73.75,0.0
PUNE_G003,2024-04-09,2024,4,9,100,18.75,73.75,0.0
PUNE_G003,2024-04-10,2024,4,10,101,18.75,73.75,0.0
PUNE_G003,2024-04-11,2024,4,11,102,18.75,73.75,0.0
PUNE_G003,2024-04-12,2024,4,12,103,18.75,73.75,0.0
PUNE_G003,2024-04-13,2024,4,13,104,18.75,73.75,0.0
PUNE_G003,2024-04-14,2024,4,14,105,18.75,73.75,0.0
PUNE_G003,2024-04-15,2024,4,15,106,18.75,73.75,0.0
PUNE_G003,2024-04-16,2024,4,16,107,18.75,73.75,0.0
PUNE_G003,2024-04-17,2024,4,17,108,18.75,73.75,0.9407047033309937
PUNE_G003,2024-04-18,2024,4,18,109,18.75,73.75,1.0194282531738281
PUNE_G003,2024-04-19,2024,4,19,110,18.75,73.75,0.0
PUNE_G003,2024-04-20,2024,4,20,111,18.75,73.75,0.0
PUNE_G003,2024-04-21,2024,4,21,112,18.75,73.75,0.4139101207256317
PUNE_G003,2024-04-22,2024,4,22,113,18.75,73.75,0.0
PUNE_G003,2024-04-23,2024,4,23,114,18.75,73.75,0.0
PUNE_G003,2024-04-24,2024,4,24,115,18.75,73.75,0.0
PUNE_G003,2024-04-25,2024,4,25,116,18.75,73.75,0.0
PUNE_G003,2024-04-26,2024,4,26,117,18.75,73.75,0.0
PUNE_G003,2024-04-27,2024,4,27,118,18.75,73.75,0.0
PUNE_G003,2024-04-28,2024,4,28,119,18.75,73.75,0.0
PUNE_G003,2024-04-29,2024,4,29,120,18.75,73.75,0.0
PUNE_G003,2024-04-30,2024,4,30,121,18.75,73.75,0.0
PUNE_G003,2024-05-01,2024,5,1,122,18.75,73.75,0.0
PUNE_G003,2024-05-02,2024,5,2,123,18.75,73.75,0.0
PUNE_G003,2024-05-03,2024,5,3,124,18.75,73.75,0.0
PUNE_G003,2024-05-04,2024,5,4,125,18.75,73.75,0.0
PUNE_G003,2024-05-05,2024,5,5,126,18.75,73.75,0.0
PUNE_G003,2024-05-06,2024,5,6,127,18.75,73.75,0.0
PUNE_G003,2024-05-07,2024,5,7,128,18.75,73.75,0.0
PUNE_G003,2024-05-08,2024,5,8,129,18.75,73.75,0.0
PUNE_G003,2024-05-09,2024,5,9,130,18.75,73.75,0.0
PUNE_G003,2024-05-10,2024,5,10,131,18.75,73.75,0.0
PUNE_G003,2024-05-11,2024,5,11,132,18.75,73.75,7.353611469268799
PUNE_G003,2024-05-12,2024,5,12,133,18.75,73.75,37.30535888671875
PUNE_G003,2024-05-13,2024,5,13,134,18.75,73.75,1.7380869388580322
PUNE_G003,2024-05-14,2024,5,14,135,18.75,73.75,0.5456087589263916
PUNE_G003,2024-05-15,2024,5,15,136,18.75,73.75,0.0
PUNE_G003,2024-05-16,2024,5,16,137,18.75,73.75,2.4082043170928955
PUNE_G003,2024-05-17,2024,5,17,138,18.75,73.75,8.188680648803711
PUNE_G003,2024-05-18,2024,5,18,139,18.75,73.75,0.615308940410614
PUNE_G003,2024-05-19,2024,5,19,140,18.75,73.75,0.0
PUNE_G003,2024-05-20,2024,5,20,141,18.75,73.75,3.665337562561035
PUNE_G003,2024-05-21,2024,5,21,142,18.75,73.75,0.0
PUNE_G003,2024-05-22,2024,5,22,143,18.75,73.75,0.0
PUNE_G003,2024-05-23,2024,5,23,144,18.75,73.75,0.0
PUNE_G003,2024-05-24,2024,5,24,145,18.75,73.75,0.0
PUNE_G003,2024-05-25,2024,5,25,146,18.75,73.75,0.0
PUNE_G003,2024-05-26,2024,5,26,147,18.75,73.75,0.0
PUNE_G003,2024-05-27,2024,5,27,148,18.75,73.75,0.0
PUNE_G003,2024-05-28,2024,5,28,149,18.75,73.75,0.0
PUNE_G003,2024-05-29,2024,5,29,150,18.75,73.75,0.0
PUNE_G003,2024-05-30,2024,5,30,151,18.75,73.75,0.0
PUNE_G003,2024-05-31,2024,5,31,152,18.75,73.75,0.0
PUNE_G003,2024-06-01,2024,6,1,153,18.75,73.75,0.0
PUNE_G003,2024-06-02,2024,6,2,154,18.75,73.75,0.0
PUNE_G003,2024-06-03,2024,6,3,155,18.75,73.75,0.0
PUNE_G003,2024-06-04,2024,6,4,156,18.75,73.75,0.1392410546541214
PUNE_G003,2024-06-05,2024,6,5,157,18.75,73.75,13.741169929504395
PUNE_G003,2024-06-06,2024,6,6,158,18.75,73.75,29.457427978515625
PUNE_G003,2024-06-07,2024,6,7,159,18.75,73.75,9.989686965942383
PUNE_G003,2024-06-08,2024,6,8,160,18.75,73.75,0.0
PUNE_G003,2024-06-09,2024,6,9,161,18.75,73.75,27.85563087463379
PUNE_G003,2024-06-10,2024,6,10,162,18.75,73.75,9.579852104187012
PUNE_G003,2024-06-11,2024,6,11,163,18.75,73.75,1.4486852884292603
PUNE_G003,2024-06-12,2024,6,12,164,18.75,73.75,0.40116366744041443
PUNE_G003,2024-06-13,2024,6,13,165,18.75,73.75,0.0
PUNE_G003,2024-06-14,2024,6,14,166,18.75,73.75,7.175295352935791
PUNE_G003,2024-06-15,2024,6,15,167,18.75,73.75,0.0
PUNE_G003,2024-06-16,2024,6,16,168,18.75,73.75,0.0
PUNE_G003,2024-06-17,2024,6,17,169,18.75,73.75,6.783844947814941
PUNE_G003,2024-06-18,2024,6,18,170,18.75,73.75,0.7809127569198608
PUNE_G003,2024-06-19,2024,6,19,171,18.75,73.75,2.872114419937134
PUNE_G003,2024-06-20,2024,6,20,172,18.75,73.75,0.1392410546541214
PUNE_G003,2024-06-21,2024,6,21,173,18.75,73.75,12.211411476135254
PUNE_G003,2024-06-22,2024,6,22,174,18.75,73.75,1.1252001523971558
PUNE_G003,2024-06-23,2024,6,23,175,18.75,73.75,0.0
PUNE_G003,2024-06-24,2024,6,24,176,18.75,73.75,0.9632387161254883
PUNE_G003,2024-06-25,2024,6,25,177,18.75,73.75,0.0
PUNE_G003,2024-06-26,2024,6,26,178,18.75,73.75,0.4298616945743561
PUNE_G003,2024-06-27,2024,6,27,179,18.75,73.75,3.5366275310516357
PUNE_G003,2024-06-28,2024,6,28,180,18.75,73.75,1.4150748252868652
PUNE_G003,2024-06-29,2024,6,29,181,18.75,73.75,2.625638484954834
PUNE_G003,2024-06-30,2024,6,30,182,18.75,73.75,0.6330873966217041
PUNE_G003,2024-07-01,2024,7,1,183,18.75,73.75,1.7262911796569824
PUNE_G003,2024-07-02,2024,7,2,184,18.75,73.75,6.826437473297119
PUNE_G003,2024-07-03,2024,7,3,185,18.75,73.75,4.826515197753906
PUNE_G003,2024-07-04,2024,7,4,186,18.75,73.75,0.23256567120552063
PUNE_G003,2024-07-05,2024,7,5,187,18.75,73.75,2.2964377403259277
PUNE_G003,2024-07-06,2024,7,6,188,18.75,73.75,2.7638885974884033
PUNE_G003,2024-07-07,2024,7,7,189,18.75,73.75,19.516693115234375
PUNE_G003,2024-07-08,2024,7,8,190,18.75,73.75,1.872739315032959
PUNE_G003,2024-07-09,2024,7,9,191,18.75,73.75,8.687226295471191
PUNE_G003,2024-07-10,2024,7,10,192,18.75,73.75,1.24570894241333
PUNE_G003,2024-07-11,2024,7,11,193,18.75,73.75,0.0
PUNE_G003,2024-07-12,2024,7,12,194,18.75,73.75,2.534634828567505
PUNE_G003,2024-07-13,2024,7,13,195,18.75,73.75,10.28130054473877
PUNE_G003,2024-07-14,2024,7,14,196,18.75,73.75,30.042512893676758
PUNE_G003,2024-07-15,2024,7,15,197,18.75,73.75,18.4495792388916
PUNE_G003,2024-07-16,2024,7,16,198,18.75,73.75,1.2060883045196533
PUNE_G003,2024-07-17,2024,7,17,199,18.75,73.75,0.0
PUNE_G003,2024-07-18,2024,7,18,200,18.75,73.75,3.3735127449035645
PUNE_G003,2024-07-19,2024,7,19,201,18.75,73.75,5.0330400466918945
PUNE_G003,2024-07-20,2024,7,20,202,18.75,73.75,4.561914443969727
PUNE_G003,2024-07-21,2024,7,21,203,18.75,73.75,3.3963255882263184
PUNE_G003,2024-07-22,2024,7,22,204,18.75,73.75,9.251350402832031
PUNE_G003,2024-07-23,2024,7,23,205,18.75,73.75,26.014808654785156
PUNE_G003,2024-07-24,2024,7,24,206,18.75,73.75,41.225467681884766
PUNE_G003,2024-07-25,2024,7,25,207,18.75,73.75,77.22071838378906
PUNE_G003,2024-07-26,2024,7,26,208,18.75,73.75,50.16448211669922
PUNE_G003,2024-07-27,2024,7,27,209,18.75,73.75,2.1038026809692383
PUNE_G003,2024-07-28,2024,7,28,210,18.75,73.75,7.590364933013916
PUNE_G003,2024-07-29,2024,7,29,211,18.75,73.75,9.557766914367676
PUNE_G003,2024-07-30,2024,7,30,212,18.75,73.75,6.381584167480469
PUNE_G003,2024-07-31,2024,7,31,213,18.75,73.75,11.048357963562012
PUNE_G003,2024-08-01,2024,8,1,214,18.75,73.75,6.4133124351501465
PUNE_G003,2024-08-02,2024,8,2,215,18.75,73.75,23.354167938232422
PUNE_G003,2024-08-03,2024,8,3,216,18.75,73.75,11.490884780883789
PUNE_G003,2024-08-04,2024,8,4,217,18.75,73.75,39.08580780029297
PUNE_G003,2024-08-05,2024,8,5,218,18.75,73.75,41.0557861328125
PUNE_G003,2024-08-06,2024,8,6,219,18.75,73.75,1.7770178318023682
PUNE_G003,2024-08-07,2024,8,7,220,18.75,73.75,1.1203792095184326
PUNE_G003,2024-08-08,2024,8,8,221,18.75,73.75,1.0438930988311768
PUNE_G003,2024-08-09,2024,8,9,222,18.75,73.75,1.1514729261398315
PUNE_G003,2024-08-10,2024,8,10,223,18.75,73.75,2.172746419906616
PUNE_G003,2024-08-11,2024,8,11,224,18.75,73.75,13.55105972290039
PUNE_G003,2024-08-12,2024,8,12,225,18.75,73.75,1.9224305152893066
PUNE_G003,2024-08-13,2024,8,13,226,18.75,73.75,0.41179347038269043
PUNE_G003,2024-08-14,2024,8,14,227,18.75,73.75,0.0
PUNE_G003,2024-08-15,2024,8,15,228,18.75,73.75,0.0
PUNE_G003,2024-08-16,2024,8,16,229,18.75,73.75,0.11461818963289261
PUNE_G003,2024-08-17,2024,8,17,230,18.75,73.75,0.0
PUNE_G003,2024-08-18,2024,8,18,231,18.75,73.75,7.200242042541504
PUNE_G003,2024-08-19,2024,8,19,232,18.75,73.75,20.822969436645508
PUNE_G003,2024-08-20,2024,8,20,233,18.75,73.75,3.6476871967315674
PUNE_G003,2024-08-21,2024,8,21,234,18.75,73.75,16.97160530090332
PUNE_G003,2024-08-22,2024,8,22,235,18.75,73.75,0.39435014128685
PUNE_G003,2024-08-23,2024,8,23,236,18.75,73.75,11.563751220703125
PUNE_G003,2024-08-24,2024,8,24,237,18.75,73.75,15.699546813964844
PUNE_G003,2024-08-25,2024,8,25,238,18.75,73.75,41.074039459228516
PUNE_G003,2024-08-26,2024,8,26,239,18.75,73.75,23.94471549987793
PUNE_G003,2024-08-27,2024,8,27,240,18.75,73.75,21.62201499938965
PUNE_G003,2024-08-28,2024,8,28,241,18.75,73.75,10.103019714355469
PUNE_G003,2024-08-29,2024,8,29,242,18.75,73.75,1.0478813648223877
PUNE_G003,2024-08-30,2024,8,30,243,18.75,73.75,0.5509135723114014
PUNE_G003,2024-08-31,2024,8,31,244,18.75,73.75,1.0535893440246582
PUNE_G003,2024-09-01,2024,9,1,245,18.75,73.75,0.16932684183120728
PUNE_G003,2024-09-02,2024,9,2,246,18.75,73.75,0.763573408126831
PUNE_G003,2024-09-03,2024,9,3,247,18.75,73.75,0.7729533910751343
PUNE_G003,2024-09-04,2024,9,4,248,18.75,73.75,2.072056293487549
PUNE_G003,2024-09-05,2024,9,5,249,18.75,73.75,3.3403682708740234
PUNE_G003,2024-09-06,2024,9,6,250,18.75,73.75,3.245309829711914
PUNE_G003,2024-09-07,2024,9,7,251,18.75,73.75,1.4511075019836426
PUNE_G003,2024-09-08,2024,9,8,252,18.75,73.75,0.7157652378082275
PUNE_G003,2024-09-09,2024,9,9,253,18.75,73.75,0.9415343999862671
PUNE_G003,2024-09-10,2024,9,10,254,18.75,73.75,0.0
PUNE_G003,2024-09-11,2024,9,11,255,18.75,73.75,0.9520602226257324
PUNE_G003,2024-09-12,2024,9,12,256,18.75,73.75,3.1319515705108643
PUNE_G003,2024-09-13,2024,9,13,257,18.75,73.75,0.23256567120552063
PUNE_G003,2024-09-14,2024,9,14,258,18.75,73.75,0.0
PUNE_G003,2024-09-15,2024,9,15,259,18.75,73.75,0.417723149061203
PUNE_G003,2024-09-16,2024,9,16,260,18.75,73.75,0.3063303232192993
PUNE_G003,2024-09-17,2024,9,17,261,18.75,73.75,0.0
PUNE_G003,2024-09-18,2024,9,18,262,18.75,73.75,0.0
PUNE_G003,2024-09-19,2024,9,19,263,18.75,73.75,0.0
PUNE_G003,2024-09-20,2024,9,20,264,18.75,73.75,0.0
PUNE_G003,2024-09-21,2024,9,21,265,18.75,73.75,0.0
PUNE_G003,2024-09-22,2024,9,22,266,18.75,73.75,0.0
PUNE_G003,2024-09-23,2024,9,23,267,18.75,73.75,3.254838466644287
PUNE_G003,2024-09-24,2024,9,24,268,18.75,73.75,3.1860930919647217
PUNE_G003,2024-09-25,2024,9,25,269,18.75,73.75,6.247223377227783
PUNE_G003,2024-09-26,2024,9,26,270,18.75,73.75,27.379304885864258
PUNE_G003,2024-09-27,2024,9,27,271,18.75,73.75,2.091169834136963
PUNE_G003,2024-09-28,2024,9,28,272,18.75,73.75,5.140217304229736
PUNE_G003,2024-09-29,2024,9,29,273,18.75,73.75,0.6449840068817139
PUNE_G003,2024-09-30,2024,9,30,274,18.75,73.75,0.0
PUNE_G003,2024-10-01,2024,10,1,275,18.75,73.75,0.0
PUNE_G003,2024-10-02,2024,10,2,276,18.75,73.75,0.0
PUNE_G003,2024-10-03,2024,10,3,277,18.75,73.75,0.4515383243560791
PUNE_G003,2024-10-04,2024,10,4,278,18.75,73.75,0.0
PUNE_G003,2024-10-05,2024,10,5,279,18.75,73.75,0.0
PUNE_G003,2024-10-06,2024,10,6,280,18.75,73.75,0.0
PUNE_G003,2024-10-07,2024,10,7,281,18.75,73.75,0.0
PUNE_G003,2024-10-08,2024,10,8,282,18.75,73.75,0.0
PUNE_G003,2024-10-09,2024,10,9,283,18.75,73.75,0.0
PUNE_G003,2024-10-10,2024,10,10,284,18.75,73.75,3.394535779953003
PUNE_G003,2024-10-11,2024,10,11,285,18.75,73.75,0.0
PUNE_G003,2024-10-12,2024,10,12,286,18.75,73.75,4.697556972503662
PUNE_G003,2024-10-13,2024,10,13,287,18.75,73.75,0.0
PUNE_G003,2024-10-14,2024,10,14,288,18.75,73.75,0.0
PUNE_G003,2024-10-15,2024,10,15,289,18.75,73.75,3.7250914573669434
PUNE_G003,2024-10-16,2024,10,16,290,18.75,73.75,6.441329479217529
PUNE_G003,2024-10-17,2024,10,17,291,18.75,73.75,0.8167904019355774
PUNE_G003,2024-10-18,2024,10,18,292,18.75,73.75,0.3439585268497467
PUNE_G003,2024-10-19,2024,10,19,293,18.75,73.75,0.0
PUNE_G003,2024-10-20,2024,10,20,294,18.75,73.75,6.244968891143799
PUNE_G003,2024-10-21,2024,10,21,295,18.75,73.75,1.5916154384613037
PUNE_G003,2024-10-22,2024,10,22,296,18.75,73.75,0.3357912003993988
PUNE_G003,2024-10-23,2024,10,23,297,18.75,73.75,10.139108657836914
PUNE_G003,2024-10-24,2024,10,24,298,18.75,73.75,0.0
PUNE_G003,2024-10-25,2024,10,25,299,18.75,73.75,0.0
PUNE_G003,2024-10-26,2024,10,26,300,18.75,73.75,0.0
PUNE_G003,2024-10-27,2024,10,27,301,18.75,73.75,0.0
PUNE_G003,2024-10-28,2024,10,28,302,18.75,73.75,0.0
PUNE_G003,2024-10-29,2024,10,29,303,18.75,73.75,0.0
PUNE_G003,2024-10-30,2024,10,30,304,18.75,73.75,0.0
PUNE_G003,2024-10-31,2024,10,31,305,18.75,73.75,0.0
PUNE_G003,2024-11-01,2024,11,1,306,18.75,73.75,0.0
PUNE_G003,2024-11-02,2024,11,2,307,18.75,73.75,0.0
PUNE_G003,2024-11-03,2024,11,3,308,18.75,73.75,0.0
PUNE_G003,2024-11-04,2024,11,4,309,18.75,73.75,0.0
PUNE_G003,2024-11-05,2024,11,5,310,18.75,73.75,0.0
PUNE_G003,2024-11-06,2024,11,6,311,18.75,73.75,0.0
PUNE_G003,2024-11-07,2024,11,7,312,18.75,73.75,0.0
PUNE_G003,2024-11-08,2024,11,8,313,18.75,73.75,0.0
PUNE_G003,2024-11-09,2024,11,9,314,18.75,73.75,0.0
PUNE_G003,2024-11-10,2024,11,10,315,18.75,73.75,0.0
PUNE_G003,2024-11-11,2024,11,11,316,18.75,73.75,0.0
PUNE_G003,2024-11-12,2024,11,12,317,18.75,73.75,0.0
PUNE_G003,2024-11-13,2024,11,13,318,18.75,73.75,0.0
PUNE_G003,2024-11-14,2024,11,14,319,18.75,73.75,0.0
PUNE_G003,2024-11-15,2024,11,15,320,18.75,73.75,0.0
PUNE_G003,2024-11-16,2024,11,16,321,18.75,73.75,0.0
PUNE_G003,2024-11-17,2024,11,17,322,18.75,73.75,0.0
PUNE_G003,2024-11-18,2024,11,18,323,18.75,73.75,0.0
PUNE_G003,2024-11-19,2024,11,19,324,18.75,73.75,0.0
PUNE_G003,2024-11-20,2024,11,20,325,18.75,73.75,0.0
PUNE_G003,2024-11-21,2024,11,21,326,18.75,73.75,0.0
PUNE_G003,2024-11-22,2024,11,22,327,18.75,73.75,0.0
PUNE_G003,2024-11-23,2024,11,23,328,18.75,73.75,0.0
PUNE_G003,2024-11-24,2024,11,24,329,18.75,73.75,0.0
PUNE_G003,2024-11-25,2024,11,25,330,18.75,73.75,0.0
PUNE_G003,2024-11-26,2024,11,26,331,18.75,73.75,0.0
PUNE_G003,2024-11-27,2024,11,27,332,18.75,73.75,0.0
PUNE_G003,2024-11-28,2024,11,28,333,18.75,73.75,0.0
PUNE_G003,2024-11-29,2024,11,29,334,18.75,73.75,0.0
PUNE_G003,2024-11-30,2024,11,30,335,18.75,73.75,0.0
PUNE_G003,2024-12-01,2024,12,1,336,18.75,73.75,0.0
PUNE_G003,2024-12-02,2024,12,2,337,18.75,73.75,0.0
PUNE_G003,2024-12-03,2024,12,3,338,18.75,73.75,0.0
PUNE_G003,2024-12-04,2024,12,4,339,18.75,73.75,0.0
PUNE_G003,2024-12-05,2024,12,5,340,18.75,73.75,0.0
PUNE_G003,2024-12-06,2024,12,6,341,18.75,73.75,0.0
PUNE_G003,2024-12-07,2024,12,7,342,18.75,73.75,0.0
PUNE_G003,2024-12-08,2024,12,8,343,18.75,73.75,0.0
PUNE_G003,2024-12-09,2024,12,9,344,18.75,73.75,0.0
PUNE_G003,2024-12-10,2024,12,10,345,18.75,73.75,0.0
PUNE_G003,2024-12-11,2024,12,11,346,18.75,73.75,0.0
PUNE_G003,2024-12-12,2024,12,12,347,18.75,73.75,0.0
PUNE_G003,2024-12-13,2024,12,13,348,18.75,73.75,0.0
PUNE_G003,2024-12-14,2024,12,14,349,18.75,73.75,0.0
PUNE_G003,2024-12-15,2024,12,15,350,18.75,73.75,0.0
PUNE_G003,2024-12-16,2024,12,16,351,18.75,73.75,0.0
PUNE_G003,2024-12-17,2024,12,17,352,18.75,73.75,0.0
PUNE_G003,2024-12-18,2024,12,18,353,18.75,73.75,0.0
PUNE_G003,2024-12-19,2024,12,19,354,18.75,73.75,0.0
PUNE_G003,2024-12-20,2024,12,20,355,18.75,73.75,0.0
PUNE_G003,2024-12-21,2024,12,21,356,18.75,73.75,0.0
PUNE_G003,2024-12-22,2024,12,22,357,18.75,73.75,0.0
PUNE_G003,2024-12-23,2024,12,23,358,18.75,73.75,0.0
PUNE_G003,2024-12-24,2024,12,24,359,18.75,73.75,0.0
PUNE_G003,2024-12-25,2024,12,25,360,18.75,73.75,0.0
PUNE_G003,2024-12-26,2024,12,26,361,18.75,73.75,0.0
PUNE_G003,2024-12-27,2024,12,27,362,18.75,73.75,0.0
PUNE_G003,2024-12-28,2024,12,28,363,18.75,73.75,0.0
PUNE_G003,2024-12-29,2024,12,29,364,18.75,73.75,1.1288456916809082
PUNE_G003,2024-12-30,2024,12,30,365,18.75,73.75,0.0
PUNE_G003,2024-12-31,2024,12,31,366,18.75,73.75,0.0
PUNE_G003,2025-01-01,2025,1,1,1,18.75,73.75,0.0
PUNE_G003,2025-01-02,2025,1,2,2,18.75,73.75,0.0
PUNE_G003,2025-01-03,2025,1,3,3,18.75,73.75,0.0
PUNE_G003,2025-01-04,2025,1,4,4,18.75,73.75,0.0
PUNE_G003,2025-01-05,2025,1,5,5,18.75,73.75,0.0
PUNE_G003,2025-01-06,2025,1,6,6,18.75,73.75,0.0
PUNE_G003,2025-01-07,2025,1,7,7,18.75,73.75,0.0
PUNE_G003,2025-01-08,2025,1,8,8,18.75,73.75,0.0
PUNE_G003,2025-01-09,2025,1,9,9,18.75,73.75,0.0
PUNE_G003,2025-01-10,2025,1,10,10,18.75,73.75,0.0
PUNE_G003,2025-01-11,2025,1,11,11,18.75,73.75,0.0
PUNE_G003,2025-01-12,2025,1,12,12,18.75,73.75,0.0
PUNE_G003,2025-01-13,2025,1,13,13,18.75,73.75,0.0
PUNE_G003,2025-01-14,2025,1,14,14,18.75,73.75,0.0
PUNE_G003,2025-01-15,2025,1,15,15,18.75,73.75,0.0
PUNE_G003,2025-01-16,2025,1,16,16,18.75,73.75,0.0
PUNE_G003,2025-01-17,2025,1,17,17,18.75,73.75,0.0
PUNE_G003,2025-01-18,2025,1,18,18,18.75,73.75,0.0
PUNE_G003,2025-01-19,2025,1,19,19,18.75,73.75,0.0
PUNE_G003,2025-01-20,2025,1,20,20,18.75,73.75,0.0
PUNE_G003,2025-01-21,2025,1,21,21,18.75,73.75,0.0
PUNE_G003,2025-01-22,2025,1,22,22,18.75,73.75,0.0
PUNE_G003,2025-01-23,2025,1,23,23,18.75,73.75,0.0
PUNE_G003,2025-01-24,2025,1,24,24,18.75,73.75,0.0
PUNE_G003,2025-01-25,2025,1,25,25,18.75,73.75,0.0
PUNE_G003,2025-01-26,2025,1,26,26,18.75,73.75,0.0
PUNE_G003,2025-01-27,2025,1,27,27,18.75,73.75,0.0
PUNE_G003,2025-01-28,2025,1,28,28,18.75,73.75,0.0
PUNE_G003,2025-01-29,2025,1,29,29,18.75,73.75,0.0
PUNE_G003,2025-01-30,2025,1,30,30,18.75,73.75,0.0
PUNE_G003,2025-01-31,2025,1,31,31,18.75,73.75,0.0
PUNE_G003,2025-02-01,2025,2,1,32,18.75,73.75,0.0
PUNE_G003,2025-02-02,2025,2,2,33,18.75,73.75,0.0
PUNE_G003,2025-02-03,2025,2,3,34,18.75,73.75,0.0
PUNE_G003,2025-02-04,2025,2,4,35,18.75,73.75,0.0
PUNE_G003,2025-02-05,2025,2,5,36,18.75,73.75,0.0
PUNE_G003,2025-02-06,2025,2,6,37,18.75,73.75,0.0
PUNE_G003,2025-02-07,2025,2,7,38,18.75,73.75,0.0
PUNE_G003,2025-02-08,2025,2,8,39,18.75,73.75,0.0
PUNE_G003,2025-02-09,2025,2,9,40,18.75,73.75,0.0
PUNE_G003,2025-02-10,2025,2,10,41,18.75,73.75,0.0
PUNE_G003,2025-02-11,2025,2,11,42,18.75,73.75,0.0
PUNE_G003,2025-02-12,2025,2,12,43,18.75,73.75,0.0
PUNE_G003,2025-02-13,2025,2,13,44,18.75,73.75,0.0
PUNE_G003,2025-02-14,2025,2,14,45,18.75,73.75,0.0
PUNE_G003,2025-02-15,2025,2,15,46,18.75,73.75,0.0
PUNE_G003,2025-02-16,2025,2,16,47,18.75,73.75,0.0
PUNE_G003,2025-02-17,2025,2,17,48,18.75,73.75,0.0
PUNE_G003,2025-02-18,2025,2,18,49,18.75,73.75,0.0
PUNE_G003,2025-02-19,2025,2,19,50,18.75,73.75,0.0
PUNE_G003,2025-02-20,2025,2,20,51,18.75,73.75,0.0
PUNE_G003,2025-02-21,2025,2,21,52,18.75,73.75,0.0
PUNE_G003,2025-02-22,2025,2,22,53,18.75,73.75,0.0
PUNE_G003,2025-02-23,2025,2,23,54,18.75,73.75,0.0
PUNE_G003,2025-02-24,2025,2,24,55,18.75,73.75,0.0
PUNE_G003,2025-02-25,2025,2,25,56,18.75,73.75,0.0
PUNE_G003,2025-02-26,2025,2,26,57,18.75,73.75,0.0
PUNE_G003,2025-02-27,2025,2,27,58,18.75,73.75,0.0
PUNE_G003,2025-02-28,2025,2,28,59,18.75,73.75,0.0
PUNE_G003,2025-03-01,2025,3,1,60,18.75,73.75,0.0
PUNE_G003,2025-03-02,2025,3,2,61,18.75,73.75,0.0
PUNE_G003,2025-03-03,2025,3,3,62,18.75,73.75,0.0
PUNE_G003,2025-03-04,2025,3,4,63,18.75,73.75,0.0
PUNE_G003,2025-03-05,2025,3,5,64,18.75,73.75,0.0
PUNE_G003,2025-03-06,2025,3,6,65,18.75,73.75,0.0
PUNE_G003,2025-03-07,2025,3,7,66,18.75,73.75,0.0
PUNE_G003,2025-03-08,2025,3,8,67,18.75,73.75,0.0
PUNE_G003,2025-03-09,2025,3,9,68,18.75,73.75,0.0
PUNE_G003,2025-03-10,2025,3,10,69,18.75,73.75,0.0
PUNE_G003,2025-03-11,2025,3,11,70,18.75,73.75,0.0
PUNE_G003,2025-03-12,2025,3,12,71,18.75,73.75,0.0
PUNE_G003,2025-03-13,2025,3,13,72,18.75,73.75,0.0
PUNE_G003,2025-03-14,2025,3,14,73,18.75,73.75,0.0
PUNE_G003,2025-03-15,2025,3,15,74,18.75,73.75,0.0
PUNE_G003,2025-03-16,2025,3,16,75,18.75,73.75,0.0
PUNE_G003,2025-03-17,2025,3,17,76,18.75,73.75,0.0
PUNE_G003,2025-03-18,2025,3,18,77,18.75,73.75,0.0
PUNE_G003,2025-03-19,2025,3,19,78,18.75,73.75,0.0
PUNE_G003,2025-03-20,2025,3,20,79,18.75,73.75,0.0
PUNE_G003,2025-03-21,2025,3,21,80,18.75,73.75,0.0
PUNE_G003,2025-03-22,2025,3,22,81,18.75,73.75,0.0
PUNE_G003,2025-03-23,2025,3,23,82,18.75,73.75,0.0
PUNE_G003,2025-03-24,2025,3,24,83,18.75,73.75,0.0
PUNE_G003,2025-03-25,2025,3,25,84,18.75,73.75,0.0
PUNE_G003,2025-03-26,2025,3,26,85,18.75,73.75,0.0
PUNE_G003,2025-03-27,2025,3,27,86,18.75,73.75,0.0
PUNE_G003,2025-03-28,2025,3,28,87,18.75,73.75,0.0
PUNE_G003,2025-03-29,2025,3,29,88,18.75,73.75,0.0
PUNE_G003,2025-03-30,2025,3,30,89,18.75,73.75,0.0
PUNE_G003,2025-03-31,2025,3,31,90,18.75,73.75,0.0
PUNE_G003,2025-04-01,2025,4,1,91,18.75,73.75,0.0
PUNE_G003,2025-04-02,2025,4,2,92,18.75,73.75,0.417723149061203
PUNE_G003,2025-04-03,2025,4,3,93,18.75,73.75,0.0
PUNE_G003,2025-04-04,2025,4,4,94,18.75,73.75,1.4110571146011353
PUNE_G003,2025-04-05,2025,4,5,95,18.75,73.75,0.0
PUNE_G003,2025-04-06,2025,4,6,96,18.75,73.75,0.0
PUNE_G003,2025-04-07,2025,4,7,97,18.75,73.75,0.0
PUNE_G003,2025-04-08,2025,4,8,98,18.75,73.75,0.0
PUNE_G003,2025-04-09,2025,4,9,99,18.75,73.75,0.0
PUNE_G003,2025-04-10,2025,4,10,100,18.75,73.75,0.0
PUNE_G003,2025-04-11,2025,4,11,101,18.75,73.75,0.0
PUNE_G003,2025-04-12,2025,4,12,102,18.75,73.75,0.0
PUNE_G003,2025-04-13,2025,4,13,103,18.75,73.75,0.0
PUNE_G003,2025-04-14,2025,4,14,104,18.75,73.75,0.0
PUNE_G003,2025-04-15,2025,4,15,105,18.75,73.75,0.0
PUNE_G003,2025-04-16,2025,4,16,106,18.75,73.75,0.0
PUNE_G003,2025-04-17,2025,4,17,107,18.75,73.75,0.0
PUNE_G003,2025-04-18,2025,4,18,108,18.75,73.75,0.0
PUNE_G003,2025-04-19,2025,4,19,109,18.75,73.75,0.0
PUNE_G003,2025-04-20,2025,4,20,110,18.75,73.75,0.0
PUNE_G003,2025-04-21,2025,4,21,111,18.75,73.75,0.0
PUNE_G003,2025-04-22,2025,4,22,112,18.75,73.75,0.0
PUNE_G003,2025-04-23,2025,4,23,113,18.75,73.75,0.0
PUNE_G003,2025-04-24,2025,4,24,114,18.75,73.75,0.0
PUNE_G003,2025-04-25,2025,4,25,115,18.75,73.75,0.0
PUNE_G003,2025-04-26,2025,4,26,116,18.75,73.75,0.0
PUNE_G003,2025-04-27,2025,4,27,117,18.75,73.75,0.0
PUNE_G003,2025-04-28,2025,4,28,118,18.75,73.75,0.0
PUNE_G003,2025-04-29,2025,4,29,119,18.75,73.75,0.0
PUNE_G003,2025-04-30,2025,4,30,120,18.75,73.75,0.0
PUNE_G003,2025-05-01,2025,5,1,121,18.75,73.75,0.0
PUNE_G003,2025-05-02,2025,5,2,122,18.75,73.75,0.0
PUNE_G003,2025-05-03,2025,5,3,123,18.75,73.75,0.0
PUNE_G003,2025-05-04,2025,5,4,124,18.75,73.75,0.0
PUNE_G003,2025-05-05,2025,5,5,125,18.75,73.75,0.0
PUNE_G003,2025-05-06,2025,5,6,126,18.75,73.75,0.0
PUNE_G003,2025-05-07,2025,5,7,127,18.75,73.75,0.0
PUNE_G003,2025-05-08,2025,5,8,128,18.75,73.75,0.417723149061203
PUNE_G003,2025-05-09,2025,5,9,129,18.75,73.75,0.0
PUNE_G003,2025-05-10,2025,5,10,130,18.75,73.75,2.1071786880493164
PUNE_G003,2025-05-11,2025,5,11,131,18.75,73.75,0.0
PUNE_G003,2025-05-12,2025,5,12,132,18.75,73.75,0.0
PUNE_G003,2025-05-13,2025,5,13,133,18.75,73.75,2.9617702960968018
PUNE_G003,2025-05-14,2025,5,14,134,18.75,73.75,25.054046630859375
PUNE_G003,2025-05-15,2025,5,15,135,18.75,73.75,0.1392410546541214
PUNE_G003,2025-05-16,2025,5,16,136,18.75,73.75,3.5179970264434814
PUNE_G003,2025-05-17,2025,5,17,137,18.75,73.75,26.4501895904541
PUNE_G003,2025-05-18,2025,5,18,138,18.75,73.75,0.1392410546541214
PUNE_G003,2025-05-19,2025,5,19,139,18.75,73.75,2.7674055099487305
PUNE_G003,2025-05-20,2025,5,20,140,18.75,73.75,15.146928787231445
PUNE_G003,2025-05-21,2025,5,21,141,18.75,73.75,40.48921585083008
PUNE_G003,2025-05-22,2025,5,22,142,18.75,73.75,5.1737751960754395
PUNE_G003,2025-05-23,2025,5,23,143,18.75,73.75,9.519905090332031
PUNE_G003,2025-05-24,2025,5,24,144,18.75,73.75,2.1571500301361084
PUNE_G003,2025-05-25,2025,5,25,145,18.75,73.75,7.91136360168457
PUNE_G003,2025-05-26,2025,5,26,146,18.75,73.75,37.48662567138672
PUNE_G003,2025-05-27,2025,5,27,147,18.75,73.75,33.444969177246094
PUNE_G003,2025-05-28,2025,5,28,148,18.75,73.75,14.364812850952148
PUNE_G003,2025-05-29,2025,5,29,149,18.75,73.75,7.146254539489746
PUNE_G003,2025-05-30,2025,5,30,150,18.75,73.75,0.0
PUNE_G003,2025-05-31,2025,5,31,151,18.75,73.75,0.0
PUNE_G003,2025-06-01,2025,6,1,152,18.75,73.75,0.0
PUNE_G003,2025-06-02,2025,6,2,153,18.75,73.75,6.000967502593994
PUNE_G003,2025-06-03,2025,6,3,154,18.75,73.75,0.0
PUNE_G003,2025-06-04,2025,6,4,155,18.75,73.75,0.0
PUNE_G003,2025-06-05,2025,6,5,156,18.75,73.75,9.12000846862793
PUNE_G003,2025-06-06,2025,6,6,157,18.75,73.75,0.0
PUNE_G003,2025-06-07,2025,6,7,158,18.75,73.75,20.798076629638672
PUNE_G003,2025-06-08,2025,6,8,159,18.75,73.75,1.0553228855133057
PUNE_G003,2025-06-09,2025,6,9,160,18.75,73.75,0.0
PUNE_G003,2025-06-10,2025,6,10,161,18.75,73.75,0.0
PUNE_G003,2025-06-11,2025,6,11,162,18.75,73.75,0.0
PUNE_G003,2025-06-12,2025,6,12,163,18.75,73.75,2.229954719543457
PUNE_G003,2025-06-13,2025,6,13,164,18.75,73.75,20.14449691772461
PUNE_G003,2025-06-14,2025,6,14,165,18.75,73.75,47.840492248535156
PUNE_G003,2025-06-15,2025,6,15,166,18.75,73.75,9.396763801574707
PUNE_G003,2025-06-16,2025,6,16,167,18.75,73.75,15.276729583740234
PUNE_G003,2025-06-17,2025,6,17,168,18.75,73.75,18.77546501159668
PUNE_G003,2025-06-18,2025,6,18,169,18.75,73.75,4.512297630310059
PUNE_G003,2025-06-19,2025,6,19,170,18.75,73.75,25.21784019470215
PUNE_G003,2025-06-20,2025,6,20,171,18.75,73.75,58.89299392700195
PUNE_G003,2025-06-21,2025,6,21,172,18.75,73.75,4.958121299743652
PUNE_G003,2025-06-22,2025,6,22,173,18.75,73.75,2.4724318981170654
PUNE_G003,2025-06-23,2025,6,23,174,18.75,73.75,1.2032257318496704
PUNE_G003,2025-06-24,2025,6,24,175,18.75,73.75,22.712261199951172
PUNE_G003,2025-06-25,2025,6,25,176,18.75,73.75,4.524240970611572
PUNE_G003,2025-06-26,2025,6,26,177,18.75,73.75,0.2506338953971863
PUNE_G003,2025-06-27,2025,6,27,178,18.75,73.75,7.619838714599609
PUNE_G003,2025-06-28,2025,6,28,179,18.75,73.75,4.429430961608887
PUNE_G003,2025-06-29,2025,6,29,180,18.75,73.75,3.3169772624969482
PUNE_G003,2025-06-30,2025,6,30,181,18.75,73.75,3.260655641555786
PUNE_G003,2025-07-01,2025,7,1,182,18.75,73.75,8.38697338104248
PUNE_G003,2025-07-02,2025,7,2,183,18.75,73.75,7.653233051300049
PUNE_G003,2025-07-03,2025,7,3,184,18.75,73.75,13.57034969329834
PUNE_G003,2025-07-04,2025,7,4,185,18.75,73.75,5.4812774658203125
PUNE_G003,2025-07-05,2025,7,5,186,18.75,73.75,5.369746208190918
PUNE_G003,2025-07-06,2025,7,6,187,18.75,73.75,8.482686042785645
PUNE_G003,2025-07-07,2025,7,7,188,18.75,73.75,15.572020530700684
PUNE_G003,2025-07-08,2025,7,8,189,18.75,73.75,7.3687968254089355
PUNE_G003,2025-07-09,2025,7,9,190,18.75,73.75,0.2423456609249115
PUNE_G003,2025-07-10,2025,7,10,191,18.75,73.75,10.339800834655762
PUNE_G003,2025-07-11,2025,7,11,192,18.75,73.75,0.0
PUNE_G003,2025-07-12,2025,7,12,193,18.75,73.75,2.1917946338653564
PUNE_G003,2025-07-13,2025,7,13,194,18.75,73.75,1.4534034729003906
PUNE_G003,2025-07-14,2025,7,14,195,18.75,73.75,0.4020134508609772
PUNE_G003,2025-07-15,2025,7,15,196,18.75,73.75,6.8543620109558105
PUNE_G003,2025-07-16,2025,7,16,197,18.75,73.75,2.261000394821167
PUNE_G003,2025-07-17,2025,7,17,198,18.75,73.75,0.0
PUNE_G003,2025-07-18,2025,7,18,199,18.75,73.75,0.0
PUNE_G003,2025-07-19,2025,7,19,200,18.75,73.75,0.0
PUNE_G003,2025-07-20,2025,7,20,201,18.75,73.75,0.25224655866622925
PUNE_G003,2025-07-21,2025,7,21,202,18.75,73.75,0.34470435976982117
PUNE_G003,2025-07-22,2025,7,22,203,18.75,73.75,0.5569642186164856
PUNE_G003,2025-07-23,2025,7,23,204,18.75,73.75,3.0603487491607666
PUNE_G003,2025-07-24,2025,7,24,205,18.75,73.75,4.825387477874756
PUNE_G003,2025-07-25,2025,7,25,206,18.75,73.75,5.829041481018066
PUNE_G003,2025-07-26,2025,7,26,207,18.75,73.75,30.56528091430664
PUNE_G003,2025-07-27,2025,7,27,208,18.75,73.75,8.428657531738281
PUNE_G003,2025-07-28,2025,7,28,209,18.75,73.75,6.018749237060547
PUNE_G003,2025-07-29,2025,7,29,210,18.75,73.75,5.259459495544434
PUNE_G003,2025-07-30,2025,7,30,211,18.75,73.75,5.050987720489502
PUNE_G003,2025-07-31,2025,7,31,212,18.75,73.75,0.8040269017219543
PUNE_G003,2025-08-01,2025,8,1,213,18.75,73.75,2.7806644439697266
PUNE_G003,2025-08-02,2025,8,2,214,18.75,73.75,0.2882620692253113
PUNE_G003,2025-08-03,2025,8,3,215,18.75,73.75,0.31834790110588074
PUNE_G003,2025-08-04,2025,8,4,216,18.75,73.75,0.1392410546541214
PUNE_G003,2025-08-05,2025,8,5,217,18.75,73.75,0.0
PUNE_G003,2025-08-06,2025,8,6,218,18.75,73.75,0.0
PUNE_G003,2025-08-07,2025,8,7,219,18.75,73.75,0.0
PUNE_G003,2025-08-08,2025,8,8,220,18.75,73.75,0.0
PUNE_G003,2025-08-09,2025,8,9,221,18.75,73.75,0.34038734436035156
PUNE_G003,2025-08-10,2025,8,10,222,18.75,73.75,1.2403223514556885
PUNE_G003,2025-08-11,2025,8,11,223,18.75,73.75,0.0
PUNE_G003,2025-08-12,2025,8,12,224,18.75,73.75,0.1710604876279831
PUNE_G003,2025-08-13,2025,8,13,225,18.75,73.75,0.2784821093082428
PUNE_G003,2025-08-14,2025,8,14,226,18.75,73.75,0.417723149061203
PUNE_G003,2025-08-15,2025,8,15,227,18.75,73.75,1.1139284372329712
PUNE_G003,2025-08-16,2025,8,16,228,18.75,73.75,0.4643854796886444
PUNE_G003,2025-08-17,2025,8,17,229,18.75,73.75,4.685212135314941
PUNE_G003,2025-08-18,2025,8,18,230,18.75,73.75,2.811169385910034
PUNE_G003,2025-08-19,2025,8,19,231,18.75,73.75,13.252532958984375
PUNE_G003,2025-08-20,2025,8,20,232,18.75,73.75,76.158447265625
PUNE_G003,2025-08-21,2025,8,21,233,18.75,73.75,15.73139762878418
PUNE_G003,2025-08-22,2025,8,22,234,18.75,73.75,3.009042501449585
PUNE_G003,2025-08-23,2025,8,23,235,18.75,73.75,8.605573654174805
PUNE_G003,2025-08-24,2025,8,24,236,18.75,73.75,3.6699697971343994
PUNE_G003,2025-08-25,2025,8,25,237,18.75,73.75,5.286358833312988
PUNE_G003,2025-08-26,2025,8,26,238,18.75,73.75,2.03096079826355
PUNE_G003,2025-08-27,2025,8,27,239,18.75,73.75,0.8378047943115234
PUNE_G003,2025-08-28,2025,8,28,240,18.75,73.75,1.1199123859405518
PUNE_G003,2025-08-29,2025,8,29,241,18.75,73.75,4.321245193481445
PUNE_G003,2025-08-30,2025,8,30,242,18.75,73.75,2.0981626510620117
PUNE_G003,2025-08-31,2025,8,31,243,18.75,73.75,0.2153642475605011
PUNE_G003,2025-09-01,2025,9,1,244,18.75,73.75,0.8024142384529114
PUNE_G003,2025-09-02,2025,9,2,245,18.75,73.75,0.9491976499557495
PUNE_G003,2025-09-03,2025,9,3,246,18.75,73.75,1.6849336624145508
PUNE_G003,2025-09-04,2025,9,4,247,18.75,73.75,0.0
PUNE_G003,2025-09-05,2025,9,5,248,18.75,73.75,0.6962052583694458
PUNE_G003,2025-09-06,2025,9,6,249,18.75,73.75,1.673789143562317
PUNE_G003,2025-09-07,2025,9,7,250,18.75,73.75,0.3111683428287506
PUNE_G003,2025-09-08,2025,9,8,251,18.75,73.75,1.5885310173034668
PUNE_G003,2025-09-09,2025,9,9,252,18.75,73.75,0.1768692433834076
PUNE_G003,2025-09-10,2025,9,10,253,18.75,73.75,0.0
PUNE_G003,2025-09-11,2025,9,11,254,18.75,73.75,0.0
PUNE_G003,2025-09-12,2025,9,12,255,18.75,73.75,0.0
PUNE_G003,2025-09-13,2025,9,13,256,18.75,73.75,3.3865370750427246
PUNE_G003,2025-09-14,2025,9,14,257,18.75,73.75,7.491179943084717
PUNE_G003,2025-09-15,2025,9,15,258,18.75,73.75,33.74557113647461
PUNE_G003,2025-09-16,2025,9,16,259,18.75,73.75,6.739203453063965
PUNE_G003,2025-09-17,2025,9,17,260,18.75,73.75,11.706657409667969
PUNE_G003,2025-09-18,2025,9,18,261,18.75,73.75,1.6860486268997192
PUNE_G003,2025-09-19,2025,9,19,262,18.75,73.75,24.85352325439453
PUNE_G003,2025-09-20,2025,9,20,263,18.75,73.75,0.2480504810810089
PUNE_G003,2025-09-21,2025,9,21,264,18.75,73.75,1.8814094066619873
PUNE_G003,2025-09-22,2025,9,22,265,18.75,73.75,0.11461818963289261
PUNE_G003,2025-09-23,2025,9,23,266,18.75,73.75,13.737848281860352
PUNE_G003,2025-09-24,2025,9,24,267,18.75,73.75,0.1334322839975357
PUNE_G003,2025-09-25,2025,9,25,268,18.75,73.75,0.11461818963289261
PUNE_G003,2025-09-26,2025,9,26,269,18.75,73.75,1.1664738655090332
PUNE_G003,2025-09-27,2025,9,27,270,18.75,73.75,6.340667724609375
PUNE_G003,2025-09-28,2025,9,28,271,18.75,73.75,54.70344924926758
PUNE_G003,2025-09-29,2025,9,29,272,18.75,73.75,18.80629539489746
PUNE_G003,2025-09-30,2025,9,30,273,18.75,73.75,1.438270926475525
PUNE_G003,2025-10-01,2025,10,1,274,18.75,73.75,0.1768692433834076
PUNE_G003,2025-10-02,2025,10,2,275,18.75,73.75,0.0
PUNE_G003,2025-10-03,2025,10,3,276,18.75,73.75,0.1392410546541214
PUNE_G003,2025-10-04,2025,10,4,277,18.75,73.75,0.0
PUNE_G003,2025-10-05,2025,10,5,278,18.75,73.75,0.0
PUNE_G003,2025-10-06,2025,10,6,279,18.75,73.75,0.0
PUNE_G003,2025-10-07,2025,10,7,280,18.75,73.75,0.0
PUNE_G003,2025-10-08,2025,10,8,281,18.75,73.75,0.0
PUNE_G003,2025-10-09,2025,10,9,282,18.75,73.75,2.2953195571899414
PUNE_G003,2025-10-10,2025,10,10,283,18.75,73.75,0.0
PUNE_G003,2025-10-11,2025,10,11,284,18.75,73.75,0.0
PUNE_G003,2025-10-12,2025,10,12,285,18.75,73.75,0.0
PUNE_G003,2025-10-13,2025,10,13,286,18.75,73.75,0.0
PUNE_G003,2025-10-14,2025,10,14,287,18.75,73.75,0.0
PUNE_G003,2025-10-15,2025,10,15,288,18.75,73.75,0.0
PUNE_G003,2025-10-16,2025,10,16,289,18.75,73.75,3.190295934677124
PUNE_G003,2025-10-17,2025,10,17,290,18.75,73.75,0.1719272881746292
PUNE_G003,2025-10-18,2025,10,18,291,18.75,73.75,0.0
PUNE_G003,2025-10-19,2025,10,19,292,18.75,73.75,0.0
PUNE_G003,2025-10-20,2025,10,20,293,18.75,73.75,0.0
PUNE_G003,2025-10-21,2025,10,21,294,18.75,73.75,0.0
PUNE_G003,2025-10-22,2025,10,22,295,18.75,73.75,1.8352776765823364
PUNE_G003,2025-10-23,2025,10,23,296,18.75,73.75,0.0
PUNE_G003,2025-10-24,2025,10,24,297,18.75,73.75,7.3549699783325195
PUNE_G003,2025-10-25,2025,10,25,298,18.75,73.75,0.22923637926578522
PUNE_G003,2025-10-26,2025,10,26,299,18.75,73.75,0.0
PUNE_G003,2025-10-27,2025,10,27,300,18.75,73.75,10.713629722595215
PUNE_G003,2025-10-28,2025,10,28,301,18.75,73.75,15.249751091003418
PUNE_G003,2025-10-29,2025,10,29,302,18.75,73.75,0.0
PUNE_G003,2025-10-30,2025,10,30,303,18.75,73.75,4.060115337371826
PUNE_G003,2025-10-31,2025,10,31,304,18.75,73.75,12.27818489074707
PUNE_G003,2025-11-01,2025,11,1,305,18.75,73.75,2.2417209148406982
PUNE_G003,2025-11-02,2025,11,2,306,18.75,73.75,0.7308871746063232
PUNE_G003,2025-11-03,2025,11,3,307,18.75,73.75,0.0
PUNE_G003,2025-11-04,2025,11,4,308,18.75,73.75,0.0
PUNE_G003,2025-11-05,2025,11,5,309,18.75,73.75,0.0
PUNE_G003,2025-11-06,2025,11,6,310,18.75,73.75,0.0
PUNE_G003,2025-11-07,2025,11,7,311,18.75,73.75,0.0
PUNE_G003,2025-11-08,2025,11,8,312,18.75,73.75,0.0
PUNE_G003,2025-11-09,2025,11,9,313,18.75,73.75,0.0
PUNE_G003,2025-11-10,2025,11,10,314,18.75,73.75,0.0
PUNE_G003,2025-11-11,2025,11,11,315,18.75,73.75,0.0
PUNE_G003,2025-11-12,2025,11,12,316,18.75,73.75,0.0
PUNE_G003,2025-11-13,2025,11,13,317,18.75,73.75,0.0
PUNE_G003,2025-11-14,2025,11,14,318,18.75,73.75,0.0
PUNE_G003,2025-11-15,2025,11,15,319,18.75,73.75,0.0
PUNE_G003,2025-11-16,2025,11,16,320,18.75,73.75,0.0
PUNE_G003,2025-11-17,2025,11,17,321,18.75,73.75,0.0
PUNE_G003,2025-11-18,2025,11,18,322,18.75,73.75,0.0
PUNE_G003,2025-11-19,2025,11,19,323,18.75,73.75,0.0
PUNE_G003,2025-11-20,2025,11,20,324,18.75,73.75,0.0
PUNE_G003,2025-11-21,2025,11,21,325,18.75,73.75,0.0
PUNE_G003,2025-11-22,2025,11,22,326,18.75,73.75,0.0
PUNE_G003,2025-11-23,2025,11,23,327,18.75,73.75,0.0
PUNE_G003,2025-11-24,2025,11,24,328,18.75,73.75,0.0
PUNE_G003,2025-11-25,2025,11,25,329,18.75,73.75,0.0
PUNE_G003,2025-11-26,2025,11,26,330,18.75,73.75,0.0
PUNE_G003,2025-11-27,2025,11,27,331,18.75,73.75,0.0
PUNE_G003,2025-11-28,2025,11,28,332,18.75,73.75,0.0
PUNE_G003,2025-11-29,2025,11,29,333,18.75,73.75,0.0
PUNE_G003,2025-11-30,2025,11,30,334,18.75,73.75,0.0
PUNE_G003,2025-12-01,2025,12,1,335,18.75,73.75,0.0
PUNE_G003,2025-12-02,2025,12,2,336,18.75,73.75,0.0
PUNE_G003,2025-12-03,2025,12,3,337,18.75,73.75,0.0
PUNE_G003,2025-12-04,2025,12,4,338,18.75,73.75,0.0
PUNE_G003,2025-12-05,2025,12,5,339,18.75,73.75,0.0
PUNE_G003,2025-12-06,2025,12,6,340,18.75,73.75,0.0
PUNE_G003,2025-12-07,2025,12,7,341,18.75,73.75,0.0
PUNE_G003,2025-12-08,2025,12,8,342,18.75,73.75,0.0
PUNE_G003,2025-12-09,2025,12,9,343,18.75,73.75,0.0
PUNE_G003,2025-12-10,2025,12,10,344,18.75,73.75,0.0
PUNE_G003,2025-12-11,2025,12,11,345,18.75,73.75,0.0
PUNE_G003,2025-12-12,2025,12,12,346,18.75,73.75,0.0
PUNE_G003,2025-12-13,2025,12,13,347,18.75,73.75,0.0
PUNE_G003,2025-12-14,2025,12,14,348,18.75,73.75,0.0
PUNE_G003,2025-12-15,2025,12,15,349,18.75,73.75,0.0
PUNE_G003,2025-12-16,2025,12,16,350,18.75,73.75,0.0
PUNE_G003,2025-12-17,2025,12,17,351,18.75,73.75,0.0
PUNE_G003,2025-12-18,2025,12,18,352,18.75,73.75,0.0
PUNE_G003,2025-12-19,2025,12,19,353,18.75,73.75,0.0
PUNE_G003,2025-12-20,2025,12,20,354,18.75,73.75,0.0
PUNE_G003,2025-12-21,2025,12,21,355,18.75,73.75,0.0
PUNE_G003,2025-12-22,2025,12,22,356,18.75,73.75,0.0
PUNE_G003,2025-12-23,2025,12,23,357,18.75,73.75,0.0
PUNE_G003,2025-12-24,2025,12,24,358,18.75,73.75,0.0
PUNE_G003,2025-12-25,2025,12,25,359,18.75,73.75,0.0
PUNE_G003,2025-12-26,2025,12,26,360,18.75,73.75,0.0
PUNE_G003,2025-12-27,2025,12,27,361,18.75,73.75,0.0
PUNE_G003,2025-12-28,2025,12,28,362,18.75,73.75,0.0
PUNE_G003,2025-12-29,2025,12,29,363,18.75,73.75,0.0
PUNE_G003,2025-12-30,2025,12,30,364,18.75,73.75,0.0
PUNE_G003,2025-12-31,2025,12,31,365,18.75,73.75,0.0
PUNE_G004,2015-01-01,2015,1,1,1,18.75,74.0,0.0
PUNE_G004,2015-01-02,2015,1,2,2,18.75,74.0,0.0
PUNE_G004,2015-01-03,2015,1,3,3,18.75,74.0,0.0
PUNE_G004,2015-01-04,2015,1,4,4,18.75,74.0,0.0
PUNE_G004,2015-01-05,2015,1,5,5,18.75,74.0,0.0
PUNE_G004,2015-01-06,2015,1,6,6,18.75,74.0,0.0
PUNE_G004,2015-01-07,2015,1,7,7,18.75,74.0,0.0
PUNE_G004,2015-01-08,2015,1,8,8,18.75,74.0,0.0
PUNE_G004,2015-01-09,2015,1,9,9,18.75,74.0,0.0
PUNE_G004,2015-01-10,2015,1,10,10,18.75,74.0,0.0
PUNE_G004,2015-01-11,2015,1,11,11,18.75,74.0,0.0
PUNE_G004,2015-01-12,2015,1,12,12,18.75,74.0,0.0
PUNE_G004,2015-01-13,2015,1,13,13,18.75,74.0,0.0
PUNE_G004,2015-01-14,2015,1,14,14,18.75,74.0,0.0
PUNE_G004,2015-01-15,2015,1,15,15,18.75,74.0,0.0
PUNE_G004,2015-01-16,2015,1,16,16,18.75,74.0,0.0
PUNE_G004,2015-01-17,2015,1,17,17,18.75,74.0,0.0
PUNE_G004,2015-01-18,2015,1,18,18,18.75,74.0,0.0
PUNE_G004,2015-01-19,2015,1,19,19,18.75,74.0,0.0
PUNE_G004,2015-01-20,2015,1,20,20,18.75,74.0,0.0
PUNE_G004,2015-01-21,2015,1,21,21,18.75,74.0,0.0
PUNE_G004,2015-01-22,2015,1,22,22,18.75,74.0,0.0
PUNE_G004,2015-01-23,2015,1,23,23,18.75,74.0,0.0
PUNE_G004,2015-01-24,2015,1,24,24,18.75,74.0,0.0
PUNE_G004,2015-01-25,2015,1,25,25,18.75,74.0,0.0
PUNE_G004,2015-01-26,2015,1,26,26,18.75,74.0,0.0
PUNE_G004,2015-01-27,2015,1,27,27,18.75,74.0,0.0
PUNE_G004,2015-01-28,2015,1,28,28,18.75,74.0,0.0
PUNE_G004,2015-01-29,2015,1,29,29,18.75,74.0,0.0
PUNE_G004,2015-01-30,2015,1,30,30,18.75,74.0,0.0
PUNE_G004,2015-01-31,2015,1,31,31,18.75,74.0,0.0
PUNE_G004,2015-02-01,2015,2,1,32,18.75,74.0,0.0
PUNE_G004,2015-02-02,2015,2,2,33,18.75,74.0,0.0
PUNE_G004,2015-02-03,2015,2,3,34,18.75,74.0,0.0
PUNE_G004,2015-02-04,2015,2,4,35,18.75,74.0,0.0
PUNE_G004,2015-02-05,2015,2,5,36,18.75,74.0,0.0
PUNE_G004,2015-02-06,2015,2,6,37,18.75,74.0,0.0
PUNE_G004,2015-02-07,2015,2,7,38,18.75,74.0,0.0
PUNE_G004,2015-02-08,2015,2,8,39,18.75,74.0,0.0
PUNE_G004,2015-02-09,2015,2,9,40,18.75,74.0,0.0
PUNE_G004,2015-02-10,2015,2,10,41,18.75,74.0,0.0
PUNE_G004,2015-02-11,2015,2,11,42,18.75,74.0,0.0
PUNE_G004,2015-02-12,2015,2,12,43,18.75,74.0,0.0
PUNE_G004,2015-02-13,2015,2,13,44,18.75,74.0,0.0
PUNE_G004,2015-02-14,2015,2,14,45,18.75,74.0,0.0
PUNE_G004,2015-02-15,2015,2,15,46,18.75,74.0,0.0
PUNE_G004,2015-02-16,2015,2,16,47,18.75,74.0,0.0
PUNE_G004,2015-02-17,2015,2,17,48,18.75,74.0,0.0
PUNE_G004,2015-02-18,2015,2,18,49,18.75,74.0,0.0
PUNE_G004,2015-02-19,2015,2,19,50,18.75,74.0,0.0
PUNE_G004,2015-02-20,2015,2,20,51,18.75,74.0,0.0
PUNE_G004,2015-02-21,2015,2,21,52,18.75,74.0,0.0
PUNE_G004,2015-02-22,2015,2,22,53,18.75,74.0,0.0
PUNE_G004,2015-02-23,2015,2,23,54,18.75,74.0,0.0
PUNE_G004,2015-02-24,2015,2,24,55,18.75,74.0,0.0
PUNE_G004,2015-02-25,2015,2,25,56,18.75,74.0,0.0
PUNE_G004,2015-02-26,2015,2,26,57,18.75,74.0,0.0
PUNE_G004,2015-02-27,2015,2,27,58,18.75,74.0,0.0
PUNE_G004,2015-02-28,2015,2,28,59,18.75,74.0,0.0
PUNE_G004,2015-03-01,2015,3,1,60,18.75,74.0,33.253456115722656
PUNE_G004,2015-03-02,2015,3,2,61,18.75,74.0,12.379316329956055
PUNE_G004,2015-03-03,2015,3,3,62,18.75,74.0,0.0
PUNE_G004,2015-03-04,2015,3,4,63,18.75,74.0,0.0
PUNE_G004,2015-03-05,2015,3,5,64,18.75,74.0,0.0
PUNE_G004,2015-03-06,2015,3,6,65,18.75,74.0,0.0
PUNE_G004,2015-03-07,2015,3,7,66,18.75,74.0,0.0
PUNE_G004,2015-03-08,2015,3,8,67,18.75,74.0,0.0
PUNE_G004,2015-03-09,2015,3,9,68,18.75,74.0,0.0
PUNE_G004,2015-03-10,2015,3,10,69,18.75,74.0,0.0
PUNE_G004,2015-03-11,2015,3,11,70,18.75,74.0,1.096123456954956
PUNE_G004,2015-03-12,2015,3,12,71,18.75,74.0,0.0
PUNE_G004,2015-03-13,2015,3,13,72,18.75,74.0,0.0
PUNE_G004,2015-03-14,2015,3,14,73,18.75,74.0,1.2356061935424805
PUNE_G004,2015-03-15,2015,3,15,74,18.75,74.0,1.5263370275497437
PUNE_G004,2015-03-16,2015,3,16,75,18.75,74.0,0.0
PUNE_G004,2015-03-17,2015,3,17,76,18.75,74.0,0.0
PUNE_G004,2015-03-18,2015,3,18,77,18.75,74.0,0.0
PUNE_G004,2015-03-19,2015,3,19,78,18.75,74.0,0.0
PUNE_G004,2015-03-20,2015,3,20,79,18.75,74.0,0.0
PUNE_G004,2015-03-21,2015,3,21,80,18.75,74.0,0.0
PUNE_G004,2015-03-22,2015,3,22,81,18.75,74.0,0.0
PUNE_G004,2015-03-23,2015,3,23,82,18.75,74.0,0.0
PUNE_G004,2015-03-24,2015,3,24,83,18.75,74.0,0.0
PUNE_G004,2015-03-25,2015,3,25,84,18.75,74.0,0.0
PUNE_G004,2015-03-26,2015,3,26,85,18.75,74.0,0.0
PUNE_G004,2015-03-27,2015,3,27,86,18.75,74.0,0.0
PUNE_G004,2015-03-28,2015,3,28,87,18.75,74.0,0.0
PUNE_G004,2015-03-29,2015,3,29,88,18.75,74.0,0.5333845019340515
PUNE_G004,2015-03-30,2015,3,30,89,18.75,74.0,4.006929874420166
PUNE_G004,2015-03-31,2015,3,31,90,18.75,74.0,0.0
PUNE_G004,2015-04-01,2015,4,1,91,18.75,74.0,0.0
PUNE_G004,2015-04-02,2015,4,2,92,18.75,74.0,0.0
PUNE_G004,2015-04-03,2015,4,3,93,18.75,74.0,0.0
PUNE_G004,2015-04-04,2015,4,4,94,18.75,74.0,0.0
PUNE_G004,2015-04-05,2015,4,5,95,18.75,74.0,0.0
PUNE_G004,2015-04-06,2015,4,6,96,18.75,74.0,0.0
PUNE_G004,2015-04-07,2015,4,7,97,18.75,74.0,0.0
PUNE_G004,2015-04-08,2015,4,8,98,18.75,74.0,0.0
PUNE_G004,2015-04-09,2015,4,9,99,18.75,74.0,0.0
PUNE_G004,2015-04-10,2015,4,10,100,18.75,74.0,0.0
PUNE_G004,2015-04-11,2015,4,11,101,18.75,74.0,0.0
PUNE_G004,2015-04-12,2015,4,12,102,18.75,74.0,0.9080719947814941
PUNE_G004,2015-04-13,2015,4,13,103,18.75,74.0,2.434871196746826
PUNE_G004,2015-04-14,2015,4,14,104,18.75,74.0,0.0
PUNE_G004,2015-04-15,2015,4,15,105,18.75,74.0,0.8594216704368591
PUNE_G004,2015-04-16,2015,4,16,106,18.75,74.0,0.0
PUNE_G004,2015-04-17,2015,4,17,107,18.75,74.0,7.204012870788574
PUNE_G004,2015-04-18,2015,4,18,108,18.75,74.0,0.0
PUNE_G004,2015-04-19,2015,4,19,109,18.75,74.0,0.0
PUNE_G004,2015-04-20,2015,4,20,110,18.75,74.0,0.0
PUNE_G004,2015-04-21,2015,4,21,111,18.75,74.0,0.0
PUNE_G004,2015-04-22,2015,4,22,112,18.75,74.0,1.184529185295105
PUNE_G004,2015-04-23,2015,4,23,113,18.75,74.0,0.0
PUNE_G004,2015-04-24,2015,4,24,114,18.75,74.0,0.0
PUNE_G004,2015-04-25,2015,4,25,115,18.75,74.0,0.0
PUNE_G004,2015-04-26,2015,4,26,116,18.75,74.0,0.0
PUNE_G004,2015-04-27,2015,4,27,117,18.75,74.0,0.0
PUNE_G004,2015-04-28,2015,4,28,118,18.75,74.0,0.0
PUNE_G004,2015-04-29,2015,4,29,119,18.75,74.0,0.0
PUNE_G004,2015-04-30,2015,4,30,120,18.75,74.0,0.0
PUNE_G004,2015-05-01,2015,5,1,121,18.75,74.0,0.0
PUNE_G004,2015-05-02,2015,5,2,122,18.75,74.0,0.0
PUNE_G004,2015-05-03,2015,5,3,123,18.75,74.0,0.0
PUNE_G004,2015-05-04,2015,5,4,124,18.75,74.0,0.0
PUNE_G004,2015-05-05,2015,5,5,125,18.75,74.0,0.0
PUNE_G004,2015-05-06,2015,5,6,126,18.75,74.0,2.1236062049865723
PUNE_G004,2015-05-07,2015,5,7,127,18.75,74.0,0.0
PUNE_G004,2015-05-08,2015,5,8,128,18.75,74.0,0.0
PUNE_G004,2015-05-09,2015,5,9,129,18.75,74.0,0.0
PUNE_G004,2015-05-10,2015,5,10,130,18.75,74.0,0.3269795775413513
PUNE_G004,2015-05-11,2015,5,11,131,18.75,74.0,0.0
PUNE_G004,2015-05-12,2015,5,12,132,18.75,74.0,0.0
PUNE_G004,2015-05-13,2015,5,13,133,18.75,74.0,0.0
PUNE_G004,2015-05-14,2015,5,14,134,18.75,74.0,35.668373107910156
PUNE_G004,2015-05-15,2015,5,15,135,18.75,74.0,0.0
PUNE_G004,2015-05-16,2015,5,16,136,18.75,74.0,3.476417064666748
PUNE_G004,2015-05-17,2015,5,17,137,18.75,74.0,0.39975497126579285
PUNE_G004,2015-05-18,2015,5,18,138,18.75,74.0,0.0
PUNE_G004,2015-05-19,2015,5,19,139,18.75,74.0,0.0
PUNE_G004,2015-05-20,2015,5,20,140,18.75,74.0,0.0
PUNE_G004,2015-05-21,2015,5,21,141,18.75,74.0,0.0
PUNE_G004,2015-05-22,2015,5,22,142,18.75,74.0,0.0
PUNE_G004,2015-05-23,2015,5,23,143,18.75,74.0,0.0
PUNE_G004,2015-05-24,2015,5,24,144,18.75,74.0,0.0
PUNE_G004,2015-05-25,2015,5,25,145,18.75,74.0,0.0
PUNE_G004,2015-05-26,2015,5,26,146,18.75,74.0,0.0
PUNE_G004,2015-05-27,2015,5,27,147,18.75,74.0,0.0
PUNE_G004,2015-05-28,2015,5,28,148,18.75,74.0,0.0
PUNE_G004,2015-05-29,2015,5,29,149,18.75,74.0,0.0
PUNE_G004,2015-05-30,2015,5,30,150,18.75,74.0,1.471374273300171
PUNE_G004,2015-05-31,2015,5,31,151,18.75,74.0,0.0
PUNE_G004,2015-06-01,2015,6,1,152,18.75,74.0,0.0
PUNE_G004,2015-06-02,2015,6,2,153,18.75,74.0,0.0
PUNE_G004,2015-06-03,2015,6,3,154,18.75,74.0,0.0
PUNE_G004,2015-06-04,2015,6,4,155,18.75,74.0,0.0
PUNE_G004,2015-06-05,2015,6,5,156,18.75,74.0,13.721702575683594
PUNE_G004,2015-06-06,2015,6,6,157,18.75,74.0,9.753949165344238
PUNE_G004,2015-06-07,2015,6,7,158,18.75,74.0,0.0
PUNE_G004,2015-06-08,2015,6,8,159,18.75,74.0,19.499528884887695
PUNE_G004,2015-06-09,2015,6,9,160,18.75,74.0,20.455825805664062
PUNE_G004,2015-06-10,2015,6,10,161,18.75,74.0,5.708055019378662
PUNE_G004,2015-06-11,2015,6,11,162,18.75,74.0,0.8718668222427368
PUNE_G004,2015-06-12,2015,6,12,163,18.75,74.0,10.489302635192871
PUNE_G004,2015-06-13,2015,6,13,164,18.75,74.0,0.0
PUNE_G004,2015-06-14,2015,6,14,165,18.75,74.0,1.4531114101409912
PUNE_G004,2015-06-15,2015,6,15,166,18.75,74.0,0.5117731094360352
PUNE_G004,2015-06-16,2015,6,16,167,18.75,74.0,3.1935267448425293
PUNE_G004,2015-06-17,2015,6,17,168,18.75,74.0,0.0
PUNE_G004,2015-06-18,2015,6,18,169,18.75,74.0,0.0
PUNE_G004,2015-06-19,2015,6,19,170,18.75,74.0,1.7660175561904907
PUNE_G004,2015-06-20,2015,6,20,171,18.75,74.0,2.4912235736846924
PUNE_G004,2015-06-21,2015,6,21,172,18.75,74.0,1.56461501121521
PUNE_G004,2015-06-22,2015,6,22,173,18.75,74.0,39.52590560913086
PUNE_G004,2015-06-23,2015,6,23,174,18.75,74.0,5.248218059539795
PUNE_G004,2015-06-24,2015,6,24,175,18.75,74.0,33.02092361450195
PUNE_G004,2015-06-25,2015,6,25,176,18.75,74.0,2.8225512504577637
PUNE_G004,2015-06-26,2015,6,26,177,18.75,74.0,0.0
PUNE_G004,2015-06-27,2015,6,27,178,18.75,74.0,0.0
PUNE_G004,2015-06-28,2015,6,28,179,18.75,74.0,0.0
PUNE_G004,2015-06-29,2015,6,29,180,18.75,74.0,0.12268190085887909
PUNE_G004,2015-06-30,2015,6,30,181,18.75,74.0,0.6973622441291809
PUNE_G004,2015-07-01,2015,7,1,182,18.75,74.0,0.32707223296165466
PUNE_G004,2015-07-02,2015,7,2,183,18.75,74.0,0.0
PUNE_G004,2015-07-03,2015,7,3,184,18.75,74.0,0.0
PUNE_G004,2015-07-04,2015,7,4,185,18.75,74.0,0.0
PUNE_G004,2015-07-05,2015,7,5,186,18.75,74.0,0.0
PUNE_G004,2015-07-06,2015,7,6,187,18.75,74.0,0.0
PUNE_G004,2015-07-07,2015,7,7,188,18.75,74.0,0.0
PUNE_G004,2015-07-08,2015,7,8,189,18.75,74.0,0.0
PUNE_G004,2015-07-09,2015,7,9,190,18.75,74.0,1.6455944776535034
PUNE_G004,2015-07-10,2015,7,10,191,18.75,74.0,0.26545771956443787
PUNE_G004,2015-07-11,2015,7,11,192,18.75,74.0,1.3891141414642334
PUNE_G004,2015-07-12,2015,7,12,193,18.75,74.0,0.0
PUNE_G004,2015-07-13,2015,7,13,194,18.75,74.0,0.0
PUNE_G004,2015-07-14,2015,7,14,195,18.75,74.0,0.0
PUNE_G004,2015-07-15,2015,7,15,196,18.75,74.0,0.0
PUNE_G004,2015-07-16,2015,7,16,197,18.75,74.0,0.2780943810939789
PUNE_G004,2015-07-17,2015,7,17,198,18.75,74.0,1.217423677444458
PUNE_G004,2015-07-18,2015,7,18,199,18.75,74.0,0.32777851819992065
PUNE_G004,2015-07-19,2015,7,19,200,18.75,74.0,2.1295998096466064
PUNE_G004,2015-07-20,2015,7,20,201,18.75,74.0,2.828246831893921
PUNE_G004,2015-07-21,2015,7,21,202,18.75,74.0,8.68623161315918
PUNE_G004,2015-07-22,2015,7,22,203,18.75,74.0,9.592596054077148
PUNE_G004,2015-07-23,2015,7,23,204,18.75,74.0,1.8443090915679932
PUNE_G004,2015-07-24,2015,7,24,205,18.75,74.0,0.5452260375022888
PUNE_G004,2015-07-25,2015,7,25,206,18.75,74.0,3.514691114425659
PUNE_G004,2015-07-26,2015,7,26,207,18.75,74.0,1.3814746141433716
PUNE_G004,2015-07-27,2015,7,27,208,18.75,74.0,1.2720057964324951
PUNE_G004,2015-07-28,2015,7,28,209,18.75,74.0,5.749720573425293
PUNE_G004,2015-07-29,2015,7,29,210,18.75,74.0,1.9379642009735107
PUNE_G004,2015-07-30,2015,7,30,211,18.75,74.0,7.426229000091553
PUNE_G004,2015-07-31,2015,7,31,212,18.75,74.0,2.0881147384643555
PUNE_G004,2015-08-01,2015,8,1,213,18.75,74.0,0.7005460262298584
PUNE_G004,2015-08-02,2015,8,2,214,18.75,74.0,0.4724053740501404
PUNE_G004,2015-08-03,2015,8,3,215,18.75,74.0,0.4342483580112457
PUNE_G004,2015-08-04,2015,8,4,216,18.75,74.0,0.0
PUNE_G004,2015-08-05,2015,8,5,217,18.75,74.0,2.1023614406585693
PUNE_G004,2015-08-06,2015,8,6,218,18.75,74.0,2.6885695457458496
PUNE_G004,2015-08-07,2015,8,7,219,18.75,74.0,0.7256165146827698
PUNE_G004,2015-08-08,2015,8,8,220,18.75,74.0,0.8816290497779846
PUNE_G004,2015-08-09,2015,8,9,221,18.75,74.0,0.2365259975194931
PUNE_G004,2015-08-10,2015,8,10,222,18.75,74.0,0.0
PUNE_G004,2015-08-11,2015,8,11,223,18.75,74.0,0.0
PUNE_G004,2015-08-12,2015,8,12,224,18.75,74.0,0.8045206665992737
PUNE_G004,2015-08-13,2015,8,13,225,18.75,74.0,0.4706587493419647
PUNE_G004,2015-08-14,2015,8,14,226,18.75,74.0,0.8769102692604065
PUNE_G004,2015-08-15,2015,8,15,227,18.75,74.0,0.0
PUNE_G004,2015-08-16,2015,8,16,228,18.75,74.0,0.0
PUNE_G004,2015-08-17,2015,8,17,229,18.75,74.0,0.5550346970558167
PUNE_G004,2015-08-18,2015,8,18,230,18.75,74.0,0.0
PUNE_G004,2015-08-19,2015,8,19,231,18.75,74.0,0.0
PUNE_G004,2015-08-20,2015,8,20,232,18.75,74.0,0.0
PUNE_G004,2015-08-21,2015,8,21,233,18.75,74.0,0.0
PUNE_G004,2015-08-22,2015,8,22,234,18.75,74.0,0.16284313797950745
PUNE_G004,2015-08-23,2015,8,23,235,18.75,74.0,0.45278796553611755
PUNE_G004,2015-08-24,2015,8,24,236,18.75,74.0,0.4901683032512665
PUNE_G004,2015-08-25,2015,8,25,237,18.75,74.0,0.0
PUNE_G004,2015-08-26,2015,8,26,238,18.75,74.0,1.8648505210876465
PUNE_G004,2015-08-27,2015,8,27,239,18.75,74.0,0.0
PUNE_G004,2015-08-28,2015,8,28,240,18.75,74.0,0.7657343149185181
PUNE_G004,2015-08-29,2015,8,29,241,18.75,74.0,4.43906307220459
PUNE_G004,2015-08-30,2015,8,30,242,18.75,74.0,0.0
PUNE_G004,2015-08-31,2015,8,31,243,18.75,74.0,0.21910865604877472
PUNE_G004,2015-09-01,2015,9,1,244,18.75,74.0,0.10028451681137085
PUNE_G004,2015-09-02,2015,9,2,245,18.75,74.0,0.0
PUNE_G004,2015-09-03,2015,9,3,246,18.75,74.0,0.0
PUNE_G004,2015-09-04,2015,9,4,247,18.75,74.0,0.0
PUNE_G004,2015-09-05,2015,9,5,248,18.75,74.0,0.0
PUNE_G004,2015-09-06,2015,9,6,249,18.75,74.0,0.0
PUNE_G004,2015-09-07,2015,9,7,250,18.75,74.0,0.0
PUNE_G004,2015-09-08,2015,9,8,251,18.75,74.0,0.0
PUNE_G004,2015-09-09,2015,9,9,252,18.75,74.0,3.4272594451904297
PUNE_G004,2015-09-10,2015,9,10,253,18.75,74.0,20.612825393676758
PUNE_G004,2015-09-11,2015,9,11,254,18.75,74.0,12.220314979553223
PUNE_G004,2015-09-12,2015,9,12,255,18.75,74.0,1.8897507190704346
PUNE_G004,2015-09-13,2015,9,13,256,18.75,74.0,12.88623046875
PUNE_G004,2015-09-14,2015,9,14,257,18.75,74.0,5.511962890625
PUNE_G004,2015-09-15,2015,9,15,258,18.75,74.0,10.775333404541016
PUNE_G004,2015-09-16,2015,9,16,259,18.75,74.0,13.108588218688965
PUNE_G004,2015-09-17,2015,9,17,260,18.75,74.0,10.240577697753906
PUNE_G004,2015-09-18,2015,9,18,261,18.75,74.0,5.359017848968506
PUNE_G004,2015-09-19,2015,9,19,262,18.75,74.0,39.088653564453125
PUNE_G004,2015-09-20,2015,9,20,263,18.75,74.0,2.882448673248291
PUNE_G004,2015-09-21,2015,9,21,264,18.75,74.0,0.0
PUNE_G004,2015-09-22,2015,9,22,265,18.75,74.0,0.0
PUNE_G004,2015-09-23,2015,9,23,266,18.75,74.0,0.0
PUNE_G004,2015-09-24,2015,9,24,267,18.75,74.0,0.0
PUNE_G004,2015-09-25,2015,9,25,268,18.75,74.0,0.0
PUNE_G004,2015-09-26,2015,9,26,269,18.75,74.0,0.0
PUNE_G004,2015-09-27,2015,9,27,270,18.75,74.0,0.0
PUNE_G004,2015-09-28,2015,9,28,271,18.75,74.0,0.0
PUNE_G004,2015-09-29,2015,9,29,272,18.75,74.0,0.0
PUNE_G004,2015-09-30,2015,9,30,273,18.75,74.0,0.0
PUNE_G004,2015-10-01,2015,10,1,274,18.75,74.0,0.0
PUNE_G004,2015-10-02,2015,10,2,275,18.75,74.0,6.921751499176025
PUNE_G004,2015-10-03,2015,10,3,276,18.75,74.0,22.500804901123047
PUNE_G004,2015-10-04,2015,10,4,277,18.75,74.0,14.275629997253418
PUNE_G004,2015-10-05,2015,10,5,278,18.75,74.0,9.982985496520996
PUNE_G004,2015-10-06,2015,10,6,279,18.75,74.0,0.43609634041786194
PUNE_G004,2015-10-07,2015,10,7,280,18.75,74.0,0.0
PUNE_G004,2015-10-08,2015,10,8,281,18.75,74.0,0.0
PUNE_G004,2015-10-09,2015,10,9,282,18.75,74.0,0.0
PUNE_G004,2015-10-10,2015,10,10,283,18.75,74.0,0.0
PUNE_G004,2015-10-11,2015,10,11,284,18.75,74.0,1.5711095333099365
PUNE_G004,2015-10-12,2015,10,12,285,18.75,74.0,24.052265167236328
PUNE_G004,2015-10-13,2015,10,13,286,18.75,74.0,0.0
PUNE_G004,2015-10-14,2015,10,14,287,18.75,74.0,0.0
PUNE_G004,2015-10-15,2015,10,15,288,18.75,74.0,0.0
PUNE_G004,2015-10-16,2015,10,16,289,18.75,74.0,0.0
PUNE_G004,2015-10-17,2015,10,17,290,18.75,74.0,0.0
PUNE_G004,2015-10-18,2015,10,18,291,18.75,74.0,0.0
PUNE_G004,2015-10-19,2015,10,19,292,18.75,74.0,0.0
PUNE_G004,2015-10-20,2015,10,20,293,18.75,74.0,0.0
PUNE_G004,2015-10-21,2015,10,21,294,18.75,74.0,0.0
PUNE_G004,2015-10-22,2015,10,22,295,18.75,74.0,0.0
PUNE_G004,2015-10-23,2015,10,23,296,18.75,74.0,0.0
PUNE_G004,2015-10-24,2015,10,24,297,18.75,74.0,0.0
PUNE_G004,2015-10-25,2015,10,25,298,18.75,74.0,0.0
PUNE_G004,2015-10-26,2015,10,26,299,18.75,74.0,0.0
PUNE_G004,2015-10-27,2015,10,27,300,18.75,74.0,0.0
PUNE_G004,2015-10-28,2015,10,28,301,18.75,74.0,0.0
PUNE_G004,2015-10-29,2015,10,29,302,18.75,74.0,0.0
PUNE_G004,2015-10-30,2015,10,30,303,18.75,74.0,0.0
PUNE_G004,2015-10-31,2015,10,31,304,18.75,74.0,0.0
PUNE_G004,2015-11-01,2015,11,1,305,18.75,74.0,0.0
PUNE_G004,2015-11-02,2015,11,2,306,18.75,74.0,0.0
PUNE_G004,2015-11-03,2015,11,3,307,18.75,74.0,0.0
PUNE_G004,2015-11-04,2015,11,4,308,18.75,74.0,0.0
PUNE_G004,2015-11-05,2015,11,5,309,18.75,74.0,0.0
PUNE_G004,2015-11-06,2015,11,6,310,18.75,74.0,0.0
PUNE_G004,2015-11-07,2015,11,7,311,18.75,74.0,0.0
PUNE_G004,2015-11-08,2015,11,8,312,18.75,74.0,0.0
PUNE_G004,2015-11-09,2015,11,9,313,18.75,74.0,0.0
PUNE_G004,2015-11-10,2015,11,10,314,18.75,74.0,0.0
PUNE_G004,2015-11-11,2015,11,11,315,18.75,74.0,0.0
PUNE_G004,2015-11-12,2015,11,12,316,18.75,74.0,0.0
PUNE_G004,2015-11-13,2015,11,13,317,18.75,74.0,0.0
PUNE_G004,2015-11-14,2015,11,14,318,18.75,74.0,0.0
PUNE_G004,2015-11-15,2015,11,15,319,18.75,74.0,0.0
PUNE_G004,2015-11-16,2015,11,16,320,18.75,74.0,0.0
PUNE_G004,2015-11-17,2015,11,17,321,18.75,74.0,0.0
PUNE_G004,2015-11-18,2015,11,18,322,18.75,74.0,0.0
PUNE_G004,2015-11-19,2015,11,19,323,18.75,74.0,0.0
PUNE_G004,2015-11-20,2015,11,20,324,18.75,74.0,0.0
PUNE_G004,2015-11-21,2015,11,21,325,18.75,74.0,0.0
PUNE_G004,2015-11-22,2015,11,22,326,18.75,74.0,0.13360904157161713
PUNE_G004,2015-11-23,2015,11,23,327,18.75,74.0,62.67862319946289
PUNE_G004,2015-11-24,2015,11,24,328,18.75,74.0,19.14690399169922
PUNE_G004,2015-11-25,2015,11,25,329,18.75,74.0,0.0
PUNE_G004,2015-11-26,2015,11,26,330,18.75,74.0,0.0
PUNE_G004,2015-11-27,2015,11,27,331,18.75,74.0,0.0
PUNE_G004,2015-11-28,2015,11,28,332,18.75,74.0,0.0
PUNE_G004,2015-11-29,2015,11,29,333,18.75,74.0,0.0
PUNE_G004,2015-11-30,2015,11,30,334,18.75,74.0,0.0
PUNE_G004,2015-12-01,2015,12,1,335,18.75,74.0,0.0
PUNE_G004,2015-12-02,2015,12,2,336,18.75,74.0,0.0
PUNE_G004,2015-12-03,2015,12,3,337,18.75,74.0,0.0
PUNE_G004,2015-12-04,2015,12,4,338,18.75,74.0,0.0
PUNE_G004,2015-12-05,2015,12,5,339,18.75,74.0,0.0
PUNE_G004,2015-12-06,2015,12,6,340,18.75,74.0,0.0
PUNE_G004,2015-12-07,2015,12,7,341,18.75,74.0,0.0
PUNE_G004,2015-12-08,2015,12,8,342,18.75,74.0,0.0
PUNE_G004,2015-12-09,2015,12,9,343,18.75,74.0,0.0
PUNE_G004,2015-12-10,2015,12,10,344,18.75,74.0,0.0
PUNE_G004,2015-12-11,2015,12,11,345,18.75,74.0,0.0
PUNE_G004,2015-12-12,2015,12,12,346,18.75,74.0,0.0
PUNE_G004,2015-12-13,2015,12,13,347,18.75,74.0,0.0
PUNE_G004,2015-12-14,2015,12,14,348,18.75,74.0,0.0
PUNE_G004,2015-12-15,2015,12,15,349,18.75,74.0,0.0
PUNE_G004,2015-12-16,2015,12,16,350,18.75,74.0,0.0
PUNE_G004,2015-12-17,2015,12,17,351,18.75,74.0,0.0
PUNE_G004,2015-12-18,2015,12,18,352,18.75,74.0,0.0
PUNE_G004,2015-12-19,2015,12,19,353,18.75,74.0,0.0
PUNE_G004,2015-12-20,2015,12,20,354,18.75,74.0,0.0
PUNE_G004,2015-12-21,2015,12,21,355,18.75,74.0,0.0
PUNE_G004,2015-12-22,2015,12,22,356,18.75,74.0,0.0
PUNE_G004,2015-12-23,2015,12,23,357,18.75,74.0,0.0
PUNE_G004,2015-12-24,2015,12,24,358,18.75,74.0,0.0
PUNE_G004,2015-12-25,2015,12,25,359,18.75,74.0,0.0
PUNE_G004,2015-12-26,2015,12,26,360,18.75,74.0,0.0
PUNE_G004,2015-12-27,2015,12,27,361,18.75,74.0,0.0
PUNE_G004,2015-12-28,2015,12,28,362,18.75,74.0,0.0
PUNE_G004,2015-12-29,2015,12,29,363,18.75,74.0,0.0
PUNE_G004,2015-12-30,2015,12,30,364,18.75,74.0,0.0
PUNE_G004,2015-12-31,2015,12,31,365,18.75,74.0,0.0
PUNE_G004,2016-01-01,2016,1,1,1,18.75,74.0,0.0
PUNE_G004,2016-01-02,2016,1,2,2,18.75,74.0,0.0
PUNE_G004,2016-01-03,2016,1,3,3,18.75,74.0,0.0
PUNE_G004,2016-01-04,2016,1,4,4,18.75,74.0,0.0
PUNE_G004,2016-01-05,2016,1,5,5,18.75,74.0,0.0
PUNE_G004,2016-01-06,2016,1,6,6,18.75,74.0,0.0
PUNE_G004,2016-01-07,2016,1,7,7,18.75,74.0,0.0
PUNE_G004,2016-01-08,2016,1,8,8,18.75,74.0,0.0
PUNE_G004,2016-01-09,2016,1,9,9,18.75,74.0,0.0
PUNE_G004,2016-01-10,2016,1,10,10,18.75,74.0,0.0
PUNE_G004,2016-01-11,2016,1,11,11,18.75,74.0,0.0
PUNE_G004,2016-01-12,2016,1,12,12,18.75,74.0,0.0
PUNE_G004,2016-01-13,2016,1,13,13,18.75,74.0,0.0
PUNE_G004,2016-01-14,2016,1,14,14,18.75,74.0,0.0
PUNE_G004,2016-01-15,2016,1,15,15,18.75,74.0,0.0
PUNE_G004,2016-01-16,2016,1,16,16,18.75,74.0,0.0
PUNE_G004,2016-01-17,2016,1,17,17,18.75,74.0,0.0
PUNE_G004,2016-01-18,2016,1,18,18,18.75,74.0,0.0
PUNE_G004,2016-01-19,2016,1,19,19,18.75,74.0,0.0
PUNE_G004,2016-01-20,2016,1,20,20,18.75,74.0,0.0
PUNE_G004,2016-01-21,2016,1,21,21,18.75,74.0,0.0
PUNE_G004,2016-01-22,2016,1,22,22,18.75,74.0,0.0
PUNE_G004,2016-01-23,2016,1,23,23,18.75,74.0,0.0
PUNE_G004,2016-01-24,2016,1,24,24,18.75,74.0,0.0
PUNE_G004,2016-01-25,2016,1,25,25,18.75,74.0,0.0
PUNE_G004,2016-01-26,2016,1,26,26,18.75,74.0,0.0
PUNE_G004,2016-01-27,2016,1,27,27,18.75,74.0,0.0
PUNE_G004,2016-01-28,2016,1,28,28,18.75,74.0,0.0
PUNE_G004,2016-01-29,2016,1,29,29,18.75,74.0,0.0
PUNE_G004,2016-01-30,2016,1,30,30,18.75,74.0,0.0
PUNE_G004,2016-01-31,2016,1,31,31,18.75,74.0,0.0
PUNE_G004,2016-02-01,2016,2,1,32,18.75,74.0,0.0
PUNE_G004,2016-02-02,2016,2,2,33,18.75,74.0,0.0
PUNE_G004,2016-02-03,2016,2,3,34,18.75,74.0,0.0
PUNE_G004,2016-02-04,2016,2,4,35,18.75,74.0,0.0
PUNE_G004,2016-02-05,2016,2,5,36,18.75,74.0,0.0
PUNE_G004,2016-02-06,2016,2,6,37,18.75,74.0,0.0
PUNE_G004,2016-02-07,2016,2,7,38,18.75,74.0,0.0
PUNE_G004,2016-02-08,2016,2,8,39,18.75,74.0,0.0
PUNE_G004,2016-02-09,2016,2,9,40,18.75,74.0,0.0
PUNE_G004,2016-02-10,2016,2,10,41,18.75,74.0,0.0
PUNE_G004,2016-02-11,2016,2,11,42,18.75,74.0,0.0
PUNE_G004,2016-02-12,2016,2,12,43,18.75,74.0,0.0
PUNE_G004,2016-02-13,2016,2,13,44,18.75,74.0,0.0
PUNE_G004,2016-02-14,2016,2,14,45,18.75,74.0,0.0
PUNE_G004,2016-02-15,2016,2,15,46,18.75,74.0,0.0
PUNE_G004,2016-02-16,2016,2,16,47,18.75,74.0,0.0
PUNE_G004,2016-02-17,2016,2,17,48,18.75,74.0,0.0
PUNE_G004,2016-02-18,2016,2,18,49,18.75,74.0,0.0
PUNE_G004,2016-02-19,2016,2,19,50,18.75,74.0,0.0
PUNE_G004,2016-02-20,2016,2,20,51,18.75,74.0,0.0
PUNE_G004,2016-02-21,2016,2,21,52,18.75,74.0,0.0
PUNE_G004,2016-02-22,2016,2,22,53,18.75,74.0,0.0
PUNE_G004,2016-02-23,2016,2,23,54,18.75,74.0,0.0
PUNE_G004,2016-02-24,2016,2,24,55,18.75,74.0,0.0
PUNE_G004,2016-02-25,2016,2,25,56,18.75,74.0,0.0
PUNE_G004,2016-02-26,2016,2,26,57,18.75,74.0,0.0
PUNE_G004,2016-02-27,2016,2,27,58,18.75,74.0,0.0
PUNE_G004,2016-02-28,2016,2,28,59,18.75,74.0,0.0
PUNE_G004,2016-02-29,2016,2,29,60,18.75,74.0,0.0
PUNE_G004,2016-03-01,2016,3,1,61,18.75,74.0,1.083418369293213
PUNE_G004,2016-03-02,2016,3,2,62,18.75,74.0,0.39560097455978394
PUNE_G004,2016-03-03,2016,3,3,63,18.75,74.0,0.6681452989578247
PUNE_G004,2016-03-04,2016,3,4,64,18.75,74.0,0.14557598531246185
PUNE_G004,2016-03-05,2016,3,5,65,18.75,74.0,1.6467115879058838
PUNE_G004,2016-03-06,2016,3,6,66,18.75,74.0,0.0
PUNE_G004,2016-03-07,2016,3,7,67,18.75,74.0,0.0
PUNE_G004,2016-03-08,2016,3,8,68,18.75,74.0,0.0
PUNE_G004,2016-03-09,2016,3,9,69,18.75,74.0,0.0
PUNE_G004,2016-03-10,2016,3,10,70,18.75,74.0,0.0
PUNE_G004,2016-03-11,2016,3,11,71,18.75,74.0,0.0
PUNE_G004,2016-03-12,2016,3,12,72,18.75,74.0,0.0
PUNE_G004,2016-03-13,2016,3,13,73,18.75,74.0,0.0
PUNE_G004,2016-03-14,2016,3,14,74,18.75,74.0,0.0
PUNE_G004,2016-03-15,2016,3,15,75,18.75,74.0,0.0
PUNE_G004,2016-03-16,2016,3,16,76,18.75,74.0,0.0
PUNE_G004,2016-03-17,2016,3,17,77,18.75,74.0,0.0
PUNE_G004,2016-03-18,2016,3,18,78,18.75,74.0,0.0
PUNE_G004,2016-03-19,2016,3,19,79,18.75,74.0,0.0
PUNE_G004,2016-03-20,2016,3,20,80,18.75,74.0,0.0
PUNE_G004,2016-03-21,2016,3,21,81,18.75,74.0,0.0
PUNE_G004,2016-03-22,2016,3,22,82,18.75,74.0,0.0
PUNE_G004,2016-03-23,2016,3,23,83,18.75,74.0,0.0
PUNE_G004,2016-03-24,2016,3,24,84,18.75,74.0,0.0
PUNE_G004,2016-03-25,2016,3,25,85,18.75,74.0,0.0
PUNE_G004,2016-03-26,2016,3,26,86,18.75,74.0,0.0
PUNE_G004,2016-03-27,2016,3,27,87,18.75,74.0,0.0
PUNE_G004,2016-03-28,2016,3,28,88,18.75,74.0,0.0
PUNE_G004,2016-03-29,2016,3,29,89,18.75,74.0,0.0
PUNE_G004,2016-03-30,2016,3,30,90,18.75,74.0,0.0
PUNE_G004,2016-03-31,2016,3,31,91,18.75,74.0,0.0
PUNE_G004,2016-04-01,2016,4,1,92,18.75,74.0,0.0
PUNE_G004,2016-04-02,2016,4,2,93,18.75,74.0,0.0
PUNE_G004,2016-04-03,2016,4,3,94,18.75,74.0,0.0
PUNE_G004,2016-04-04,2016,4,4,95,18.75,74.0,0.0
PUNE_G004,2016-04-05,2016,4,5,96,18.75,74.0,0.0
PUNE_G004,2016-04-06,2016,4,6,97,18.75,74.0,0.4395157992839813
PUNE_G004,2016-04-07,2016,4,7,98,18.75,74.0,0.0
PUNE_G004,2016-04-08,2016,4,8,99,18.75,74.0,0.0
PUNE_G004,2016-04-09,2016,4,9,100,18.75,74.0,0.0
PUNE_G004,2016-04-10,2016,4,10,101,18.75,74.0,0.0
PUNE_G004,2016-04-11,2016,4,11,102,18.75,74.0,0.0
PUNE_G004,2016-04-12,2016,4,12,103,18.75,74.0,0.0
PUNE_G004,2016-04-13,2016,4,13,104,18.75,74.0,0.0
PUNE_G004,2016-04-14,2016,4,14,105,18.75,74.0,0.0
PUNE_G004,2016-04-15,2016,4,15,106,18.75,74.0,0.0
PUNE_G004,2016-04-16,2016,4,16,107,18.75,74.0,0.0
PUNE_G004,2016-04-17,2016,4,17,108,18.75,74.0,0.0
PUNE_G004,2016-04-18,2016,4,18,109,18.75,74.0,0.0
PUNE_G004,2016-04-19,2016,4,19,110,18.75,74.0,0.0
PUNE_G004,2016-04-20,2016,4,20,111,18.75,74.0,0.0
PUNE_G004,2016-04-21,2016,4,21,112,18.75,74.0,0.0
PUNE_G004,2016-04-22,2016,4,22,113,18.75,74.0,0.0
PUNE_G004,2016-04-23,2016,4,23,114,18.75,74.0,0.0
PUNE_G004,2016-04-24,2016,4,24,115,18.75,74.0,0.0
PUNE_G004,2016-04-25,2016,4,25,116,18.75,74.0,0.0
PUNE_G004,2016-04-26,2016,4,26,117,18.75,74.0,0.0
PUNE_G004,2016-04-27,2016,4,27,118,18.75,74.0,0.0
PUNE_G004,2016-04-28,2016,4,28,119,18.75,74.0,0.0
PUNE_G004,2016-04-29,2016,4,29,120,18.75,74.0,0.0
PUNE_G004,2016-04-30,2016,4,30,121,18.75,74.0,0.0
PUNE_G004,2016-05-01,2016,5,1,122,18.75,74.0,0.0
PUNE_G004,2016-05-02,2016,5,2,123,18.75,74.0,0.0
PUNE_G004,2016-05-03,2016,5,3,124,18.75,74.0,0.0
PUNE_G004,2016-05-04,2016,5,4,125,18.75,74.0,0.0
PUNE_G004,2016-05-05,2016,5,5,126,18.75,74.0,0.0
PUNE_G004,2016-05-06,2016,5,6,127,18.75,74.0,0.0
PUNE_G004,2016-05-07,2016,5,7,128,18.75,74.0,0.0
PUNE_G004,2016-05-08,2016,5,8,129,18.75,74.0,0.0
PUNE_G004,2016-05-09,2016,5,9,130,18.75,74.0,0.1422031819820404
PUNE_G004,2016-05-10,2016,5,10,131,18.75,74.0,6.494413375854492
PUNE_G004,2016-05-11,2016,5,11,132,18.75,74.0,0.0
PUNE_G004,2016-05-12,2016,5,12,133,18.75,74.0,1.9410440921783447
PUNE_G004,2016-05-13,2016,5,13,134,18.75,74.0,0.0
PUNE_G004,2016-05-14,2016,5,14,135,18.75,74.0,0.0
PUNE_G004,2016-05-15,2016,5,15,136,18.75,74.0,0.0
PUNE_G004,2016-05-16,2016,5,16,137,18.75,74.0,0.0
PUNE_G004,2016-05-17,2016,5,17,138,18.75,74.0,0.0
PUNE_G004,2016-05-18,2016,5,18,139,18.75,74.0,0.0
PUNE_G004,2016-05-19,2016,5,19,140,18.75,74.0,0.0
PUNE_G004,2016-05-20,2016,5,20,141,18.75,74.0,0.0
PUNE_G004,2016-05-21,2016,5,21,142,18.75,74.0,0.0
PUNE_G004,2016-05-22,2016,5,22,143,18.75,74.0,0.0
PUNE_G004,2016-05-23,2016,5,23,144,18.75,74.0,0.0
PUNE_G004,2016-05-24,2016,5,24,145,18.75,74.0,0.0
PUNE_G004,2016-05-25,2016,5,25,146,18.75,74.0,0.0
PUNE_G004,2016-05-26,2016,5,26,147,18.75,74.0,0.0
PUNE_G004,2016-05-27,2016,5,27,148,18.75,74.0,0.0
PUNE_G004,2016-05-28,2016,5,28,149,18.75,74.0,0.0
PUNE_G004,2016-05-29,2016,5,29,150,18.75,74.0,0.0
PUNE_G004,2016-05-30,2016,5,30,151,18.75,74.0,0.0
PUNE_G004,2016-05-31,2016,5,31,152,18.75,74.0,0.0
PUNE_G004,2016-06-01,2016,6,1,153,18.75,74.0,0.0
PUNE_G004,2016-06-02,2016,6,2,154,18.75,74.0,0.0
PUNE_G004,2016-06-03,2016,6,3,155,18.75,74.0,0.0
PUNE_G004,2016-06-04,2016,6,4,156,18.75,74.0,2.101956605911255
PUNE_G004,2016-06-05,2016,6,5,157,18.75,74.0,8.729731559753418
PUNE_G004,2016-06-06,2016,6,6,158,18.75,74.0,10.880577087402344
PUNE_G004,2016-06-07,2016,6,7,159,18.75,74.0,0.17064382135868073
PUNE_G004,2016-06-08,2016,6,8,160,18.75,74.0,0.0
PUNE_G004,2016-06-09,2016,6,9,161,18.75,74.0,0.0
PUNE_G004,2016-06-10,2016,6,10,162,18.75,74.0,0.0
PUNE_G004,2016-06-11,2016,6,11,163,18.75,74.0,0.0
PUNE_G004,2016-06-12,2016,6,12,164,18.75,74.0,0.0
PUNE_G004,2016-06-13,2016,6,13,165,18.75,74.0,0.0
PUNE_G004,2016-06-14,2016,6,14,166,18.75,74.0,0.0
PUNE_G004,2016-06-15,2016,6,15,167,18.75,74.0,0.0
PUNE_G004,2016-06-16,2016,6,16,168,18.75,74.0,0.0
PUNE_G004,2016-06-17,2016,6,17,169,18.75,74.0,0.0
PUNE_G004,2016-06-18,2016,6,18,170,18.75,74.0,0.0
PUNE_G004,2016-06-19,2016,6,19,171,18.75,74.0,0.0
PUNE_G004,2016-06-20,2016,6,20,172,18.75,74.0,5.11507511138916
PUNE_G004,2016-06-21,2016,6,21,173,18.75,74.0,14.03761100769043
PUNE_G004,2016-06-22,2016,6,22,174,18.75,74.0,11.62605094909668
PUNE_G004,2016-06-23,2016,6,23,175,18.75,74.0,0.0
PUNE_G004,2016-06-24,2016,6,24,176,18.75,74.0,1.0111767053604126
PUNE_G004,2016-06-25,2016,6,25,177,18.75,74.0,2.549037456512451
PUNE_G004,2016-06-26,2016,6,26,178,18.75,74.0,2.931300401687622
PUNE_G004,2016-06-27,2016,6,27,179,18.75,74.0,4.277165412902832
PUNE_G004,2016-06-28,2016,6,28,180,18.75,74.0,0.6534298062324524
PUNE_G004,2016-06-29,2016,6,29,181,18.75,74.0,2.7644553184509277
PUNE_G004,2016-06-30,2016,6,30,182,18.75,74.0,0.17761702835559845
PUNE_G004,2016-07-01,2016,7,1,183,18.75,74.0,0.4095633029937744
PUNE_G004,2016-07-02,2016,7,2,184,18.75,74.0,6.6173601150512695
PUNE_G004,2016-07-03,2016,7,3,185,18.75,74.0,22.851348876953125
PUNE_G004,2016-07-04,2016,7,4,186,18.75,74.0,40.24062728881836
PUNE_G004,2016-07-05,2016,7,5,187,18.75,74.0,12.047179222106934
PUNE_G004,2016-07-06,2016,7,6,188,18.75,74.0,1.6171785593032837
PUNE_G004,2016-07-07,2016,7,7,189,18.75,74.0,3.3614163398742676
PUNE_G004,2016-07-08,2016,7,8,190,18.75,74.0,1.564556360244751
PUNE_G004,2016-07-09,2016,7,9,191,18.75,74.0,5.235530853271484
PUNE_G004,2016-07-10,2016,7,10,192,18.75,74.0,19.079113006591797
PUNE_G004,2016-07-11,2016,7,11,193,18.75,74.0,17.037385940551758
PUNE_G004,2016-07-12,2016,7,12,194,18.75,74.0,17.212684631347656
PUNE_G004,2016-07-13,2016,7,13,195,18.75,74.0,1.4135743379592896
PUNE_G004,2016-07-14,2016,7,14,196,18.75,74.0,2.132929563522339
PUNE_G004,2016-07-15,2016,7,15,197,18.75,74.0,0.679889976978302
PUNE_G004,2016-07-16,2016,7,16,198,18.75,74.0,0.1184113472700119
PUNE_G004,2016-07-17,2016,7,17,199,18.75,74.0,0.34765228629112244
PUNE_G004,2016-07-18,2016,7,18,200,18.75,74.0,0.1533728837966919
PUNE_G004,2016-07-19,2016,7,19,201,18.75,74.0,2.3459224700927734
PUNE_G004,2016-07-20,2016,7,20,202,18.75,74.0,1.6460555791854858
PUNE_G004,2016-07-21,2016,7,21,203,18.75,74.0,0.38531917333602905
PUNE_G004,2016-07-22,2016,7,22,204,18.75,74.0,0.1756664663553238
PUNE_G004,2016-07-23,2016,7,23,205,18.75,74.0,3.5162715911865234
PUNE_G004,2016-07-24,2016,7,24,206,18.75,74.0,0.8279041051864624
PUNE_G004,2016-07-25,2016,7,25,207,18.75,74.0,0.0
PUNE_G004,2016-07-26,2016,7,26,208,18.75,74.0,0.0
PUNE_G004,2016-07-27,2016,7,27,209,18.75,74.0,1.8839107751846313
PUNE_G004,2016-07-28,2016,7,28,210,18.75,74.0,0.0
PUNE_G004,2016-07-29,2016,7,29,211,18.75,74.0,0.9346120953559875
PUNE_G004,2016-07-30,2016,7,30,212,18.75,74.0,0.850314199924469
PUNE_G004,2016-07-31,2016,7,31,213,18.75,74.0,1.145733118057251
PUNE_G004,2016-08-01,2016,8,1,214,18.75,74.0,5.388399124145508
PUNE_G004,2016-08-02,2016,8,2,215,18.75,74.0,7.949932098388672
PUNE_G004,2016-08-03,2016,8,3,216,18.75,74.0,28.38054084777832
PUNE_G004,2016-08-04,2016,8,4,217,18.75,74.0,24.35382080078125
PUNE_G004,2016-08-05,2016,8,5,218,18.75,74.0,2.8809468746185303
PUNE_G004,2016-08-06,2016,8,6,219,18.75,74.0,18.227474212646484
PUNE_G004,2016-08-07,2016,8,7,220,18.75,74.0,8.910595893859863
PUNE_G004,2016-08-08,2016,8,8,221,18.75,74.0,3.127289056777954
PUNE_G004,2016-08-09,2016,8,9,222,18.75,74.0,5.7866597175598145
PUNE_G004,2016-08-10,2016,8,10,223,18.75,74.0,3.3068459033966064
PUNE_G004,2016-08-11,2016,8,11,224,18.75,74.0,3.262153148651123
PUNE_G004,2016-08-12,2016,8,12,225,18.75,74.0,3.294050693511963
PUNE_G004,2016-08-13,2016,8,13,226,18.75,74.0,0.5328510403633118
PUNE_G004,2016-08-14,2016,8,14,227,18.75,74.0,0.5823039412498474
PUNE_G004,2016-08-15,2016,8,15,228,18.75,74.0,0.0
PUNE_G004,2016-08-16,2016,8,16,229,18.75,74.0,0.0
PUNE_G004,2016-08-17,2016,8,17,230,18.75,74.0,0.11646078526973724
PUNE_G004,2016-08-18,2016,8,18,231,18.75,74.0,0.0
PUNE_G004,2016-08-19,2016,8,19,232,18.75,74.0,0.0
PUNE_G004,2016-08-20,2016,8,20,233,18.75,74.0,0.0
PUNE_G004,2016-08-21,2016,8,21,234,18.75,74.0,0.0
PUNE_G004,2016-08-22,2016,8,22,235,18.75,74.0,0.0
PUNE_G004,2016-08-23,2016,8,23,236,18.75,74.0,3.472886800765991
PUNE_G004,2016-08-24,2016,8,24,237,18.75,74.0,5.00723123550415
PUNE_G004,2016-08-25,2016,8,25,238,18.75,74.0,2.70992374420166
PUNE_G004,2016-08-26,2016,8,26,239,18.75,74.0,0.1184113472700119
PUNE_G004,2016-08-27,2016,8,27,240,18.75,74.0,0.3872697651386261
PUNE_G004,2016-08-28,2016,8,28,241,18.75,74.0,0.0
PUNE_G004,2016-08-29,2016,8,29,242,18.75,74.0,0.0
PUNE_G004,2016-08-30,2016,8,30,243,18.75,74.0,0.0
PUNE_G004,2016-08-31,2016,8,31,244,18.75,74.0,0.0
PUNE_G004,2016-09-01,2016,9,1,245,18.75,74.0,0.0
PUNE_G004,2016-09-02,2016,9,2,246,18.75,74.0,0.22470594942569733
PUNE_G004,2016-09-03,2016,9,3,247,18.75,74.0,0.0
PUNE_G004,2016-09-04,2016,9,4,248,18.75,74.0,4.351330280303955
PUNE_G004,2016-09-05,2016,9,5,249,18.75,74.0,0.0
PUNE_G004,2016-09-06,2016,9,6,250,18.75,74.0,0.0
PUNE_G004,2016-09-07,2016,9,7,251,18.75,74.0,0.9550002813339233
PUNE_G004,2016-09-08,2016,9,8,252,18.75,74.0,1.742175817489624
PUNE_G004,2016-09-09,2016,9,9,253,18.75,74.0,0.0
PUNE_G004,2016-09-10,2016,9,10,254,18.75,74.0,0.0
PUNE_G004,2016-09-11,2016,9,11,255,18.75,74.0,0.0
PUNE_G004,2016-09-12,2016,9,12,256,18.75,74.0,0.0
PUNE_G004,2016-09-13,2016,9,13,257,18.75,74.0,0.2627253532409668
PUNE_G004,2016-09-14,2016,9,14,258,18.75,74.0,0.0
PUNE_G004,2016-09-15,2016,9,15,259,18.75,74.0,27.70273780822754
PUNE_G004,2016-09-16,2016,9,16,260,18.75,74.0,11.08363151550293
PUNE_G004,2016-09-17,2016,9,17,261,18.75,74.0,35.164485931396484
PUNE_G004,2016-09-18,2016,9,18,262,18.75,74.0,10.73751449584961
PUNE_G004,2016-09-19,2016,9,19,263,18.75,74.0,3.5496907234191895
PUNE_G004,2016-09-20,2016,9,20,264,18.75,74.0,0.7864707708358765
PUNE_G004,2016-09-21,2016,9,21,265,18.75,74.0,5.2687177658081055
PUNE_G004,2016-09-22,2016,9,22,266,18.75,74.0,27.333087921142578
PUNE_G004,2016-09-23,2016,9,23,267,18.75,74.0,25.84361457824707
PUNE_G004,2016-09-24,2016,9,24,268,18.75,74.0,13.997027397155762
PUNE_G004,2016-09-25,2016,9,25,269,18.75,74.0,15.641885757446289
PUNE_G004,2016-09-26,2016,9,26,270,18.75,74.0,0.0
PUNE_G004,2016-09-27,2016,9,27,271,18.75,74.0,0.0
PUNE_G004,2016-09-28,2016,9,28,272,18.75,74.0,7.966311454772949
PUNE_G004,2016-09-29,2016,9,29,273,18.75,74.0,0.5328510403633118
PUNE_G004,2016-09-30,2016,9,30,274,18.75,74.0,3.1865246295928955
PUNE_G004,2016-10-01,2016,10,1,275,18.75,74.0,3.981299877166748
PUNE_G004,2016-10-02,2016,10,2,276,18.75,74.0,53.49310302734375
PUNE_G004,2016-10-03,2016,10,3,277,18.75,74.0,6.33213996887207
PUNE_G004,2016-10-04,2016,10,4,278,18.75,74.0,2.4437801837921143
PUNE_G004,2016-10-05,2016,10,5,279,18.75,74.0,0.0
PUNE_G004,2016-10-06,2016,10,6,280,18.75,74.0,0.0
PUNE_G004,2016-10-07,2016,10,7,281,18.75,74.0,0.0
PUNE_G004,2016-10-08,2016,10,8,282,18.75,74.0,0.0
PUNE_G004,2016-10-09,2016,10,9,283,18.75,74.0,0.0
PUNE_G004,2016-10-10,2016,10,10,284,18.75,74.0,11.729143142700195
PUNE_G004,2016-10-11,2016,10,11,285,18.75,74.0,0.0
PUNE_G004,2016-10-12,2016,10,12,286,18.75,74.0,0.0
PUNE_G004,2016-10-13,2016,10,13,287,18.75,74.0,0.0
PUNE_G004,2016-10-14,2016,10,14,288,18.75,74.0,0.0
PUNE_G004,2016-10-15,2016,10,15,289,18.75,74.0,0.0
PUNE_G004,2016-10-16,2016,10,16,290,18.75,74.0,0.0
PUNE_G004,2016-10-17,2016,10,17,291,18.75,74.0,0.0
PUNE_G004,2016-10-18,2016,10,18,292,18.75,74.0,0.0
PUNE_G004,2016-10-19,2016,10,19,293,18.75,74.0,0.0
PUNE_G004,2016-10-20,2016,10,20,294,18.75,74.0,0.0
PUNE_G004,2016-10-21,2016,10,21,295,18.75,74.0,0.0
PUNE_G004,2016-10-22,2016,10,22,296,18.75,74.0,0.0
PUNE_G004,2016-10-23,2016,10,23,297,18.75,74.0,0.0
PUNE_G004,2016-10-24,2016,10,24,298,18.75,74.0,0.0
PUNE_G004,2016-10-25,2016,10,25,299,18.75,74.0,0.0
PUNE_G004,2016-10-26,2016,10,26,300,18.75,74.0,0.0
PUNE_G004,2016-10-27,2016,10,27,301,18.75,74.0,0.0
PUNE_G004,2016-10-28,2016,10,28,302,18.75,74.0,0.0
PUNE_G004,2016-10-29,2016,10,29,303,18.75,74.0,0.0
PUNE_G004,2016-10-30,2016,10,30,304,18.75,74.0,0.0
PUNE_G004,2016-10-31,2016,10,31,305,18.75,74.0,0.0
PUNE_G004,2016-11-01,2016,11,1,306,18.75,74.0,0.0
PUNE_G004,2016-11-02,2016,11,2,307,18.75,74.0,0.0
PUNE_G004,2016-11-03,2016,11,3,308,18.75,74.0,0.0
PUNE_G004,2016-11-04,2016,11,4,309,18.75,74.0,0.0
PUNE_G004,2016-11-05,2016,11,5,310,18.75,74.0,0.0
PUNE_G004,2016-11-06,2016,11,6,311,18.75,74.0,0.0
PUNE_G004,2016-11-07,2016,11,7,312,18.75,74.0,0.0
PUNE_G004,2016-11-08,2016,11,8,313,18.75,74.0,0.0
PUNE_G004,2016-11-09,2016,11,9,314,18.75,74.0,0.0
PUNE_G004,2016-11-10,2016,11,10,315,18.75,74.0,0.0
PUNE_G004,2016-11-11,2016,11,11,316,18.75,74.0,0.0
PUNE_G004,2016-11-12,2016,11,12,317,18.75,74.0,0.0
PUNE_G004,2016-11-13,2016,11,13,318,18.75,74.0,0.0
PUNE_G004,2016-11-14,2016,11,14,319,18.75,74.0,0.0
PUNE_G004,2016-11-15,2016,11,15,320,18.75,74.0,0.0
PUNE_G004,2016-11-16,2016,11,16,321,18.75,74.0,0.0
PUNE_G004,2016-11-17,2016,11,17,322,18.75,74.0,0.0
PUNE_G004,2016-11-18,2016,11,18,323,18.75,74.0,0.0
PUNE_G004,2016-11-19,2016,11,19,324,18.75,74.0,0.0
PUNE_G004,2016-11-20,2016,11,20,325,18.75,74.0,0.0
PUNE_G004,2016-11-21,2016,11,21,326,18.75,74.0,0.0
PUNE_G004,2016-11-22,2016,11,22,327,18.75,74.0,0.0
PUNE_G004,2016-11-23,2016,11,23,328,18.75,74.0,0.0
PUNE_G004,2016-11-24,2016,11,24,329,18.75,74.0,0.0
PUNE_G004,2016-11-25,2016,11,25,330,18.75,74.0,0.0
PUNE_G004,2016-11-26,2016,11,26,331,18.75,74.0,0.0
PUNE_G004,2016-11-27,2016,11,27,332,18.75,74.0,0.0
PUNE_G004,2016-11-28,2016,11,28,333,18.75,74.0,0.0
PUNE_G004,2016-11-29,2016,11,29,334,18.75,74.0,0.0
PUNE_G004,2016-11-30,2016,11,30,335,18.75,74.0,0.0
PUNE_G004,2016-12-01,2016,12,1,336,18.75,74.0,0.0
PUNE_G004,2016-12-02,2016,12,2,337,18.75,74.0,0.0
PUNE_G004,2016-12-03,2016,12,3,338,18.75,74.0,0.0
PUNE_G004,2016-12-04,2016,12,4,339,18.75,74.0,0.0
PUNE_G004,2016-12-05,2016,12,5,340,18.75,74.0,0.0
PUNE_G004,2016-12-06,2016,12,6,341,18.75,74.0,0.0
PUNE_G004,2016-12-07,2016,12,7,342,18.75,74.0,0.0
PUNE_G004,2016-12-08,2016,12,8,343,18.75,74.0,0.0
PUNE_G004,2016-12-09,2016,12,9,344,18.75,74.0,0.0
PUNE_G004,2016-12-10,2016,12,10,345,18.75,74.0,0.0
PUNE_G004,2016-12-11,2016,12,11,346,18.75,74.0,0.0
PUNE_G004,2016-12-12,2016,12,12,347,18.75,74.0,0.0
PUNE_G004,2016-12-13,2016,12,13,348,18.75,74.0,0.0
PUNE_G004,2016-12-14,2016,12,14,349,18.75,74.0,0.0
PUNE_G004,2016-12-15,2016,12,15,350,18.75,74.0,0.0
PUNE_G004,2016-12-16,2016,12,16,351,18.75,74.0,0.0
PUNE_G004,2016-12-17,2016,12,17,352,18.75,74.0,0.0
PUNE_G004,2016-12-18,2016,12,18,353,18.75,74.0,0.0
PUNE_G004,2016-12-19,2016,12,19,354,18.75,74.0,0.0
PUNE_G004,2016-12-20,2016,12,20,355,18.75,74.0,0.0
PUNE_G004,2016-12-21,2016,12,21,356,18.75,74.0,0.0
PUNE_G004,2016-12-22,2016,12,22,357,18.75,74.0,0.0
PUNE_G004,2016-12-23,2016,12,23,358,18.75,74.0,0.0
PUNE_G004,2016-12-24,2016,12,24,359,18.75,74.0,0.0
PUNE_G004,2016-12-25,2016,12,25,360,18.75,74.0,0.0
PUNE_G004,2016-12-26,2016,12,26,361,18.75,74.0,0.0
PUNE_G004,2016-12-27,2016,12,27,362,18.75,74.0,0.0
PUNE_G004,2016-12-28,2016,12,28,363,18.75,74.0,0.0
PUNE_G004,2016-12-29,2016,12,29,364,18.75,74.0,0.0
PUNE_G004,2016-12-30,2016,12,30,365,18.75,74.0,0.0
PUNE_G004,2016-12-31,2016,12,31,366,18.75,74.0,0.0
PUNE_G004,2017-01-01,2017,1,1,1,18.75,74.0,0.0
PUNE_G004,2017-01-02,2017,1,2,2,18.75,74.0,0.0
PUNE_G004,2017-01-03,2017,1,3,3,18.75,74.0,0.0
PUNE_G004,2017-01-04,2017,1,4,4,18.75,74.0,0.0
PUNE_G004,2017-01-05,2017,1,5,5,18.75,74.0,0.0
PUNE_G004,2017-01-06,2017,1,6,6,18.75,74.0,0.0
PUNE_G004,2017-01-07,2017,1,7,7,18.75,74.0,0.0
PUNE_G004,2017-01-08,2017,1,8,8,18.75,74.0,0.0
PUNE_G004,2017-01-09,2017,1,9,9,18.75,74.0,0.0
PUNE_G004,2017-01-10,2017,1,10,10,18.75,74.0,0.0
PUNE_G004,2017-01-11,2017,1,11,11,18.75,74.0,0.0
PUNE_G004,2017-01-12,2017,1,12,12,18.75,74.0,0.0
PUNE_G004,2017-01-13,2017,1,13,13,18.75,74.0,0.0
PUNE_G004,2017-01-14,2017,1,14,14,18.75,74.0,0.0
PUNE_G004,2017-01-15,2017,1,15,15,18.75,74.0,0.0
PUNE_G004,2017-01-16,2017,1,16,16,18.75,74.0,0.0
PUNE_G004,2017-01-17,2017,1,17,17,18.75,74.0,0.0
PUNE_G004,2017-01-18,2017,1,18,18,18.75,74.0,0.0
PUNE_G004,2017-01-19,2017,1,19,19,18.75,74.0,0.0
PUNE_G004,2017-01-20,2017,1,20,20,18.75,74.0,0.0
PUNE_G004,2017-01-21,2017,1,21,21,18.75,74.0,0.0
PUNE_G004,2017-01-22,2017,1,22,22,18.75,74.0,0.0
PUNE_G004,2017-01-23,2017,1,23,23,18.75,74.0,0.0
PUNE_G004,2017-01-24,2017,1,24,24,18.75,74.0,0.0
PUNE_G004,2017-01-25,2017,1,25,25,18.75,74.0,0.0
PUNE_G004,2017-01-26,2017,1,26,26,18.75,74.0,0.0
PUNE_G004,2017-01-27,2017,1,27,27,18.75,74.0,0.0
PUNE_G004,2017-01-28,2017,1,28,28,18.75,74.0,0.0
PUNE_G004,2017-01-29,2017,1,29,29,18.75,74.0,0.0
PUNE_G004,2017-01-30,2017,1,30,30,18.75,74.0,0.0
PUNE_G004,2017-01-31,2017,1,31,31,18.75,74.0,0.0
PUNE_G004,2017-02-01,2017,2,1,32,18.75,74.0,0.0
PUNE_G004,2017-02-02,2017,2,2,33,18.75,74.0,0.0
PUNE_G004,2017-02-03,2017,2,3,34,18.75,74.0,0.0
PUNE_G004,2017-02-04,2017,2,4,35,18.75,74.0,0.0
PUNE_G004,2017-02-05,2017,2,5,36,18.75,74.0,0.0
PUNE_G004,2017-02-06,2017,2,6,37,18.75,74.0,0.0
PUNE_G004,2017-02-07,2017,2,7,38,18.75,74.0,0.0
PUNE_G004,2017-02-08,2017,2,8,39,18.75,74.0,0.0
PUNE_G004,2017-02-09,2017,2,9,40,18.75,74.0,0.0
PUNE_G004,2017-02-10,2017,2,10,41,18.75,74.0,0.0
PUNE_G004,2017-02-11,2017,2,11,42,18.75,74.0,0.0
PUNE_G004,2017-02-12,2017,2,12,43,18.75,74.0,0.0
PUNE_G004,2017-02-13,2017,2,13,44,18.75,74.0,0.0
PUNE_G004,2017-02-14,2017,2,14,45,18.75,74.0,0.0
PUNE_G004,2017-02-15,2017,2,15,46,18.75,74.0,0.0
PUNE_G004,2017-02-16,2017,2,16,47,18.75,74.0,0.0
PUNE_G004,2017-02-17,2017,2,17,48,18.75,74.0,0.0
PUNE_G004,2017-02-18,2017,2,18,49,18.75,74.0,0.0
PUNE_G004,2017-02-19,2017,2,19,50,18.75,74.0,0.0
PUNE_G004,2017-02-20,2017,2,20,51,18.75,74.0,0.0
PUNE_G004,2017-02-21,2017,2,21,52,18.75,74.0,0.0
PUNE_G004,2017-02-22,2017,2,22,53,18.75,74.0,0.0
PUNE_G004,2017-02-23,2017,2,23,54,18.75,74.0,0.0
PUNE_G004,2017-02-24,2017,2,24,55,18.75,74.0,0.0
PUNE_G004,2017-02-25,2017,2,25,56,18.75,74.0,0.0
PUNE_G004,2017-02-26,2017,2,26,57,18.75,74.0,0.0
PUNE_G004,2017-02-27,2017,2,27,58,18.75,74.0,0.0
PUNE_G004,2017-02-28,2017,2,28,59,18.75,74.0,0.0
PUNE_G004,2017-03-01,2017,3,1,60,18.75,74.0,0.0
PUNE_G004,2017-03-02,2017,3,2,61,18.75,74.0,0.0
PUNE_G004,2017-03-03,2017,3,3,62,18.75,74.0,0.0
PUNE_G004,2017-03-04,2017,3,4,63,18.75,74.0,0.0
PUNE_G004,2017-03-05,2017,3,5,64,18.75,74.0,0.0
PUNE_G004,2017-03-06,2017,3,6,65,18.75,74.0,0.0
PUNE_G004,2017-03-07,2017,3,7,66,18.75,74.0,0.0
PUNE_G004,2017-03-08,2017,3,8,67,18.75,74.0,0.0
PUNE_G004,2017-03-09,2017,3,9,68,18.75,74.0,0.0
PUNE_G004,2017-03-10,2017,3,10,69,18.75,74.0,0.0
PUNE_G004,2017-03-11,2017,3,11,70,18.75,74.0,0.0
PUNE_G004,2017-03-12,2017,3,12,71,18.75,74.0,0.0
PUNE_G004,2017-03-13,2017,3,13,72,18.75,74.0,0.0
PUNE_G004,2017-03-14,2017,3,14,73,18.75,74.0,0.0
PUNE_G004,2017-03-15,2017,3,15,74,18.75,74.0,0.0
PUNE_G004,2017-03-16,2017,3,16,75,18.75,74.0,0.0
PUNE_G004,2017-03-17,2017,3,17,76,18.75,74.0,0.0
PUNE_G004,2017-03-18,2017,3,18,77,18.75,74.0,0.0
PUNE_G004,2017-03-19,2017,3,19,78,18.75,74.0,0.0
PUNE_G004,2017-03-20,2017,3,20,79,18.75,74.0,0.0
PUNE_G004,2017-03-21,2017,3,21,80,18.75,74.0,0.0
PUNE_G004,2017-03-22,2017,3,22,81,18.75,74.0,0.0
PUNE_G004,2017-03-23,2017,3,23,82,18.75,74.0,0.0
PUNE_G004,2017-03-24,2017,3,24,83,18.75,74.0,0.0
PUNE_G004,2017-03-25,2017,3,25,84,18.75,74.0,0.0
PUNE_G004,2017-03-26,2017,3,26,85,18.75,74.0,0.0
PUNE_G004,2017-03-27,2017,3,27,86,18.75,74.0,0.0
PUNE_G004,2017-03-28,2017,3,28,87,18.75,74.0,0.0
PUNE_G004,2017-03-29,2017,3,29,88,18.75,74.0,0.0
PUNE_G004,2017-03-30,2017,3,30,89,18.75,74.0,0.0
PUNE_G004,2017-03-31,2017,3,31,90,18.75,74.0,0.0
PUNE_G004,2017-04-01,2017,4,1,91,18.75,74.0,0.0
PUNE_G004,2017-04-02,2017,4,2,92,18.75,74.0,0.0
PUNE_G004,2017-04-03,2017,4,3,93,18.75,74.0,0.0
PUNE_G004,2017-04-04,2017,4,4,94,18.75,74.0,0.0
PUNE_G004,2017-04-05,2017,4,5,95,18.75,74.0,0.0
PUNE_G004,2017-04-06,2017,4,6,96,18.75,74.0,0.0
PUNE_G004,2017-04-07,2017,4,7,97,18.75,74.0,0.0
PUNE_G004,2017-04-08,2017,4,8,98,18.75,74.0,0.0
PUNE_G004,2017-04-09,2017,4,9,99,18.75,74.0,0.0
PUNE_G004,2017-04-10,2017,4,10,100,18.75,74.0,0.0
PUNE_G004,2017-04-11,2017,4,11,101,18.75,74.0,0.0
PUNE_G004,2017-04-12,2017,4,12,102,18.75,74.0,0.0
PUNE_G004,2017-04-13,2017,4,13,103,18.75,74.0,0.0
PUNE_G004,2017-04-14,2017,4,14,104,18.75,74.0,0.0
PUNE_G004,2017-04-15,2017,4,15,105,18.75,74.0,0.0
PUNE_G004,2017-04-16,2017,4,16,106,18.75,74.0,0.0
PUNE_G004,2017-04-17,2017,4,17,107,18.75,74.0,0.0
PUNE_G004,2017-04-18,2017,4,18,108,18.75,74.0,0.0
PUNE_G004,2017-04-19,2017,4,19,109,18.75,74.0,0.0
PUNE_G004,2017-04-20,2017,4,20,110,18.75,74.0,0.0
PUNE_G004,2017-04-21,2017,4,21,111,18.75,74.0,0.0
PUNE_G004,2017-04-22,2017,4,22,112,18.75,74.0,0.0
PUNE_G004,2017-04-23,2017,4,23,113,18.75,74.0,0.0
PUNE_G004,2017-04-24,2017,4,24,114,18.75,74.0,0.0
PUNE_G004,2017-04-25,2017,4,25,115,18.75,74.0,0.0
PUNE_G004,2017-04-26,2017,4,26,116,18.75,74.0,0.0
PUNE_G004,2017-04-27,2017,4,27,117,18.75,74.0,0.0
PUNE_G004,2017-04-28,2017,4,28,118,18.75,74.0,0.0
PUNE_G004,2017-04-29,2017,4,29,119,18.75,74.0,0.0
PUNE_G004,2017-04-30,2017,4,30,120,18.75,74.0,0.0
PUNE_G004,2017-05-01,2017,5,1,121,18.75,74.0,0.0
PUNE_G004,2017-05-02,2017,5,2,122,18.75,74.0,0.0
PUNE_G004,2017-05-03,2017,5,3,123,18.75,74.0,0.0
PUNE_G004,2017-05-04,2017,5,4,124,18.75,74.0,0.0
PUNE_G004,2017-05-05,2017,5,5,125,18.75,74.0,0.0
PUNE_G004,2017-05-06,2017,5,6,126,18.75,74.0,0.0
PUNE_G004,2017-05-07,2017,5,7,127,18.75,74.0,0.0
PUNE_G004,2017-05-08,2017,5,8,128,18.75,74.0,0.0
PUNE_G004,2017-05-09,2017,5,9,129,18.75,74.0,0.0
PUNE_G004,2017-05-10,2017,5,10,130,18.75,74.0,0.0
PUNE_G004,2017-05-11,2017,5,11,131,18.75,74.0,0.0
PUNE_G004,2017-05-12,2017,5,12,132,18.75,74.0,0.0
PUNE_G004,2017-05-13,2017,5,13,133,18.75,74.0,1.686830759048462
PUNE_G004,2017-05-14,2017,5,14,134,18.75,74.0,10.280031204223633
PUNE_G004,2017-05-15,2017,5,15,135,18.75,74.0,0.0
PUNE_G004,2017-05-16,2017,5,16,136,18.75,74.0,0.0
PUNE_G004,2017-05-17,2017,5,17,137,18.75,74.0,0.0
PUNE_G004,2017-05-18,2017,5,18,138,18.75,74.0,0.0
PUNE_G004,2017-05-19,2017,5,19,139,18.75,74.0,0.0
PUNE_G004,2017-05-20,2017,5,20,140,18.75,74.0,0.0
PUNE_G004,2017-05-21,2017,5,21,141,18.75,74.0,0.0
PUNE_G004,2017-05-22,2017,5,22,142,18.75,74.0,0.0
PUNE_G004,2017-05-23,2017,5,23,143,18.75,74.0,0.0
PUNE_G004,2017-05-24,2017,5,24,144,18.75,74.0,0.0
PUNE_G004,2017-05-25,2017,5,25,145,18.75,74.0,0.0
PUNE_G004,2017-05-26,2017,5,26,146,18.75,74.0,0.0
PUNE_G004,2017-05-27,2017,5,27,147,18.75,74.0,0.0
PUNE_G004,2017-05-28,2017,5,28,148,18.75,74.0,0.0
PUNE_G004,2017-05-29,2017,5,29,149,18.75,74.0,0.0
PUNE_G004,2017-05-30,2017,5,30,150,18.75,74.0,0.0
PUNE_G004,2017-05-31,2017,5,31,151,18.75,74.0,0.16466493904590607
PUNE_G004,2017-06-01,2017,6,1,152,18.75,74.0,0.0
PUNE_G004,2017-06-02,2017,6,2,153,18.75,74.0,3.9550228118896484
PUNE_G004,2017-06-03,2017,6,3,154,18.75,74.0,2.071678638458252
PUNE_G004,2017-06-04,2017,6,4,155,18.75,74.0,1.5985532999038696
PUNE_G004,2017-06-05,2017,6,5,156,18.75,74.0,0.0
PUNE_G004,2017-06-06,2017,6,6,157,18.75,74.0,0.0
PUNE_G004,2017-06-07,2017,6,7,158,18.75,74.0,0.0
PUNE_G004,2017-06-08,2017,6,8,159,18.75,74.0,0.0
PUNE_G004,2017-06-09,2017,6,9,160,18.75,74.0,0.0
PUNE_G004,2017-06-10,2017,6,10,161,18.75,74.0,0.0
PUNE_G004,2017-06-11,2017,6,11,162,18.75,74.0,12.108794212341309
PUNE_G004,2017-06-12,2017,6,12,163,18.75,74.0,2.79837965965271
PUNE_G004,2017-06-13,2017,6,13,164,18.75,74.0,36.052513122558594
PUNE_G004,2017-06-14,2017,6,14,165,18.75,74.0,1.652467966079712
PUNE_G004,2017-06-15,2017,6,15,166,18.75,74.0,31.8387393951416
PUNE_G004,2017-06-16,2017,6,16,167,18.75,74.0,0.2368226945400238
PUNE_G004,2017-06-17,2017,6,17,168,18.75,74.0,16.39997100830078
PUNE_G004,2017-06-18,2017,6,18,169,18.75,74.0,1.2997153997421265
PUNE_G004,2017-06-19,2017,6,19,170,18.75,74.0,0.0
PUNE_G004,2017-06-20,2017,6,20,171,18.75,74.0,0.0
PUNE_G004,2017-06-21,2017,6,21,172,18.75,74.0,1.652467966079712
PUNE_G004,2017-06-22,2017,6,22,173,18.75,74.0,0.0
PUNE_G004,2017-06-23,2017,6,23,174,18.75,74.0,0.8046353459358215
PUNE_G004,2017-06-24,2017,6,24,175,18.75,74.0,0.8880850672721863
PUNE_G004,2017-06-25,2017,6,25,176,18.75,74.0,30.773771286010742
PUNE_G004,2017-06-26,2017,6,26,177,18.75,74.0,6.70578145980835
PUNE_G004,2017-06-27,2017,6,27,178,18.75,74.0,6.100198268890381
PUNE_G004,2017-06-28,2017,6,28,179,18.75,74.0,3.0443732738494873
PUNE_G004,2017-06-29,2017,6,29,180,18.75,74.0,3.434013605117798
PUNE_G004,2017-06-30,2017,6,30,181,18.75,74.0,17.44631004333496
PUNE_G004,2017-07-01,2017,7,1,182,18.75,74.0,3.057492971420288
PUNE_G004,2017-07-02,2017,7,2,183,18.75,74.0,2.4381420612335205
PUNE_G004,2017-07-03,2017,7,3,184,18.75,74.0,4.161672592163086
PUNE_G004,2017-07-04,2017,7,4,185,18.75,74.0,0.3981688916683197
PUNE_G004,2017-07-05,2017,7,5,186,18.75,74.0,1.3851337432861328
PUNE_G004,2017-07-06,2017,7,6,187,18.75,74.0,0.56599360704422
PUNE_G004,2017-07-07,2017,7,7,188,18.75,74.0,1.4044121503829956
PUNE_G004,2017-07-08,2017,7,8,189,18.75,74.0,0.0
PUNE_G004,2017-07-09,2017,7,9,190,18.75,74.0,1.0104821920394897
PUNE_G004,2017-07-10,2017,7,10,191,18.75,74.0,0.0
PUNE_G004,2017-07-11,2017,7,11,192,18.75,74.0,0.22470594942569733
PUNE_G004,2017-07-12,2017,7,12,193,18.75,74.0,0.11235297471284866
PUNE_G004,2017-07-13,2017,7,13,194,18.75,74.0,0.1685294806957245
PUNE_G004,2017-07-14,2017,7,14,195,18.75,74.0,27.696491241455078
PUNE_G004,2017-07-15,2017,7,15,196,18.75,74.0,17.893545150756836
PUNE_G004,2017-07-16,2017,7,16,197,18.75,74.0,5.020850658416748
PUNE_G004,2017-07-17,2017,7,17,198,18.75,74.0,5.136983871459961
PUNE_G004,2017-07-18,2017,7,18,199,18.75,74.0,10.184473037719727
PUNE_G004,2017-07-19,2017,7,19,200,18.75,74.0,5.173090934753418
PUNE_G004,2017-07-20,2017,7,20,201,18.75,74.0,6.619869232177734
PUNE_G004,2017-07-21,2017,7,21,202,18.75,74.0,13.738300323486328
PUNE_G004,2017-07-22,2017,7,22,203,18.75,74.0,15.395922660827637
PUNE_G004,2017-07-23,2017,7,23,204,18.75,74.0,3.9725265502929688
PUNE_G004,2017-07-24,2017,7,24,205,18.75,74.0,3.075714349746704
PUNE_G004,2017-07-25,2017,7,25,206,18.75,74.0,3.4694864749908447
PUNE_G004,2017-07-26,2017,7,26,207,18.75,74.0,1.5877420902252197
PUNE_G004,2017-07-27,2017,7,27,208,18.75,74.0,2.2576310634613037
PUNE_G004,2017-07-28,2017,7,28,209,18.75,74.0,4.3829264640808105
PUNE_G004,2017-07-29,2017,7,29,210,18.75,74.0,1.5856276750564575
PUNE_G004,2017-07-30,2017,7,30,211,18.75,74.0,1.1003750562667847
PUNE_G004,2017-07-31,2017,7,31,212,18.75,74.0,0.737342119216919
PUNE_G004,2017-08-01,2017,8,1,213,18.75,74.0,1.1341015100479126
PUNE_G004,2017-08-02,2017,8,2,214,18.75,74.0,5.380126476287842
PUNE_G004,2017-08-03,2017,8,3,215,18.75,74.0,0.4248475432395935
PUNE_G004,2017-08-04,2017,8,4,216,18.75,74.0,1.6045536994934082
PUNE_G004,2017-08-05,2017,8,5,217,18.75,74.0,0.0
PUNE_G004,2017-08-06,2017,8,6,218,18.75,74.0,0.0
PUNE_G004,2017-08-07,2017,8,7,219,18.75,74.0,0.0
PUNE_G004,2017-08-08,2017,8,8,220,18.75,74.0,0.0
PUNE_G004,2017-08-09,2017,8,9,221,18.75,74.0,2.977353811264038
PUNE_G004,2017-08-10,2017,8,10,222,18.75,74.0,0.9079859256744385
PUNE_G004,2017-08-11,2017,8,11,223,18.75,74.0,0.19661769270896912
PUNE_G004,2017-08-12,2017,8,12,224,18.75,74.0,7.248864650726318
PUNE_G004,2017-08-13,2017,8,13,225,18.75,74.0,0.3981688916683197
PUNE_G004,2017-08-14,2017,8,14,226,18.75,74.0,0.793518602848053
PUNE_G004,2017-08-15,2017,8,15,227,18.75,74.0,2.092270851135254
PUNE_G004,2017-08-16,2017,8,16,228,18.75,74.0,0.0
PUNE_G004,2017-08-17,2017,8,17,229,18.75,74.0,0.8610315918922424
PUNE_G004,2017-08-18,2017,8,18,230,18.75,74.0,1.3083552122116089
PUNE_G004,2017-08-19,2017,8,19,231,18.75,74.0,2.690685987472534
PUNE_G004,2017-08-20,2017,8,20,232,18.75,74.0,36.6517448425293
PUNE_G004,2017-08-21,2017,8,21,233,18.75,74.0,80.99698638916016
PUNE_G004,2017-08-22,2017,8,22,234,18.75,74.0,8.821895599365234
PUNE_G004,2017-08-23,2017,8,23,235,18.75,74.0,0.0
PUNE_G004,2017-08-24,2017,8,24,236,18.75,74.0,0.2825016379356384
PUNE_G004,2017-08-25,2017,8,25,237,18.75,74.0,0.35035765171051025
PUNE_G004,2017-08-26,2017,8,26,238,18.75,74.0,15.649274826049805
PUNE_G004,2017-08-27,2017,8,27,239,18.75,74.0,5.603304862976074
PUNE_G004,2017-08-28,2017,8,28,240,18.75,74.0,15.171478271484375
PUNE_G004,2017-08-29,2017,8,29,241,18.75,74.0,20.654281616210938
PUNE_G004,2017-08-30,2017,8,30,242,18.75,74.0,13.040021896362305
PUNE_G004,2017-08-31,2017,8,31,243,18.75,74.0,2.0209009647369385
PUNE_G004,2017-09-01,2017,9,1,244,18.75,74.0,0.0
PUNE_G004,2017-09-02,2017,9,2,245,18.75,74.0,1.4044121503829956
PUNE_G004,2017-09-03,2017,9,3,246,18.75,74.0,0.0
PUNE_G004,2017-09-04,2017,9,4,247,18.75,74.0,0.0
PUNE_G004,2017-09-05,2017,9,5,248,18.75,74.0,0.0
PUNE_G004,2017-09-06,2017,9,6,249,18.75,74.0,0.0
PUNE_G004,2017-09-07,2017,9,7,250,18.75,74.0,0.0
PUNE_G004,2017-09-08,2017,9,8,251,18.75,74.0,18.249675750732422
PUNE_G004,2017-09-09,2017,9,9,252,18.75,74.0,1.17970609664917
PUNE_G004,2017-09-10,2017,9,10,253,18.75,74.0,8.07573127746582
PUNE_G004,2017-09-11,2017,9,11,254,18.75,74.0,9.894790649414062
PUNE_G004,2017-09-12,2017,9,12,255,18.75,74.0,13.92763900756836
PUNE_G004,2017-09-13,2017,9,13,256,18.75,74.0,9.229277610778809
PUNE_G004,2017-09-14,2017,9,14,257,18.75,74.0,34.19029998779297
PUNE_G004,2017-09-15,2017,9,15,258,18.75,74.0,12.402801513671875
PUNE_G004,2017-09-16,2017,9,16,259,18.75,74.0,9.075927734375
PUNE_G004,2017-09-17,2017,9,17,260,18.75,74.0,0.0
PUNE_G004,2017-09-18,2017,9,18,261,18.75,74.0,0.0
PUNE_G004,2017-09-19,2017,9,19,262,18.75,74.0,3.0377590656280518
PUNE_G004,2017-09-20,2017,9,20,263,18.75,74.0,18.862462997436523
PUNE_G004,2017-09-21,2017,9,21,264,18.75,74.0,28.363183975219727
PUNE_G004,2017-09-22,2017,9,22,265,18.75,74.0,8.075820922851562
PUNE_G004,2017-09-23,2017,9,23,266,18.75,74.0,0.0
PUNE_G004,2017-09-24,2017,9,24,267,18.75,74.0,0.0
PUNE_G004,2017-09-25,2017,9,25,268,18.75,74.0,0.0
PUNE_G004,2017-09-26,2017,9,26,269,18.75,74.0,0.0
PUNE_G004,2017-09-27,2017,9,27,270,18.75,74.0,0.0
PUNE_G004,2017-09-28,2017,9,28,271,18.75,74.0,0.5055883526802063
PUNE_G004,2017-09-29,2017,9,29,272,18.75,74.0,0.0
PUNE_G004,2017-09-30,2017,9,30,273,18.75,74.0,16.610340118408203
PUNE_G004,2017-10-01,2017,10,1,274,18.75,74.0,0.14801418781280518
PUNE_G004,2017-10-02,2017,10,2,275,18.75,74.0,0.0
PUNE_G004,2017-10-03,2017,10,3,276,18.75,74.0,0.0
PUNE_G004,2017-10-04,2017,10,4,277,18.75,74.0,0.0
PUNE_G004,2017-10-05,2017,10,5,278,18.75,74.0,0.0
PUNE_G004,2017-10-06,2017,10,6,279,18.75,74.0,0.0
PUNE_G004,2017-10-07,2017,10,7,280,18.75,74.0,7.447193622589111
PUNE_G004,2017-10-08,2017,10,8,281,18.75,74.0,13.87941837310791
PUNE_G004,2017-10-09,2017,10,9,282,18.75,74.0,20.411300659179688
PUNE_G004,2017-10-10,2017,10,10,283,18.75,74.0,5.039106369018555
PUNE_G004,2017-10-11,2017,10,11,284,18.75,74.0,17.683534622192383
PUNE_G004,2017-10-12,2017,10,12,285,18.75,74.0,11.658171653747559
PUNE_G004,2017-10-13,2017,10,13,286,18.75,74.0,0.3550831973552704
PUNE_G004,2017-10-14,2017,10,14,287,18.75,74.0,19.790939331054688
PUNE_G004,2017-10-15,2017,10,15,288,18.75,74.0,14.901268005371094
PUNE_G004,2017-10-16,2017,10,16,289,18.75,74.0,8.24881362915039
PUNE_G004,2017-10-17,2017,10,17,290,18.75,74.0,0.0
PUNE_G004,2017-10-18,2017,10,18,291,18.75,74.0,0.0
PUNE_G004,2017-10-19,2017,10,19,292,18.75,74.0,0.0
PUNE_G004,2017-10-20,2017,10,20,293,18.75,74.0,0.0
PUNE_G004,2017-10-21,2017,10,21,294,18.75,74.0,0.0
PUNE_G004,2017-10-22,2017,10,22,295,18.75,74.0,0.0
PUNE_G004,2017-10-23,2017,10,23,296,18.75,74.0,0.0
PUNE_G004,2017-10-24,2017,10,24,297,18.75,74.0,0.0
PUNE_G004,2017-10-25,2017,10,25,298,18.75,74.0,0.0
PUNE_G004,2017-10-26,2017,10,26,299,18.75,74.0,0.0
PUNE_G004,2017-10-27,2017,10,27,300,18.75,74.0,0.0
PUNE_G004,2017-10-28,2017,10,28,301,18.75,74.0,3.433929204940796
PUNE_G004,2017-10-29,2017,10,29,302,18.75,74.0,0.0
PUNE_G004,2017-10-30,2017,10,30,303,18.75,74.0,0.0
PUNE_G004,2017-10-31,2017,10,31,304,18.75,74.0,0.0
PUNE_G004,2017-11-01,2017,11,1,305,18.75,74.0,0.0
PUNE_G004,2017-11-02,2017,11,2,306,18.75,74.0,0.0
PUNE_G004,2017-11-03,2017,11,3,307,18.75,74.0,0.0
PUNE_G004,2017-11-04,2017,11,4,308,18.75,74.0,0.0
PUNE_G004,2017-11-05,2017,11,5,309,18.75,74.0,0.0
PUNE_G004,2017-11-06,2017,11,6,310,18.75,74.0,0.0
PUNE_G004,2017-11-07,2017,11,7,311,18.75,74.0,0.0
PUNE_G004,2017-11-08,2017,11,8,312,18.75,74.0,0.0
PUNE_G004,2017-11-09,2017,11,9,313,18.75,74.0,0.0
PUNE_G004,2017-11-10,2017,11,10,314,18.75,74.0,0.0
PUNE_G004,2017-11-11,2017,11,11,315,18.75,74.0,0.0
PUNE_G004,2017-11-12,2017,11,12,316,18.75,74.0,0.0
PUNE_G004,2017-11-13,2017,11,13,317,18.75,74.0,0.0
PUNE_G004,2017-11-14,2017,11,14,318,18.75,74.0,0.0
PUNE_G004,2017-11-15,2017,11,15,319,18.75,74.0,0.0
PUNE_G004,2017-11-16,2017,11,16,320,18.75,74.0,0.0
PUNE_G004,2017-11-17,2017,11,17,321,18.75,74.0,0.0
PUNE_G004,2017-11-18,2017,11,18,322,18.75,74.0,0.0
PUNE_G004,2017-11-19,2017,11,19,323,18.75,74.0,0.0
PUNE_G004,2017-11-20,2017,11,20,324,18.75,74.0,0.0
PUNE_G004,2017-11-21,2017,11,21,325,18.75,74.0,9.11001205444336
PUNE_G004,2017-11-22,2017,11,22,326,18.75,74.0,2.7002556324005127
PUNE_G004,2017-11-23,2017,11,23,327,18.75,74.0,7.301576614379883
PUNE_G004,2017-11-24,2017,11,24,328,18.75,74.0,0.17218022048473358
PUNE_G004,2017-11-25,2017,11,25,329,18.75,74.0,0.0
PUNE_G004,2017-11-26,2017,11,26,330,18.75,74.0,0.0
PUNE_G004,2017-11-27,2017,11,27,331,18.75,74.0,0.0
PUNE_G004,2017-11-28,2017,11,28,332,18.75,74.0,0.0
PUNE_G004,2017-11-29,2017,11,29,333,18.75,74.0,0.0
PUNE_G004,2017-11-30,2017,11,30,334,18.75,74.0,0.0
PUNE_G004,2017-12-01,2017,12,1,335,18.75,74.0,0.0
PUNE_G004,2017-12-02,2017,12,2,336,18.75,74.0,0.0
PUNE_G004,2017-12-03,2017,12,3,337,18.75,74.0,0.0
PUNE_G004,2017-12-04,2017,12,4,338,18.75,74.0,0.0
PUNE_G004,2017-12-05,2017,12,5,339,18.75,74.0,0.8288794159889221
PUNE_G004,2017-12-06,2017,12,6,340,18.75,74.0,0.0
PUNE_G004,2017-12-07,2017,12,7,341,18.75,74.0,0.0
PUNE_G004,2017-12-08,2017,12,8,342,18.75,74.0,0.0
PUNE_G004,2017-12-09,2017,12,9,343,18.75,74.0,0.0
PUNE_G004,2017-12-10,2017,12,10,344,18.75,74.0,0.0
PUNE_G004,2017-12-11,2017,12,11,345,18.75,74.0,0.0
PUNE_G004,2017-12-12,2017,12,12,346,18.75,74.0,0.0
PUNE_G004,2017-12-13,2017,12,13,347,18.75,74.0,0.0
PUNE_G004,2017-12-14,2017,12,14,348,18.75,74.0,0.0
PUNE_G004,2017-12-15,2017,12,15,349,18.75,74.0,0.0
PUNE_G004,2017-12-16,2017,12,16,350,18.75,74.0,0.0
PUNE_G004,2017-12-17,2017,12,17,351,18.75,74.0,0.0
PUNE_G004,2017-12-18,2017,12,18,352,18.75,74.0,0.0
PUNE_G004,2017-12-19,2017,12,19,353,18.75,74.0,0.0
PUNE_G004,2017-12-20,2017,12,20,354,18.75,74.0,0.0
PUNE_G004,2017-12-21,2017,12,21,355,18.75,74.0,0.0
PUNE_G004,2017-12-22,2017,12,22,356,18.75,74.0,0.0
PUNE_G004,2017-12-23,2017,12,23,357,18.75,74.0,0.0
PUNE_G004,2017-12-24,2017,12,24,358,18.75,74.0,0.0
PUNE_G004,2017-12-25,2017,12,25,359,18.75,74.0,0.0
PUNE_G004,2017-12-26,2017,12,26,360,18.75,74.0,0.0
PUNE_G004,2017-12-27,2017,12,27,361,18.75,74.0,0.0
PUNE_G004,2017-12-28,2017,12,28,362,18.75,74.0,0.0
PUNE_G004,2017-12-29,2017,12,29,363,18.75,74.0,0.0
PUNE_G004,2017-12-30,2017,12,30,364,18.75,74.0,0.0
PUNE_G004,2017-12-31,2017,12,31,365,18.75,74.0,0.0
PUNE_G004,2018-01-01,2018,1,1,1,18.75,74.0,0.0
PUNE_G004,2018-01-02,2018,1,2,2,18.75,74.0,0.0
PUNE_G004,2018-01-03,2018,1,3,3,18.75,74.0,0.0
PUNE_G004,2018-01-04,2018,1,4,4,18.75,74.0,0.0
PUNE_G004,2018-01-05,2018,1,5,5,18.75,74.0,0.0
PUNE_G004,2018-01-06,2018,1,6,6,18.75,74.0,0.0
PUNE_G004,2018-01-07,2018,1,7,7,18.75,74.0,0.0
PUNE_G004,2018-01-08,2018,1,8,8,18.75,74.0,0.0
PUNE_G004,2018-01-09,2018,1,9,9,18.75,74.0,0.0
PUNE_G004,2018-01-10,2018,1,10,10,18.75,74.0,0.0
PUNE_G004,2018-01-11,2018,1,11,11,18.75,74.0,0.0
PUNE_G004,2018-01-12,2018,1,12,12,18.75,74.0,0.0
PUNE_G004,2018-01-13,2018,1,13,13,18.75,74.0,0.0
PUNE_G004,2018-01-14,2018,1,14,14,18.75,74.0,0.0
PUNE_G004,2018-01-15,2018,1,15,15,18.75,74.0,0.0
PUNE_G004,2018-01-16,2018,1,16,16,18.75,74.0,0.0
PUNE_G004,2018-01-17,2018,1,17,17,18.75,74.0,0.0
PUNE_G004,2018-01-18,2018,1,18,18,18.75,74.0,0.0
PUNE_G004,2018-01-19,2018,1,19,19,18.75,74.0,0.0
PUNE_G004,2018-01-20,2018,1,20,20,18.75,74.0,0.0
PUNE_G004,2018-01-21,2018,1,21,21,18.75,74.0,0.0
PUNE_G004,2018-01-22,2018,1,22,22,18.75,74.0,0.0
PUNE_G004,2018-01-23,2018,1,23,23,18.75,74.0,0.0
PUNE_G004,2018-01-24,2018,1,24,24,18.75,74.0,0.0
PUNE_G004,2018-01-25,2018,1,25,25,18.75,74.0,0.0
PUNE_G004,2018-01-26,2018,1,26,26,18.75,74.0,0.0
PUNE_G004,2018-01-27,2018,1,27,27,18.75,74.0,0.0
PUNE_G004,2018-01-28,2018,1,28,28,18.75,74.0,0.0
PUNE_G004,2018-01-29,2018,1,29,29,18.75,74.0,0.0
PUNE_G004,2018-01-30,2018,1,30,30,18.75,74.0,0.0
PUNE_G004,2018-01-31,2018,1,31,31,18.75,74.0,0.0
PUNE_G004,2018-02-01,2018,2,1,32,18.75,74.0,0.0
PUNE_G004,2018-02-02,2018,2,2,33,18.75,74.0,0.0
PUNE_G004,2018-02-03,2018,2,3,34,18.75,74.0,0.0
PUNE_G004,2018-02-04,2018,2,4,35,18.75,74.0,0.0
PUNE_G004,2018-02-05,2018,2,5,36,18.75,74.0,0.0
PUNE_G004,2018-02-06,2018,2,6,37,18.75,74.0,0.0
PUNE_G004,2018-02-07,2018,2,7,38,18.75,74.0,0.0
PUNE_G004,2018-02-08,2018,2,8,39,18.75,74.0,0.0
PUNE_G004,2018-02-09,2018,2,9,40,18.75,74.0,0.0
PUNE_G004,2018-02-10,2018,2,10,41,18.75,74.0,0.0
PUNE_G004,2018-02-11,2018,2,11,42,18.75,74.0,0.0
PUNE_G004,2018-02-12,2018,2,12,43,18.75,74.0,0.0
PUNE_G004,2018-02-13,2018,2,13,44,18.75,74.0,0.0
PUNE_G004,2018-02-14,2018,2,14,45,18.75,74.0,0.0
PUNE_G004,2018-02-15,2018,2,15,46,18.75,74.0,0.0
PUNE_G004,2018-02-16,2018,2,16,47,18.75,74.0,0.0
PUNE_G004,2018-02-17,2018,2,17,48,18.75,74.0,0.0
PUNE_G004,2018-02-18,2018,2,18,49,18.75,74.0,0.0
PUNE_G004,2018-02-19,2018,2,19,50,18.75,74.0,0.0
PUNE_G004,2018-02-20,2018,2,20,51,18.75,74.0,0.0
PUNE_G004,2018-02-21,2018,2,21,52,18.75,74.0,0.0
PUNE_G004,2018-02-22,2018,2,22,53,18.75,74.0,0.0
PUNE_G004,2018-02-23,2018,2,23,54,18.75,74.0,0.0
PUNE_G004,2018-02-24,2018,2,24,55,18.75,74.0,0.0
PUNE_G004,2018-02-25,2018,2,25,56,18.75,74.0,0.0
PUNE_G004,2018-02-26,2018,2,26,57,18.75,74.0,0.0
PUNE_G004,2018-02-27,2018,2,27,58,18.75,74.0,0.0
PUNE_G004,2018-02-28,2018,2,28,59,18.75,74.0,0.0
PUNE_G004,2018-03-01,2018,3,1,60,18.75,74.0,0.0
PUNE_G004,2018-03-02,2018,3,2,61,18.75,74.0,0.0
PUNE_G004,2018-03-03,2018,3,3,62,18.75,74.0,0.0
PUNE_G004,2018-03-04,2018,3,4,63,18.75,74.0,0.0
PUNE_G004,2018-03-05,2018,3,5,64,18.75,74.0,0.0
PUNE_G004,2018-03-06,2018,3,6,65,18.75,74.0,0.0
PUNE_G004,2018-03-07,2018,3,7,66,18.75,74.0,0.0
PUNE_G004,2018-03-08,2018,3,8,67,18.75,74.0,0.0
PUNE_G004,2018-03-09,2018,3,9,68,18.75,74.0,0.0
PUNE_G004,2018-03-10,2018,3,10,69,18.75,74.0,0.0
PUNE_G004,2018-03-11,2018,3,11,70,18.75,74.0,0.0
PUNE_G004,2018-03-12,2018,3,12,71,18.75,74.0,0.0
PUNE_G004,2018-03-13,2018,3,13,72,18.75,74.0,0.0
PUNE_G004,2018-03-14,2018,3,14,73,18.75,74.0,0.0
PUNE_G004,2018-03-15,2018,3,15,74,18.75,74.0,0.0
PUNE_G004,2018-03-16,2018,3,16,75,18.75,74.0,0.0
PUNE_G004,2018-03-17,2018,3,17,76,18.75,74.0,0.0
PUNE_G004,2018-03-18,2018,3,18,77,18.75,74.0,0.0
PUNE_G004,2018-03-19,2018,3,19,78,18.75,74.0,3.611546039581299
PUNE_G004,2018-03-20,2018,3,20,79,18.75,74.0,0.0
PUNE_G004,2018-03-21,2018,3,21,80,18.75,74.0,0.0
PUNE_G004,2018-03-22,2018,3,22,81,18.75,74.0,0.0
PUNE_G004,2018-03-23,2018,3,23,82,18.75,74.0,0.0
PUNE_G004,2018-03-24,2018,3,24,83,18.75,74.0,0.0
PUNE_G004,2018-03-25,2018,3,25,84,18.75,74.0,0.0
PUNE_G004,2018-03-26,2018,3,26,85,18.75,74.0,0.0
PUNE_G004,2018-03-27,2018,3,27,86,18.75,74.0,0.0
PUNE_G004,2018-03-28,2018,3,28,87,18.75,74.0,0.0
PUNE_G004,2018-03-29,2018,3,29,88,18.75,74.0,0.0
PUNE_G004,2018-03-30,2018,3,30,89,18.75,74.0,0.0
PUNE_G004,2018-03-31,2018,3,31,90,18.75,74.0,0.0
PUNE_G004,2018-04-01,2018,4,1,91,18.75,74.0,0.0
PUNE_G004,2018-04-02,2018,4,2,92,18.75,74.0,0.0
PUNE_G004,2018-04-03,2018,4,3,93,18.75,74.0,0.0
PUNE_G004,2018-04-04,2018,4,4,94,18.75,74.0,0.0
PUNE_G004,2018-04-05,2018,4,5,95,18.75,74.0,0.0
PUNE_G004,2018-04-06,2018,4,6,96,18.75,74.0,0.0
PUNE_G004,2018-04-07,2018,4,7,97,18.75,74.0,0.15066030621528625
PUNE_G004,2018-04-08,2018,4,8,98,18.75,74.0,0.0
PUNE_G004,2018-04-09,2018,4,9,99,18.75,74.0,0.0
PUNE_G004,2018-04-10,2018,4,10,100,18.75,74.0,0.0
PUNE_G004,2018-04-11,2018,4,11,101,18.75,74.0,0.0
PUNE_G004,2018-04-12,2018,4,12,102,18.75,74.0,0.0
PUNE_G004,2018-04-13,2018,4,13,103,18.75,74.0,0.0
PUNE_G004,2018-04-14,2018,4,14,104,18.75,74.0,0.0
PUNE_G004,2018-04-15,2018,4,15,105,18.75,74.0,0.0
PUNE_G004,2018-04-16,2018,4,16,106,18.75,74.0,0.0
PUNE_G004,2018-04-17,2018,4,17,107,18.75,74.0,0.0
PUNE_G004,2018-04-18,2018,4,18,108,18.75,74.0,2.2731363773345947
PUNE_G004,2018-04-19,2018,4,19,109,18.75,74.0,0.0
PUNE_G004,2018-04-20,2018,4,20,110,18.75,74.0,0.0
PUNE_G004,2018-04-21,2018,4,21,111,18.75,74.0,0.0
PUNE_G004,2018-04-22,2018,4,22,112,18.75,74.0,0.0
PUNE_G004,2018-04-23,2018,4,23,113,18.75,74.0,0.0
PUNE_G004,2018-04-24,2018,4,24,114,18.75,74.0,0.0
PUNE_G004,2018-04-25,2018,4,25,115,18.75,74.0,0.0
PUNE_G004,2018-04-26,2018,4,26,116,18.75,74.0,0.0
PUNE_G004,2018-04-27,2018,4,27,117,18.75,74.0,0.0
PUNE_G004,2018-04-28,2018,4,28,118,18.75,74.0,0.0
PUNE_G004,2018-04-29,2018,4,29,119,18.75,74.0,0.0
PUNE_G004,2018-04-30,2018,4,30,120,18.75,74.0,0.0
PUNE_G004,2018-05-01,2018,5,1,121,18.75,74.0,0.0
PUNE_G004,2018-05-02,2018,5,2,122,18.75,74.0,0.0
PUNE_G004,2018-05-03,2018,5,3,123,18.75,74.0,0.0
PUNE_G004,2018-05-04,2018,5,4,124,18.75,74.0,0.0
PUNE_G004,2018-05-05,2018,5,5,125,18.75,74.0,0.0
PUNE_G004,2018-05-06,2018,5,6,126,18.75,74.0,0.0
PUNE_G004,2018-05-07,2018,5,7,127,18.75,74.0,0.0
PUNE_G004,2018-05-08,2018,5,8,128,18.75,74.0,0.0
PUNE_G004,2018-05-09,2018,5,9,129,18.75,74.0,0.0
PUNE_G004,2018-05-10,2018,5,10,130,18.75,74.0,0.0
PUNE_G004,2018-05-11,2018,5,11,131,18.75,74.0,0.0
PUNE_G004,2018-05-12,2018,5,12,132,18.75,74.0,0.0
PUNE_G004,2018-05-13,2018,5,13,133,18.75,74.0,0.0
PUNE_G004,2018-05-14,2018,5,14,134,18.75,74.0,0.0
PUNE_G004,2018-05-15,2018,5,15,135,18.75,74.0,0.0
PUNE_G004,2018-05-16,2018,5,16,136,18.75,74.0,0.0
PUNE_G004,2018-05-17,2018,5,17,137,18.75,74.0,0.0
PUNE_G004,2018-05-18,2018,5,18,138,18.75,74.0,3.057544469833374
PUNE_G004,2018-05-19,2018,5,19,139,18.75,74.0,0.0
PUNE_G004,2018-05-20,2018,5,20,140,18.75,74.0,0.0
PUNE_G004,2018-05-21,2018,5,21,141,18.75,74.0,0.0
PUNE_G004,2018-05-22,2018,5,22,142,18.75,74.0,0.0
PUNE_G004,2018-05-23,2018,5,23,143,18.75,74.0,0.14557358622550964
PUNE_G004,2018-05-24,2018,5,24,144,18.75,74.0,0.0
PUNE_G004,2018-05-25,2018,5,25,145,18.75,74.0,0.0
PUNE_G004,2018-05-26,2018,5,26,146,18.75,74.0,0.0
PUNE_G004,2018-05-27,2018,5,27,147,18.75,74.0,0.0
PUNE_G004,2018-05-28,2018,5,28,148,18.75,74.0,0.0
PUNE_G004,2018-05-29,2018,5,29,149,18.75,74.0,0.0
PUNE_G004,2018-05-30,2018,5,30,150,18.75,74.0,0.0
PUNE_G004,2018-05-31,2018,5,31,151,18.75,74.0,0.0
PUNE_G004,2018-06-01,2018,6,1,152,18.75,74.0,0.0
PUNE_G004,2018-06-02,2018,6,2,153,18.75,74.0,9.994305610656738
PUNE_G004,2018-06-03,2018,6,3,154,18.75,74.0,1.8917722702026367
PUNE_G004,2018-06-04,2018,6,4,155,18.75,74.0,0.0
PUNE_G004,2018-06-05,2018,6,5,156,18.75,74.0,31.197980880737305
PUNE_G004,2018-06-06,2018,6,6,157,18.75,74.0,1.0190318822860718
PUNE_G004,2018-06-07,2018,6,7,158,18.75,74.0,7.341503620147705
PUNE_G004,2018-06-08,2018,6,8,159,18.75,74.0,0.12746098637580872
PUNE_G004,2018-06-09,2018,6,9,160,18.75,74.0,20.08638572692871
PUNE_G004,2018-06-10,2018,6,10,161,18.75,74.0,0.0
PUNE_G004,2018-06-11,2018,6,11,162,18.75,74.0,0.0
PUNE_G004,2018-06-12,2018,6,12,163,18.75,74.0,0.5650032758712769
PUNE_G004,2018-06-13,2018,6,13,164,18.75,74.0,0.0
PUNE_G004,2018-06-14,2018,6,14,165,18.75,74.0,0.0
PUNE_G004,2018-06-15,2018,6,15,166,18.75,74.0,0.0
PUNE_G004,2018-06-16,2018,6,16,167,18.75,74.0,0.0
PUNE_G004,2018-06-17,2018,6,17,168,18.75,74.0,0.2744736075401306
PUNE_G004,2018-06-18,2018,6,18,169,18.75,74.0,2.392463445663452
PUNE_G004,2018-06-19,2018,6,19,170,18.75,74.0,0.24060167372226715
PUNE_G004,2018-06-20,2018,6,20,171,18.75,74.0,0.6748757362365723
PUNE_G004,2018-06-21,2018,6,21,172,18.75,74.0,1.0419038534164429
PUNE_G004,2018-06-22,2018,6,22,173,18.75,74.0,31.143756866455078
PUNE_G004,2018-06-23,2018,6,23,174,18.75,74.0,0.5008307099342346
PUNE_G004,2018-06-24,2018,6,24,175,18.75,74.0,0.0
PUNE_G004,2018-06-25,2018,6,25,176,18.75,74.0,2.440458059310913
PUNE_G004,2018-06-26,2018,6,26,177,18.75,74.0,12.580448150634766
PUNE_G004,2018-06-27,2018,6,27,178,18.75,74.0,2.5221755504608154
PUNE_G004,2018-06-28,2018,6,28,179,18.75,74.0,0.43587449193000793
PUNE_G004,2018-06-29,2018,6,29,180,18.75,74.0,1.3277335166931152
PUNE_G004,2018-06-30,2018,6,30,181,18.75,74.0,5.531887531280518
PUNE_G004,2018-07-01,2018,7,1,182,18.75,74.0,0.12684118747711182
PUNE_G004,2018-07-02,2018,7,2,183,18.75,74.0,0.20423085987567902
PUNE_G004,2018-07-03,2018,7,3,184,18.75,74.0,2.647088050842285
PUNE_G004,2018-07-04,2018,7,4,185,18.75,74.0,6.136447906494141
PUNE_G004,2018-07-05,2018,7,5,186,18.75,74.0,9.86512565612793
PUNE_G004,2018-07-06,2018,7,6,187,18.75,74.0,6.589722633361816
PUNE_G004,2018-07-07,2018,7,7,188,18.75,74.0,5.476178169250488
PUNE_G004,2018-07-08,2018,7,8,189,18.75,74.0,4.369452953338623
PUNE_G004,2018-07-09,2018,7,9,190,18.75,74.0,4.938199520111084
PUNE_G004,2018-07-10,2018,7,10,191,18.75,74.0,4.721793174743652
PUNE_G004,2018-07-11,2018,7,11,192,18.75,74.0,1.2756513357162476
PUNE_G004,2018-07-12,2018,7,12,193,18.75,74.0,3.005545139312744
PUNE_G004,2018-07-13,2018,7,13,194,18.75,74.0,3.960545539855957
PUNE_G004,2018-07-14,2018,7,14,195,18.75,74.0,3.167731523513794
PUNE_G004,2018-07-15,2018,7,15,196,18.75,74.0,6.517496585845947
PUNE_G004,2018-07-16,2018,7,16,197,18.75,74.0,12.625852584838867
PUNE_G004,2018-07-17,2018,7,17,198,18.75,74.0,30.0098876953125
PUNE_G004,2018-07-18,2018,7,18,199,18.75,74.0,10.22236442565918
PUNE_G004,2018-07-19,2018,7,19,200,18.75,74.0,2.0364491939544678
PUNE_G004,2018-07-20,2018,7,20,201,18.75,74.0,0.6726971864700317
PUNE_G004,2018-07-21,2018,7,21,202,18.75,74.0,4.670267105102539
PUNE_G004,2018-07-22,2018,7,22,203,18.75,74.0,2.470524549484253
PUNE_G004,2018-07-23,2018,7,23,204,18.75,74.0,1.6286383867263794
PUNE_G004,2018-07-24,2018,7,24,205,18.75,74.0,2.3198063373565674
PUNE_G004,2018-07-25,2018,7,25,206,18.75,74.0,2.245161533355713
PUNE_G004,2018-07-26,2018,7,26,207,18.75,74.0,0.8052341341972351
PUNE_G004,2018-07-27,2018,7,27,208,18.75,74.0,1.32650887966156
PUNE_G004,2018-07-28,2018,7,28,209,18.75,74.0,1.1788606643676758
PUNE_G004,2018-07-29,2018,7,29,210,18.75,74.0,0.0
PUNE_G004,2018-07-30,2018,7,30,211,18.75,74.0,0.0
PUNE_G004,2018-07-31,2018,7,31,212,18.75,74.0,0.0
PUNE_G004,2018-08-01,2018,8,1,213,18.75,74.0,0.11235297471284866
PUNE_G004,2018-08-02,2018,8,2,214,18.75,74.0,0.0
PUNE_G004,2018-08-03,2018,8,3,215,18.75,74.0,0.7583826184272766
PUNE_G004,2018-08-04,2018,8,4,216,18.75,74.0,0.0
PUNE_G004,2018-08-05,2018,8,5,217,18.75,74.0,2.3528201580047607
PUNE_G004,2018-08-06,2018,8,6,218,18.75,74.0,0.0
PUNE_G004,2018-08-07,2018,8,7,219,18.75,74.0,0.0
PUNE_G004,2018-08-08,2018,8,8,220,18.75,74.0,1.5357942581176758
PUNE_G004,2018-08-09,2018,8,9,221,18.75,74.0,0.22470594942569733
PUNE_G004,2018-08-10,2018,8,10,222,18.75,74.0,0.2844063639640808
PUNE_G004,2018-08-11,2018,8,11,223,18.75,74.0,2.103181838989258
PUNE_G004,2018-08-12,2018,8,12,224,18.75,74.0,2.138230323791504
PUNE_G004,2018-08-13,2018,8,13,225,18.75,74.0,2.4929089546203613
PUNE_G004,2018-08-14,2018,8,14,226,18.75,74.0,1.9977891445159912
PUNE_G004,2018-08-15,2018,8,15,227,18.75,74.0,0.958524227142334
PUNE_G004,2018-08-16,2018,8,16,228,18.75,74.0,1.5554251670837402
PUNE_G004,2018-08-17,2018,8,17,229,18.75,74.0,22.52117156982422
PUNE_G004,2018-08-18,2018,8,18,230,18.75,74.0,1.2077945470809937
PUNE_G004,2018-08-19,2018,8,19,231,18.75,74.0,3.1670265197753906
PUNE_G004,2018-08-20,2018,8,20,232,18.75,74.0,2.0294013023376465
PUNE_G004,2018-08-21,2018,8,21,233,18.75,74.0,8.909344673156738
PUNE_G004,2018-08-22,2018,8,22,234,18.75,74.0,13.22253704071045
PUNE_G004,2018-08-23,2018,8,23,235,18.75,74.0,3.513206958770752
PUNE_G004,2018-08-24,2018,8,24,236,18.75,74.0,0.24754010140895844
PUNE_G004,2018-08-25,2018,8,25,237,18.75,74.0,1.4379769563674927
PUNE_G004,2018-08-26,2018,8,26,238,18.75,74.0,10.913846969604492
PUNE_G004,2018-08-27,2018,8,27,239,18.75,74.0,4.081930160522461
PUNE_G004,2018-08-28,2018,8,28,240,18.75,74.0,0.5629361867904663
PUNE_G004,2018-08-29,2018,8,29,241,18.75,74.0,0.3848368525505066
PUNE_G004,2018-08-30,2018,8,30,242,18.75,74.0,0.1184113472700119
PUNE_G004,2018-08-31,2018,8,31,243,18.75,74.0,0.0
PUNE_G004,2018-09-01,2018,9,1,244,18.75,74.0,0.4736453890800476
PUNE_G004,2018-09-02,2018,9,2,245,18.75,74.0,2.928353786468506
PUNE_G004,2018-09-03,2018,9,3,246,18.75,74.0,2.8765738010406494
PUNE_G004,2018-09-04,2018,9,4,247,18.75,74.0,0.5892474055290222
PUNE_G004,2018-09-05,2018,9,5,248,18.75,74.0,0.6270182728767395
PUNE_G004,2018-09-06,2018,9,6,249,18.75,74.0,0.0
PUNE_G004,2018-09-07,2018,9,7,250,18.75,74.0,0.0
PUNE_G004,2018-09-08,2018,9,8,251,18.75,74.0,1.011855125427246
PUNE_G004,2018-09-09,2018,9,9,252,18.75,74.0,0.0
PUNE_G004,2018-09-10,2018,9,10,253,18.75,74.0,0.0
PUNE_G004,2018-09-11,2018,9,11,254,18.75,74.0,0.0
PUNE_G004,2018-09-12,2018,9,12,255,18.75,74.0,0.0
PUNE_G004,2018-09-13,2018,9,13,256,18.75,74.0,0.0
PUNE_G004,2018-09-14,2018,9,14,257,18.75,74.0,0.0
PUNE_G004,2018-09-15,2018,9,15,258,18.75,74.0,0.0
PUNE_G004,2018-09-16,2018,9,16,259,18.75,74.0,0.0
PUNE_G004,2018-09-17,2018,9,17,260,18.75,74.0,0.0
PUNE_G004,2018-09-18,2018,9,18,261,18.75,74.0,0.0
PUNE_G004,2018-09-19,2018,9,19,262,18.75,74.0,1.1011459827423096
PUNE_G004,2018-09-20,2018,9,20,263,18.75,74.0,21.65970230102539
PUNE_G004,2018-09-21,2018,9,21,264,18.75,74.0,0.4251570999622345
PUNE_G004,2018-09-22,2018,9,22,265,18.75,74.0,0.0
PUNE_G004,2018-09-23,2018,9,23,266,18.75,74.0,0.0
PUNE_G004,2018-09-24,2018,9,24,267,18.75,74.0,0.0
PUNE_G004,2018-09-25,2018,9,25,268,18.75,74.0,0.0
PUNE_G004,2018-09-26,2018,9,26,269,18.75,74.0,0.0
PUNE_G004,2018-09-27,2018,9,27,270,18.75,74.0,0.0
PUNE_G004,2018-09-28,2018,9,28,271,18.75,74.0,2.585766553878784
PUNE_G004,2018-09-29,2018,9,29,272,18.75,74.0,6.5589919090271
PUNE_G004,2018-09-30,2018,9,30,273,18.75,74.0,1.2587751150131226
PUNE_G004,2018-10-01,2018,10,1,274,18.75,74.0,13.669099807739258
PUNE_G004,2018-10-02,2018,10,2,275,18.75,74.0,8.193795204162598
PUNE_G004,2018-10-03,2018,10,3,276,18.75,74.0,11.15666675567627
PUNE_G004,2018-10-04,2018,10,4,277,18.75,74.0,0.1184113472700119
PUNE_G004,2018-10-05,2018,10,5,278,18.75,74.0,0.0
PUNE_G004,2018-10-06,2018,10,6,279,18.75,74.0,0.0
PUNE_G004,2018-10-07,2018,10,7,280,18.75,74.0,0.0
PUNE_G004,2018-10-08,2018,10,8,281,18.75,74.0,0.0
PUNE_G004,2018-10-09,2018,10,9,282,18.75,74.0,0.0
PUNE_G004,2018-10-10,2018,10,10,283,18.75,74.0,0.0
PUNE_G004,2018-10-11,2018,10,11,284,18.75,74.0,0.0
PUNE_G004,2018-10-12,2018,10,12,285,18.75,74.0,0.0
PUNE_G004,2018-10-13,2018,10,13,286,18.75,74.0,0.0
PUNE_G004,2018-10-14,2018,10,14,287,18.75,74.0,0.0
PUNE_G004,2018-10-15,2018,10,15,288,18.75,74.0,0.0
PUNE_G004,2018-10-16,2018,10,16,289,18.75,74.0,0.0
PUNE_G004,2018-10-17,2018,10,17,290,18.75,74.0,0.0
PUNE_G004,2018-10-18,2018,10,18,291,18.75,74.0,0.17761702835559845
PUNE_G004,2018-10-19,2018,10,19,292,18.75,74.0,3.0097365379333496
PUNE_G004,2018-10-20,2018,10,20,293,18.75,74.0,0.8288794159889221
PUNE_G004,2018-10-21,2018,10,21,294,18.75,74.0,0.0
PUNE_G004,2018-10-22,2018,10,22,295,18.75,74.0,0.0
PUNE_G004,2018-10-23,2018,10,23,296,18.75,74.0,0.0
PUNE_G004,2018-10-24,2018,10,24,297,18.75,74.0,0.0
PUNE_G004,2018-10-25,2018,10,25,298,18.75,74.0,0.0
PUNE_G004,2018-10-26,2018,10,26,299,18.75,74.0,6.373049259185791
PUNE_G004,2018-10-27,2018,10,27,300,18.75,74.0,0.0
PUNE_G004,2018-10-28,2018,10,28,301,18.75,74.0,0.0
PUNE_G004,2018-10-29,2018,10,29,302,18.75,74.0,0.0
PUNE_G004,2018-10-30,2018,10,30,303,18.75,74.0,0.0
PUNE_G004,2018-10-31,2018,10,31,304,18.75,74.0,0.0
PUNE_G004,2018-11-01,2018,11,1,305,18.75,74.0,0.0
PUNE_G004,2018-11-02,2018,11,2,306,18.75,74.0,0.0
PUNE_G004,2018-11-03,2018,11,3,307,18.75,74.0,0.0
PUNE_G004,2018-11-04,2018,11,4,308,18.75,74.0,0.0
PUNE_G004,2018-11-05,2018,11,5,309,18.75,74.0,0.0
PUNE_G004,2018-11-06,2018,11,6,310,18.75,74.0,0.0
PUNE_G004,2018-11-07,2018,11,7,311,18.75,74.0,0.0
PUNE_G004,2018-11-08,2018,11,8,312,18.75,74.0,0.0
PUNE_G004,2018-11-09,2018,11,9,313,18.75,74.0,0.0
PUNE_G004,2018-11-10,2018,11,10,314,18.75,74.0,0.0
PUNE_G004,2018-11-11,2018,11,11,315,18.75,74.0,0.0
PUNE_G004,2018-11-12,2018,11,12,316,18.75,74.0,0.0
PUNE_G004,2018-11-13,2018,11,13,317,18.75,74.0,0.0
PUNE_G004,2018-11-14,2018,11,14,318,18.75,74.0,0.0
PUNE_G004,2018-11-15,2018,11,15,319,18.75,74.0,0.0
PUNE_G004,2018-11-16,2018,11,16,320,18.75,74.0,0.0
PUNE_G004,2018-11-17,2018,11,17,321,18.75,74.0,0.0
PUNE_G004,2018-11-18,2018,11,18,322,18.75,74.0,0.0
PUNE_G004,2018-11-19,2018,11,19,323,18.75,74.0,0.0
PUNE_G004,2018-11-20,2018,11,20,324,18.75,74.0,0.24618478119373322
PUNE_G004,2018-11-21,2018,11,21,325,18.75,74.0,0.10545843094587326
PUNE_G004,2018-11-22,2018,11,22,326,18.75,74.0,0.0
PUNE_G004,2018-11-23,2018,11,23,327,18.75,74.0,0.0
PUNE_G004,2018-11-24,2018,11,24,328,18.75,74.0,0.0
PUNE_G004,2018-11-25,2018,11,25,329,18.75,74.0,0.0
PUNE_G004,2018-11-26,2018,11,26,330,18.75,74.0,0.0
PUNE_G004,2018-11-27,2018,11,27,331,18.75,74.0,0.0
PUNE_G004,2018-11-28,2018,11,28,332,18.75,74.0,0.0
PUNE_G004,2018-11-29,2018,11,29,333,18.75,74.0,0.0
PUNE_G004,2018-11-30,2018,11,30,334,18.75,74.0,0.0
PUNE_G004,2018-12-01,2018,12,1,335,18.75,74.0,0.0
PUNE_G004,2018-12-02,2018,12,2,336,18.75,74.0,0.0
PUNE_G004,2018-12-03,2018,12,3,337,18.75,74.0,0.0
PUNE_G004,2018-12-04,2018,12,4,338,18.75,74.0,0.0
PUNE_G004,2018-12-05,2018,12,5,339,18.75,74.0,0.0
PUNE_G004,2018-12-06,2018,12,6,340,18.75,74.0,0.0
PUNE_G004,2018-12-07,2018,12,7,341,18.75,74.0,0.0
PUNE_G004,2018-12-08,2018,12,8,342,18.75,74.0,0.0
PUNE_G004,2018-12-09,2018,12,9,343,18.75,74.0,0.0
PUNE_G004,2018-12-10,2018,12,10,344,18.75,74.0,0.0
PUNE_G004,2018-12-11,2018,12,11,345,18.75,74.0,0.0
PUNE_G004,2018-12-12,2018,12,12,346,18.75,74.0,0.0
PUNE_G004,2018-12-13,2018,12,13,347,18.75,74.0,0.0
PUNE_G004,2018-12-14,2018,12,14,348,18.75,74.0,0.0
PUNE_G004,2018-12-15,2018,12,15,349,18.75,74.0,0.0
PUNE_G004,2018-12-16,2018,12,16,350,18.75,74.0,0.0
PUNE_G004,2018-12-17,2018,12,17,351,18.75,74.0,0.0
PUNE_G004,2018-12-18,2018,12,18,352,18.75,74.0,0.0
PUNE_G004,2018-12-19,2018,12,19,353,18.75,74.0,0.0
PUNE_G004,2018-12-20,2018,12,20,354,18.75,74.0,0.0
PUNE_G004,2018-12-21,2018,12,21,355,18.75,74.0,0.0
PUNE_G004,2018-12-22,2018,12,22,356,18.75,74.0,0.0
PUNE_G004,2018-12-23,2018,12,23,357,18.75,74.0,0.0
PUNE_G004,2018-12-24,2018,12,24,358,18.75,74.0,0.0
PUNE_G004,2018-12-25,2018,12,25,359,18.75,74.0,0.0
PUNE_G004,2018-12-26,2018,12,26,360,18.75,74.0,0.0
PUNE_G004,2018-12-27,2018,12,27,361,18.75,74.0,0.0
PUNE_G004,2018-12-28,2018,12,28,362,18.75,74.0,0.0
PUNE_G004,2018-12-29,2018,12,29,363,18.75,74.0,0.0
PUNE_G004,2018-12-30,2018,12,30,364,18.75,74.0,0.0
PUNE_G004,2018-12-31,2018,12,31,365,18.75,74.0,0.0
PUNE_G004,2019-01-01,2019,1,1,1,18.75,74.0,0.0
PUNE_G004,2019-01-02,2019,1,2,2,18.75,74.0,0.0
PUNE_G004,2019-01-03,2019,1,3,3,18.75,74.0,0.0
PUNE_G004,2019-01-04,2019,1,4,4,18.75,74.0,0.0
PUNE_G004,2019-01-05,2019,1,5,5,18.75,74.0,0.0
PUNE_G004,2019-01-06,2019,1,6,6,18.75,74.0,0.0
PUNE_G004,2019-01-07,2019,1,7,7,18.75,74.0,0.0
PUNE_G004,2019-01-08,2019,1,8,8,18.75,74.0,0.0
PUNE_G004,2019-01-09,2019,1,9,9,18.75,74.0,0.0
PUNE_G004,2019-01-10,2019,1,10,10,18.75,74.0,0.0
PUNE_G004,2019-01-11,2019,1,11,11,18.75,74.0,0.0
PUNE_G004,2019-01-12,2019,1,12,12,18.75,74.0,0.0
PUNE_G004,2019-01-13,2019,1,13,13,18.75,74.0,0.0
PUNE_G004,2019-01-14,2019,1,14,14,18.75,74.0,0.0
PUNE_G004,2019-01-15,2019,1,15,15,18.75,74.0,0.0
PUNE_G004,2019-01-16,2019,1,16,16,18.75,74.0,0.0
PUNE_G004,2019-01-17,2019,1,17,17,18.75,74.0,0.0
PUNE_G004,2019-01-18,2019,1,18,18,18.75,74.0,0.0
PUNE_G004,2019-01-19,2019,1,19,19,18.75,74.0,0.0
PUNE_G004,2019-01-20,2019,1,20,20,18.75,74.0,0.0
PUNE_G004,2019-01-21,2019,1,21,21,18.75,74.0,0.0
PUNE_G004,2019-01-22,2019,1,22,22,18.75,74.0,0.0
PUNE_G004,2019-01-23,2019,1,23,23,18.75,74.0,0.0
PUNE_G004,2019-01-24,2019,1,24,24,18.75,74.0,0.0
PUNE_G004,2019-01-25,2019,1,25,25,18.75,74.0,0.0
PUNE_G004,2019-01-26,2019,1,26,26,18.75,74.0,0.0
PUNE_G004,2019-01-27,2019,1,27,27,18.75,74.0,0.0
PUNE_G004,2019-01-28,2019,1,28,28,18.75,74.0,0.0
PUNE_G004,2019-01-29,2019,1,29,29,18.75,74.0,0.0
PUNE_G004,2019-01-30,2019,1,30,30,18.75,74.0,0.0
PUNE_G004,2019-01-31,2019,1,31,31,18.75,74.0,0.0
PUNE_G004,2019-02-01,2019,2,1,32,18.75,74.0,0.0
PUNE_G004,2019-02-02,2019,2,2,33,18.75,74.0,0.0
PUNE_G004,2019-02-03,2019,2,3,34,18.75,74.0,0.0
PUNE_G004,2019-02-04,2019,2,4,35,18.75,74.0,0.0
PUNE_G004,2019-02-05,2019,2,5,36,18.75,74.0,0.0
PUNE_G004,2019-02-06,2019,2,6,37,18.75,74.0,0.0
PUNE_G004,2019-02-07,2019,2,7,38,18.75,74.0,0.0
PUNE_G004,2019-02-08,2019,2,8,39,18.75,74.0,0.0
PUNE_G004,2019-02-09,2019,2,9,40,18.75,74.0,0.0
PUNE_G004,2019-02-10,2019,2,10,41,18.75,74.0,0.0
PUNE_G004,2019-02-11,2019,2,11,42,18.75,74.0,0.0
PUNE_G004,2019-02-12,2019,2,12,43,18.75,74.0,0.0
PUNE_G004,2019-02-13,2019,2,13,44,18.75,74.0,0.0
PUNE_G004,2019-02-14,2019,2,14,45,18.75,74.0,0.0
PUNE_G004,2019-02-15,2019,2,15,46,18.75,74.0,0.0
PUNE_G004,2019-02-16,2019,2,16,47,18.75,74.0,0.0
PUNE_G004,2019-02-17,2019,2,17,48,18.75,74.0,0.0
PUNE_G004,2019-02-18,2019,2,18,49,18.75,74.0,0.0
PUNE_G004,2019-02-19,2019,2,19,50,18.75,74.0,0.0
PUNE_G004,2019-02-20,2019,2,20,51,18.75,74.0,0.0
PUNE_G004,2019-02-21,2019,2,21,52,18.75,74.0,0.0
PUNE_G004,2019-02-22,2019,2,22,53,18.75,74.0,0.0
PUNE_G004,2019-02-23,2019,2,23,54,18.75,74.0,0.0
PUNE_G004,2019-02-24,2019,2,24,55,18.75,74.0,0.0
PUNE_G004,2019-02-25,2019,2,25,56,18.75,74.0,0.0
PUNE_G004,2019-02-26,2019,2,26,57,18.75,74.0,0.0
PUNE_G004,2019-02-27,2019,2,27,58,18.75,74.0,0.0
PUNE_G004,2019-02-28,2019,2,28,59,18.75,74.0,0.0
PUNE_G004,2019-03-01,2019,3,1,60,18.75,74.0,0.0
PUNE_G004,2019-03-02,2019,3,2,61,18.75,74.0,0.0
PUNE_G004,2019-03-03,2019,3,3,62,18.75,74.0,0.0
PUNE_G004,2019-03-04,2019,3,4,63,18.75,74.0,0.0
PUNE_G004,2019-03-05,2019,3,5,64,18.75,74.0,0.0
PUNE_G004,2019-03-06,2019,3,6,65,18.75,74.0,0.0
PUNE_G004,2019-03-07,2019,3,7,66,18.75,74.0,0.0
PUNE_G004,2019-03-08,2019,3,8,67,18.75,74.0,0.0
PUNE_G004,2019-03-09,2019,3,9,68,18.75,74.0,0.0
PUNE_G004,2019-03-10,2019,3,10,69,18.75,74.0,0.0
PUNE_G004,2019-03-11,2019,3,11,70,18.75,74.0,0.0
PUNE_G004,2019-03-12,2019,3,12,71,18.75,74.0,0.0
PUNE_G004,2019-03-13,2019,3,13,72,18.75,74.0,0.0
PUNE_G004,2019-03-14,2019,3,14,73,18.75,74.0,0.0
PUNE_G004,2019-03-15,2019,3,15,74,18.75,74.0,0.0
PUNE_G004,2019-03-16,2019,3,16,75,18.75,74.0,0.0
PUNE_G004,2019-03-17,2019,3,17,76,18.75,74.0,0.0
PUNE_G004,2019-03-18,2019,3,18,77,18.75,74.0,0.0
PUNE_G004,2019-03-19,2019,3,19,78,18.75,74.0,0.0
PUNE_G004,2019-03-20,2019,3,20,79,18.75,74.0,0.0
PUNE_G004,2019-03-21,2019,3,21,80,18.75,74.0,0.0
PUNE_G004,2019-03-22,2019,3,22,81,18.75,74.0,0.0
PUNE_G004,2019-03-23,2019,3,23,82,18.75,74.0,0.0
PUNE_G004,2019-03-24,2019,3,24,83,18.75,74.0,0.0
PUNE_G004,2019-03-25,2019,3,25,84,18.75,74.0,0.0
PUNE_G004,2019-03-26,2019,3,26,85,18.75,74.0,0.0
PUNE_G004,2019-03-27,2019,3,27,86,18.75,74.0,0.0
PUNE_G004,2019-03-28,2019,3,28,87,18.75,74.0,0.0
PUNE_G004,2019-03-29,2019,3,29,88,18.75,74.0,0.0
PUNE_G004,2019-03-30,2019,3,30,89,18.75,74.0,0.0
PUNE_G004,2019-03-31,2019,3,31,90,18.75,74.0,0.0
PUNE_G004,2019-04-01,2019,4,1,91,18.75,74.0,0.0
PUNE_G004,2019-04-02,2019,4,2,92,18.75,74.0,0.0
PUNE_G004,2019-04-03,2019,4,3,93,18.75,74.0,0.0
PUNE_G004,2019-04-04,2019,4,4,94,18.75,74.0,0.0
PUNE_G004,2019-04-05,2019,4,5,95,18.75,74.0,0.0
PUNE_G004,2019-04-06,2019,4,6,96,18.75,74.0,0.0
PUNE_G004,2019-04-07,2019,4,7,97,18.75,74.0,0.0
PUNE_G004,2019-04-08,2019,4,8,98,18.75,74.0,0.0
PUNE_G004,2019-04-09,2019,4,9,99,18.75,74.0,0.0
PUNE_G004,2019-04-10,2019,4,10,100,18.75,74.0,0.0
PUNE_G004,2019-04-11,2019,4,11,101,18.75,74.0,0.0
PUNE_G004,2019-04-12,2019,4,12,102,18.75,74.0,0.0
PUNE_G004,2019-04-13,2019,4,13,103,18.75,74.0,0.0
PUNE_G004,2019-04-14,2019,4,14,104,18.75,74.0,0.12151199579238892
PUNE_G004,2019-04-15,2019,4,15,105,18.75,74.0,0.0
PUNE_G004,2019-04-16,2019,4,16,106,18.75,74.0,1.2878563404083252
PUNE_G004,2019-04-17,2019,4,17,107,18.75,74.0,3.8309619426727295
PUNE_G004,2019-04-18,2019,4,18,108,18.75,74.0,0.0
PUNE_G004,2019-04-19,2019,4,19,109,18.75,74.0,0.0
PUNE_G004,2019-04-20,2019,4,20,110,18.75,74.0,0.0
PUNE_G004,2019-04-21,2019,4,21,111,18.75,74.0,0.0
PUNE_G004,2019-04-22,2019,4,22,112,18.75,74.0,0.0
PUNE_G004,2019-04-23,2019,4,23,113,18.75,74.0,0.0
PUNE_G004,2019-04-24,2019,4,24,114,18.75,74.0,0.0
PUNE_G004,2019-04-25,2019,4,25,115,18.75,74.0,0.0
PUNE_G004,2019-04-26,2019,4,26,116,18.75,74.0,0.0
PUNE_G004,2019-04-27,2019,4,27,117,18.75,74.0,0.0
PUNE_G004,2019-04-28,2019,4,28,118,18.75,74.0,0.0
PUNE_G004,2019-04-29,2019,4,29,119,18.75,74.0,0.0
PUNE_G004,2019-04-30,2019,4,30,120,18.75,74.0,0.0
PUNE_G004,2019-05-01,2019,5,1,121,18.75,74.0,0.0
PUNE_G004,2019-05-02,2019,5,2,122,18.75,74.0,0.0
PUNE_G004,2019-05-03,2019,5,3,123,18.75,74.0,0.0
PUNE_G004,2019-05-04,2019,5,4,124,18.75,74.0,0.0
PUNE_G004,2019-05-05,2019,5,5,125,18.75,74.0,0.0
PUNE_G004,2019-05-06,2019,5,6,126,18.75,74.0,0.0
PUNE_G004,2019-05-07,2019,5,7,127,18.75,74.0,0.0
PUNE_G004,2019-05-08,2019,5,8,128,18.75,74.0,0.0
PUNE_G004,2019-05-09,2019,5,9,129,18.75,74.0,0.0
PUNE_G004,2019-05-10,2019,5,10,130,18.75,74.0,0.0
PUNE_G004,2019-05-11,2019,5,11,131,18.75,74.0,0.0
PUNE_G004,2019-05-12,2019,5,12,132,18.75,74.0,0.0
PUNE_G004,2019-05-13,2019,5,13,133,18.75,74.0,0.0
PUNE_G004,2019-05-14,2019,5,14,134,18.75,74.0,0.0
PUNE_G004,2019-05-15,2019,5,15,135,18.75,74.0,0.0
PUNE_G004,2019-05-16,2019,5,16,136,18.75,74.0,0.0
PUNE_G004,2019-05-17,2019,5,17,137,18.75,74.0,0.0
PUNE_G004,2019-05-18,2019,5,18,138,18.75,74.0,0.0
PUNE_G004,2019-05-19,2019,5,19,139,18.75,74.0,0.0
PUNE_G004,2019-05-20,2019,5,20,140,18.75,74.0,0.0
PUNE_G004,2019-05-21,2019,5,21,141,18.75,74.0,0.0
PUNE_G004,2019-05-22,2019,5,22,142,18.75,74.0,0.0
PUNE_G004,2019-05-23,2019,5,23,143,18.75,74.0,0.0
PUNE_G004,2019-05-24,2019,5,24,144,18.75,74.0,0.0
PUNE_G004,2019-05-25,2019,5,25,145,18.75,74.0,0.0
PUNE_G004,2019-05-26,2019,5,26,146,18.75,74.0,0.0
PUNE_G004,2019-05-27,2019,5,27,147,18.75,74.0,0.0
PUNE_G004,2019-05-28,2019,5,28,148,18.75,74.0,0.0
PUNE_G004,2019-05-29,2019,5,29,149,18.75,74.0,0.0
PUNE_G004,2019-05-30,2019,5,30,150,18.75,74.0,0.0
PUNE_G004,2019-05-31,2019,5,31,151,18.75,74.0,0.0
PUNE_G004,2019-06-01,2019,6,1,152,18.75,74.0,0.0
PUNE_G004,2019-06-02,2019,6,2,153,18.75,74.0,0.0
PUNE_G004,2019-06-03,2019,6,3,154,18.75,74.0,0.0
PUNE_G004,2019-06-04,2019,6,4,155,18.75,74.0,0.0
PUNE_G004,2019-06-05,2019,6,5,156,18.75,74.0,0.0
PUNE_G004,2019-06-06,2019,6,6,157,18.75,74.0,0.0
PUNE_G004,2019-06-07,2019,6,7,158,18.75,74.0,0.0
PUNE_G004,2019-06-08,2019,6,8,159,18.75,74.0,2.6050498485565186
PUNE_G004,2019-06-09,2019,6,9,160,18.75,74.0,0.0
PUNE_G004,2019-06-10,2019,6,10,161,18.75,74.0,19.40169334411621
PUNE_G004,2019-06-11,2019,6,11,162,18.75,74.0,5.762294292449951
PUNE_G004,2019-06-12,2019,6,12,163,18.75,74.0,1.7263481616973877
PUNE_G004,2019-06-13,2019,6,13,164,18.75,74.0,1.496217966079712
PUNE_G004,2019-06-14,2019,6,14,165,18.75,74.0,0.9375380277633667
PUNE_G004,2019-06-15,2019,6,15,166,18.75,74.0,0.4736453890800476
PUNE_G004,2019-06-16,2019,6,16,167,18.75,74.0,0.0
PUNE_G004,2019-06-17,2019,6,17,168,18.75,74.0,0.0
PUNE_G004,2019-06-18,2019,6,18,169,18.75,74.0,0.0
PUNE_G004,2019-06-19,2019,6,19,170,18.75,74.0,0.1883344203233719
PUNE_G004,2019-06-20,2019,6,20,171,18.75,74.0,0.29602837562561035
PUNE_G004,2019-06-21,2019,6,21,172,18.75,74.0,0.0
PUNE_G004,2019-06-22,2019,6,22,173,18.75,74.0,0.0
PUNE_G004,2019-06-23,2019,6,23,174,18.75,74.0,13.66787052154541
PUNE_G004,2019-06-24,2019,6,24,175,18.75,74.0,4.494340419769287
PUNE_G004,2019-06-25,2019,6,25,176,18.75,74.0,19.010379791259766
PUNE_G004,2019-06-26,2019,6,26,177,18.75,74.0,10.541287422180176
PUNE_G004,2019-06-27,2019,6,27,178,18.75,74.0,12.513359069824219
PUNE_G004,2019-06-28,2019,6,28,179,18.75,74.0,2.7340402603149414
PUNE_G004,2019-06-29,2019,6,29,180,18.75,74.0,44.310176849365234
PUNE_G004,2019-06-30,2019,6,30,181,18.75,74.0,8.473196029663086
PUNE_G004,2019-07-01,2019,7,1,182,18.75,74.0,7.528486251831055
PUNE_G004,2019-07-02,2019,7,2,183,18.75,74.0,17.141895294189453
PUNE_G004,2019-07-03,2019,7,3,184,18.75,74.0,4.949122428894043
PUNE_G004,2019-07-04,2019,7,4,185,18.75,74.0,2.184969663619995
PUNE_G004,2019-07-05,2019,7,5,186,18.75,74.0,2.7922134399414062
PUNE_G004,2019-07-06,2019,7,6,187,18.75,74.0,17.6895694732666
PUNE_G004,2019-07-07,2019,7,7,188,18.75,74.0,30.131114959716797
PUNE_G004,2019-07-08,2019,7,8,189,18.75,74.0,10.447019577026367
PUNE_G004,2019-07-09,2019,7,9,190,18.75,74.0,12.464027404785156
PUNE_G004,2019-07-10,2019,7,10,191,18.75,74.0,4.98442268371582
PUNE_G004,2019-07-11,2019,7,11,192,18.75,74.0,35.15635681152344
PUNE_G004,2019-07-12,2019,7,12,193,18.75,74.0,14.64899730682373
PUNE_G004,2019-07-13,2019,7,13,194,18.75,74.0,2.5295839309692383
PUNE_G004,2019-07-14,2019,7,14,195,18.75,74.0,5.315455913543701
PUNE_G004,2019-07-15,2019,7,15,196,18.75,74.0,1.8475950956344604
PUNE_G004,2019-07-16,2019,7,16,197,18.75,74.0,1.7230708599090576
PUNE_G004,2019-07-17,2019,7,17,198,18.75,74.0,1.268411636352539
PUNE_G004,2019-07-18,2019,7,18,199,18.75,74.0,0.0
PUNE_G004,2019-07-19,2019,7,19,200,18.75,74.0,0.0
PUNE_G004,2019-07-20,2019,7,20,201,18.75,74.0,4.999307632446289
PUNE_G004,2019-07-21,2019,7,21,202,18.75,74.0,32.024166107177734
PUNE_G004,2019-07-22,2019,7,22,203,18.75,74.0,8.253552436828613
PUNE_G004,2019-07-23,2019,7,23,204,18.75,74.0,3.7429733276367188
PUNE_G004,2019-07-24,2019,7,24,205,18.75,74.0,0.6222696900367737
PUNE_G004,2019-07-25,2019,7,25,206,18.75,74.0,6.588940620422363
PUNE_G004,2019-07-26,2019,7,26,207,18.75,74.0,36.30503845214844
PUNE_G004,2019-07-27,2019,7,27,208,18.75,74.0,53.27357482910156
PUNE_G004,2019-07-28,2019,7,28,209,18.75,74.0,62.53308868408203
PUNE_G004,2019-07-29,2019,7,29,210,18.75,74.0,23.60826873779297
PUNE_G004,2019-07-30,2019,7,30,211,18.75,74.0,33.98635482788086
PUNE_G004,2019-07-31,2019,7,31,212,18.75,74.0,26.250280380249023
PUNE_G004,2019-08-01,2019,8,1,213,18.75,74.0,16.190017700195312
PUNE_G004,2019-08-02,2019,8,2,214,18.75,74.0,17.633525848388672
PUNE_G004,2019-08-03,2019,8,3,215,18.75,74.0,18.34295654296875
PUNE_G004,2019-08-04,2019,8,4,216,18.75,74.0,33.54335403442383
PUNE_G004,2019-08-05,2019,8,5,217,18.75,74.0,37.57440185546875
PUNE_G004,2019-08-06,2019,8,6,218,18.75,74.0,24.949687957763672
PUNE_G004,2019-08-07,2019,8,7,219,18.75,74.0,17.690601348876953
PUNE_G004,2019-08-08,2019,8,8,220,18.75,74.0,15.219334602355957
PUNE_G004,2019-08-09,2019,8,9,221,18.75,74.0,14.957164764404297
PUNE_G004,2019-08-10,2019,8,10,222,18.75,74.0,13.519563674926758
PUNE_G004,2019-08-11,2019,8,11,223,18.75,74.0,17.933387756347656
PUNE_G004,2019-08-12,2019,8,12,224,18.75,74.0,10.163402557373047
PUNE_G004,2019-08-13,2019,8,13,225,18.75,74.0,5.768847942352295
PUNE_G004,2019-08-14,2019,8,14,226,18.75,74.0,4.330611228942871
PUNE_G004,2019-08-15,2019,8,15,227,18.75,74.0,2.2419919967651367
PUNE_G004,2019-08-16,2019,8,16,228,18.75,74.0,6.565659523010254
PUNE_G004,2019-08-17,2019,8,17,229,18.75,74.0,3.4813992977142334
PUNE_G004,2019-08-18,2019,8,18,230,18.75,74.0,0.0
PUNE_G004,2019-08-19,2019,8,19,231,18.75,74.0,0.38531917333602905
PUNE_G004,2019-08-20,2019,8,20,232,18.75,74.0,0.0
PUNE_G004,2019-08-21,2019,8,21,233,18.75,74.0,0.0
PUNE_G004,2019-08-22,2019,8,22,234,18.75,74.0,1.223813533782959
PUNE_G004,2019-08-23,2019,8,23,235,18.75,74.0,0.29602837562561035
PUNE_G004,2019-08-24,2019,8,24,236,18.75,74.0,2.5709147453308105
PUNE_G004,2019-08-25,2019,8,25,237,18.75,74.0,0.2825016379356384
PUNE_G004,2019-08-26,2019,8,26,238,18.75,74.0,0.0
PUNE_G004,2019-08-27,2019,8,27,239,18.75,74.0,0.0
PUNE_G004,2019-08-28,2019,8,28,240,18.75,74.0,0.942414402961731
PUNE_G004,2019-08-29,2019,8,29,241,18.75,74.0,0.0
PUNE_G004,2019-08-30,2019,8,30,242,18.75,74.0,0.0
PUNE_G004,2019-08-31,2019,8,31,243,18.75,74.0,2.6699583530426025
PUNE_G004,2019-09-01,2019,9,1,244,18.75,74.0,7.525545120239258
PUNE_G004,2019-09-02,2019,9,2,245,18.75,74.0,3.038177490234375
PUNE_G004,2019-09-03,2019,9,3,246,18.75,74.0,0.7356768846511841
PUNE_G004,2019-09-04,2019,9,4,247,18.75,74.0,2.9602837562561035
PUNE_G004,2019-09-05,2019,9,5,248,18.75,74.0,3.7898519039154053
PUNE_G004,2019-09-06,2019,9,6,249,18.75,74.0,2.3517532348632812
PUNE_G004,2019-09-07,2019,9,7,250,18.75,74.0,7.0985107421875
PUNE_G004,2019-09-08,2019,9,8,251,18.75,74.0,2.9374756813049316
PUNE_G004,2019-09-09,2019,9,9,252,18.75,74.0,3.194641351699829
PUNE_G004,2019-09-10,2019,9,10,253,18.75,74.0,7.812011241912842
PUNE_G004,2019-09-11,2019,9,11,254,18.75,74.0,0.4251570999622345
PUNE_G004,2019-09-12,2019,9,12,255,18.75,74.0,0.44940125942230225
PUNE_G004,2019-09-13,2019,9,13,256,18.75,74.0,6.363936424255371
PUNE_G004,2019-09-14,2019,9,14,257,18.75,74.0,13.38244342803955
PUNE_G004,2019-09-15,2019,9,15,258,18.75,74.0,4.20148229598999
PUNE_G004,2019-09-16,2019,9,16,259,18.75,74.0,2.789334297180176
PUNE_G004,2019-09-17,2019,9,17,260,18.75,74.0,0.0
PUNE_G004,2019-09-18,2019,9,18,261,18.75,74.0,2.759249210357666
PUNE_G004,2019-09-19,2019,9,19,262,18.75,74.0,32.294273376464844
PUNE_G004,2019-09-20,2019,9,20,263,18.75,74.0,13.738140106201172
PUNE_G004,2019-09-21,2019,9,21,264,18.75,74.0,2.6795735359191895
PUNE_G004,2019-09-22,2019,9,22,265,18.75,74.0,0.0
PUNE_G004,2019-09-23,2019,9,23,266,18.75,74.0,0.0
PUNE_G004,2019-09-24,2019,9,24,267,18.75,74.0,12.645770072937012
PUNE_G004,2019-09-25,2019,9,25,268,18.75,74.0,27.75710105895996
PUNE_G004,2019-09-26,2019,9,26,269,18.75,74.0,14.767549514770508
PUNE_G004,2019-09-27,2019,9,27,270,18.75,74.0,4.997878551483154
PUNE_G004,2019-09-28,2019,9,28,271,18.75,74.0,1.5499271154403687
PUNE_G004,2019-09-29,2019,9,29,272,18.75,74.0,0.0
PUNE_G004,2019-09-30,2019,9,30,273,18.75,74.0,0.0
PUNE_G004,2019-10-01,2019,10,1,274,18.75,74.0,0.0
PUNE_G004,2019-10-02,2019,10,2,275,18.75,74.0,0.0
PUNE_G004,2019-10-03,2019,10,3,276,18.75,74.0,0.0
PUNE_G004,2019-10-04,2019,10,4,277,18.75,74.0,0.0
PUNE_G004,2019-10-05,2019,10,5,278,18.75,74.0,17.873647689819336
PUNE_G004,2019-10-06,2019,10,6,279,18.75,74.0,4.787367343902588
PUNE_G004,2019-10-07,2019,10,7,280,18.75,74.0,4.529662609100342
PUNE_G004,2019-10-08,2019,10,8,281,18.75,74.0,0.3766688406467438
PUNE_G004,2019-10-09,2019,10,9,282,18.75,74.0,30.702720642089844
PUNE_G004,2019-10-10,2019,10,10,283,18.75,74.0,0.5328510403633118
PUNE_G004,2019-10-11,2019,10,11,284,18.75,74.0,13.295184135437012
PUNE_G004,2019-10-12,2019,10,12,285,18.75,74.0,0.0
PUNE_G004,2019-10-13,2019,10,13,286,18.75,74.0,0.0
PUNE_G004,2019-10-14,2019,10,14,287,18.75,74.0,0.0
PUNE_G004,2019-10-15,2019,10,15,288,18.75,74.0,0.0
PUNE_G004,2019-10-16,2019,10,16,289,18.75,74.0,0.0
PUNE_G004,2019-10-17,2019,10,17,290,18.75,74.0,0.0
PUNE_G004,2019-10-18,2019,10,18,291,18.75,74.0,0.0
PUNE_G004,2019-10-19,2019,10,19,292,18.75,74.0,10.318839073181152
PUNE_G004,2019-10-20,2019,10,20,293,18.75,74.0,29.48386573791504
PUNE_G004,2019-10-21,2019,10,21,294,18.75,74.0,20.373498916625977
PUNE_G004,2019-10-22,2019,10,22,295,18.75,74.0,33.710731506347656
PUNE_G004,2019-10-23,2019,10,23,296,18.75,74.0,1.3025249242782593
PUNE_G004,2019-10-24,2019,10,24,297,18.75,74.0,0.29602837562561035
PUNE_G004,2019-10-25,2019,10,25,298,18.75,74.0,13.803980827331543
PUNE_G004,2019-10-26,2019,10,26,299,18.75,74.0,4.756921768188477
PUNE_G004,2019-10-27,2019,10,27,300,18.75,74.0,0.1184113472700119
PUNE_G004,2019-10-28,2019,10,28,301,18.75,74.0,0.0
PUNE_G004,2019-10-29,2019,10,29,302,18.75,74.0,2.6509406566619873
PUNE_G004,2019-10-30,2019,10,30,303,18.75,74.0,4.873953819274902
PUNE_G004,2019-10-31,2019,10,31,304,18.75,74.0,14.783008575439453
PUNE_G004,2019-11-01,2019,11,1,305,18.75,74.0,0.0
PUNE_G004,2019-11-02,2019,11,2,306,18.75,74.0,20.296449661254883
PUNE_G004,2019-11-03,2019,11,3,307,18.75,74.0,0.0
PUNE_G004,2019-11-04,2019,11,4,308,18.75,74.0,18.531375885009766
PUNE_G004,2019-11-05,2019,11,5,309,18.75,74.0,2.664255380630493
PUNE_G004,2019-11-06,2019,11,6,310,18.75,74.0,0.0
PUNE_G004,2019-11-07,2019,11,7,311,18.75,74.0,6.394960403442383
PUNE_G004,2019-11-08,2019,11,8,312,18.75,74.0,0.0
PUNE_G004,2019-11-09,2019,11,9,313,18.75,74.0,0.0
PUNE_G004,2019-11-10,2019,11,10,314,18.75,74.0,0.0
PUNE_G004,2019-11-11,2019,11,11,315,18.75,74.0,0.0
PUNE_G004,2019-11-12,2019,11,12,316,18.75,74.0,0.0
PUNE_G004,2019-11-13,2019,11,13,317,18.75,74.0,0.0
PUNE_G004,2019-11-14,2019,11,14,318,18.75,74.0,0.0
PUNE_G004,2019-11-15,2019,11,15,319,18.75,74.0,0.0
PUNE_G004,2019-11-16,2019,11,16,320,18.75,74.0,0.0
PUNE_G004,2019-11-17,2019,11,17,321,18.75,74.0,0.0
PUNE_G004,2019-11-18,2019,11,18,322,18.75,74.0,0.0
PUNE_G004,2019-11-19,2019,11,19,323,18.75,74.0,0.0
PUNE_G004,2019-11-20,2019,11,20,324,18.75,74.0,0.0
PUNE_G004,2019-11-21,2019,11,21,325,18.75,74.0,0.0
PUNE_G004,2019-11-22,2019,11,22,326,18.75,74.0,0.0
PUNE_G004,2019-11-23,2019,11,23,327,18.75,74.0,0.0
PUNE_G004,2019-11-24,2019,11,24,328,18.75,74.0,0.0
PUNE_G004,2019-11-25,2019,11,25,329,18.75,74.0,0.0
PUNE_G004,2019-11-26,2019,11,26,330,18.75,74.0,0.0
PUNE_G004,2019-11-27,2019,11,27,331,18.75,74.0,0.0
PUNE_G004,2019-11-28,2019,11,28,332,18.75,74.0,0.0
PUNE_G004,2019-11-29,2019,11,29,333,18.75,74.0,0.0
PUNE_G004,2019-11-30,2019,11,30,334,18.75,74.0,0.0
PUNE_G004,2019-12-01,2019,12,1,335,18.75,74.0,0.0
PUNE_G004,2019-12-02,2019,12,2,336,18.75,74.0,0.0
PUNE_G004,2019-12-03,2019,12,3,337,18.75,74.0,0.0
PUNE_G004,2019-12-04,2019,12,4,338,18.75,74.0,0.0
PUNE_G004,2019-12-05,2019,12,5,339,18.75,74.0,0.0
PUNE_G004,2019-12-06,2019,12,6,340,18.75,74.0,0.0
PUNE_G004,2019-12-07,2019,12,7,341,18.75,74.0,0.0
PUNE_G004,2019-12-08,2019,12,8,342,18.75,74.0,0.0
PUNE_G004,2019-12-09,2019,12,9,343,18.75,74.0,0.0
PUNE_G004,2019-12-10,2019,12,10,344,18.75,74.0,0.0
PUNE_G004,2019-12-11,2019,12,11,345,18.75,74.0,0.0
PUNE_G004,2019-12-12,2019,12,12,346,18.75,74.0,0.0
PUNE_G004,2019-12-13,2019,12,13,347,18.75,74.0,0.0
PUNE_G004,2019-12-14,2019,12,14,348,18.75,74.0,0.0
PUNE_G004,2019-12-15,2019,12,15,349,18.75,74.0,0.0
PUNE_G004,2019-12-16,2019,12,16,350,18.75,74.0,0.0
PUNE_G004,2019-12-17,2019,12,17,351,18.75,74.0,0.0
PUNE_G004,2019-12-18,2019,12,18,352,18.75,74.0,0.0
PUNE_G004,2019-12-19,2019,12,19,353,18.75,74.0,0.0
PUNE_G004,2019-12-20,2019,12,20,354,18.75,74.0,0.0
PUNE_G004,2019-12-21,2019,12,21,355,18.75,74.0,0.0
PUNE_G004,2019-12-22,2019,12,22,356,18.75,74.0,0.0
PUNE_G004,2019-12-23,2019,12,23,357,18.75,74.0,0.0
PUNE_G004,2019-12-24,2019,12,24,358,18.75,74.0,0.0
PUNE_G004,2019-12-25,2019,12,25,359,18.75,74.0,0.0
PUNE_G004,2019-12-26,2019,12,26,360,18.75,74.0,0.4590880274772644
PUNE_G004,2019-12-27,2019,12,27,361,18.75,74.0,0.0
PUNE_G004,2019-12-28,2019,12,28,362,18.75,74.0,0.0
PUNE_G004,2019-12-29,2019,12,29,363,18.75,74.0,0.0
PUNE_G004,2019-12-30,2019,12,30,364,18.75,74.0,0.0
PUNE_G004,2019-12-31,2019,12,31,365,18.75,74.0,0.0
PUNE_G004,2020-01-01,2020,1,1,1,18.75,74.0,0.0
PUNE_G004,2020-01-02,2020,1,2,2,18.75,74.0,0.0
PUNE_G004,2020-01-03,2020,1,3,3,18.75,74.0,0.0
PUNE_G004,2020-01-04,2020,1,4,4,18.75,74.0,0.0
PUNE_G004,2020-01-05,2020,1,5,5,18.75,74.0,0.0
PUNE_G004,2020-01-06,2020,1,6,6,18.75,74.0,0.0
PUNE_G004,2020-01-07,2020,1,7,7,18.75,74.0,0.0
PUNE_G004,2020-01-08,2020,1,8,8,18.75,74.0,0.0
PUNE_G004,2020-01-09,2020,1,9,9,18.75,74.0,0.0
PUNE_G004,2020-01-10,2020,1,10,10,18.75,74.0,0.0
PUNE_G004,2020-01-11,2020,1,11,11,18.75,74.0,0.0
PUNE_G004,2020-01-12,2020,1,12,12,18.75,74.0,0.0
PUNE_G004,2020-01-13,2020,1,13,13,18.75,74.0,0.0
PUNE_G004,2020-01-14,2020,1,14,14,18.75,74.0,0.0
PUNE_G004,2020-01-15,2020,1,15,15,18.75,74.0,0.0
PUNE_G004,2020-01-16,2020,1,16,16,18.75,74.0,0.0
PUNE_G004,2020-01-17,2020,1,17,17,18.75,74.0,0.0
PUNE_G004,2020-01-18,2020,1,18,18,18.75,74.0,0.0
PUNE_G004,2020-01-19,2020,1,19,19,18.75,74.0,0.0
PUNE_G004,2020-01-20,2020,1,20,20,18.75,74.0,0.0
PUNE_G004,2020-01-21,2020,1,21,21,18.75,74.0,0.0
PUNE_G004,2020-01-22,2020,1,22,22,18.75,74.0,0.0
PUNE_G004,2020-01-23,2020,1,23,23,18.75,74.0,0.0
PUNE_G004,2020-01-24,2020,1,24,24,18.75,74.0,0.0
PUNE_G004,2020-01-25,2020,1,25,25,18.75,74.0,0.0
PUNE_G004,2020-01-26,2020,1,26,26,18.75,74.0,0.0
PUNE_G004,2020-01-27,2020,1,27,27,18.75,74.0,0.0
PUNE_G004,2020-01-28,2020,1,28,28,18.75,74.0,0.0
PUNE_G004,2020-01-29,2020,1,29,29,18.75,74.0,0.0
PUNE_G004,2020-01-30,2020,1,30,30,18.75,74.0,0.0
PUNE_G004,2020-01-31,2020,1,31,31,18.75,74.0,0.0
PUNE_G004,2020-02-01,2020,2,1,32,18.75,74.0,0.0
PUNE_G004,2020-02-02,2020,2,2,33,18.75,74.0,0.0
PUNE_G004,2020-02-03,2020,2,3,34,18.75,74.0,0.0
PUNE_G004,2020-02-04,2020,2,4,35,18.75,74.0,0.0
PUNE_G004,2020-02-05,2020,2,5,36,18.75,74.0,0.0
PUNE_G004,2020-02-06,2020,2,6,37,18.75,74.0,0.0
PUNE_G004,2020-02-07,2020,2,7,38,18.75,74.0,0.0
PUNE_G004,2020-02-08,2020,2,8,39,18.75,74.0,0.0
PUNE_G004,2020-02-09,2020,2,9,40,18.75,74.0,0.0
PUNE_G004,2020-02-10,2020,2,10,41,18.75,74.0,0.0
PUNE_G004,2020-02-11,2020,2,11,42,18.75,74.0,0.0
PUNE_G004,2020-02-12,2020,2,12,43,18.75,74.0,0.0
PUNE_G004,2020-02-13,2020,2,13,44,18.75,74.0,0.0
PUNE_G004,2020-02-14,2020,2,14,45,18.75,74.0,0.0
PUNE_G004,2020-02-15,2020,2,15,46,18.75,74.0,0.0
PUNE_G004,2020-02-16,2020,2,16,47,18.75,74.0,0.0
PUNE_G004,2020-02-17,2020,2,17,48,18.75,74.0,0.0
PUNE_G004,2020-02-18,2020,2,18,49,18.75,74.0,0.0
PUNE_G004,2020-02-19,2020,2,19,50,18.75,74.0,0.0
PUNE_G004,2020-02-20,2020,2,20,51,18.75,74.0,0.0
PUNE_G004,2020-02-21,2020,2,21,52,18.75,74.0,0.0
PUNE_G004,2020-02-22,2020,2,22,53,18.75,74.0,0.0
PUNE_G004,2020-02-23,2020,2,23,54,18.75,74.0,0.0
PUNE_G004,2020-02-24,2020,2,24,55,18.75,74.0,0.0
PUNE_G004,2020-02-25,2020,2,25,56,18.75,74.0,0.0
PUNE_G004,2020-02-26,2020,2,26,57,18.75,74.0,0.0
PUNE_G004,2020-02-27,2020,2,27,58,18.75,74.0,0.0
PUNE_G004,2020-02-28,2020,2,28,59,18.75,74.0,0.0
PUNE_G004,2020-02-29,2020,2,29,60,18.75,74.0,0.0
PUNE_G004,2020-03-01,2020,3,1,61,18.75,74.0,0.0
PUNE_G004,2020-03-02,2020,3,2,62,18.75,74.0,0.0
PUNE_G004,2020-03-03,2020,3,3,63,18.75,74.0,0.0
PUNE_G004,2020-03-04,2020,3,4,64,18.75,74.0,0.0
PUNE_G004,2020-03-05,2020,3,5,65,18.75,74.0,0.0
PUNE_G004,2020-03-06,2020,3,6,66,18.75,74.0,0.0
PUNE_G004,2020-03-07,2020,3,7,67,18.75,74.0,0.0
PUNE_G004,2020-03-08,2020,3,8,68,18.75,74.0,0.0
PUNE_G004,2020-03-09,2020,3,9,69,18.75,74.0,0.0
PUNE_G004,2020-03-10,2020,3,10,70,18.75,74.0,0.0
PUNE_G004,2020-03-11,2020,3,11,71,18.75,74.0,0.0
PUNE_G004,2020-03-12,2020,3,12,72,18.75,74.0,0.0
PUNE_G004,2020-03-13,2020,3,13,73,18.75,74.0,0.0
PUNE_G004,2020-03-14,2020,3,14,74,18.75,74.0,0.0
PUNE_G004,2020-03-15,2020,3,15,75,18.75,74.0,0.0
PUNE_G004,2020-03-16,2020,3,16,76,18.75,74.0,0.0
PUNE_G004,2020-03-17,2020,3,17,77,18.75,74.0,0.0
PUNE_G004,2020-03-18,2020,3,18,78,18.75,74.0,0.0
PUNE_G004,2020-03-19,2020,3,19,79,18.75,74.0,0.0
PUNE_G004,2020-03-20,2020,3,20,80,18.75,74.0,0.0
PUNE_G004,2020-03-21,2020,3,21,81,18.75,74.0,0.0
PUNE_G004,2020-03-22,2020,3,22,82,18.75,74.0,0.0
PUNE_G004,2020-03-23,2020,3,23,83,18.75,74.0,0.0
PUNE_G004,2020-03-24,2020,3,24,84,18.75,74.0,0.0
PUNE_G004,2020-03-25,2020,3,25,85,18.75,74.0,3.663390636444092
PUNE_G004,2020-03-26,2020,3,26,86,18.75,74.0,0.3221288323402405
PUNE_G004,2020-03-27,2020,3,27,87,18.75,74.0,0.0
PUNE_G004,2020-03-28,2020,3,28,88,18.75,74.0,1.2515957355499268
PUNE_G004,2020-03-29,2020,3,29,89,18.75,74.0,5.6716156005859375
PUNE_G004,2020-03-30,2020,3,30,90,18.75,74.0,2.627516031265259
PUNE_G004,2020-03-31,2020,3,31,91,18.75,74.0,0.0
PUNE_G004,2020-04-01,2020,4,1,92,18.75,74.0,0.0
PUNE_G004,2020-04-02,2020,4,2,93,18.75,74.0,0.0
PUNE_G004,2020-04-03,2020,4,3,94,18.75,74.0,0.0
PUNE_G004,2020-04-04,2020,4,4,95,18.75,74.0,0.0
PUNE_G004,2020-04-05,2020,4,5,96,18.75,74.0,0.0
PUNE_G004,2020-04-06,2020,4,6,97,18.75,74.0,0.0
PUNE_G004,2020-04-07,2020,4,7,98,18.75,74.0,0.0
PUNE_G004,2020-04-08,2020,4,8,99,18.75,74.0,0.0
PUNE_G004,2020-04-09,2020,4,9,100,18.75,74.0,0.0
PUNE_G004,2020-04-10,2020,4,10,101,18.75,74.0,0.0
PUNE_G004,2020-04-11,2020,4,11,102,18.75,74.0,0.0
PUNE_G004,2020-04-12,2020,4,12,103,18.75,74.0,0.3297612965106964
PUNE_G004,2020-04-13,2020,4,13,104,18.75,74.0,0.0
PUNE_G004,2020-04-14,2020,4,14,105,18.75,74.0,0.0
PUNE_G004,2020-04-15,2020,4,15,106,18.75,74.0,0.0
PUNE_G004,2020-04-16,2020,4,16,107,18.75,74.0,0.0
PUNE_G004,2020-04-17,2020,4,17,108,18.75,74.0,0.0
PUNE_G004,2020-04-18,2020,4,18,109,18.75,74.0,0.0
PUNE_G004,2020-04-19,2020,4,19,110,18.75,74.0,0.0
PUNE_G004,2020-04-20,2020,4,20,111,18.75,74.0,0.25200212001800537
PUNE_G004,2020-04-21,2020,4,21,112,18.75,74.0,0.0
PUNE_G004,2020-04-22,2020,4,22,113,18.75,74.0,0.0
PUNE_G004,2020-04-23,2020,4,23,114,18.75,74.0,0.0
PUNE_G004,2020-04-24,2020,4,24,115,18.75,74.0,0.0
PUNE_G004,2020-04-25,2020,4,25,116,18.75,74.0,0.0
PUNE_G004,2020-04-26,2020,4,26,117,18.75,74.0,0.0
PUNE_G004,2020-04-27,2020,4,27,118,18.75,74.0,0.0
PUNE_G004,2020-04-28,2020,4,28,119,18.75,74.0,0.0
PUNE_G004,2020-04-29,2020,4,29,120,18.75,74.0,0.0
PUNE_G004,2020-04-30,2020,4,30,121,18.75,74.0,0.0
PUNE_G004,2020-05-01,2020,5,1,122,18.75,74.0,0.0
PUNE_G004,2020-05-02,2020,5,2,123,18.75,74.0,0.0
PUNE_G004,2020-05-03,2020,5,3,124,18.75,74.0,0.0
PUNE_G004,2020-05-04,2020,5,4,125,18.75,74.0,0.0
PUNE_G004,2020-05-05,2020,5,5,126,18.75,74.0,0.0
PUNE_G004,2020-05-06,2020,5,6,127,18.75,74.0,0.0
PUNE_G004,2020-05-07,2020,5,7,128,18.75,74.0,0.0
PUNE_G004,2020-05-08,2020,5,8,129,18.75,74.0,0.0
PUNE_G004,2020-05-09,2020,5,9,130,18.75,74.0,0.0
PUNE_G004,2020-05-10,2020,5,10,131,18.75,74.0,0.0
PUNE_G004,2020-05-11,2020,5,11,132,18.75,74.0,0.3159460425376892
PUNE_G004,2020-05-12,2020,5,12,133,18.75,74.0,0.0
PUNE_G004,2020-05-13,2020,5,13,134,18.75,74.0,0.0
PUNE_G004,2020-05-14,2020,5,14,135,18.75,74.0,0.0
PUNE_G004,2020-05-15,2020,5,15,136,18.75,74.0,12.459517478942871
PUNE_G004,2020-05-16,2020,5,16,137,18.75,74.0,0.0
PUNE_G004,2020-05-17,2020,5,17,138,18.75,74.0,0.7104681134223938
PUNE_G004,2020-05-18,2020,5,18,139,18.75,74.0,2.321429967880249
PUNE_G004,2020-05-19,2020,5,19,140,18.75,74.0,0.0
PUNE_G004,2020-05-20,2020,5,20,141,18.75,74.0,0.0
PUNE_G004,2020-05-21,2020,5,21,142,18.75,74.0,0.0
PUNE_G004,2020-05-22,2020,5,22,143,18.75,74.0,0.0
PUNE_G004,2020-05-23,2020,5,23,144,18.75,74.0,0.0
PUNE_G004,2020-05-24,2020,5,24,145,18.75,74.0,0.0
PUNE_G004,2020-05-25,2020,5,25,146,18.75,74.0,0.0
PUNE_G004,2020-05-26,2020,5,26,147,18.75,74.0,0.0
PUNE_G004,2020-05-27,2020,5,27,148,18.75,74.0,0.0
PUNE_G004,2020-05-28,2020,5,28,149,18.75,74.0,0.0
PUNE_G004,2020-05-29,2020,5,29,150,18.75,74.0,0.0
PUNE_G004,2020-05-30,2020,5,30,151,18.75,74.0,0.0
PUNE_G004,2020-05-31,2020,5,31,152,18.75,74.0,0.0
PUNE_G004,2020-06-01,2020,6,1,153,18.75,74.0,18.41132354736328
PUNE_G004,2020-06-02,2020,6,2,154,18.75,74.0,2.1979308128356934
PUNE_G004,2020-06-03,2020,6,3,155,18.75,74.0,58.186344146728516
PUNE_G004,2020-06-04,2020,6,4,156,18.75,74.0,43.208702087402344
PUNE_G004,2020-06-05,2020,6,5,157,18.75,74.0,6.696564674377441
PUNE_G004,2020-06-06,2020,6,6,158,18.75,74.0,4.526731014251709
PUNE_G004,2020-06-07,2020,6,7,159,18.75,74.0,5.5780229568481445
PUNE_G004,2020-06-08,2020,6,8,160,18.75,74.0,0.0
PUNE_G004,2020-06-09,2020,6,9,161,18.75,74.0,0.0
PUNE_G004,2020-06-10,2020,6,10,162,18.75,74.0,0.0
PUNE_G004,2020-06-11,2020,6,11,163,18.75,74.0,0.0
PUNE_G004,2020-06-12,2020,6,12,164,18.75,74.0,0.0
PUNE_G004,2020-06-13,2020,6,13,165,18.75,74.0,6.01154088973999
PUNE_G004,2020-06-14,2020,6,14,166,18.75,74.0,11.545735359191895
PUNE_G004,2020-06-15,2020,6,15,167,18.75,74.0,6.6580328941345215
PUNE_G004,2020-06-16,2020,6,16,168,18.75,74.0,6.702229976654053
PUNE_G004,2020-06-17,2020,6,17,169,18.75,74.0,9.998412132263184
PUNE_G004,2020-06-18,2020,6,18,170,18.75,74.0,18.554479598999023
PUNE_G004,2020-06-19,2020,6,19,171,18.75,74.0,9.707143783569336
PUNE_G004,2020-06-20,2020,6,20,172,18.75,74.0,0.0
PUNE_G004,2020-06-21,2020,6,21,173,18.75,74.0,0.0
PUNE_G004,2020-06-22,2020,6,22,174,18.75,74.0,0.0
PUNE_G004,2020-06-23,2020,6,23,175,18.75,74.0,0.0
PUNE_G004,2020-06-24,2020,6,24,176,18.75,74.0,0.0
PUNE_G004,2020-06-25,2020,6,25,177,18.75,74.0,0.0
PUNE_G004,2020-06-26,2020,6,26,178,18.75,74.0,9.439873695373535
PUNE_G004,2020-06-27,2020,6,27,179,18.75,74.0,0.0
PUNE_G004,2020-06-28,2020,6,28,180,18.75,74.0,0.6373049020767212
PUNE_G004,2020-06-29,2020,6,29,181,18.75,74.0,1.5499271154403687
PUNE_G004,2020-06-30,2020,6,30,182,18.75,74.0,20.485219955444336
PUNE_G004,2020-07-01,2020,7,1,183,18.75,74.0,38.9061164855957
PUNE_G004,2020-07-02,2020,7,2,184,18.75,74.0,1.8087561130523682
PUNE_G004,2020-07-03,2020,7,3,185,18.75,74.0,0.14044120907783508
PUNE_G004,2020-07-04,2020,7,4,186,18.75,74.0,1.0957872867584229
PUNE_G004,2020-07-05,2020,7,5,187,18.75,74.0,1.634479284286499
PUNE_G004,2020-07-06,2020,7,6,188,18.75,74.0,1.9820276498794556
PUNE_G004,2020-07-07,2020,7,7,189,18.75,74.0,5.611579418182373
PUNE_G004,2020-07-08,2020,7,8,190,18.75,74.0,7.380063056945801
PUNE_G004,2020-07-09,2020,7,9,191,18.75,74.0,8.447176933288574
PUNE_G004,2020-07-10,2020,7,10,192,18.75,74.0,0.4251570999622345
PUNE_G004,2020-07-11,2020,7,11,193,18.75,74.0,0.9230466485023499
PUNE_G004,2020-07-12,2020,7,12,194,18.75,74.0,0.0
PUNE_G004,2020-07-13,2020,7,13,195,18.75,74.0,1.100663661956787
PUNE_G004,2020-07-14,2020,7,14,196,18.75,74.0,3.536226749420166
PUNE_G004,2020-07-15,2020,7,15,197,18.75,74.0,2.230567216873169
PUNE_G004,2020-07-16,2020,7,16,198,18.75,74.0,0.942414402961731
PUNE_G004,2020-07-17,2020,7,17,199,18.75,74.0,0.5489271283149719
PUNE_G004,2020-07-18,2020,7,18,200,18.75,74.0,0.5086069107055664
PUNE_G004,2020-07-19,2020,7,19,201,18.75,74.0,0.7948825359344482
PUNE_G004,2020-07-20,2020,7,20,202,18.75,74.0,0.0
PUNE_G004,2020-07-21,2020,7,21,203,18.75,74.0,0.0
PUNE_G004,2020-07-22,2020,7,22,204,18.75,74.0,0.0
PUNE_G004,2020-07-23,2020,7,23,205,18.75,74.0,7.400709629058838
PUNE_G004,2020-07-24,2020,7,24,206,18.75,74.0,36.906272888183594
PUNE_G004,2020-07-25,2020,7,25,207,18.75,74.0,8.337553977966309
PUNE_G004,2020-07-26,2020,7,26,208,18.75,74.0,36.24961471557617
PUNE_G004,2020-07-27,2020,7,27,209,18.75,74.0,0.0
PUNE_G004,2020-07-28,2020,7,28,210,18.75,74.0,0.0
PUNE_G004,2020-07-29,2020,7,29,211,18.75,74.0,0.0
PUNE_G004,2020-07-30,2020,7,30,212,18.75,74.0,0.0
PUNE_G004,2020-07-31,2020,7,31,213,18.75,74.0,0.0
PUNE_G004,2020-08-01,2020,8,1,214,18.75,74.0,12.649453163146973
PUNE_G004,2020-08-02,2020,8,2,215,18.75,74.0,0.0
PUNE_G004,2020-08-03,2020,8,3,216,18.75,74.0,0.33743786811828613
PUNE_G004,2020-08-04,2020,8,4,217,18.75,74.0,3.0768234729766846
PUNE_G004,2020-08-05,2020,8,5,218,18.75,74.0,21.63028335571289
PUNE_G004,2020-08-06,2020,8,6,219,18.75,74.0,4.571715831756592
PUNE_G004,2020-08-07,2020,8,7,220,18.75,74.0,5.477692604064941
PUNE_G004,2020-08-08,2020,8,8,221,18.75,74.0,1.7617985010147095
PUNE_G004,2020-08-09,2020,8,9,222,18.75,74.0,1.611171841621399
PUNE_G004,2020-08-10,2020,8,10,223,18.75,74.0,0.3139273226261139
PUNE_G004,2020-08-11,2020,8,11,224,18.75,74.0,19.223377227783203
PUNE_G004,2020-08-12,2020,8,12,225,18.75,74.0,2.0887789726257324
PUNE_G004,2020-08-13,2020,8,13,226,18.75,74.0,14.120458602905273
PUNE_G004,2020-08-14,2020,8,14,227,18.75,74.0,27.081836700439453
PUNE_G004,2020-08-15,2020,8,15,228,18.75,74.0,18.41306495666504
PUNE_G004,2020-08-16,2020,8,16,229,18.75,74.0,16.32611656188965
PUNE_G004,2020-08-17,2020,8,17,230,18.75,74.0,17.09256362915039
PUNE_G004,2020-08-18,2020,8,18,231,18.75,74.0,5.976593017578125
PUNE_G004,2020-08-19,2020,8,19,232,18.75,74.0,7.100939750671387
PUNE_G004,2020-08-20,2020,8,20,233,18.75,74.0,2.069646120071411
PUNE_G004,2020-08-21,2020,8,21,234,18.75,74.0,5.669337749481201
PUNE_G004,2020-08-22,2020,8,22,235,18.75,74.0,3.388472318649292
PUNE_G004,2020-08-23,2020,8,23,236,18.75,74.0,1.7188937664031982
PUNE_G004,2020-08-24,2020,8,24,237,18.75,74.0,2.956439733505249
PUNE_G004,2020-08-25,2020,8,25,238,18.75,74.0,0.36595144867897034
PUNE_G004,2020-08-26,2020,8,26,239,18.75,74.0,0.38531917333602905
PUNE_G004,2020-08-27,2020,8,27,240,18.75,74.0,0.0
PUNE_G004,2020-08-28,2020,8,28,241,18.75,74.0,0.0
PUNE_G004,2020-08-29,2020,8,29,242,18.75,74.0,4.872610569000244
PUNE_G004,2020-08-30,2020,8,30,243,18.75,74.0,9.313587188720703
PUNE_G004,2020-08-31,2020,8,31,244,18.75,74.0,5.723821640014648
PUNE_G004,2020-09-01,2020,9,1,245,18.75,74.0,1.2501246929168701
PUNE_G004,2020-09-02,2020,9,2,246,18.75,74.0,0.0
PUNE_G004,2020-09-03,2020,9,3,247,18.75,74.0,0.0
PUNE_G004,2020-09-04,2020,9,4,248,18.75,74.0,8.222020149230957
PUNE_G004,2020-09-05,2020,9,5,249,18.75,74.0,0.0
PUNE_G004,2020-09-06,2020,9,6,250,18.75,74.0,7.966311454772949
PUNE_G004,2020-09-07,2020,9,7,251,18.75,74.0,24.677005767822266
PUNE_G004,2020-09-08,2020,9,8,252,18.75,74.0,26.487051010131836
PUNE_G004,2020-09-09,2020,9,9,253,18.75,74.0,14.285125732421875
PUNE_G004,2020-09-10,2020,9,10,254,18.75,74.0,0.36595144867897034
PUNE_G004,2020-09-11,2020,9,11,255,18.75,74.0,1.169484257698059
PUNE_G004,2020-09-12,2020,9,12,256,18.75,74.0,43.69081115722656
PUNE_G004,2020-09-13,2020,9,13,257,18.75,74.0,1.7382614612579346
PUNE_G004,2020-09-14,2020,9,14,258,18.75,74.0,0.5032482147216797
PUNE_G004,2020-09-15,2020,9,15,259,18.75,74.0,0.0
PUNE_G004,2020-09-16,2020,9,16,260,18.75,74.0,0.0
PUNE_G004,2020-09-17,2020,9,17,261,18.75,74.0,24.609403610229492
PUNE_G004,2020-09-18,2020,9,18,262,18.75,74.0,0.7706383466720581
PUNE_G004,2020-09-19,2020,9,19,263,18.75,74.0,0.0
PUNE_G004,2020-09-20,2020,9,20,264,18.75,74.0,37.497581481933594
PUNE_G004,2020-09-21,2020,9,21,265,18.75,74.0,17.24987030029297
PUNE_G004,2020-09-22,2020,9,22,266,18.75,74.0,26.020856857299805
PUNE_G004,2020-09-23,2020,9,23,267,18.75,74.0,1.3442919254302979
PUNE_G004,2020-09-24,2020,9,24,268,18.75,74.0,0.7533376812934875
PUNE_G004,2020-09-25,2020,9,25,269,18.75,74.0,9.850726127624512
PUNE_G004,2020-09-26,2020,9,26,270,18.75,74.0,2.3547003269195557
PUNE_G004,2020-09-27,2020,9,27,271,18.75,74.0,0.0
PUNE_G004,2020-09-28,2020,9,28,272,18.75,74.0,0.0
PUNE_G004,2020-09-29,2020,9,29,273,18.75,74.0,0.29602837562561035
PUNE_G004,2020-09-30,2020,9,30,274,18.75,74.0,0.0
PUNE_G004,2020-10-01,2020,10,1,275,18.75,74.0,0.0
PUNE_G004,2020-10-02,2020,10,2,276,18.75,74.0,1.8844143152236938
PUNE_G004,2020-10-03,2020,10,3,277,18.75,74.0,0.6216595768928528
PUNE_G004,2020-10-04,2020,10,4,278,18.75,74.0,7.6974263191223145
PUNE_G004,2020-10-05,2020,10,5,279,18.75,74.0,0.0
PUNE_G004,2020-10-06,2020,10,6,280,18.75,74.0,4.026674270629883
PUNE_G004,2020-10-07,2020,10,7,281,18.75,74.0,0.0
PUNE_G004,2020-10-08,2020,10,8,282,18.75,74.0,0.0
PUNE_G004,2020-10-09,2020,10,9,283,18.75,74.0,0.0
PUNE_G004,2020-10-10,2020,10,10,284,18.75,74.0,0.1883344203233719
PUNE_G004,2020-10-11,2020,10,11,285,18.75,74.0,14.595976829528809
PUNE_G004,2020-10-12,2020,10,12,286,18.75,74.0,10.727180480957031
PUNE_G004,2020-10-13,2020,10,13,287,18.75,74.0,19.857481002807617
PUNE_G004,2020-10-14,2020,10,14,288,18.75,74.0,2.599430799484253
PUNE_G004,2020-10-15,2020,10,15,289,18.75,74.0,97.4759292602539
PUNE_G004,2020-10-16,2020,10,16,290,18.75,74.0,9.067888259887695
PUNE_G004,2020-10-17,2020,10,17,291,18.75,74.0,0.6591705083847046
PUNE_G004,2020-10-18,2020,10,18,292,18.75,74.0,5.0050153732299805
PUNE_G004,2020-10-19,2020,10,19,293,18.75,74.0,31.375829696655273
PUNE_G004,2020-10-20,2020,10,20,294,18.75,74.0,1.514965534210205
PUNE_G004,2020-10-21,2020,10,21,295,18.75,74.0,2.7185845375061035
PUNE_G004,2020-10-22,2020,10,22,296,18.75,74.0,3.409684658050537
PUNE_G004,2020-10-23,2020,10,23,297,18.75,74.0,12.771760940551758
PUNE_G004,2020-10-24,2020,10,24,298,18.75,74.0,14.334663391113281
PUNE_G004,2020-10-25,2020,10,25,299,18.75,74.0,10.201018333435059
PUNE_G004,2020-10-26,2020,10,26,300,18.75,74.0,6.373049259185791
PUNE_G004,2020-10-27,2020,10,27,301,18.75,74.0,0.0
PUNE_G004,2020-10-28,2020,10,28,302,18.75,74.0,0.0
PUNE_G004,2020-10-29,2020,10,29,303,18.75,74.0,0.0
PUNE_G004,2020-10-30,2020,10,30,304,18.75,74.0,0.0
PUNE_G004,2020-10-31,2020,10,31,305,18.75,74.0,0.0
PUNE_G004,2020-11-01,2020,11,1,306,18.75,74.0,0.0
PUNE_G004,2020-11-02,2020,11,2,307,18.75,74.0,0.0
PUNE_G004,2020-11-03,2020,11,3,308,18.75,74.0,0.0
PUNE_G004,2020-11-04,2020,11,4,309,18.75,74.0,0.0
PUNE_G004,2020-11-05,2020,11,5,310,18.75,74.0,0.0
PUNE_G004,2020-11-06,2020,11,6,311,18.75,74.0,0.0
PUNE_G004,2020-11-07,2020,11,7,312,18.75,74.0,0.0
PUNE_G004,2020-11-08,2020,11,8,313,18.75,74.0,0.0
PUNE_G004,2020-11-09,2020,11,9,314,18.75,74.0,0.0
PUNE_G004,2020-11-10,2020,11,10,315,18.75,74.0,0.0
PUNE_G004,2020-11-11,2020,11,11,316,18.75,74.0,0.0
PUNE_G004,2020-11-12,2020,11,12,317,18.75,74.0,0.0
PUNE_G004,2020-11-13,2020,11,13,318,18.75,74.0,0.0
PUNE_G004,2020-11-14,2020,11,14,319,18.75,74.0,0.0
PUNE_G004,2020-11-15,2020,11,15,320,18.75,74.0,0.0
PUNE_G004,2020-11-16,2020,11,16,321,18.75,74.0,0.0
PUNE_G004,2020-11-17,2020,11,17,322,18.75,74.0,0.0
PUNE_G004,2020-11-18,2020,11,18,323,18.75,74.0,0.0
PUNE_G004,2020-11-19,2020,11,19,324,18.75,74.0,0.0
PUNE_G004,2020-11-20,2020,11,20,325,18.75,74.0,0.17317363619804382
PUNE_G004,2020-11-21,2020,11,21,326,18.75,74.0,3.937760829925537
PUNE_G004,2020-11-22,2020,11,22,327,18.75,74.0,0.0
PUNE_G004,2020-11-23,2020,11,23,328,18.75,74.0,0.0
PUNE_G004,2020-11-24,2020,11,24,329,18.75,74.0,0.0
PUNE_G004,2020-11-25,2020,11,25,330,18.75,74.0,0.0
PUNE_G004,2020-11-26,2020,11,26,331,18.75,74.0,0.0
PUNE_G004,2020-11-27,2020,11,27,332,18.75,74.0,0.0
PUNE_G004,2020-11-28,2020,11,28,333,18.75,74.0,0.0
PUNE_G004,2020-11-29,2020,11,29,334,18.75,74.0,0.0
PUNE_G004,2020-11-30,2020,11,30,335,18.75,74.0,0.0
PUNE_G004,2020-12-01,2020,12,1,336,18.75,74.0,0.0
PUNE_G004,2020-12-02,2020,12,2,337,18.75,74.0,0.0
PUNE_G004,2020-12-03,2020,12,3,338,18.75,74.0,0.0
PUNE_G004,2020-12-04,2020,12,4,339,18.75,74.0,0.0
PUNE_G004,2020-12-05,2020,12,5,340,18.75,74.0,0.0
PUNE_G004,2020-12-06,2020,12,6,341,18.75,74.0,0.0
PUNE_G004,2020-12-07,2020,12,7,342,18.75,74.0,0.0
PUNE_G004,2020-12-08,2020,12,8,343,18.75,74.0,0.0
PUNE_G004,2020-12-09,2020,12,9,344,18.75,74.0,0.0
PUNE_G004,2020-12-10,2020,12,10,345,18.75,74.0,0.0
PUNE_G004,2020-12-11,2020,12,11,346,18.75,74.0,0.0
PUNE_G004,2020-12-12,2020,12,12,347,18.75,74.0,0.22155383229255676
PUNE_G004,2020-12-13,2020,12,13,348,18.75,74.0,0.0
PUNE_G004,2020-12-14,2020,12,14,349,18.75,74.0,0.0
PUNE_G004,2020-12-15,2020,12,15,350,18.75,74.0,3.3561975955963135
PUNE_G004,2020-12-16,2020,12,16,351,18.75,74.0,0.0
PUNE_G004,2020-12-17,2020,12,17,352,18.75,74.0,0.0
PUNE_G004,2020-12-18,2020,12,18,353,18.75,74.0,0.0
PUNE_G004,2020-12-19,2020,12,19,354,18.75,74.0,0.0
PUNE_G004,2020-12-20,2020,12,20,355,18.75,74.0,0.0
PUNE_G004,2020-12-21,2020,12,21,356,18.75,74.0,0.0
PUNE_G004,2020-12-22,2020,12,22,357,18.75,74.0,0.0
PUNE_G004,2020-12-23,2020,12,23,358,18.75,74.0,0.0
PUNE_G004,2020-12-24,2020,12,24,359,18.75,74.0,0.0
PUNE_G004,2020-12-25,2020,12,25,360,18.75,74.0,0.0
PUNE_G004,2020-12-26,2020,12,26,361,18.75,74.0,0.0
PUNE_G004,2020-12-27,2020,12,27,362,18.75,74.0,0.0
PUNE_G004,2020-12-28,2020,12,28,363,18.75,74.0,0.0
PUNE_G004,2020-12-29,2020,12,29,364,18.75,74.0,0.0
PUNE_G004,2020-12-30,2020,12,30,365,18.75,74.0,0.0
PUNE_G004,2020-12-31,2020,12,31,366,18.75,74.0,0.0
PUNE_G004,2021-01-01,2021,1,1,1,18.75,74.0,0.0
PUNE_G004,2021-01-02,2021,1,2,2,18.75,74.0,0.0
PUNE_G004,2021-01-03,2021,1,3,3,18.75,74.0,0.0
PUNE_G004,2021-01-04,2021,1,4,4,18.75,74.0,0.0
PUNE_G004,2021-01-05,2021,1,5,5,18.75,74.0,0.34274744987487793
PUNE_G004,2021-01-06,2021,1,6,6,18.75,74.0,0.0
PUNE_G004,2021-01-07,2021,1,7,7,18.75,74.0,0.0
PUNE_G004,2021-01-08,2021,1,8,8,18.75,74.0,10.91672420501709
PUNE_G004,2021-01-09,2021,1,9,9,18.75,74.0,28.838315963745117
PUNE_G004,2021-01-10,2021,1,10,10,18.75,74.0,0.0
PUNE_G004,2021-01-11,2021,1,11,11,18.75,74.0,0.0
PUNE_G004,2021-01-12,2021,1,12,12,18.75,74.0,0.0
PUNE_G004,2021-01-13,2021,1,13,13,18.75,74.0,0.0
PUNE_G004,2021-01-14,2021,1,14,14,18.75,74.0,0.0
PUNE_G004,2021-01-15,2021,1,15,15,18.75,74.0,0.0
PUNE_G004,2021-01-16,2021,1,16,16,18.75,74.0,0.0
PUNE_G004,2021-01-17,2021,1,17,17,18.75,74.0,0.0
PUNE_G004,2021-01-18,2021,1,18,18,18.75,74.0,0.0
PUNE_G004,2021-01-19,2021,1,19,19,18.75,74.0,0.0
PUNE_G004,2021-01-20,2021,1,20,20,18.75,74.0,0.0
PUNE_G004,2021-01-21,2021,1,21,21,18.75,74.0,0.0
PUNE_G004,2021-01-22,2021,1,22,22,18.75,74.0,0.0
PUNE_G004,2021-01-23,2021,1,23,23,18.75,74.0,0.0
PUNE_G004,2021-01-24,2021,1,24,24,18.75,74.0,0.0
PUNE_G004,2021-01-25,2021,1,25,25,18.75,74.0,0.0
PUNE_G004,2021-01-26,2021,1,26,26,18.75,74.0,0.0
PUNE_G004,2021-01-27,2021,1,27,27,18.75,74.0,0.0
PUNE_G004,2021-01-28,2021,1,28,28,18.75,74.0,0.0
PUNE_G004,2021-01-29,2021,1,29,29,18.75,74.0,0.0
PUNE_G004,2021-01-30,2021,1,30,30,18.75,74.0,0.0
PUNE_G004,2021-01-31,2021,1,31,31,18.75,74.0,0.0
PUNE_G004,2021-02-01,2021,2,1,32,18.75,74.0,0.0
PUNE_G004,2021-02-02,2021,2,2,33,18.75,74.0,0.0
PUNE_G004,2021-02-03,2021,2,3,34,18.75,74.0,0.0
PUNE_G004,2021-02-04,2021,2,4,35,18.75,74.0,0.0
PUNE_G004,2021-02-05,2021,2,5,36,18.75,74.0,0.0
PUNE_G004,2021-02-06,2021,2,6,37,18.75,74.0,0.0
PUNE_G004,2021-02-07,2021,2,7,38,18.75,74.0,0.0
PUNE_G004,2021-02-08,2021,2,8,39,18.75,74.0,0.0
PUNE_G004,2021-02-09,2021,2,9,40,18.75,74.0,0.0
PUNE_G004,2021-02-10,2021,2,10,41,18.75,74.0,0.0
PUNE_G004,2021-02-11,2021,2,11,42,18.75,74.0,0.0
PUNE_G004,2021-02-12,2021,2,12,43,18.75,74.0,0.0
PUNE_G004,2021-02-13,2021,2,13,44,18.75,74.0,0.0
PUNE_G004,2021-02-14,2021,2,14,45,18.75,74.0,0.0
PUNE_G004,2021-02-15,2021,2,15,46,18.75,74.0,0.0
PUNE_G004,2021-02-16,2021,2,16,47,18.75,74.0,0.0
PUNE_G004,2021-02-17,2021,2,17,48,18.75,74.0,0.0
PUNE_G004,2021-02-18,2021,2,18,49,18.75,74.0,0.0
PUNE_G004,2021-02-19,2021,2,19,50,18.75,74.0,0.3237398564815521
PUNE_G004,2021-02-20,2021,2,20,51,18.75,74.0,0.0
PUNE_G004,2021-02-21,2021,2,21,52,18.75,74.0,0.0
PUNE_G004,2021-02-22,2021,2,22,53,18.75,74.0,0.0
PUNE_G004,2021-02-23,2021,2,23,54,18.75,74.0,0.0
PUNE_G004,2021-02-24,2021,2,24,55,18.75,74.0,0.0
PUNE_G004,2021-02-25,2021,2,25,56,18.75,74.0,0.0
PUNE_G004,2021-02-26,2021,2,26,57,18.75,74.0,0.0
PUNE_G004,2021-02-27,2021,2,27,58,18.75,74.0,0.0
PUNE_G004,2021-02-28,2021,2,28,59,18.75,74.0,0.0
PUNE_G004,2021-03-01,2021,3,1,60,18.75,74.0,0.0
PUNE_G004,2021-03-02,2021,3,2,61,18.75,74.0,0.0
PUNE_G004,2021-03-03,2021,3,3,62,18.75,74.0,0.0
PUNE_G004,2021-03-04,2021,3,4,63,18.75,74.0,0.0
PUNE_G004,2021-03-05,2021,3,5,64,18.75,74.0,0.0
PUNE_G004,2021-03-06,2021,3,6,65,18.75,74.0,0.0
PUNE_G004,2021-03-07,2021,3,7,66,18.75,74.0,0.0
PUNE_G004,2021-03-08,2021,3,8,67,18.75,74.0,0.0
PUNE_G004,2021-03-09,2021,3,9,68,18.75,74.0,0.0
PUNE_G004,2021-03-10,2021,3,10,69,18.75,74.0,0.0
PUNE_G004,2021-03-11,2021,3,11,70,18.75,74.0,0.0
PUNE_G004,2021-03-12,2021,3,12,71,18.75,74.0,0.0
PUNE_G004,2021-03-13,2021,3,13,72,18.75,74.0,0.0
PUNE_G004,2021-03-14,2021,3,14,73,18.75,74.0,0.0
PUNE_G004,2021-03-15,2021,3,15,74,18.75,74.0,0.0
PUNE_G004,2021-03-16,2021,3,16,75,18.75,74.0,0.0
PUNE_G004,2021-03-17,2021,3,17,76,18.75,74.0,0.0
PUNE_G004,2021-03-18,2021,3,18,77,18.75,74.0,0.0
PUNE_G004,2021-03-19,2021,3,19,78,18.75,74.0,0.0
PUNE_G004,2021-03-20,2021,3,20,79,18.75,74.0,0.0
PUNE_G004,2021-03-21,2021,3,21,80,18.75,74.0,0.0
PUNE_G004,2021-03-22,2021,3,22,81,18.75,74.0,0.0
PUNE_G004,2021-03-23,2021,3,23,82,18.75,74.0,0.0
PUNE_G004,2021-03-24,2021,3,24,83,18.75,74.0,0.0
PUNE_G004,2021-03-25,2021,3,25,84,18.75,74.0,0.0
PUNE_G004,2021-03-26,2021,3,26,85,18.75,74.0,0.0
PUNE_G004,2021-03-27,2021,3,27,86,18.75,74.0,0.0
PUNE_G004,2021-03-28,2021,3,28,87,18.75,74.0,0.0
PUNE_G004,2021-03-29,2021,3,29,88,18.75,74.0,0.0
PUNE_G004,2021-03-30,2021,3,30,89,18.75,74.0,0.0
PUNE_G004,2021-03-31,2021,3,31,90,18.75,74.0,0.0
PUNE_G004,2021-04-01,2021,4,1,91,18.75,74.0,0.0
PUNE_G004,2021-04-02,2021,4,2,92,18.75,74.0,0.0
PUNE_G004,2021-04-03,2021,4,3,93,18.75,74.0,0.0
PUNE_G004,2021-04-04,2021,4,4,94,18.75,74.0,0.0
PUNE_G004,2021-04-05,2021,4,5,95,18.75,74.0,0.0
PUNE_G004,2021-04-06,2021,4,6,96,18.75,74.0,0.0
PUNE_G004,2021-04-07,2021,4,7,97,18.75,74.0,0.0
PUNE_G004,2021-04-08,2021,4,8,98,18.75,74.0,0.0
PUNE_G004,2021-04-09,2021,4,9,99,18.75,74.0,0.0
PUNE_G004,2021-04-10,2021,4,10,100,18.75,74.0,0.0
PUNE_G004,2021-04-11,2021,4,11,101,18.75,74.0,0.0
PUNE_G004,2021-04-12,2021,4,12,102,18.75,74.0,0.0
PUNE_G004,2021-04-13,2021,4,13,103,18.75,74.0,6.181007385253906
PUNE_G004,2021-04-14,2021,4,14,104,18.75,74.0,0.0
PUNE_G004,2021-04-15,2021,4,15,105,18.75,74.0,3.595642328262329
PUNE_G004,2021-04-16,2021,4,16,106,18.75,74.0,0.0
PUNE_G004,2021-04-17,2021,4,17,107,18.75,74.0,0.0
PUNE_G004,2021-04-18,2021,4,18,108,18.75,74.0,0.0
PUNE_G004,2021-04-19,2021,4,19,109,18.75,74.0,0.0
PUNE_G004,2021-04-20,2021,4,20,110,18.75,74.0,0.0
PUNE_G004,2021-04-21,2021,4,21,111,18.75,74.0,0.0
PUNE_G004,2021-04-22,2021,4,22,112,18.75,74.0,0.0
PUNE_G004,2021-04-23,2021,4,23,113,18.75,74.0,0.0
PUNE_G004,2021-04-24,2021,4,24,114,18.75,74.0,0.0
PUNE_G004,2021-04-25,2021,4,25,115,18.75,74.0,0.0
PUNE_G004,2021-04-26,2021,4,26,116,18.75,74.0,0.0
PUNE_G004,2021-04-27,2021,4,27,117,18.75,74.0,0.0
PUNE_G004,2021-04-28,2021,4,28,118,18.75,74.0,2.3798084259033203
PUNE_G004,2021-04-29,2021,4,29,119,18.75,74.0,0.0
PUNE_G004,2021-04-30,2021,4,30,120,18.75,74.0,0.3400249183177948
PUNE_G004,2021-05-01,2021,5,1,121,18.75,74.0,0.24420534074306488
PUNE_G004,2021-05-02,2021,5,2,122,18.75,74.0,0.0
PUNE_G004,2021-05-03,2021,5,3,123,18.75,74.0,14.767601013183594
PUNE_G004,2021-05-04,2021,5,4,124,18.75,74.0,0.3664320707321167
PUNE_G004,2021-05-05,2021,5,5,125,18.75,74.0,0.0
PUNE_G004,2021-05-06,2021,5,6,126,18.75,74.0,0.0
PUNE_G004,2021-05-07,2021,5,7,127,18.75,74.0,0.0
PUNE_G004,2021-05-08,2021,5,8,128,18.75,74.0,0.0
PUNE_G004,2021-05-09,2021,5,9,129,18.75,74.0,0.32978886365890503
PUNE_G004,2021-05-10,2021,5,10,130,18.75,74.0,0.0
PUNE_G004,2021-05-11,2021,5,11,131,18.75,74.0,0.0
PUNE_G004,2021-05-12,2021,5,12,132,18.75,74.0,0.0
PUNE_G004,2021-05-13,2021,5,13,133,18.75,74.0,0.0
PUNE_G004,2021-05-14,2021,5,14,134,18.75,74.0,0.0
PUNE_G004,2021-05-15,2021,5,15,135,18.75,74.0,0.9895480275154114
PUNE_G004,2021-05-16,2021,5,16,136,18.75,74.0,0.0
PUNE_G004,2021-05-17,2021,5,17,137,18.75,74.0,1.0555614233016968
PUNE_G004,2021-05-18,2021,5,18,138,18.75,74.0,2.8060898780822754
PUNE_G004,2021-05-19,2021,5,19,139,18.75,74.0,0.0
PUNE_G004,2021-05-20,2021,5,20,140,18.75,74.0,2.8581702709198
PUNE_G004,2021-05-21,2021,5,21,141,18.75,74.0,0.0
PUNE_G004,2021-05-22,2021,5,22,142,18.75,74.0,0.689228355884552
PUNE_G004,2021-05-23,2021,5,23,143,18.75,74.0,0.0
PUNE_G004,2021-05-24,2021,5,24,144,18.75,74.0,2.6758267879486084
PUNE_G004,2021-05-25,2021,5,25,145,18.75,74.0,0.0
PUNE_G004,2021-05-26,2021,5,26,146,18.75,74.0,0.0
PUNE_G004,2021-05-27,2021,5,27,147,18.75,74.0,0.0
PUNE_G004,2021-05-28,2021,5,28,148,18.75,74.0,0.0
PUNE_G004,2021-05-29,2021,5,29,149,18.75,74.0,0.24875561892986298
PUNE_G004,2021-05-30,2021,5,30,150,18.75,74.0,18.95893096923828
PUNE_G004,2021-05-31,2021,5,31,151,18.75,74.0,0.0
PUNE_G004,2021-06-01,2021,6,1,152,18.75,74.0,26.916152954101562
PUNE_G004,2021-06-02,2021,6,2,153,18.75,74.0,2.9953644275665283
PUNE_G004,2021-06-03,2021,6,3,154,18.75,74.0,7.152648448944092
PUNE_G004,2021-06-04,2021,6,4,155,18.75,74.0,0.0
PUNE_G004,2021-06-05,2021,6,5,156,18.75,74.0,12.310674667358398
PUNE_G004,2021-06-06,2021,6,6,157,18.75,74.0,40.36898422241211
PUNE_G004,2021-06-07,2021,6,7,158,18.75,74.0,11.209534645080566
PUNE_G004,2021-06-08,2021,6,8,159,18.75,74.0,0.6871278285980225
PUNE_G004,2021-06-09,2021,6,9,160,18.75,74.0,3.8238296508789062
PUNE_G004,2021-06-10,2021,6,10,161,18.75,74.0,5.334298133850098
PUNE_G004,2021-06-11,2021,6,11,162,18.75,74.0,0.0
PUNE_G004,2021-06-12,2021,6,12,163,18.75,74.0,5.521890640258789
PUNE_G004,2021-06-13,2021,6,13,164,18.75,74.0,0.0
PUNE_G004,2021-06-14,2021,6,14,165,18.75,74.0,0.5055883526802063
PUNE_G004,2021-06-15,2021,6,15,166,18.75,74.0,0.0
PUNE_G004,2021-06-16,2021,6,16,167,18.75,74.0,1.0111767053604126
PUNE_G004,2021-06-17,2021,6,17,168,18.75,74.0,4.1863250732421875
PUNE_G004,2021-06-18,2021,6,18,169,18.75,74.0,8.7040376663208
PUNE_G004,2021-06-19,2021,6,19,170,18.75,74.0,28.74355125427246
PUNE_G004,2021-06-20,2021,6,20,171,18.75,74.0,17.46394920349121
PUNE_G004,2021-06-21,2021,6,21,172,18.75,74.0,0.849695086479187
PUNE_G004,2021-06-22,2021,6,22,173,18.75,74.0,0.11235297471284866
PUNE_G004,2021-06-23,2021,6,23,174,18.75,74.0,0.6179413795471191
PUNE_G004,2021-06-24,2021,6,24,175,18.75,74.0,0.0
PUNE_G004,2021-06-25,2021,6,25,176,18.75,74.0,0.0
PUNE_G004,2021-06-26,2021,6,26,177,18.75,74.0,0.7302942872047424
PUNE_G004,2021-06-27,2021,6,27,178,18.75,74.0,1.313626766204834
PUNE_G004,2021-06-28,2021,6,28,179,18.75,74.0,2.606228828430176
PUNE_G004,2021-06-29,2021,6,29,180,18.75,74.0,1.9138908386230469
PUNE_G004,2021-06-30,2021,6,30,181,18.75,74.0,0.0
PUNE_G004,2021-07-01,2021,7,1,182,18.75,74.0,0.0
PUNE_G004,2021-07-02,2021,7,2,183,18.75,74.0,0.0
PUNE_G004,2021-07-03,2021,7,3,184,18.75,74.0,0.11235297471284866
PUNE_G004,2021-07-04,2021,7,4,185,18.75,74.0,0.0
PUNE_G004,2021-07-05,2021,7,5,186,18.75,74.0,0.0
PUNE_G004,2021-07-06,2021,7,6,187,18.75,74.0,0.14044120907783508
PUNE_G004,2021-07-07,2021,7,7,188,18.75,74.0,0.0
PUNE_G004,2021-07-08,2021,7,8,189,18.75,74.0,0.0
PUNE_G004,2021-07-09,2021,7,9,190,18.75,74.0,9.321325302124023
PUNE_G004,2021-07-10,2021,7,10,191,18.75,74.0,4.093433856964111
PUNE_G004,2021-07-11,2021,7,11,192,18.75,74.0,0.0
PUNE_G004,2021-07-12,2021,7,12,193,18.75,74.0,2.172536611557007
PUNE_G004,2021-07-13,2021,7,13,194,18.75,74.0,18.664106369018555
PUNE_G004,2021-07-14,2021,7,14,195,18.75,74.0,1.289854884147644
PUNE_G004,2021-07-15,2021,7,15,196,18.75,74.0,0.39323538541793823
PUNE_G004,2021-07-16,2021,7,16,197,18.75,74.0,0.337058961391449
PUNE_G004,2021-07-17,2021,7,17,198,18.75,74.0,1.130577564239502
PUNE_G004,2021-07-18,2021,7,18,199,18.75,74.0,0.337058961391449
PUNE_G004,2021-07-19,2021,7,19,200,18.75,74.0,1.5764654874801636
PUNE_G004,2021-07-20,2021,7,20,201,18.75,74.0,13.301473617553711
PUNE_G004,2021-07-21,2021,7,21,202,18.75,74.0,5.622883319854736
PUNE_G004,2021-07-22,2021,7,22,203,18.75,74.0,12.16604232788086
PUNE_G004,2021-07-23,2021,7,23,204,18.75,74.0,3.7323155403137207
PUNE_G004,2021-07-24,2021,7,24,205,18.75,74.0,19.240549087524414
PUNE_G004,2021-07-25,2021,7,25,206,18.75,74.0,2.5946900844573975
PUNE_G004,2021-07-26,2021,7,26,207,18.75,74.0,4.406433582305908
PUNE_G004,2021-07-27,2021,7,27,208,18.75,74.0,1.9451366662979126
PUNE_G004,2021-07-28,2021,7,28,209,18.75,74.0,1.632642149925232
PUNE_G004,2021-07-29,2021,7,29,210,18.75,74.0,0.793518602848053
PUNE_G004,2021-07-30,2021,7,30,211,18.75,74.0,1.9135245084762573
PUNE_G004,2021-07-31,2021,7,31,212,18.75,74.0,0.6776418089866638
PUNE_G004,2021-08-01,2021,8,1,213,18.75,74.0,1.6923424005508423
PUNE_G004,2021-08-02,2021,8,2,214,18.75,74.0,0.9023476839065552
PUNE_G004,2021-08-03,2021,8,3,215,18.75,74.0,1.0147006511688232
PUNE_G004,2021-08-04,2021,8,4,216,18.75,74.0,0.7302942872047424
PUNE_G004,2021-08-05,2021,8,5,217,18.75,74.0,1.0111767053604126
PUNE_G004,2021-08-06,2021,8,6,218,18.75,74.0,0.39323538541793823
PUNE_G004,2021-08-07,2021,8,7,219,18.75,74.0,0.0
PUNE_G004,2021-08-08,2021,8,8,220,18.75,74.0,0.337058961391449
PUNE_G004,2021-08-09,2021,8,9,221,18.75,74.0,0.0
PUNE_G004,2021-08-10,2021,8,10,222,18.75,74.0,0.0
PUNE_G004,2021-08-11,2021,8,11,223,18.75,74.0,0.0
PUNE_G004,2021-08-12,2021,8,12,224,18.75,74.0,0.0
PUNE_G004,2021-08-13,2021,8,13,225,18.75,74.0,0.5091122984886169
PUNE_G004,2021-08-14,2021,8,14,226,18.75,74.0,0.0
PUNE_G004,2021-08-15,2021,8,15,227,18.75,74.0,1.4605885744094849
PUNE_G004,2021-08-16,2021,8,16,228,18.75,74.0,0.0
PUNE_G004,2021-08-17,2021,8,17,229,18.75,74.0,25.02472496032715
PUNE_G004,2021-08-18,2021,8,18,230,18.75,74.0,6.847161293029785
PUNE_G004,2021-08-19,2021,8,19,231,18.75,74.0,1.8429486751556396
PUNE_G004,2021-08-20,2021,8,20,232,18.75,74.0,0.6776418089866638
PUNE_G004,2021-08-21,2021,8,21,233,18.75,74.0,2.6110286712646484
PUNE_G004,2021-08-22,2021,8,22,234,18.75,74.0,1.0708770751953125
PUNE_G004,2021-08-23,2021,8,23,235,18.75,74.0,0.11235297471284866
PUNE_G004,2021-08-24,2021,8,24,236,18.75,74.0,0.0
PUNE_G004,2021-08-25,2021,8,25,237,18.75,74.0,0.0
PUNE_G004,2021-08-26,2021,8,26,238,18.75,74.0,0.0
PUNE_G004,2021-08-27,2021,8,27,239,18.75,74.0,0.1685294806957245
PUNE_G004,2021-08-28,2021,8,28,240,18.75,74.0,0.25279417634010315
PUNE_G004,2021-08-29,2021,8,29,241,18.75,74.0,0.38891851902008057
PUNE_G004,2021-08-30,2021,8,30,242,18.75,74.0,0.0
PUNE_G004,2021-08-31,2021,8,31,243,18.75,74.0,22.167787551879883
PUNE_G004,2021-09-01,2021,9,1,244,18.75,74.0,0.4603693187236786
PUNE_G004,2021-09-02,2021,9,2,245,18.75,74.0,0.0
PUNE_G004,2021-09-03,2021,9,3,246,18.75,74.0,0.39323538541793823
PUNE_G004,2021-09-04,2021,9,4,247,18.75,74.0,0.2844063639640808
PUNE_G004,2021-09-05,2021,9,5,248,18.75,74.0,18.38021469116211
PUNE_G004,2021-09-06,2021,9,6,249,18.75,74.0,3.3779242038726807
PUNE_G004,2021-09-07,2021,9,7,250,18.75,74.0,13.632930755615234
PUNE_G004,2021-09-08,2021,9,8,251,18.75,74.0,14.56812572479248
PUNE_G004,2021-09-09,2021,9,9,252,18.75,74.0,0.6179413795471191
PUNE_G004,2021-09-10,2021,9,10,253,18.75,74.0,2.756171703338623
PUNE_G004,2021-09-11,2021,9,11,254,18.75,74.0,6.630258083343506
PUNE_G004,2021-09-12,2021,9,12,255,18.75,74.0,3.9429259300231934
PUNE_G004,2021-09-13,2021,9,13,256,18.75,74.0,2.5174741744995117
PUNE_G004,2021-09-14,2021,9,14,257,18.75,74.0,1.0708770751953125
PUNE_G004,2021-09-15,2021,9,15,258,18.75,74.0,0.0
PUNE_G004,2021-09-16,2021,9,16,259,18.75,74.0,0.0
PUNE_G004,2021-09-17,2021,9,17,260,18.75,74.0,0.0
PUNE_G004,2021-09-18,2021,9,18,261,18.75,74.0,0.0
PUNE_G004,2021-09-19,2021,9,19,262,18.75,74.0,0.0
PUNE_G004,2021-09-20,2021,9,20,263,18.75,74.0,5.004944801330566
PUNE_G004,2021-09-21,2021,9,21,264,18.75,74.0,5.289463043212891
PUNE_G004,2021-09-22,2021,9,22,265,18.75,74.0,4.100883483886719
PUNE_G004,2021-09-23,2021,9,23,266,18.75,74.0,5.495739459991455
PUNE_G004,2021-09-24,2021,9,24,267,18.75,74.0,5.741985321044922
PUNE_G004,2021-09-25,2021,9,25,268,18.75,74.0,0.303144633769989
PUNE_G004,2021-09-26,2021,9,26,269,18.75,74.0,1.313626766204834
PUNE_G004,2021-09-27,2021,9,27,270,18.75,74.0,21.7573299407959
PUNE_G004,2021-09-28,2021,9,28,271,18.75,74.0,9.161613464355469
PUNE_G004,2021-09-29,2021,9,29,272,18.75,74.0,1.4079360961914062
PUNE_G004,2021-09-30,2021,9,30,273,18.75,74.0,0.7302942872047424
PUNE_G004,2021-10-01,2021,10,1,274,18.75,74.0,1.1728459596633911
PUNE_G004,2021-10-02,2021,10,2,275,18.75,74.0,17.067781448364258
PUNE_G004,2021-10-03,2021,10,3,276,18.75,74.0,0.0
PUNE_G004,2021-10-04,2021,10,4,277,18.75,74.0,0.0
PUNE_G004,2021-10-05,2021,10,5,278,18.75,74.0,13.36988353729248
PUNE_G004,2021-10-06,2021,10,6,279,18.75,74.0,5.095805644989014
PUNE_G004,2021-10-07,2021,10,7,280,18.75,74.0,7.871715545654297
PUNE_G004,2021-10-08,2021,10,8,281,18.75,74.0,14.750696182250977
PUNE_G004,2021-10-09,2021,10,9,282,18.75,74.0,8.26866626739502
PUNE_G004,2021-10-10,2021,10,10,283,18.75,74.0,11.045478820800781
PUNE_G004,2021-10-11,2021,10,11,284,18.75,74.0,3.511298179626465
PUNE_G004,2021-10-12,2021,10,12,285,18.75,74.0,0.0
PUNE_G004,2021-10-13,2021,10,13,286,18.75,74.0,0.5864229798316956
PUNE_G004,2021-10-14,2021,10,14,287,18.75,74.0,0.0
PUNE_G004,2021-10-15,2021,10,15,288,18.75,74.0,0.0
PUNE_G004,2021-10-16,2021,10,16,289,18.75,74.0,0.0
PUNE_G004,2021-10-17,2021,10,17,290,18.75,74.0,0.0
PUNE_G004,2021-10-18,2021,10,18,291,18.75,74.0,0.0
PUNE_G004,2021-10-19,2021,10,19,292,18.75,74.0,0.0
PUNE_G004,2021-10-20,2021,10,20,293,18.75,74.0,0.0
PUNE_G004,2021-10-21,2021,10,21,294,18.75,74.0,0.0
PUNE_G004,2021-10-22,2021,10,22,295,18.75,74.0,0.0
PUNE_G004,2021-10-23,2021,10,23,296,18.75,74.0,0.0
PUNE_G004,2021-10-24,2021,10,24,297,18.75,74.0,0.0
PUNE_G004,2021-10-25,2021,10,25,298,18.75,74.0,0.0
PUNE_G004,2021-10-26,2021,10,26,299,18.75,74.0,0.0
PUNE_G004,2021-10-27,2021,10,27,300,18.75,74.0,0.0
PUNE_G004,2021-10-28,2021,10,28,301,18.75,74.0,0.0
PUNE_G004,2021-10-29,2021,10,29,302,18.75,74.0,0.0
PUNE_G004,2021-10-30,2021,10,30,303,18.75,74.0,0.0
PUNE_G004,2021-10-31,2021,10,31,304,18.75,74.0,0.0
PUNE_G004,2021-11-01,2021,11,1,305,18.75,74.0,0.0
PUNE_G004,2021-11-02,2021,11,2,306,18.75,74.0,0.0
PUNE_G004,2021-11-03,2021,11,3,307,18.75,74.0,0.0
PUNE_G004,2021-11-04,2021,11,4,308,18.75,74.0,0.0
PUNE_G004,2021-11-05,2021,11,5,309,18.75,74.0,21.554702758789062
PUNE_G004,2021-11-06,2021,11,6,310,18.75,74.0,0.0
PUNE_G004,2021-11-07,2021,11,7,311,18.75,74.0,0.5250519514083862
PUNE_G004,2021-11-08,2021,11,8,312,18.75,74.0,0.0
PUNE_G004,2021-11-09,2021,11,9,313,18.75,74.0,0.0
PUNE_G004,2021-11-10,2021,11,10,314,18.75,74.0,0.0
PUNE_G004,2021-11-11,2021,11,11,315,18.75,74.0,0.0
PUNE_G004,2021-11-12,2021,11,12,316,18.75,74.0,0.0
PUNE_G004,2021-11-13,2021,11,13,317,18.75,74.0,0.0
PUNE_G004,2021-11-14,2021,11,14,318,18.75,74.0,0.0
PUNE_G004,2021-11-15,2021,11,15,319,18.75,74.0,0.0
PUNE_G004,2021-11-16,2021,11,16,320,18.75,74.0,0.0
PUNE_G004,2021-11-17,2021,11,17,321,18.75,74.0,12.704442977905273
PUNE_G004,2021-11-18,2021,11,18,322,18.75,74.0,0.0
PUNE_G004,2021-11-19,2021,11,19,323,18.75,74.0,0.0
PUNE_G004,2021-11-20,2021,11,20,324,18.75,74.0,0.0
PUNE_G004,2021-11-21,2021,11,21,325,18.75,74.0,6.006107807159424
PUNE_G004,2021-11-22,2021,11,22,326,18.75,74.0,1.1432099342346191
PUNE_G004,2021-11-23,2021,11,23,327,18.75,74.0,0.0
PUNE_G004,2021-11-24,2021,11,24,328,18.75,74.0,0.0
PUNE_G004,2021-11-25,2021,11,25,329,18.75,74.0,0.0
PUNE_G004,2021-11-26,2021,11,26,330,18.75,74.0,0.0
PUNE_G004,2021-11-27,2021,11,27,331,18.75,74.0,0.0
PUNE_G004,2021-11-28,2021,11,28,332,18.75,74.0,0.0
PUNE_G004,2021-11-29,2021,11,29,333,18.75,74.0,0.0
PUNE_G004,2021-11-30,2021,11,30,334,18.75,74.0,0.0
PUNE_G004,2021-12-01,2021,12,1,335,18.75,74.0,0.22470594942569733
PUNE_G004,2021-12-02,2021,12,2,336,18.75,74.0,57.193359375
PUNE_G004,2021-12-03,2021,12,3,337,18.75,74.0,0.0
PUNE_G004,2021-12-04,2021,12,4,338,18.75,74.0,2.8687679767608643
PUNE_G004,2021-12-05,2021,12,5,339,18.75,74.0,0.1520380973815918
PUNE_G004,2021-12-06,2021,12,6,340,18.75,74.0,0.0
PUNE_G004,2021-12-07,2021,12,7,341,18.75,74.0,0.0
PUNE_G004,2021-12-08,2021,12,8,342,18.75,74.0,0.0
PUNE_G004,2021-12-09,2021,12,9,343,18.75,74.0,0.0
PUNE_G004,2021-12-10,2021,12,10,344,18.75,74.0,0.0
PUNE_G004,2021-12-11,2021,12,11,345,18.75,74.0,0.0
PUNE_G004,2021-12-12,2021,12,12,346,18.75,74.0,0.0
PUNE_G004,2021-12-13,2021,12,13,347,18.75,74.0,0.0
PUNE_G004,2021-12-14,2021,12,14,348,18.75,74.0,0.0
PUNE_G004,2021-12-15,2021,12,15,349,18.75,74.0,0.0
PUNE_G004,2021-12-16,2021,12,16,350,18.75,74.0,0.0
PUNE_G004,2021-12-17,2021,12,17,351,18.75,74.0,0.0
PUNE_G004,2021-12-18,2021,12,18,352,18.75,74.0,0.0
PUNE_G004,2021-12-19,2021,12,19,353,18.75,74.0,0.0
PUNE_G004,2021-12-20,2021,12,20,354,18.75,74.0,0.0
PUNE_G004,2021-12-21,2021,12,21,355,18.75,74.0,0.0
PUNE_G004,2021-12-22,2021,12,22,356,18.75,74.0,0.0
PUNE_G004,2021-12-23,2021,12,23,357,18.75,74.0,0.0
PUNE_G004,2021-12-24,2021,12,24,358,18.75,74.0,0.0
PUNE_G004,2021-12-25,2021,12,25,359,18.75,74.0,0.0
PUNE_G004,2021-12-26,2021,12,26,360,18.75,74.0,0.0
PUNE_G004,2021-12-27,2021,12,27,361,18.75,74.0,0.0
PUNE_G004,2021-12-28,2021,12,28,362,18.75,74.0,0.0
PUNE_G004,2021-12-29,2021,12,29,363,18.75,74.0,0.0
PUNE_G004,2021-12-30,2021,12,30,364,18.75,74.0,0.0
PUNE_G004,2021-12-31,2021,12,31,365,18.75,74.0,0.0
PUNE_G004,2022-01-01,2022,1,1,1,18.75,74.0,0.0
PUNE_G004,2022-01-02,2022,1,2,2,18.75,74.0,0.0
PUNE_G004,2022-01-03,2022,1,3,3,18.75,74.0,0.0
PUNE_G004,2022-01-04,2022,1,4,4,18.75,74.0,0.0
PUNE_G004,2022-01-05,2022,1,5,5,18.75,74.0,0.0
PUNE_G004,2022-01-06,2022,1,6,6,18.75,74.0,0.0
PUNE_G004,2022-01-07,2022,1,7,7,18.75,74.0,0.0
PUNE_G004,2022-01-08,2022,1,8,8,18.75,74.0,0.0
PUNE_G004,2022-01-09,2022,1,9,9,18.75,74.0,0.0
PUNE_G004,2022-01-10,2022,1,10,10,18.75,74.0,0.0
PUNE_G004,2022-01-11,2022,1,11,11,18.75,74.0,0.0
PUNE_G004,2022-01-12,2022,1,12,12,18.75,74.0,0.0
PUNE_G004,2022-01-13,2022,1,13,13,18.75,74.0,0.0
PUNE_G004,2022-01-14,2022,1,14,14,18.75,74.0,0.0
PUNE_G004,2022-01-15,2022,1,15,15,18.75,74.0,0.0
PUNE_G004,2022-01-16,2022,1,16,16,18.75,74.0,0.0
PUNE_G004,2022-01-17,2022,1,17,17,18.75,74.0,0.0
PUNE_G004,2022-01-18,2022,1,18,18,18.75,74.0,0.0
PUNE_G004,2022-01-19,2022,1,19,19,18.75,74.0,0.0
PUNE_G004,2022-01-20,2022,1,20,20,18.75,74.0,0.0
PUNE_G004,2022-01-21,2022,1,21,21,18.75,74.0,0.0
PUNE_G004,2022-01-22,2022,1,22,22,18.75,74.0,0.0
PUNE_G004,2022-01-23,2022,1,23,23,18.75,74.0,0.0
PUNE_G004,2022-01-24,2022,1,24,24,18.75,74.0,0.0
PUNE_G004,2022-01-25,2022,1,25,25,18.75,74.0,0.0
PUNE_G004,2022-01-26,2022,1,26,26,18.75,74.0,0.0
PUNE_G004,2022-01-27,2022,1,27,27,18.75,74.0,0.0
PUNE_G004,2022-01-28,2022,1,28,28,18.75,74.0,0.0
PUNE_G004,2022-01-29,2022,1,29,29,18.75,74.0,0.0
PUNE_G004,2022-01-30,2022,1,30,30,18.75,74.0,0.0
PUNE_G004,2022-01-31,2022,1,31,31,18.75,74.0,0.0
PUNE_G004,2022-02-01,2022,2,1,32,18.75,74.0,0.0
PUNE_G004,2022-02-02,2022,2,2,33,18.75,74.0,0.0
PUNE_G004,2022-02-03,2022,2,3,34,18.75,74.0,0.0
PUNE_G004,2022-02-04,2022,2,4,35,18.75,74.0,0.0
PUNE_G004,2022-02-05,2022,2,5,36,18.75,74.0,0.0
PUNE_G004,2022-02-06,2022,2,6,37,18.75,74.0,0.0
PUNE_G004,2022-02-07,2022,2,7,38,18.75,74.0,0.0
PUNE_G004,2022-02-08,2022,2,8,39,18.75,74.0,0.0
PUNE_G004,2022-02-09,2022,2,9,40,18.75,74.0,0.0
PUNE_G004,2022-02-10,2022,2,10,41,18.75,74.0,0.0
PUNE_G004,2022-02-11,2022,2,11,42,18.75,74.0,0.0
PUNE_G004,2022-02-12,2022,2,12,43,18.75,74.0,0.0
PUNE_G004,2022-02-13,2022,2,13,44,18.75,74.0,0.0
PUNE_G004,2022-02-14,2022,2,14,45,18.75,74.0,0.0
PUNE_G004,2022-02-15,2022,2,15,46,18.75,74.0,0.0
PUNE_G004,2022-02-16,2022,2,16,47,18.75,74.0,0.0
PUNE_G004,2022-02-17,2022,2,17,48,18.75,74.0,0.0
PUNE_G004,2022-02-18,2022,2,18,49,18.75,74.0,0.0
PUNE_G004,2022-02-19,2022,2,19,50,18.75,74.0,0.0
PUNE_G004,2022-02-20,2022,2,20,51,18.75,74.0,0.0
PUNE_G004,2022-02-21,2022,2,21,52,18.75,74.0,0.0
PUNE_G004,2022-02-22,2022,2,22,53,18.75,74.0,0.0
PUNE_G004,2022-02-23,2022,2,23,54,18.75,74.0,0.0
PUNE_G004,2022-02-24,2022,2,24,55,18.75,74.0,0.0
PUNE_G004,2022-02-25,2022,2,25,56,18.75,74.0,0.0
PUNE_G004,2022-02-26,2022,2,26,57,18.75,74.0,0.0
PUNE_G004,2022-02-27,2022,2,27,58,18.75,74.0,0.0
PUNE_G004,2022-02-28,2022,2,28,59,18.75,74.0,0.0
PUNE_G004,2022-03-01,2022,3,1,60,18.75,74.0,0.0
PUNE_G004,2022-03-02,2022,3,2,61,18.75,74.0,0.0
PUNE_G004,2022-03-03,2022,3,3,62,18.75,74.0,0.0
PUNE_G004,2022-03-04,2022,3,4,63,18.75,74.0,0.0
PUNE_G004,2022-03-05,2022,3,5,64,18.75,74.0,0.0
PUNE_G004,2022-03-06,2022,3,6,65,18.75,74.0,0.0
PUNE_G004,2022-03-07,2022,3,7,66,18.75,74.0,0.0
PUNE_G004,2022-03-08,2022,3,8,67,18.75,74.0,0.0
PUNE_G004,2022-03-09,2022,3,9,68,18.75,74.0,0.0
PUNE_G004,2022-03-10,2022,3,10,69,18.75,74.0,0.0
PUNE_G004,2022-03-11,2022,3,11,70,18.75,74.0,0.0
PUNE_G004,2022-03-12,2022,3,12,71,18.75,74.0,0.3518538177013397
PUNE_G004,2022-03-13,2022,3,13,72,18.75,74.0,0.0
PUNE_G004,2022-03-14,2022,3,14,73,18.75,74.0,0.0
PUNE_G004,2022-03-15,2022,3,15,74,18.75,74.0,0.0
PUNE_G004,2022-03-16,2022,3,16,75,18.75,74.0,0.0
PUNE_G004,2022-03-17,2022,3,17,76,18.75,74.0,0.0
PUNE_G004,2022-03-18,2022,3,18,77,18.75,74.0,0.0
PUNE_G004,2022-03-19,2022,3,19,78,18.75,74.0,0.0
PUNE_G004,2022-03-20,2022,3,20,79,18.75,74.0,0.0
PUNE_G004,2022-03-21,2022,3,21,80,18.75,74.0,0.0
PUNE_G004,2022-03-22,2022,3,22,81,18.75,74.0,0.0
PUNE_G004,2022-03-23,2022,3,23,82,18.75,74.0,0.0
PUNE_G004,2022-03-24,2022,3,24,83,18.75,74.0,0.0
PUNE_G004,2022-03-25,2022,3,25,84,18.75,74.0,0.0
PUNE_G004,2022-03-26,2022,3,26,85,18.75,74.0,0.0
PUNE_G004,2022-03-27,2022,3,27,86,18.75,74.0,0.0
PUNE_G004,2022-03-28,2022,3,28,87,18.75,74.0,0.0
PUNE_G004,2022-03-29,2022,3,29,88,18.75,74.0,0.0
PUNE_G004,2022-03-30,2022,3,30,89,18.75,74.0,0.0
PUNE_G004,2022-03-31,2022,3,31,90,18.75,74.0,0.0
PUNE_G004,2022-04-01,2022,4,1,91,18.75,74.0,0.0
PUNE_G004,2022-04-02,2022,4,2,92,18.75,74.0,0.0
PUNE_G004,2022-04-03,2022,4,3,93,18.75,74.0,0.0
PUNE_G004,2022-04-04,2022,4,4,94,18.75,74.0,0.0
PUNE_G004,2022-04-05,2022,4,5,95,18.75,74.0,0.0
PUNE_G004,2022-04-06,2022,4,6,96,18.75,74.0,0.0
PUNE_G004,2022-04-07,2022,4,7,97,18.75,74.0,0.0
PUNE_G004,2022-04-08,2022,4,8,98,18.75,74.0,0.0
PUNE_G004,2022-04-09,2022,4,9,99,18.75,74.0,0.0
PUNE_G004,2022-04-10,2022,4,10,100,18.75,74.0,0.0
PUNE_G004,2022-04-11,2022,4,11,101,18.75,74.0,0.0
PUNE_G004,2022-04-12,2022,4,12,102,18.75,74.0,0.0
PUNE_G004,2022-04-13,2022,4,13,103,18.75,74.0,0.0
PUNE_G004,2022-04-14,2022,4,14,104,18.75,74.0,0.0
PUNE_G004,2022-04-15,2022,4,15,105,18.75,74.0,0.0
PUNE_G004,2022-04-16,2022,4,16,106,18.75,74.0,0.0
PUNE_G004,2022-04-17,2022,4,17,107,18.75,74.0,0.0
PUNE_G004,2022-04-18,2022,4,18,108,18.75,74.0,0.0
PUNE_G004,2022-04-19,2022,4,19,109,18.75,74.0,0.0
PUNE_G004,2022-04-20,2022,4,20,110,18.75,74.0,0.0
PUNE_G004,2022-04-21,2022,4,21,111,18.75,74.0,0.0
PUNE_G004,2022-04-22,2022,4,22,112,18.75,74.0,0.0
PUNE_G004,2022-04-23,2022,4,23,113,18.75,74.0,0.0
PUNE_G004,2022-04-24,2022,4,24,114,18.75,74.0,0.0
PUNE_G004,2022-04-25,2022,4,25,115,18.75,74.0,0.0
PUNE_G004,2022-04-26,2022,4,26,116,18.75,74.0,0.0
PUNE_G004,2022-04-27,2022,4,27,117,18.75,74.0,0.0
PUNE_G004,2022-04-28,2022,4,28,118,18.75,74.0,0.0
PUNE_G004,2022-04-29,2022,4,29,119,18.75,74.0,0.0
PUNE_G004,2022-04-30,2022,4,30,120,18.75,74.0,0.0
PUNE_G004,2022-05-01,2022,5,1,121,18.75,74.0,0.0
PUNE_G004,2022-05-02,2022,5,2,122,18.75,74.0,0.0
PUNE_G004,2022-05-03,2022,5,3,123,18.75,74.0,0.0
PUNE_G004,2022-05-04,2022,5,4,124,18.75,74.0,0.0
PUNE_G004,2022-05-05,2022,5,5,125,18.75,74.0,0.0
PUNE_G004,2022-05-06,2022,5,6,126,18.75,74.0,0.0
PUNE_G004,2022-05-07,2022,5,7,127,18.75,74.0,0.0
PUNE_G004,2022-05-08,2022,5,8,128,18.75,74.0,0.0
PUNE_G004,2022-05-09,2022,5,9,129,18.75,74.0,0.0
PUNE_G004,2022-05-10,2022,5,10,130,18.75,74.0,0.0
PUNE_G004,2022-05-11,2022,5,11,131,18.75,74.0,0.0
PUNE_G004,2022-05-12,2022,5,12,132,18.75,74.0,0.0
PUNE_G004,2022-05-13,2022,5,13,133,18.75,74.0,0.0
PUNE_G004,2022-05-14,2022,5,14,134,18.75,74.0,0.0
PUNE_G004,2022-05-15,2022,5,15,135,18.75,74.0,0.0
PUNE_G004,2022-05-16,2022,5,16,136,18.75,74.0,0.0
PUNE_G004,2022-05-17,2022,5,17,137,18.75,74.0,0.0
PUNE_G004,2022-05-18,2022,5,18,138,18.75,74.0,0.0
PUNE_G004,2022-05-19,2022,5,19,139,18.75,74.0,0.0
PUNE_G004,2022-05-20,2022,5,20,140,18.75,74.0,0.0
PUNE_G004,2022-05-21,2022,5,21,141,18.75,74.0,0.0
PUNE_G004,2022-05-22,2022,5,22,142,18.75,74.0,0.0
PUNE_G004,2022-05-23,2022,5,23,143,18.75,74.0,0.0
PUNE_G004,2022-05-24,2022,5,24,144,18.75,74.0,0.0
PUNE_G004,2022-05-25,2022,5,25,145,18.75,74.0,0.0
PUNE_G004,2022-05-26,2022,5,26,146,18.75,74.0,0.0
PUNE_G004,2022-05-27,2022,5,27,147,18.75,74.0,0.0
PUNE_G004,2022-05-28,2022,5,28,148,18.75,74.0,0.0
PUNE_G004,2022-05-29,2022,5,29,149,18.75,74.0,0.0
PUNE_G004,2022-05-30,2022,5,30,150,18.75,74.0,0.0
PUNE_G004,2022-05-31,2022,5,31,151,18.75,74.0,0.0
PUNE_G004,2022-06-01,2022,6,1,152,18.75,74.0,0.0
PUNE_G004,2022-06-02,2022,6,2,153,18.75,74.0,2.8440635204315186
PUNE_G004,2022-06-03,2022,6,3,154,18.75,74.0,0.0
PUNE_G004,2022-06-04,2022,6,4,155,18.75,74.0,0.0
PUNE_G004,2022-06-05,2022,6,5,156,18.75,74.0,0.0
PUNE_G004,2022-06-06,2022,6,6,157,18.75,74.0,3.33663010597229
PUNE_G004,2022-06-07,2022,6,7,158,18.75,74.0,0.0
PUNE_G004,2022-06-08,2022,6,8,159,18.75,74.0,0.0
PUNE_G004,2022-06-09,2022,6,9,160,18.75,74.0,23.164243698120117
PUNE_G004,2022-06-10,2022,6,10,161,18.75,74.0,4.266095161437988
PUNE_G004,2022-06-11,2022,6,11,162,18.75,74.0,10.522623062133789
PUNE_G004,2022-06-12,2022,6,12,163,18.75,74.0,0.5233981609344482
PUNE_G004,2022-06-13,2022,6,13,164,18.75,74.0,0.0
PUNE_G004,2022-06-14,2022,6,14,165,18.75,74.0,0.0
PUNE_G004,2022-06-15,2022,6,15,166,18.75,74.0,0.0
PUNE_G004,2022-06-16,2022,6,16,167,18.75,74.0,0.0
PUNE_G004,2022-06-17,2022,6,17,168,18.75,74.0,0.0
PUNE_G004,2022-06-18,2022,6,18,169,18.75,74.0,0.0
PUNE_G004,2022-06-19,2022,6,19,170,18.75,74.0,0.0
PUNE_G004,2022-06-20,2022,6,20,171,18.75,74.0,0.2844063639640808
PUNE_G004,2022-06-21,2022,6,21,172,18.75,74.0,0.11728460341691971
PUNE_G004,2022-06-22,2022,6,22,173,18.75,74.0,0.0
PUNE_G004,2022-06-23,2022,6,23,174,18.75,74.0,8.578989028930664
PUNE_G004,2022-06-24,2022,6,24,175,18.75,74.0,0.0
PUNE_G004,2022-06-25,2022,6,25,176,18.75,74.0,1.5174601078033447
PUNE_G004,2022-06-26,2022,6,26,177,18.75,74.0,2.7095632553100586
PUNE_G004,2022-06-27,2022,6,27,178,18.75,74.0,1.1243064403533936
PUNE_G004,2022-06-28,2022,6,28,179,18.75,74.0,0.5791833400726318
PUNE_G004,2022-06-29,2022,6,29,180,18.75,74.0,0.7899947166442871
PUNE_G004,2022-06-30,2022,6,30,181,18.75,74.0,0.0
PUNE_G004,2022-07-01,2022,7,1,182,18.75,74.0,1.9721194505691528
PUNE_G004,2022-07-02,2022,7,2,183,18.75,74.0,1.5102205276489258
PUNE_G004,2022-07-03,2022,7,3,184,18.75,74.0,1.862074375152588
PUNE_G004,2022-07-04,2022,7,4,185,18.75,74.0,1.1583666801452637
PUNE_G004,2022-07-05,2022,7,5,186,18.75,74.0,5.7264299392700195
PUNE_G004,2022-07-06,2022,7,6,187,18.75,74.0,4.963602066040039
PUNE_G004,2022-07-07,2022,7,7,188,18.75,74.0,10.49142074584961
PUNE_G004,2022-07-08,2022,7,8,189,18.75,74.0,7.976803302764893
PUNE_G004,2022-07-09,2022,7,9,190,18.75,74.0,9.144119262695312
PUNE_G004,2022-07-10,2022,7,10,191,18.75,74.0,37.979339599609375
PUNE_G004,2022-07-11,2022,7,11,192,18.75,74.0,16.690736770629883
PUNE_G004,2022-07-12,2022,7,12,193,18.75,74.0,26.165128707885742
PUNE_G004,2022-07-13,2022,7,13,194,18.75,74.0,21.545652389526367
PUNE_G004,2022-07-14,2022,7,14,195,18.75,74.0,28.818082809448242
PUNE_G004,2022-07-15,2022,7,15,196,18.75,74.0,31.39054298400879
PUNE_G004,2022-07-16,2022,7,16,197,18.75,74.0,5.453249454498291
PUNE_G004,2022-07-17,2022,7,17,198,18.75,74.0,3.7416188716888428
PUNE_G004,2022-07-18,2022,7,18,199,18.75,74.0,0.5864229798316956
PUNE_G004,2022-07-19,2022,7,19,200,18.75,74.0,11.787492752075195
PUNE_G004,2022-07-20,2022,7,20,201,18.75,74.0,2.6903061866760254
PUNE_G004,2022-07-21,2022,7,21,202,18.75,74.0,2.4273040294647217
PUNE_G004,2022-07-22,2022,7,22,203,18.75,74.0,0.0
PUNE_G004,2022-07-23,2022,7,23,204,18.75,74.0,0.344614177942276
PUNE_G004,2022-07-24,2022,7,24,205,18.75,74.0,5.727451801300049
PUNE_G004,2022-07-25,2022,7,25,206,18.75,74.0,1.3929359912872314
PUNE_G004,2022-07-26,2022,7,26,207,18.75,74.0,0.8137525916099548
PUNE_G004,2022-07-27,2022,7,27,208,18.75,74.0,0.11728460341691971
PUNE_G004,2022-07-28,2022,7,28,209,18.75,74.0,3.599174976348877
PUNE_G004,2022-07-29,2022,7,29,210,18.75,74.0,9.856518745422363
PUNE_G004,2022-07-30,2022,7,30,211,18.75,74.0,1.4272526502609253
PUNE_G004,2022-07-31,2022,7,31,212,18.75,74.0,1.5816020965576172
PUNE_G004,2022-08-01,2022,8,1,213,18.75,74.0,0.0
PUNE_G004,2022-08-02,2022,8,2,214,18.75,74.0,0.0
PUNE_G004,2022-08-03,2022,8,3,215,18.75,74.0,0.0
PUNE_G004,2022-08-04,2022,8,4,216,18.75,74.0,11.200716972351074
PUNE_G004,2022-08-05,2022,8,5,217,18.75,74.0,14.236355781555176
PUNE_G004,2022-08-06,2022,8,6,218,18.75,74.0,2.2385692596435547
PUNE_G004,2022-08-07,2022,8,7,219,18.75,74.0,2.7288320064544678
PUNE_G004,2022-08-08,2022,8,8,220,18.75,74.0,15.073396682739258
PUNE_G004,2022-08-09,2022,8,9,221,18.75,74.0,17.203258514404297
PUNE_G004,2022-08-10,2022,8,10,222,18.75,74.0,22.395803451538086
PUNE_G004,2022-08-11,2022,8,11,223,18.75,74.0,9.78459358215332
PUNE_G004,2022-08-12,2022,8,12,224,18.75,74.0,2.804248332977295
PUNE_G004,2022-08-13,2022,8,13,225,18.75,74.0,1.5867862701416016
PUNE_G004,2022-08-14,2022,8,14,226,18.75,74.0,1.0410821437835693
PUNE_G004,2022-08-15,2022,8,15,227,18.75,74.0,1.2756513357162476
PUNE_G004,2022-08-16,2022,8,16,228,18.75,74.0,11.251250267028809
PUNE_G004,2022-08-17,2022,8,17,229,18.75,74.0,6.565730094909668
PUNE_G004,2022-08-18,2022,8,18,230,18.75,74.0,0.931037187576294
PUNE_G004,2022-08-19,2022,8,19,231,18.75,74.0,0.3518538177013397
PUNE_G004,2022-08-20,2022,8,20,232,18.75,74.0,0.11728460341691971
PUNE_G004,2022-08-21,2022,8,21,233,18.75,74.0,0.11728460341691971
PUNE_G004,2022-08-22,2022,8,22,234,18.75,74.0,0.11728460341691971
PUNE_G004,2022-08-23,2022,8,23,235,18.75,74.0,0.11728460341691971
PUNE_G004,2022-08-24,2022,8,24,236,18.75,74.0,0.4618987739086151
PUNE_G004,2022-08-25,2022,8,25,237,18.75,74.0,0.11728460341691971
PUNE_G004,2022-08-26,2022,8,26,238,18.75,74.0,0.0
PUNE_G004,2022-08-27,2022,8,27,239,18.75,74.0,0.0
PUNE_G004,2022-08-28,2022,8,28,240,18.75,74.0,0.0
PUNE_G004,2022-08-29,2022,8,29,241,18.75,74.0,0.0
PUNE_G004,2022-08-30,2022,8,30,242,18.75,74.0,0.0
PUNE_G004,2022-08-31,2022,8,31,243,18.75,74.0,0.0
PUNE_G004,2022-09-01,2022,9,1,244,18.75,74.0,39.74363327026367
PUNE_G004,2022-09-02,2022,9,2,245,18.75,74.0,2.0423085689544678
PUNE_G004,2022-09-03,2022,9,3,246,18.75,74.0,0.0
PUNE_G004,2022-09-04,2022,9,4,247,18.75,74.0,0.0
PUNE_G004,2022-09-05,2022,9,5,248,18.75,74.0,13.809526443481445
PUNE_G004,2022-09-06,2022,9,6,249,18.75,74.0,0.1814953237771988
PUNE_G004,2022-09-07,2022,9,7,250,18.75,74.0,8.799055099487305
PUNE_G004,2022-09-08,2022,9,8,251,18.75,74.0,73.1190185546875
PUNE_G004,2022-09-09,2022,9,9,252,18.75,74.0,24.764629364013672
PUNE_G004,2022-09-10,2022,9,10,253,18.75,74.0,8.837453842163086
PUNE_G004,2022-09-11,2022,9,11,254,18.75,74.0,1.0866047143936157
PUNE_G004,2022-09-12,2022,9,12,255,18.75,74.0,19.543298721313477
PUNE_G004,2022-09-13,2022,9,13,256,18.75,74.0,11.35884952545166
PUNE_G004,2022-09-14,2022,9,14,257,18.75,74.0,12.239333152770996
PUNE_G004,2022-09-15,2022,9,15,258,18.75,74.0,2.5437512397766113
PUNE_G004,2022-09-16,2022,9,16,259,18.75,74.0,5.212650299072266
PUNE_G004,2022-09-17,2022,9,17,260,18.75,74.0,22.748960494995117
PUNE_G004,2022-09-18,2022,9,18,261,18.75,74.0,5.01565408706665
PUNE_G004,2022-09-19,2022,9,19,262,18.75,74.0,2.728365898132324
PUNE_G004,2022-09-20,2022,9,20,263,18.75,74.0,6.223175048828125
PUNE_G004,2022-09-21,2022,9,21,264,18.75,74.0,1.1483790874481201
PUNE_G004,2022-09-22,2022,9,22,265,18.75,74.0,0.0
PUNE_G004,2022-09-23,2022,9,23,266,18.75,74.0,0.0
PUNE_G004,2022-09-24,2022,9,24,267,18.75,74.0,0.0
PUNE_G004,2022-09-25,2022,9,25,268,18.75,74.0,0.11728460341691971
PUNE_G004,2022-09-26,2022,9,26,269,18.75,74.0,9.02485466003418
PUNE_G004,2022-09-27,2022,9,27,270,18.75,74.0,9.598431587219238
PUNE_G004,2022-09-28,2022,9,28,271,18.75,74.0,0.11728460341691971
PUNE_G004,2022-09-29,2022,9,29,272,18.75,74.0,5.4428300857543945
PUNE_G004,2022-09-30,2022,9,30,273,18.75,74.0,2.1038832664489746
PUNE_G004,2022-10-01,2022,10,1,274,18.75,74.0,1.6314022541046143
PUNE_G004,2022-10-02,2022,10,2,275,18.75,74.0,2.859231948852539
PUNE_G004,2022-10-03,2022,10,3,276,18.75,74.0,0.0
PUNE_G004,2022-10-04,2022,10,4,277,18.75,74.0,0.0
PUNE_G004,2022-10-05,2022,10,5,278,18.75,74.0,0.0
PUNE_G004,2022-10-06,2022,10,6,279,18.75,74.0,0.0
PUNE_G004,2022-10-07,2022,10,7,280,18.75,74.0,13.019308090209961
PUNE_G004,2022-10-08,2022,10,8,281,18.75,74.0,1.1667556762695312
PUNE_G004,2022-10-09,2022,10,9,282,18.75,74.0,0.0
PUNE_G004,2022-10-10,2022,10,10,283,18.75,74.0,0.0
PUNE_G004,2022-10-11,2022,10,11,284,18.75,74.0,1.3243446350097656
PUNE_G004,2022-10-12,2022,10,12,285,18.75,74.0,23.185569763183594
PUNE_G004,2022-10-13,2022,10,13,286,18.75,74.0,5.610820770263672
PUNE_G004,2022-10-14,2022,10,14,287,18.75,74.0,18.71573257446289
PUNE_G004,2022-10-15,2022,10,15,288,18.75,74.0,11.337596893310547
PUNE_G004,2022-10-16,2022,10,16,289,18.75,74.0,0.0
PUNE_G004,2022-10-17,2022,10,17,290,18.75,74.0,12.589662551879883
PUNE_G004,2022-10-18,2022,10,18,291,18.75,74.0,20.941572189331055
PUNE_G004,2022-10-19,2022,10,19,292,18.75,74.0,19.28700828552246
PUNE_G004,2022-10-20,2022,10,20,293,18.75,74.0,2.8500826358795166
PUNE_G004,2022-10-21,2022,10,21,294,18.75,74.0,22.23839569091797
PUNE_G004,2022-10-22,2022,10,22,295,18.75,74.0,0.9334044456481934
PUNE_G004,2022-10-23,2022,10,23,296,18.75,74.0,0.0
PUNE_G004,2022-10-24,2022,10,24,297,18.75,74.0,0.0
PUNE_G004,2022-10-25,2022,10,25,298,18.75,74.0,0.0
PUNE_G004,2022-10-26,2022,10,26,299,18.75,74.0,0.0
PUNE_G004,2022-10-27,2022,10,27,300,18.75,74.0,0.0
PUNE_G004,2022-10-28,2022,10,28,301,18.75,74.0,0.0
PUNE_G004,2022-10-29,2022,10,29,302,18.75,74.0,0.0
PUNE_G004,2022-10-30,2022,10,30,303,18.75,74.0,0.0
PUNE_G004,2022-10-31,2022,10,31,304,18.75,74.0,0.0
PUNE_G004,2022-11-01,2022,11,1,305,18.75,74.0,0.0
PUNE_G004,2022-11-02,2022,11,2,306,18.75,74.0,0.0
PUNE_G004,2022-11-03,2022,11,3,307,18.75,74.0,0.0
PUNE_G004,2022-11-04,2022,11,4,308,18.75,74.0,0.0
PUNE_G004,2022-11-05,2022,11,5,309,18.75,74.0,0.0
PUNE_G004,2022-11-06,2022,11,6,310,18.75,74.0,0.0
PUNE_G004,2022-11-07,2022,11,7,311,18.75,74.0,0.0
PUNE_G004,2022-11-08,2022,11,8,312,18.75,74.0,0.0
PUNE_G004,2022-11-09,2022,11,9,313,18.75,74.0,0.0
PUNE_G004,2022-11-10,2022,11,10,314,18.75,74.0,0.0
PUNE_G004,2022-11-11,2022,11,11,315,18.75,74.0,0.0
PUNE_G004,2022-11-12,2022,11,12,316,18.75,74.0,0.0
PUNE_G004,2022-11-13,2022,11,13,317,18.75,74.0,0.0
PUNE_G004,2022-11-14,2022,11,14,318,18.75,74.0,0.0
PUNE_G004,2022-11-15,2022,11,15,319,18.75,74.0,0.0
PUNE_G004,2022-11-16,2022,11,16,320,18.75,74.0,0.0
PUNE_G004,2022-11-17,2022,11,17,321,18.75,74.0,0.0
PUNE_G004,2022-11-18,2022,11,18,322,18.75,74.0,0.0
PUNE_G004,2022-11-19,2022,11,19,323,18.75,74.0,0.0
PUNE_G004,2022-11-20,2022,11,20,324,18.75,74.0,0.0
PUNE_G004,2022-11-21,2022,11,21,325,18.75,74.0,0.0
PUNE_G004,2022-11-22,2022,11,22,326,18.75,74.0,0.0
PUNE_G004,2022-11-23,2022,11,23,327,18.75,74.0,0.0
PUNE_G004,2022-11-24,2022,11,24,328,18.75,74.0,0.0
PUNE_G004,2022-11-25,2022,11,25,329,18.75,74.0,0.0
PUNE_G004,2022-11-26,2022,11,26,330,18.75,74.0,0.0
PUNE_G004,2022-11-27,2022,11,27,331,18.75,74.0,0.0
PUNE_G004,2022-11-28,2022,11,28,332,18.75,74.0,0.0
PUNE_G004,2022-11-29,2022,11,29,333,18.75,74.0,0.0
PUNE_G004,2022-11-30,2022,11,30,334,18.75,74.0,0.0
PUNE_G004,2022-12-01,2022,12,1,335,18.75,74.0,0.0
PUNE_G004,2022-12-02,2022,12,2,336,18.75,74.0,0.0
PUNE_G004,2022-12-03,2022,12,3,337,18.75,74.0,0.0
PUNE_G004,2022-12-04,2022,12,4,338,18.75,74.0,0.0
PUNE_G004,2022-12-05,2022,12,5,339,18.75,74.0,0.0
PUNE_G004,2022-12-06,2022,12,6,340,18.75,74.0,0.0
PUNE_G004,2022-12-07,2022,12,7,341,18.75,74.0,0.0
PUNE_G004,2022-12-08,2022,12,8,342,18.75,74.0,0.0
PUNE_G004,2022-12-09,2022,12,9,343,18.75,74.0,0.0
PUNE_G004,2022-12-10,2022,12,10,344,18.75,74.0,0.0
PUNE_G004,2022-12-11,2022,12,11,345,18.75,74.0,0.0
PUNE_G004,2022-12-12,2022,12,12,346,18.75,74.0,0.0
PUNE_G004,2022-12-13,2022,12,13,347,18.75,74.0,0.0
PUNE_G004,2022-12-14,2022,12,14,348,18.75,74.0,0.0
PUNE_G004,2022-12-15,2022,12,15,349,18.75,74.0,0.0
PUNE_G004,2022-12-16,2022,12,16,350,18.75,74.0,0.0
PUNE_G004,2022-12-17,2022,12,17,351,18.75,74.0,0.0
PUNE_G004,2022-12-18,2022,12,18,352,18.75,74.0,0.0
PUNE_G004,2022-12-19,2022,12,19,353,18.75,74.0,0.0
PUNE_G004,2022-12-20,2022,12,20,354,18.75,74.0,0.0
PUNE_G004,2022-12-21,2022,12,21,355,18.75,74.0,0.0
PUNE_G004,2022-12-22,2022,12,22,356,18.75,74.0,0.0
PUNE_G004,2022-12-23,2022,12,23,357,18.75,74.0,0.0
PUNE_G004,2022-12-24,2022,12,24,358,18.75,74.0,0.0
PUNE_G004,2022-12-25,2022,12,25,359,18.75,74.0,0.0
PUNE_G004,2022-12-26,2022,12,26,360,18.75,74.0,0.0
PUNE_G004,2022-12-27,2022,12,27,361,18.75,74.0,0.0
PUNE_G004,2022-12-28,2022,12,28,362,18.75,74.0,0.0
PUNE_G004,2022-12-29,2022,12,29,363,18.75,74.0,0.0
PUNE_G004,2022-12-30,2022,12,30,364,18.75,74.0,0.0
PUNE_G004,2022-12-31,2022,12,31,365,18.75,74.0,0.0
PUNE_G004,2023-01-01,2023,1,1,1,18.75,74.0,0.0
PUNE_G004,2023-01-02,2023,1,2,2,18.75,74.0,0.0
PUNE_G004,2023-01-03,2023,1,3,3,18.75,74.0,0.0
PUNE_G004,2023-01-04,2023,1,4,4,18.75,74.0,0.0
PUNE_G004,2023-01-05,2023,1,5,5,18.75,74.0,0.0
PUNE_G004,2023-01-06,2023,1,6,6,18.75,74.0,0.0
PUNE_G004,2023-01-07,2023,1,7,7,18.75,74.0,0.0
PUNE_G004,2023-01-08,2023,1,8,8,18.75,74.0,0.0
PUNE_G004,2023-01-09,2023,1,9,9,18.75,74.0,0.0
PUNE_G004,2023-01-10,2023,1,10,10,18.75,74.0,0.0
PUNE_G004,2023-01-11,2023,1,11,11,18.75,74.0,0.0
PUNE_G004,2023-01-12,2023,1,12,12,18.75,74.0,0.0
PUNE_G004,2023-01-13,2023,1,13,13,18.75,74.0,0.0
PUNE_G004,2023-01-14,2023,1,14,14,18.75,74.0,0.0
PUNE_G004,2023-01-15,2023,1,15,15,18.75,74.0,0.0
PUNE_G004,2023-01-16,2023,1,16,16,18.75,74.0,0.0
PUNE_G004,2023-01-17,2023,1,17,17,18.75,74.0,0.0
PUNE_G004,2023-01-18,2023,1,18,18,18.75,74.0,0.0
PUNE_G004,2023-01-19,2023,1,19,19,18.75,74.0,0.0
PUNE_G004,2023-01-20,2023,1,20,20,18.75,74.0,0.0
PUNE_G004,2023-01-21,2023,1,21,21,18.75,74.0,0.0
PUNE_G004,2023-01-22,2023,1,22,22,18.75,74.0,0.0
PUNE_G004,2023-01-23,2023,1,23,23,18.75,74.0,0.0
PUNE_G004,2023-01-24,2023,1,24,24,18.75,74.0,0.0
PUNE_G004,2023-01-25,2023,1,25,25,18.75,74.0,0.0
PUNE_G004,2023-01-26,2023,1,26,26,18.75,74.0,0.0
PUNE_G004,2023-01-27,2023,1,27,27,18.75,74.0,0.0
PUNE_G004,2023-01-28,2023,1,28,28,18.75,74.0,0.0
PUNE_G004,2023-01-29,2023,1,29,29,18.75,74.0,0.0
PUNE_G004,2023-01-30,2023,1,30,30,18.75,74.0,0.0
PUNE_G004,2023-01-31,2023,1,31,31,18.75,74.0,0.0
PUNE_G004,2023-02-01,2023,2,1,32,18.75,74.0,0.0
PUNE_G004,2023-02-02,2023,2,2,33,18.75,74.0,0.0
PUNE_G004,2023-02-03,2023,2,3,34,18.75,74.0,0.0
PUNE_G004,2023-02-04,2023,2,4,35,18.75,74.0,0.0
PUNE_G004,2023-02-05,2023,2,5,36,18.75,74.0,0.0
PUNE_G004,2023-02-06,2023,2,6,37,18.75,74.0,0.0
PUNE_G004,2023-02-07,2023,2,7,38,18.75,74.0,0.0
PUNE_G004,2023-02-08,2023,2,8,39,18.75,74.0,0.0
PUNE_G004,2023-02-09,2023,2,9,40,18.75,74.0,0.0
PUNE_G004,2023-02-10,2023,2,10,41,18.75,74.0,0.0
PUNE_G004,2023-02-11,2023,2,11,42,18.75,74.0,0.0
PUNE_G004,2023-02-12,2023,2,12,43,18.75,74.0,0.0
PUNE_G004,2023-02-13,2023,2,13,44,18.75,74.0,0.0
PUNE_G004,2023-02-14,2023,2,14,45,18.75,74.0,0.0
PUNE_G004,2023-02-15,2023,2,15,46,18.75,74.0,0.0
PUNE_G004,2023-02-16,2023,2,16,47,18.75,74.0,0.0
PUNE_G004,2023-02-17,2023,2,17,48,18.75,74.0,0.0
PUNE_G004,2023-02-18,2023,2,18,49,18.75,74.0,0.0
PUNE_G004,2023-02-19,2023,2,19,50,18.75,74.0,0.0
PUNE_G004,2023-02-20,2023,2,20,51,18.75,74.0,0.0
PUNE_G004,2023-02-21,2023,2,21,52,18.75,74.0,0.0
PUNE_G004,2023-02-22,2023,2,22,53,18.75,74.0,0.0
PUNE_G004,2023-02-23,2023,2,23,54,18.75,74.0,0.0
PUNE_G004,2023-02-24,2023,2,24,55,18.75,74.0,0.0
PUNE_G004,2023-02-25,2023,2,25,56,18.75,74.0,0.0
PUNE_G004,2023-02-26,2023,2,26,57,18.75,74.0,0.0
PUNE_G004,2023-02-27,2023,2,27,58,18.75,74.0,0.0
PUNE_G004,2023-02-28,2023,2,28,59,18.75,74.0,0.0
PUNE_G004,2023-03-01,2023,3,1,60,18.75,74.0,0.0
PUNE_G004,2023-03-02,2023,3,2,61,18.75,74.0,0.0
PUNE_G004,2023-03-03,2023,3,3,62,18.75,74.0,0.0
PUNE_G004,2023-03-04,2023,3,4,63,18.75,74.0,0.0
PUNE_G004,2023-03-05,2023,3,5,64,18.75,74.0,0.0
PUNE_G004,2023-03-06,2023,3,6,65,18.75,74.0,0.0
PUNE_G004,2023-03-07,2023,3,7,66,18.75,74.0,5.537846088409424
PUNE_G004,2023-03-08,2023,3,8,67,18.75,74.0,0.009863423183560371
PUNE_G004,2023-03-09,2023,3,9,68,18.75,74.0,0.0
PUNE_G004,2023-03-10,2023,3,10,69,18.75,74.0,0.0
PUNE_G004,2023-03-11,2023,3,11,70,18.75,74.0,0.0
PUNE_G004,2023-03-12,2023,3,12,71,18.75,74.0,0.0
PUNE_G004,2023-03-13,2023,3,13,72,18.75,74.0,0.0
PUNE_G004,2023-03-14,2023,3,14,73,18.75,74.0,0.0
PUNE_G004,2023-03-15,2023,3,15,74,18.75,74.0,0.0
PUNE_G004,2023-03-16,2023,3,16,75,18.75,74.0,0.12822449207305908
PUNE_G004,2023-03-17,2023,3,17,76,18.75,74.0,1.3465532064437866
PUNE_G004,2023-03-18,2023,3,18,77,18.75,74.0,0.0
PUNE_G004,2023-03-19,2023,3,19,78,18.75,74.0,0.0
PUNE_G004,2023-03-20,2023,3,20,79,18.75,74.0,0.0
PUNE_G004,2023-03-21,2023,3,21,80,18.75,74.0,0.0
PUNE_G004,2023-03-22,2023,3,22,81,18.75,74.0,0.039453692734241486
PUNE_G004,2023-03-23,2023,3,23,82,18.75,74.0,0.0
PUNE_G004,2023-03-24,2023,3,24,83,18.75,74.0,0.0
PUNE_G004,2023-03-25,2023,3,25,84,18.75,74.0,0.0
PUNE_G004,2023-03-26,2023,3,26,85,18.75,74.0,0.0
PUNE_G004,2023-03-27,2023,3,27,86,18.75,74.0,0.0
PUNE_G004,2023-03-28,2023,3,28,87,18.75,74.0,0.0
PUNE_G004,2023-03-29,2023,3,29,88,18.75,74.0,0.0
PUNE_G004,2023-03-30,2023,3,30,89,18.75,74.0,0.0
PUNE_G004,2023-03-31,2023,3,31,90,18.75,74.0,0.0
PUNE_G004,2023-04-01,2023,4,1,91,18.75,74.0,0.0
PUNE_G004,2023-04-02,2023,4,2,92,18.75,74.0,0.0
PUNE_G004,2023-04-03,2023,4,3,93,18.75,74.0,0.0
PUNE_G004,2023-04-04,2023,4,4,94,18.75,74.0,0.0
PUNE_G004,2023-04-05,2023,4,5,95,18.75,74.0,0.0
PUNE_G004,2023-04-06,2023,4,6,96,18.75,74.0,0.0
PUNE_G004,2023-04-07,2023,4,7,97,18.75,74.0,0.0
PUNE_G004,2023-04-08,2023,4,8,98,18.75,74.0,0.04931711405515671
PUNE_G004,2023-04-09,2023,4,9,99,18.75,74.0,0.0
PUNE_G004,2023-04-10,2023,4,10,100,18.75,74.0,1.3554519414901733
PUNE_G004,2023-04-11,2023,4,11,101,18.75,74.0,0.0
PUNE_G004,2023-04-12,2023,4,12,102,18.75,74.0,0.0
PUNE_G004,2023-04-13,2023,4,13,103,18.75,74.0,0.0
PUNE_G004,2023-04-14,2023,4,14,104,18.75,74.0,2.4264020919799805
PUNE_G004,2023-04-15,2023,4,15,105,18.75,74.0,0.0
PUNE_G004,2023-04-16,2023,4,16,106,18.75,74.0,0.9615087509155273
PUNE_G004,2023-04-17,2023,4,17,107,18.75,74.0,1.9556623697280884
PUNE_G004,2023-04-18,2023,4,18,108,18.75,74.0,0.0
PUNE_G004,2023-04-19,2023,4,19,109,18.75,74.0,0.0
PUNE_G004,2023-04-20,2023,4,20,110,18.75,74.0,0.0
PUNE_G004,2023-04-21,2023,4,21,111,18.75,74.0,0.11836108565330505
PUNE_G004,2023-04-22,2023,4,22,112,18.75,74.0,0.0
PUNE_G004,2023-04-23,2023,4,23,113,18.75,74.0,0.0
PUNE_G004,2023-04-24,2023,4,24,114,18.75,74.0,0.0
PUNE_G004,2023-04-25,2023,4,25,115,18.75,74.0,0.0
PUNE_G004,2023-04-26,2023,4,26,116,18.75,74.0,0.0
PUNE_G004,2023-04-27,2023,4,27,117,18.75,74.0,0.0
PUNE_G004,2023-04-28,2023,4,28,118,18.75,74.0,0.0
PUNE_G004,2023-04-29,2023,4,29,119,18.75,74.0,0.0
PUNE_G004,2023-04-30,2023,4,30,120,18.75,74.0,0.0
PUNE_G004,2023-05-01,2023,5,1,121,18.75,74.0,0.0
PUNE_G004,2023-05-02,2023,5,2,122,18.75,74.0,0.0
PUNE_G004,2023-05-03,2023,5,3,123,18.75,74.0,0.0
PUNE_G004,2023-05-04,2023,5,4,124,18.75,74.0,0.44385403394699097
PUNE_G004,2023-05-05,2023,5,5,125,18.75,74.0,0.0
PUNE_G004,2023-05-06,2023,5,6,126,18.75,74.0,0.0
PUNE_G004,2023-05-07,2023,5,7,127,18.75,74.0,0.05918054282665253
PUNE_G004,2023-05-08,2023,5,8,128,18.75,74.0,0.009863423183560371
PUNE_G004,2023-05-09,2023,5,9,129,18.75,74.0,0.90743488073349
PUNE_G004,2023-05-10,2023,5,10,130,18.75,74.0,0.0
PUNE_G004,2023-05-11,2023,5,11,131,18.75,74.0,0.0
PUNE_G004,2023-05-12,2023,5,12,132,18.75,74.0,0.0
PUNE_G004,2023-05-13,2023,5,13,133,18.75,74.0,0.0
PUNE_G004,2023-05-14,2023,5,14,134,18.75,74.0,0.0
PUNE_G004,2023-05-15,2023,5,15,135,18.75,74.0,0.0
PUNE_G004,2023-05-16,2023,5,16,136,18.75,74.0,0.0
PUNE_G004,2023-05-17,2023,5,17,137,18.75,74.0,0.0
PUNE_G004,2023-05-18,2023,5,18,138,18.75,74.0,0.0
PUNE_G004,2023-05-19,2023,5,19,139,18.75,74.0,0.0
PUNE_G004,2023-05-20,2023,5,20,140,18.75,74.0,0.0
PUNE_G004,2023-05-21,2023,5,21,141,18.75,74.0,0.0
PUNE_G004,2023-05-22,2023,5,22,142,18.75,74.0,0.0
PUNE_G004,2023-05-23,2023,5,23,143,18.75,74.0,0.0
PUNE_G004,2023-05-24,2023,5,24,144,18.75,74.0,0.0
PUNE_G004,2023-05-25,2023,5,25,145,18.75,74.0,0.0
PUNE_G004,2023-05-26,2023,5,26,146,18.75,74.0,0.0
PUNE_G004,2023-05-27,2023,5,27,147,18.75,74.0,0.0
PUNE_G004,2023-05-28,2023,5,28,148,18.75,74.0,0.0
PUNE_G004,2023-05-29,2023,5,29,149,18.75,74.0,0.0
PUNE_G004,2023-05-30,2023,5,30,150,18.75,74.0,0.4931711256504059
PUNE_G004,2023-05-31,2023,5,31,151,18.75,74.0,3.3246262073516846
PUNE_G004,2023-06-01,2023,6,1,152,18.75,74.0,0.0
PUNE_G004,2023-06-02,2023,6,2,153,18.75,74.0,0.7003030180931091
PUNE_G004,2023-06-03,2023,6,3,154,18.75,74.0,0.0
PUNE_G004,2023-06-04,2023,6,4,155,18.75,74.0,0.0
PUNE_G004,2023-06-05,2023,6,5,156,18.75,74.0,8.67906665802002
PUNE_G004,2023-06-06,2023,6,6,157,18.75,74.0,0.0
PUNE_G004,2023-06-07,2023,6,7,158,18.75,74.0,0.0
PUNE_G004,2023-06-08,2023,6,8,159,18.75,74.0,0.0
PUNE_G004,2023-06-09,2023,6,9,160,18.75,74.0,0.0
PUNE_G004,2023-06-10,2023,6,10,161,18.75,74.0,0.0
PUNE_G004,2023-06-11,2023,6,11,162,18.75,74.0,0.0
PUNE_G004,2023-06-12,2023,6,12,163,18.75,74.0,0.0
PUNE_G004,2023-06-13,2023,6,13,164,18.75,74.0,0.0
PUNE_G004,2023-06-14,2023,6,14,165,18.75,74.0,0.0
PUNE_G004,2023-06-15,2023,6,15,166,18.75,74.0,0.5866987109184265
PUNE_G004,2023-06-16,2023,6,16,167,18.75,74.0,0.0
PUNE_G004,2023-06-17,2023,6,17,168,18.75,74.0,0.4108593463897705
PUNE_G004,2023-06-18,2023,6,18,169,18.75,74.0,0.009863423183560371
PUNE_G004,2023-06-19,2023,6,19,170,18.75,74.0,0.0
PUNE_G004,2023-06-20,2023,6,20,171,18.75,74.0,0.0
PUNE_G004,2023-06-21,2023,6,21,172,18.75,74.0,0.0
PUNE_G004,2023-06-22,2023,6,22,173,18.75,74.0,0.0
PUNE_G004,2023-06-23,2023,6,23,174,18.75,74.0,0.0
PUNE_G004,2023-06-24,2023,6,24,175,18.75,74.0,0.0
PUNE_G004,2023-06-25,2023,6,25,176,18.75,74.0,6.644157409667969
PUNE_G004,2023-06-26,2023,6,26,177,18.75,74.0,7.547604560852051
PUNE_G004,2023-06-27,2023,6,27,178,18.75,74.0,8.099838256835938
PUNE_G004,2023-06-28,2023,6,28,179,18.75,74.0,3.922638177871704
PUNE_G004,2023-06-29,2023,6,29,180,18.75,74.0,3.9692907333374023
PUNE_G004,2023-06-30,2023,6,30,181,18.75,74.0,6.741477966308594
PUNE_G004,2023-07-01,2023,7,1,182,18.75,74.0,15.31906509399414
PUNE_G004,2023-07-02,2023,7,2,183,18.75,74.0,0.6870352029800415
PUNE_G004,2023-07-03,2023,7,3,184,18.75,74.0,1.561475396156311
PUNE_G004,2023-07-04,2023,7,4,185,18.75,74.0,0.029590271413326263
PUNE_G004,2023-07-05,2023,7,5,186,18.75,74.0,0.029590271413326263
PUNE_G004,2023-07-06,2023,7,6,187,18.75,74.0,7.760435581207275
PUNE_G004,2023-07-07,2023,7,7,188,18.75,74.0,0.9000322222709656
PUNE_G004,2023-07-08,2023,7,8,189,18.75,74.0,2.3101518154144287
PUNE_G004,2023-07-09,2023,7,9,190,18.75,74.0,0.9006260633468628
PUNE_G004,2023-07-10,2023,7,10,191,18.75,74.0,0.24488335847854614
PUNE_G004,2023-07-11,2023,7,11,192,18.75,74.0,0.6179912090301514
PUNE_G004,2023-07-12,2023,7,12,193,18.75,74.0,0.39113250374794006
PUNE_G004,2023-07-13,2023,7,13,194,18.75,74.0,0.19556625187397003
PUNE_G004,2023-07-14,2023,7,14,195,18.75,74.0,0.3139273226261139
PUNE_G004,2023-07-15,2023,7,15,196,18.75,74.0,1.5088996887207031
PUNE_G004,2023-07-16,2023,7,16,197,18.75,74.0,3.548200845718384
PUNE_G004,2023-07-17,2023,7,17,198,18.75,74.0,2.589742660522461
PUNE_G004,2023-07-18,2023,7,18,199,18.75,74.0,3.7363603115081787
PUNE_G004,2023-07-19,2023,7,19,200,18.75,74.0,5.010833740234375
PUNE_G004,2023-07-20,2023,7,20,201,18.75,74.0,5.10678243637085
PUNE_G004,2023-07-21,2023,7,21,202,18.75,74.0,2.982208490371704
PUNE_G004,2023-07-22,2023,7,22,203,18.75,74.0,6.796657085418701
PUNE_G004,2023-07-23,2023,7,23,204,18.75,74.0,2.963813304901123
PUNE_G004,2023-07-24,2023,7,24,205,18.75,74.0,6.7976908683776855
PUNE_G004,2023-07-25,2023,7,25,206,18.75,74.0,8.145234107971191
PUNE_G004,2023-07-26,2023,7,26,207,18.75,74.0,13.238866806030273
PUNE_G004,2023-07-27,2023,7,27,208,18.75,74.0,2.3272035121917725
PUNE_G004,2023-07-28,2023,7,28,209,18.75,74.0,21.31563949584961
PUNE_G004,2023-07-29,2023,7,29,210,18.75,74.0,3.2957651615142822
PUNE_G004,2023-07-30,2023,7,30,211,18.75,74.0,3.996826410293579
PUNE_G004,2023-07-31,2023,7,31,212,18.75,74.0,1.4693001508712769
PUNE_G004,2023-08-01,2023,8,1,213,18.75,74.0,1.4315485954284668
PUNE_G004,2023-08-02,2023,8,2,214,18.75,74.0,1.308441400527954
PUNE_G004,2023-08-03,2023,8,3,215,18.75,74.0,0.44044962525367737
PUNE_G004,2023-08-04,2023,8,4,216,18.75,74.0,1.8998864889144897
PUNE_G004,2023-08-05,2023,8,5,217,18.75,74.0,1.9017343521118164
PUNE_G004,2023-08-06,2023,8,6,218,18.75,74.0,1.6995737552642822
PUNE_G004,2023-08-07,2023,8,7,219,18.75,74.0,0.8513089418411255
PUNE_G004,2023-08-08,2023,8,8,220,18.75,74.0,0.20542967319488525
PUNE_G004,2023-08-09,2023,8,9,221,18.75,74.0,1.4823535680770874
PUNE_G004,2023-08-10,2023,8,10,222,18.75,74.0,0.2251565158367157
PUNE_G004,2023-08-11,2023,8,11,223,18.75,74.0,1.06600821018219
PUNE_G004,2023-08-12,2023,8,12,224,18.75,74.0,0.5866987109184265
PUNE_G004,2023-08-13,2023,8,13,225,18.75,74.0,0.7149232625961304
PUNE_G004,2023-08-14,2023,8,14,226,18.75,74.0,1.5189882516860962
PUNE_G004,2023-08-15,2023,8,15,227,18.75,74.0,0.04931711405515671
PUNE_G004,2023-08-16,2023,8,16,228,18.75,74.0,0.8088111877441406
PUNE_G004,2023-08-17,2023,8,17,229,18.75,74.0,0.009863423183560371
PUNE_G004,2023-08-18,2023,8,18,230,18.75,74.0,0.10849764943122864
PUNE_G004,2023-08-19,2023,8,19,231,18.75,74.0,0.10849764943122864
PUNE_G004,2023-08-20,2023,8,20,232,18.75,74.0,2.2330925464630127
PUNE_G004,2023-08-21,2023,8,21,233,18.75,74.0,1.7795896530151367
PUNE_G004,2023-08-22,2023,8,22,234,18.75,74.0,0.0
PUNE_G004,2023-08-23,2023,8,23,235,18.75,74.0,1.0146095752716064
PUNE_G004,2023-08-24,2023,8,24,236,18.75,74.0,0.0
PUNE_G004,2023-08-25,2023,8,25,237,18.75,74.0,0.7006823420524597
PUNE_G004,2023-08-26,2023,8,26,238,18.75,74.0,1.2748422622680664
PUNE_G004,2023-08-27,2023,8,27,239,18.75,74.0,6.743187427520752
PUNE_G004,2023-08-28,2023,8,28,240,18.75,74.0,1.4880645275115967
PUNE_G004,2023-08-29,2023,8,29,241,18.75,74.0,0.05918054282665253
PUNE_G004,2023-08-30,2023,8,30,242,18.75,74.0,0.0
PUNE_G004,2023-08-31,2023,8,31,243,18.75,74.0,0.0
PUNE_G004,2023-09-01,2023,9,1,244,18.75,74.0,0.0
PUNE_G004,2023-09-02,2023,9,2,245,18.75,74.0,1.9332308769226074
PUNE_G004,2023-09-03,2023,9,3,246,18.75,74.0,1.1166483163833618
PUNE_G004,2023-09-04,2023,9,4,247,18.75,74.0,3.3152542114257812
PUNE_G004,2023-09-05,2023,9,5,248,18.75,74.0,0.0
PUNE_G004,2023-09-06,2023,9,6,249,18.75,74.0,0.0
PUNE_G004,2023-09-07,2023,9,7,250,18.75,74.0,0.0
PUNE_G004,2023-09-08,2023,9,8,251,18.75,74.0,23.079999923706055
PUNE_G004,2023-09-09,2023,9,9,252,18.75,74.0,29.120229721069336
PUNE_G004,2023-09-10,2023,9,10,253,18.75,74.0,4.188602447509766
PUNE_G004,2023-09-11,2023,9,11,254,18.75,74.0,0.0
PUNE_G004,2023-09-12,2023,9,12,255,18.75,74.0,0.0
PUNE_G004,2023-09-13,2023,9,13,256,18.75,74.0,0.0
PUNE_G004,2023-09-14,2023,9,14,257,18.75,74.0,0.0
PUNE_G004,2023-09-15,2023,9,15,258,18.75,74.0,0.0
PUNE_G004,2023-09-16,2023,9,16,259,18.75,74.0,0.0
PUNE_G004,2023-09-17,2023,9,17,260,18.75,74.0,1.0129073858261108
PUNE_G004,2023-09-18,2023,9,18,261,18.75,74.0,1.0918148756027222
PUNE_G004,2023-09-19,2023,9,19,262,18.75,74.0,2.989027976989746
PUNE_G004,2023-09-20,2023,9,20,263,18.75,74.0,0.5866987109184265
PUNE_G004,2023-09-21,2023,9,21,264,18.75,74.0,1.3596148490905762
PUNE_G004,2023-09-22,2023,9,22,265,18.75,74.0,24.381515502929688
PUNE_G004,2023-09-23,2023,9,23,266,18.75,74.0,16.571870803833008
PUNE_G004,2023-09-24,2023,9,24,267,18.75,74.0,27.591981887817383
PUNE_G004,2023-09-25,2023,9,25,268,18.75,74.0,10.173221588134766
PUNE_G004,2023-09-26,2023,9,26,269,18.75,74.0,5.3456950187683105
PUNE_G004,2023-09-27,2023,9,27,270,18.75,74.0,12.228914260864258
PUNE_G004,2023-09-28,2023,9,28,271,18.75,74.0,32.28139114379883
PUNE_G004,2023-09-29,2023,9,29,272,18.75,74.0,8.661166191101074
PUNE_G004,2023-09-30,2023,9,30,273,18.75,74.0,22.397724151611328
PUNE_G004,2023-10-01,2023,10,1,274,18.75,74.0,12.770014762878418
PUNE_G004,2023-10-02,2023,10,2,275,18.75,74.0,3.9176857471466064
PUNE_G004,2023-10-03,2023,10,3,276,18.75,74.0,0.0
PUNE_G004,2023-10-04,2023,10,4,277,18.75,74.0,0.0
PUNE_G004,2023-10-05,2023,10,5,278,18.75,74.0,0.0
PUNE_G004,2023-10-06,2023,10,6,279,18.75,74.0,0.0
PUNE_G004,2023-10-07,2023,10,7,280,18.75,74.0,0.0
PUNE_G004,2023-10-08,2023,10,8,281,18.75,74.0,0.0
PUNE_G004,2023-10-09,2023,10,9,282,18.75,74.0,0.0
PUNE_G004,2023-10-10,2023,10,10,283,18.75,74.0,0.0
PUNE_G004,2023-10-11,2023,10,11,284,18.75,74.0,0.0
PUNE_G004,2023-10-12,2023,10,12,285,18.75,74.0,0.0
PUNE_G004,2023-10-13,2023,10,13,286,18.75,74.0,0.0
PUNE_G004,2023-10-14,2023,10,14,287,18.75,74.0,0.0
PUNE_G004,2023-10-15,2023,10,15,288,18.75,74.0,0.0
PUNE_G004,2023-10-16,2023,10,16,289,18.75,74.0,0.0
PUNE_G004,2023-10-17,2023,10,17,290,18.75,74.0,0.0
PUNE_G004,2023-10-18,2023,10,18,291,18.75,74.0,0.36836159229278564
PUNE_G004,2023-10-19,2023,10,19,292,18.75,74.0,0.09863422811031342
PUNE_G004,2023-10-20,2023,10,20,293,18.75,74.0,0.0887707993388176
PUNE_G004,2023-10-21,2023,10,21,294,18.75,74.0,0.0
PUNE_G004,2023-10-22,2023,10,22,295,18.75,74.0,0.7822650074958801
PUNE_G004,2023-10-23,2023,10,23,296,18.75,74.0,0.0
PUNE_G004,2023-10-24,2023,10,24,297,18.75,74.0,0.0
PUNE_G004,2023-10-25,2023,10,25,298,18.75,74.0,0.0
PUNE_G004,2023-10-26,2023,10,26,299,18.75,74.0,0.0
PUNE_G004,2023-10-27,2023,10,27,300,18.75,74.0,0.0
PUNE_G004,2023-10-28,2023,10,28,301,18.75,74.0,0.0
PUNE_G004,2023-10-29,2023,10,29,302,18.75,74.0,0.0
PUNE_G004,2023-10-30,2023,10,30,303,18.75,74.0,0.0
PUNE_G004,2023-10-31,2023,10,31,304,18.75,74.0,0.0
PUNE_G004,2023-11-01,2023,11,1,305,18.75,74.0,0.0
PUNE_G004,2023-11-02,2023,11,2,306,18.75,74.0,0.0
PUNE_G004,2023-11-03,2023,11,3,307,18.75,74.0,0.0
PUNE_G004,2023-11-04,2023,11,4,308,18.75,74.0,0.0
PUNE_G004,2023-11-05,2023,11,5,309,18.75,74.0,0.0
PUNE_G004,2023-11-06,2023,11,6,310,18.75,74.0,0.0
PUNE_G004,2023-11-07,2023,11,7,311,18.75,74.0,0.0
PUNE_G004,2023-11-08,2023,11,8,312,18.75,74.0,0.0
PUNE_G004,2023-11-09,2023,11,9,313,18.75,74.0,0.0
PUNE_G004,2023-11-10,2023,11,10,314,18.75,74.0,0.0
PUNE_G004,2023-11-11,2023,11,11,315,18.75,74.0,2.7420315742492676
PUNE_G004,2023-11-12,2023,11,12,316,18.75,74.0,0.0
PUNE_G004,2023-11-13,2023,11,13,317,18.75,74.0,0.0
PUNE_G004,2023-11-14,2023,11,14,318,18.75,74.0,0.0
PUNE_G004,2023-11-15,2023,11,15,319,18.75,74.0,0.0
PUNE_G004,2023-11-16,2023,11,16,320,18.75,74.0,0.0
PUNE_G004,2023-11-17,2023,11,17,321,18.75,74.0,0.0
PUNE_G004,2023-11-18,2023,11,18,322,18.75,74.0,0.0
PUNE_G004,2023-11-19,2023,11,19,323,18.75,74.0,0.0
PUNE_G004,2023-11-20,2023,11,20,324,18.75,74.0,0.0
PUNE_G004,2023-11-21,2023,11,21,325,18.75,74.0,0.0
PUNE_G004,2023-11-22,2023,11,22,326,18.75,74.0,0.0
PUNE_G004,2023-11-23,2023,11,23,327,18.75,74.0,0.0
PUNE_G004,2023-11-24,2023,11,24,328,18.75,74.0,0.0
PUNE_G004,2023-11-25,2023,11,25,329,18.75,74.0,0.0
PUNE_G004,2023-11-26,2023,11,26,330,18.75,74.0,0.0
PUNE_G004,2023-11-27,2023,11,27,331,18.75,74.0,20.23422622680664
PUNE_G004,2023-11-28,2023,11,28,332,18.75,74.0,0.0
PUNE_G004,2023-11-29,2023,11,29,333,18.75,74.0,0.0
PUNE_G004,2023-11-30,2023,11,30,334,18.75,74.0,0.0
PUNE_G004,2023-12-01,2023,12,1,335,18.75,74.0,14.73446273803711
PUNE_G004,2023-12-02,2023,12,2,336,18.75,74.0,0.0
PUNE_G004,2023-12-03,2023,12,3,337,18.75,74.0,0.0
PUNE_G004,2023-12-04,2023,12,4,338,18.75,74.0,0.0
PUNE_G004,2023-12-05,2023,12,5,339,18.75,74.0,0.0
PUNE_G004,2023-12-06,2023,12,6,340,18.75,74.0,0.0
PUNE_G004,2023-12-07,2023,12,7,341,18.75,74.0,0.0
PUNE_G004,2023-12-08,2023,12,8,342,18.75,74.0,0.0
PUNE_G004,2023-12-09,2023,12,9,343,18.75,74.0,0.0
PUNE_G004,2023-12-10,2023,12,10,344,18.75,74.0,0.0
PUNE_G004,2023-12-11,2023,12,11,345,18.75,74.0,0.0
PUNE_G004,2023-12-12,2023,12,12,346,18.75,74.0,0.0
PUNE_G004,2023-12-13,2023,12,13,347,18.75,74.0,0.0
PUNE_G004,2023-12-14,2023,12,14,348,18.75,74.0,0.0
PUNE_G004,2023-12-15,2023,12,15,349,18.75,74.0,0.0
PUNE_G004,2023-12-16,2023,12,16,350,18.75,74.0,0.0
PUNE_G004,2023-12-17,2023,12,17,351,18.75,74.0,0.0
PUNE_G004,2023-12-18,2023,12,18,352,18.75,74.0,0.0
PUNE_G004,2023-12-19,2023,12,19,353,18.75,74.0,0.0
PUNE_G004,2023-12-20,2023,12,20,354,18.75,74.0,0.0
PUNE_G004,2023-12-21,2023,12,21,355,18.75,74.0,0.0
PUNE_G004,2023-12-22,2023,12,22,356,18.75,74.0,0.0
PUNE_G004,2023-12-23,2023,12,23,357,18.75,74.0,0.0
PUNE_G004,2023-12-24,2023,12,24,358,18.75,74.0,0.0
PUNE_G004,2023-12-25,2023,12,25,359,18.75,74.0,0.0
PUNE_G004,2023-12-26,2023,12,26,360,18.75,74.0,0.0
PUNE_G004,2023-12-27,2023,12,27,361,18.75,74.0,0.0
PUNE_G004,2023-12-28,2023,12,28,362,18.75,74.0,0.0
PUNE_G004,2023-12-29,2023,12,29,363,18.75,74.0,0.0
PUNE_G004,2023-12-30,2023,12,30,364,18.75,74.0,0.0
PUNE_G004,2023-12-31,2023,12,31,365,18.75,74.0,0.0
PUNE_G004,2024-01-01,2024,1,1,1,18.75,74.0,0.0
PUNE_G004,2024-01-02,2024,1,2,2,18.75,74.0,0.0
PUNE_G004,2024-01-03,2024,1,3,3,18.75,74.0,0.0
PUNE_G004,2024-01-04,2024,1,4,4,18.75,74.0,0.0
PUNE_G004,2024-01-05,2024,1,5,5,18.75,74.0,0.0
PUNE_G004,2024-01-06,2024,1,6,6,18.75,74.0,0.0
PUNE_G004,2024-01-07,2024,1,7,7,18.75,74.0,0.0
PUNE_G004,2024-01-08,2024,1,8,8,18.75,74.0,0.0
PUNE_G004,2024-01-09,2024,1,9,9,18.75,74.0,0.0
PUNE_G004,2024-01-10,2024,1,10,10,18.75,74.0,9.355978965759277
PUNE_G004,2024-01-11,2024,1,11,11,18.75,74.0,0.0
PUNE_G004,2024-01-12,2024,1,12,12,18.75,74.0,0.0
PUNE_G004,2024-01-13,2024,1,13,13,18.75,74.0,0.0
PUNE_G004,2024-01-14,2024,1,14,14,18.75,74.0,0.0
PUNE_G004,2024-01-15,2024,1,15,15,18.75,74.0,0.0
PUNE_G004,2024-01-16,2024,1,16,16,18.75,74.0,0.0
PUNE_G004,2024-01-17,2024,1,17,17,18.75,74.0,0.0
PUNE_G004,2024-01-18,2024,1,18,18,18.75,74.0,0.0
PUNE_G004,2024-01-19,2024,1,19,19,18.75,74.0,0.0
PUNE_G004,2024-01-20,2024,1,20,20,18.75,74.0,0.0
PUNE_G004,2024-01-21,2024,1,21,21,18.75,74.0,0.0
PUNE_G004,2024-01-22,2024,1,22,22,18.75,74.0,0.0
PUNE_G004,2024-01-23,2024,1,23,23,18.75,74.0,0.0
PUNE_G004,2024-01-24,2024,1,24,24,18.75,74.0,0.0
PUNE_G004,2024-01-25,2024,1,25,25,18.75,74.0,0.0
PUNE_G004,2024-01-26,2024,1,26,26,18.75,74.0,0.0
PUNE_G004,2024-01-27,2024,1,27,27,18.75,74.0,0.0
PUNE_G004,2024-01-28,2024,1,28,28,18.75,74.0,0.0
PUNE_G004,2024-01-29,2024,1,29,29,18.75,74.0,0.0
PUNE_G004,2024-01-30,2024,1,30,30,18.75,74.0,0.0
PUNE_G004,2024-01-31,2024,1,31,31,18.75,74.0,0.0
PUNE_G004,2024-02-01,2024,2,1,32,18.75,74.0,0.0
PUNE_G004,2024-02-02,2024,2,2,33,18.75,74.0,0.0
PUNE_G004,2024-02-03,2024,2,3,34,18.75,74.0,0.0
PUNE_G004,2024-02-04,2024,2,4,35,18.75,74.0,0.0
PUNE_G004,2024-02-05,2024,2,5,36,18.75,74.0,0.0
PUNE_G004,2024-02-06,2024,2,6,37,18.75,74.0,0.0
PUNE_G004,2024-02-07,2024,2,7,38,18.75,74.0,0.0
PUNE_G004,2024-02-08,2024,2,8,39,18.75,74.0,0.0
PUNE_G004,2024-02-09,2024,2,9,40,18.75,74.0,0.0
PUNE_G004,2024-02-10,2024,2,10,41,18.75,74.0,0.0
PUNE_G004,2024-02-11,2024,2,11,42,18.75,74.0,0.0
PUNE_G004,2024-02-12,2024,2,12,43,18.75,74.0,0.0
PUNE_G004,2024-02-13,2024,2,13,44,18.75,74.0,0.0
PUNE_G004,2024-02-14,2024,2,14,45,18.75,74.0,0.0
PUNE_G004,2024-02-15,2024,2,15,46,18.75,74.0,0.0
PUNE_G004,2024-02-16,2024,2,16,47,18.75,74.0,0.0
PUNE_G004,2024-02-17,2024,2,17,48,18.75,74.0,0.0
PUNE_G004,2024-02-18,2024,2,18,49,18.75,74.0,0.0
PUNE_G004,2024-02-19,2024,2,19,50,18.75,74.0,0.0
PUNE_G004,2024-02-20,2024,2,20,51,18.75,74.0,0.0
PUNE_G004,2024-02-21,2024,2,21,52,18.75,74.0,0.0
PUNE_G004,2024-02-22,2024,2,22,53,18.75,74.0,0.0
PUNE_G004,2024-02-23,2024,2,23,54,18.75,74.0,0.0
PUNE_G004,2024-02-24,2024,2,24,55,18.75,74.0,0.0
PUNE_G004,2024-02-25,2024,2,25,56,18.75,74.0,0.0
PUNE_G004,2024-02-26,2024,2,26,57,18.75,74.0,0.0
PUNE_G004,2024-02-27,2024,2,27,58,18.75,74.0,0.0
PUNE_G004,2024-02-28,2024,2,28,59,18.75,74.0,0.0
PUNE_G004,2024-02-29,2024,2,29,60,18.75,74.0,0.0
PUNE_G004,2024-03-01,2024,3,1,61,18.75,74.0,0.0
PUNE_G004,2024-03-02,2024,3,2,62,18.75,74.0,0.19726845622062683
PUNE_G004,2024-03-03,2024,3,3,63,18.75,74.0,0.0
PUNE_G004,2024-03-04,2024,3,4,64,18.75,74.0,0.0
PUNE_G004,2024-03-05,2024,3,5,65,18.75,74.0,0.0
PUNE_G004,2024-03-06,2024,3,6,66,18.75,74.0,0.0
PUNE_G004,2024-03-07,2024,3,7,67,18.75,74.0,0.0
PUNE_G004,2024-03-08,2024,3,8,68,18.75,74.0,0.0
PUNE_G004,2024-03-09,2024,3,9,69,18.75,74.0,0.0
PUNE_G004,2024-03-10,2024,3,10,70,18.75,74.0,0.0
PUNE_G004,2024-03-11,2024,3,11,71,18.75,74.0,0.0
PUNE_G004,2024-03-12,2024,3,12,72,18.75,74.0,0.0
PUNE_G004,2024-03-13,2024,3,13,73,18.75,74.0,0.0
PUNE_G004,2024-03-14,2024,3,14,74,18.75,74.0,0.0
PUNE_G004,2024-03-15,2024,3,15,75,18.75,74.0,0.0
PUNE_G004,2024-03-16,2024,3,16,76,18.75,74.0,0.0
PUNE_G004,2024-03-17,2024,3,17,77,18.75,74.0,0.0
PUNE_G004,2024-03-18,2024,3,18,78,18.75,74.0,0.0
PUNE_G004,2024-03-19,2024,3,19,79,18.75,74.0,0.0
PUNE_G004,2024-03-20,2024,3,20,80,18.75,74.0,0.0
PUNE_G004,2024-03-21,2024,3,21,81,18.75,74.0,0.0
PUNE_G004,2024-03-22,2024,3,22,82,18.75,74.0,0.0
PUNE_G004,2024-03-23,2024,3,23,83,18.75,74.0,0.0
PUNE_G004,2024-03-24,2024,3,24,84,18.75,74.0,0.0
PUNE_G004,2024-03-25,2024,3,25,85,18.75,74.0,0.0
PUNE_G004,2024-03-26,2024,3,26,86,18.75,74.0,0.0
PUNE_G004,2024-03-27,2024,3,27,87,18.75,74.0,0.0
PUNE_G004,2024-03-28,2024,3,28,88,18.75,74.0,0.0
PUNE_G004,2024-03-29,2024,3,29,89,18.75,74.0,0.0
PUNE_G004,2024-03-30,2024,3,30,90,18.75,74.0,0.0
PUNE_G004,2024-03-31,2024,3,31,91,18.75,74.0,0.0
PUNE_G004,2024-04-01,2024,4,1,92,18.75,74.0,0.0
PUNE_G004,2024-04-02,2024,4,2,93,18.75,74.0,0.0
PUNE_G004,2024-04-03,2024,4,3,94,18.75,74.0,0.0
PUNE_G004,2024-04-04,2024,4,4,95,18.75,74.0,0.0
PUNE_G004,2024-04-05,2024,4,5,96,18.75,74.0,0.0
PUNE_G004,2024-04-06,2024,4,6,97,18.75,74.0,0.0
PUNE_G004,2024-04-07,2024,4,7,98,18.75,74.0,0.0
PUNE_G004,2024-04-08,2024,4,8,99,18.75,74.0,0.0
PUNE_G004,2024-04-09,2024,4,9,100,18.75,74.0,0.0
PUNE_G004,2024-04-10,2024,4,10,101,18.75,74.0,0.0
PUNE_G004,2024-04-11,2024,4,11,102,18.75,74.0,0.0
PUNE_G004,2024-04-12,2024,4,12,103,18.75,74.0,0.0
PUNE_G004,2024-04-13,2024,4,13,104,18.75,74.0,0.0
PUNE_G004,2024-04-14,2024,4,14,105,18.75,74.0,0.0
PUNE_G004,2024-04-15,2024,4,15,106,18.75,74.0,0.0
PUNE_G004,2024-04-16,2024,4,16,107,18.75,74.0,0.36836159229278564
PUNE_G004,2024-04-17,2024,4,17,108,18.75,74.0,0.4931711256504059
PUNE_G004,2024-04-18,2024,4,18,109,18.75,74.0,1.1965287923812866
PUNE_G004,2024-04-19,2024,4,19,110,18.75,74.0,0.0
PUNE_G004,2024-04-20,2024,4,20,111,18.75,74.0,0.0
PUNE_G004,2024-04-21,2024,4,21,112,18.75,74.0,0.21699529886245728
PUNE_G004,2024-04-22,2024,4,22,113,18.75,74.0,0.0
PUNE_G004,2024-04-23,2024,4,23,114,18.75,74.0,0.0
PUNE_G004,2024-04-24,2024,4,24,115,18.75,74.0,0.0
PUNE_G004,2024-04-25,2024,4,25,116,18.75,74.0,0.0
PUNE_G004,2024-04-26,2024,4,26,117,18.75,74.0,0.0
PUNE_G004,2024-04-27,2024,4,27,118,18.75,74.0,0.7367231845855713
PUNE_G004,2024-04-28,2024,4,28,119,18.75,74.0,0.0
PUNE_G004,2024-04-29,2024,4,29,120,18.75,74.0,0.0
PUNE_G004,2024-04-30,2024,4,30,121,18.75,74.0,0.0
PUNE_G004,2024-05-01,2024,5,1,122,18.75,74.0,0.0
PUNE_G004,2024-05-02,2024,5,2,123,18.75,74.0,0.0
PUNE_G004,2024-05-03,2024,5,3,124,18.75,74.0,0.0
PUNE_G004,2024-05-04,2024,5,4,125,18.75,74.0,0.0
PUNE_G004,2024-05-05,2024,5,5,126,18.75,74.0,0.0
PUNE_G004,2024-05-06,2024,5,6,127,18.75,74.0,0.0
PUNE_G004,2024-05-07,2024,5,7,128,18.75,74.0,0.0
PUNE_G004,2024-05-08,2024,5,8,129,18.75,74.0,0.0
PUNE_G004,2024-05-09,2024,5,9,130,18.75,74.0,0.0
PUNE_G004,2024-05-10,2024,5,10,131,18.75,74.0,0.0
PUNE_G004,2024-05-11,2024,5,11,132,18.75,74.0,8.37644100189209
PUNE_G004,2024-05-12,2024,5,12,133,18.75,74.0,21.192527770996094
PUNE_G004,2024-05-13,2024,5,13,134,18.75,74.0,5.8768510818481445
PUNE_G004,2024-05-14,2024,5,14,135,18.75,74.0,13.178694725036621
PUNE_G004,2024-05-15,2024,5,15,136,18.75,74.0,0.0
PUNE_G004,2024-05-16,2024,5,16,137,18.75,74.0,1.2625181674957275
PUNE_G004,2024-05-17,2024,5,17,138,18.75,74.0,1.7486659288406372
PUNE_G004,2024-05-18,2024,5,18,139,18.75,74.0,0.33743786811828613
PUNE_G004,2024-05-19,2024,5,19,140,18.75,74.0,0.0
PUNE_G004,2024-05-20,2024,5,20,141,18.75,74.0,1.9810105562210083
PUNE_G004,2024-05-21,2024,5,21,142,18.75,74.0,0.0
PUNE_G004,2024-05-22,2024,5,22,143,18.75,74.0,0.0
PUNE_G004,2024-05-23,2024,5,23,144,18.75,74.0,0.0
PUNE_G004,2024-05-24,2024,5,24,145,18.75,74.0,0.0
PUNE_G004,2024-05-25,2024,5,25,146,18.75,74.0,0.0
PUNE_G004,2024-05-26,2024,5,26,147,18.75,74.0,0.0
PUNE_G004,2024-05-27,2024,5,27,148,18.75,74.0,0.0
PUNE_G004,2024-05-28,2024,5,28,149,18.75,74.0,0.0
PUNE_G004,2024-05-29,2024,5,29,150,18.75,74.0,0.0
PUNE_G004,2024-05-30,2024,5,30,151,18.75,74.0,0.0
PUNE_G004,2024-05-31,2024,5,31,152,18.75,74.0,0.0
PUNE_G004,2024-06-01,2024,6,1,153,18.75,74.0,0.0
PUNE_G004,2024-06-02,2024,6,2,154,18.75,74.0,0.0
PUNE_G004,2024-06-03,2024,6,3,155,18.75,74.0,0.0
PUNE_G004,2024-06-04,2024,6,4,156,18.75,74.0,0.0
PUNE_G004,2024-06-05,2024,6,5,157,18.75,74.0,7.841803073883057
PUNE_G004,2024-06-06,2024,6,6,158,18.75,74.0,19.427120208740234
PUNE_G004,2024-06-07,2024,6,7,159,18.75,74.0,13.116511344909668
PUNE_G004,2024-06-08,2024,6,8,160,18.75,74.0,0.0
PUNE_G004,2024-06-09,2024,6,9,161,18.75,74.0,18.88009262084961
PUNE_G004,2024-06-10,2024,6,10,162,18.75,74.0,29.84792709350586
PUNE_G004,2024-06-11,2024,6,11,163,18.75,74.0,0.7594835162162781
PUNE_G004,2024-06-12,2024,6,12,164,18.75,74.0,2.842410087585449
PUNE_G004,2024-06-13,2024,6,13,165,18.75,74.0,10.682486534118652
PUNE_G004,2024-06-14,2024,6,14,166,18.75,74.0,7.527294158935547
PUNE_G004,2024-06-15,2024,6,15,167,18.75,74.0,0.0
PUNE_G004,2024-06-16,2024,6,16,168,18.75,74.0,0.7860403060913086
PUNE_G004,2024-06-17,2024,6,17,169,18.75,74.0,7.833060264587402
PUNE_G004,2024-06-18,2024,6,18,170,18.75,74.0,2.2301361560821533
PUNE_G004,2024-06-19,2024,6,19,171,18.75,74.0,1.6088758707046509
PUNE_G004,2024-06-20,2024,6,20,172,18.75,74.0,0.0
PUNE_G004,2024-06-21,2024,6,21,173,18.75,74.0,2.914416551589966
PUNE_G004,2024-06-22,2024,6,22,174,18.75,74.0,0.0
PUNE_G004,2024-06-23,2024,6,23,175,18.75,74.0,0.0
PUNE_G004,2024-06-24,2024,6,24,176,18.75,74.0,9.98692798614502
PUNE_G004,2024-06-25,2024,6,25,177,18.75,74.0,0.0
PUNE_G004,2024-06-26,2024,6,26,178,18.75,74.0,7.612115383148193
PUNE_G004,2024-06-27,2024,6,27,179,18.75,74.0,8.065117835998535
PUNE_G004,2024-06-28,2024,6,28,180,18.75,74.0,0.29420045018196106
PUNE_G004,2024-06-29,2024,6,29,181,18.75,74.0,1.0459020137786865
PUNE_G004,2024-06-30,2024,6,30,182,18.75,74.0,0.20542967319488525
PUNE_G004,2024-07-01,2024,7,1,183,18.75,74.0,0.7204091548919678
PUNE_G004,2024-07-02,2024,7,2,184,18.75,74.0,4.257059097290039
PUNE_G004,2024-07-03,2024,7,3,185,18.75,74.0,9.28489875793457
PUNE_G004,2024-07-04,2024,7,4,186,18.75,74.0,0.0
PUNE_G004,2024-07-05,2024,7,5,187,18.75,74.0,0.2744736075401306
PUNE_G004,2024-07-06,2024,7,6,188,18.75,74.0,3.5590436458587646
PUNE_G004,2024-07-07,2024,7,7,189,18.75,74.0,10.744990348815918
PUNE_G004,2024-07-08,2024,7,8,190,18.75,74.0,2.343888282775879
PUNE_G004,2024-07-09,2024,7,9,191,18.75,74.0,7.91996431350708
PUNE_G004,2024-07-10,2024,7,10,192,18.75,74.0,15.74968433380127
PUNE_G004,2024-07-11,2024,7,11,193,18.75,74.0,0.19556625187397003
PUNE_G004,2024-07-12,2024,7,12,194,18.75,74.0,0.749999463558197
PUNE_G004,2024-07-13,2024,7,13,195,18.75,74.0,6.3895063400268555
PUNE_G004,2024-07-14,2024,7,14,196,18.75,74.0,18.816377639770508
PUNE_G004,2024-07-15,2024,7,15,197,18.75,74.0,10.064286231994629
PUNE_G004,2024-07-16,2024,7,16,198,18.75,74.0,18.623878479003906
PUNE_G004,2024-07-17,2024,7,17,199,18.75,74.0,0.0
PUNE_G004,2024-07-18,2024,7,18,200,18.75,74.0,3.46016788482666
PUNE_G004,2024-07-19,2024,7,19,201,18.75,74.0,2.0313007831573486
PUNE_G004,2024-07-20,2024,7,20,202,18.75,74.0,1.126891016960144
PUNE_G004,2024-07-21,2024,7,21,203,18.75,74.0,3.7822647094726562
PUNE_G004,2024-07-22,2024,7,22,204,18.75,74.0,5.853758335113525
PUNE_G004,2024-07-23,2024,7,23,205,18.75,74.0,19.00614356994629
PUNE_G004,2024-07-24,2024,7,24,206,18.75,74.0,22.864368438720703
PUNE_G004,2024-07-25,2024,7,25,207,18.75,74.0,60.06220245361328
PUNE_G004,2024-07-26,2024,7,26,208,18.75,74.0,36.246280670166016
PUNE_G004,2024-07-27,2024,7,27,209,18.75,74.0,1.492810606956482
PUNE_G004,2024-07-28,2024,7,28,210,18.75,74.0,4.269589424133301
PUNE_G004,2024-07-29,2024,7,29,211,18.75,74.0,7.668046951293945
PUNE_G004,2024-07-30,2024,7,30,212,18.75,74.0,3.6584157943725586
PUNE_G004,2024-07-31,2024,7,31,213,18.75,74.0,5.608697891235352
PUNE_G004,2024-08-01,2024,8,1,214,18.75,74.0,1.7864173650741577
PUNE_G004,2024-08-02,2024,8,2,215,18.75,74.0,13.720585823059082
PUNE_G004,2024-08-03,2024,8,3,216,18.75,74.0,7.856509208679199
PUNE_G004,2024-08-04,2024,8,4,217,18.75,74.0,26.92569351196289
PUNE_G004,2024-08-05,2024,8,5,218,18.75,74.0,31.53607940673828
PUNE_G004,2024-08-06,2024,8,6,219,18.75,74.0,0.6591470837593079
PUNE_G004,2024-08-07,2024,8,7,220,18.75,74.0,0.7822650074958801
PUNE_G004,2024-08-08,2024,8,8,221,18.75,74.0,1.6411244869232178
PUNE_G004,2024-08-09,2024,8,9,222,18.75,74.0,0.38467350602149963
PUNE_G004,2024-08-10,2024,8,10,223,18.75,74.0,2.1764414310455322
PUNE_G004,2024-08-11,2024,8,11,224,18.75,74.0,6.788210868835449
PUNE_G004,2024-08-12,2024,8,12,225,18.75,74.0,0.6673083305358887
PUNE_G004,2024-08-13,2024,8,13,226,18.75,74.0,0.2646102011203766
PUNE_G004,2024-08-14,2024,8,14,227,18.75,74.0,0.0
PUNE_G004,2024-08-15,2024,8,15,228,18.75,74.0,0.0
PUNE_G004,2024-08-16,2024,8,16,229,18.75,74.0,0.39113250374794006
PUNE_G004,2024-08-17,2024,8,17,230,18.75,74.0,0.0
PUNE_G004,2024-08-18,2024,8,18,231,18.75,74.0,5.999805450439453
PUNE_G004,2024-08-19,2024,8,19,232,18.75,74.0,26.052623748779297
PUNE_G004,2024-08-20,2024,8,20,233,18.75,74.0,11.897397994995117
PUNE_G004,2024-08-21,2024,8,21,234,18.75,74.0,6.057114124298096
PUNE_G004,2024-08-22,2024,8,22,235,18.75,74.0,0.1775415986776352
PUNE_G004,2024-08-23,2024,8,23,236,18.75,74.0,9.846292495727539
PUNE_G004,2024-08-24,2024,8,24,237,18.75,74.0,26.829187393188477
PUNE_G004,2024-08-25,2024,8,25,238,18.75,74.0,28.41421890258789
PUNE_G004,2024-08-26,2024,8,26,239,18.75,74.0,12.285990715026855
PUNE_G004,2024-08-27,2024,8,27,240,18.75,74.0,13.661938667297363
PUNE_G004,2024-08-28,2024,8,28,241,18.75,74.0,7.120079517364502
PUNE_G004,2024-08-29,2024,8,29,242,18.75,74.0,1.8784573078155518
PUNE_G004,2024-08-30,2024,8,30,243,18.75,74.0,0.12822449207305908
PUNE_G004,2024-08-31,2024,8,31,244,18.75,74.0,0.5523516535758972
PUNE_G004,2024-09-01,2024,9,1,245,18.75,74.0,0.0
PUNE_G004,2024-09-02,2024,9,2,246,18.75,74.0,3.19956636428833
PUNE_G004,2024-09-03,2024,9,3,247,18.75,74.0,0.46699583530426025
PUNE_G004,2024-09-04,2024,9,4,248,18.75,74.0,2.842410087585449
PUNE_G004,2024-09-05,2024,9,5,249,18.75,74.0,0.9434841871261597
PUNE_G004,2024-09-06,2024,9,6,250,18.75,74.0,0.5918053984642029
PUNE_G004,2024-09-07,2024,9,7,251,18.75,74.0,1.4084174633026123
PUNE_G004,2024-09-08,2024,9,8,252,18.75,74.0,0.0
PUNE_G004,2024-09-09,2024,9,9,253,18.75,74.0,0.15781477093696594
PUNE_G004,2024-09-10,2024,9,10,254,18.75,74.0,0.0
PUNE_G004,2024-09-11,2024,9,11,255,18.75,74.0,0.20713187754154205
PUNE_G004,2024-09-12,2024,9,12,256,18.75,74.0,1.5749080181121826
PUNE_G004,2024-09-13,2024,9,13,257,18.75,74.0,0.3880884647369385
PUNE_G004,2024-09-14,2024,9,14,258,18.75,74.0,0.0
PUNE_G004,2024-09-15,2024,9,15,259,18.75,74.0,0.0
PUNE_G004,2024-09-16,2024,9,16,260,18.75,74.0,0.0
PUNE_G004,2024-09-17,2024,9,17,261,18.75,74.0,0.0
PUNE_G004,2024-09-18,2024,9,18,262,18.75,74.0,0.0
PUNE_G004,2024-09-19,2024,9,19,263,18.75,74.0,0.0
PUNE_G004,2024-09-20,2024,9,20,264,18.75,74.0,0.0
PUNE_G004,2024-09-21,2024,9,21,265,18.75,74.0,0.0
PUNE_G004,2024-09-22,2024,9,22,266,18.75,74.0,0.4078153073787689
PUNE_G004,2024-09-23,2024,9,23,267,18.75,74.0,1.7063721418380737
PUNE_G004,2024-09-24,2024,9,24,268,18.75,74.0,19.68620491027832
PUNE_G004,2024-09-25,2024,9,25,269,18.75,74.0,10.916862487792969
PUNE_G004,2024-09-26,2024,9,26,270,18.75,74.0,19.699291229248047
PUNE_G004,2024-09-27,2024,9,27,271,18.75,74.0,1.3642070293426514
PUNE_G004,2024-09-28,2024,9,28,272,18.75,74.0,1.1669384241104126
PUNE_G004,2024-09-29,2024,9,29,273,18.75,74.0,0.1775415986776352
PUNE_G004,2024-09-30,2024,9,30,274,18.75,74.0,0.0
PUNE_G004,2024-10-01,2024,10,1,275,18.75,74.0,0.0
PUNE_G004,2024-10-02,2024,10,2,276,18.75,74.0,0.0
PUNE_G004,2024-10-03,2024,10,3,277,18.75,74.0,0.2367221713066101
PUNE_G004,2024-10-04,2024,10,4,278,18.75,74.0,0.0
PUNE_G004,2024-10-05,2024,10,5,279,18.75,74.0,0.0
PUNE_G004,2024-10-06,2024,10,6,280,18.75,74.0,0.0
PUNE_G004,2024-10-07,2024,10,7,281,18.75,74.0,2.57853102684021
PUNE_G004,2024-10-08,2024,10,8,282,18.75,74.0,0.0
PUNE_G004,2024-10-09,2024,10,9,283,18.75,74.0,0.0
PUNE_G004,2024-10-10,2024,10,10,284,18.75,74.0,0.38297128677368164
PUNE_G004,2024-10-11,2024,10,11,285,18.75,74.0,0.19556625187397003
PUNE_G004,2024-10-12,2024,10,12,286,18.75,74.0,2.2291336059570312
PUNE_G004,2024-10-13,2024,10,13,287,18.75,74.0,0.0
PUNE_G004,2024-10-14,2024,10,14,288,18.75,74.0,0.0
PUNE_G004,2024-10-15,2024,10,15,289,18.75,74.0,12.711806297302246
PUNE_G004,2024-10-16,2024,10,16,290,18.75,74.0,4.717750072479248
PUNE_G004,2024-10-17,2024,10,17,291,18.75,74.0,1.3645777702331543
PUNE_G004,2024-10-18,2024,10,18,292,18.75,74.0,0.0
PUNE_G004,2024-10-19,2024,10,19,293,18.75,74.0,0.0
PUNE_G004,2024-10-20,2024,10,20,294,18.75,74.0,8.432950019836426
PUNE_G004,2024-10-21,2024,10,21,295,18.75,74.0,2.4848828315734863
PUNE_G004,2024-10-22,2024,10,22,296,18.75,74.0,1.6690126657485962
PUNE_G004,2024-10-23,2024,10,23,297,18.75,74.0,11.829085350036621
PUNE_G004,2024-10-24,2024,10,24,298,18.75,74.0,0.0
PUNE_G004,2024-10-25,2024,10,25,299,18.75,74.0,0.0
PUNE_G004,2024-10-26,2024,10,26,300,18.75,74.0,0.0
PUNE_G004,2024-10-27,2024,10,27,301,18.75,74.0,0.0
PUNE_G004,2024-10-28,2024,10,28,302,18.75,74.0,0.0
PUNE_G004,2024-10-29,2024,10,29,303,18.75,74.0,0.0
PUNE_G004,2024-10-30,2024,10,30,304,18.75,74.0,0.0
PUNE_G004,2024-10-31,2024,10,31,305,18.75,74.0,0.0
PUNE_G004,2024-11-01,2024,11,1,306,18.75,74.0,0.0
PUNE_G004,2024-11-02,2024,11,2,307,18.75,74.0,0.0
PUNE_G004,2024-11-03,2024,11,3,308,18.75,74.0,0.0
PUNE_G004,2024-11-04,2024,11,4,309,18.75,74.0,0.0
PUNE_G004,2024-11-05,2024,11,5,310,18.75,74.0,0.0
PUNE_G004,2024-11-06,2024,11,6,311,18.75,74.0,0.0
PUNE_G004,2024-11-07,2024,11,7,312,18.75,74.0,0.0
PUNE_G004,2024-11-08,2024,11,8,313,18.75,74.0,0.0
PUNE_G004,2024-11-09,2024,11,9,314,18.75,74.0,0.0
PUNE_G004,2024-11-10,2024,11,10,315,18.75,74.0,0.0
PUNE_G004,2024-11-11,2024,11,11,316,18.75,74.0,0.0
PUNE_G004,2024-11-12,2024,11,12,317,18.75,74.0,0.0
PUNE_G004,2024-11-13,2024,11,13,318,18.75,74.0,0.0
PUNE_G004,2024-11-14,2024,11,14,319,18.75,74.0,0.0
PUNE_G004,2024-11-15,2024,11,15,320,18.75,74.0,0.0
PUNE_G004,2024-11-16,2024,11,16,321,18.75,74.0,0.0
PUNE_G004,2024-11-17,2024,11,17,322,18.75,74.0,0.0
PUNE_G004,2024-11-18,2024,11,18,323,18.75,74.0,0.0
PUNE_G004,2024-11-19,2024,11,19,324,18.75,74.0,0.0
PUNE_G004,2024-11-20,2024,11,20,325,18.75,74.0,0.0
PUNE_G004,2024-11-21,2024,11,21,326,18.75,74.0,0.0
PUNE_G004,2024-11-22,2024,11,22,327,18.75,74.0,0.0
PUNE_G004,2024-11-23,2024,11,23,328,18.75,74.0,0.0
PUNE_G004,2024-11-24,2024,11,24,329,18.75,74.0,0.0
PUNE_G004,2024-11-25,2024,11,25,330,18.75,74.0,0.0
PUNE_G004,2024-11-26,2024,11,26,331,18.75,74.0,0.0
PUNE_G004,2024-11-27,2024,11,27,332,18.75,74.0,0.0
PUNE_G004,2024-11-28,2024,11,28,333,18.75,74.0,0.0
PUNE_G004,2024-11-29,2024,11,29,334,18.75,74.0,0.0
PUNE_G004,2024-11-30,2024,11,30,335,18.75,74.0,0.0
PUNE_G004,2024-12-01,2024,12,1,336,18.75,74.0,0.0
PUNE_G004,2024-12-02,2024,12,2,337,18.75,74.0,0.0
PUNE_G004,2024-12-03,2024,12,3,338,18.75,74.0,0.0
PUNE_G004,2024-12-04,2024,12,4,339,18.75,74.0,0.0
PUNE_G004,2024-12-05,2024,12,5,340,18.75,74.0,0.0
PUNE_G004,2024-12-06,2024,12,6,341,18.75,74.0,0.0
PUNE_G004,2024-12-07,2024,12,7,342,18.75,74.0,0.0
PUNE_G004,2024-12-08,2024,12,8,343,18.75,74.0,0.0
PUNE_G004,2024-12-09,2024,12,9,344,18.75,74.0,0.0
PUNE_G004,2024-12-10,2024,12,10,345,18.75,74.0,0.0
PUNE_G004,2024-12-11,2024,12,11,346,18.75,74.0,0.0
PUNE_G004,2024-12-12,2024,12,12,347,18.75,74.0,0.0
PUNE_G004,2024-12-13,2024,12,13,348,18.75,74.0,0.0
PUNE_G004,2024-12-14,2024,12,14,349,18.75,74.0,0.0
PUNE_G004,2024-12-15,2024,12,15,350,18.75,74.0,0.0
PUNE_G004,2024-12-16,2024,12,16,351,18.75,74.0,0.0
PUNE_G004,2024-12-17,2024,12,17,352,18.75,74.0,0.0
PUNE_G004,2024-12-18,2024,12,18,353,18.75,74.0,0.0
PUNE_G004,2024-12-19,2024,12,19,354,18.75,74.0,0.0
PUNE_G004,2024-12-20,2024,12,20,355,18.75,74.0,0.0
PUNE_G004,2024-12-21,2024,12,21,356,18.75,74.0,0.0
PUNE_G004,2024-12-22,2024,12,22,357,18.75,74.0,0.0
PUNE_G004,2024-12-23,2024,12,23,358,18.75,74.0,0.0
PUNE_G004,2024-12-24,2024,12,24,359,18.75,74.0,0.0
PUNE_G004,2024-12-25,2024,12,25,360,18.75,74.0,0.0
PUNE_G004,2024-12-26,2024,12,26,361,18.75,74.0,0.0
PUNE_G004,2024-12-27,2024,12,27,362,18.75,74.0,0.0
PUNE_G004,2024-12-28,2024,12,28,363,18.75,74.0,0.0
PUNE_G004,2024-12-29,2024,12,29,364,18.75,74.0,0.5918053984642029
PUNE_G004,2024-12-30,2024,12,30,365,18.75,74.0,0.0
PUNE_G004,2024-12-31,2024,12,31,366,18.75,74.0,0.0
PUNE_G004,2025-01-01,2025,1,1,1,18.75,74.0,0.0
PUNE_G004,2025-01-02,2025,1,2,2,18.75,74.0,0.0
PUNE_G004,2025-01-03,2025,1,3,3,18.75,74.0,0.0
PUNE_G004,2025-01-04,2025,1,4,4,18.75,74.0,0.0
PUNE_G004,2025-01-05,2025,1,5,5,18.75,74.0,0.0
PUNE_G004,2025-01-06,2025,1,6,6,18.75,74.0,0.0
PUNE_G004,2025-01-07,2025,1,7,7,18.75,74.0,0.0
PUNE_G004,2025-01-08,2025,1,8,8,18.75,74.0,0.0
PUNE_G004,2025-01-09,2025,1,9,9,18.75,74.0,0.0
PUNE_G004,2025-01-10,2025,1,10,10,18.75,74.0,0.0
PUNE_G004,2025-01-11,2025,1,11,11,18.75,74.0,0.0
PUNE_G004,2025-01-12,2025,1,12,12,18.75,74.0,0.0
PUNE_G004,2025-01-13,2025,1,13,13,18.75,74.0,0.0
PUNE_G004,2025-01-14,2025,1,14,14,18.75,74.0,0.0
PUNE_G004,2025-01-15,2025,1,15,15,18.75,74.0,0.0
PUNE_G004,2025-01-16,2025,1,16,16,18.75,74.0,0.0
PUNE_G004,2025-01-17,2025,1,17,17,18.75,74.0,0.0
PUNE_G004,2025-01-18,2025,1,18,18,18.75,74.0,0.0
PUNE_G004,2025-01-19,2025,1,19,19,18.75,74.0,0.0
PUNE_G004,2025-01-20,2025,1,20,20,18.75,74.0,0.0
PUNE_G004,2025-01-21,2025,1,21,21,18.75,74.0,0.0
PUNE_G004,2025-01-22,2025,1,22,22,18.75,74.0,0.0
PUNE_G004,2025-01-23,2025,1,23,23,18.75,74.0,0.0
PUNE_G004,2025-01-24,2025,1,24,24,18.75,74.0,0.0
PUNE_G004,2025-01-25,2025,1,25,25,18.75,74.0,0.0
PUNE_G004,2025-01-26,2025,1,26,26,18.75,74.0,0.0
PUNE_G004,2025-01-27,2025,1,27,27,18.75,74.0,0.0
PUNE_G004,2025-01-28,2025,1,28,28,18.75,74.0,0.0
PUNE_G004,2025-01-29,2025,1,29,29,18.75,74.0,0.0
PUNE_G004,2025-01-30,2025,1,30,30,18.75,74.0,0.0
PUNE_G004,2025-01-31,2025,1,31,31,18.75,74.0,0.0
PUNE_G004,2025-02-01,2025,2,1,32,18.75,74.0,0.0
PUNE_G004,2025-02-02,2025,2,2,33,18.75,74.0,0.0
PUNE_G004,2025-02-03,2025,2,3,34,18.75,74.0,0.0
PUNE_G004,2025-02-04,2025,2,4,35,18.75,74.0,0.0
PUNE_G004,2025-02-05,2025,2,5,36,18.75,74.0,0.0
PUNE_G004,2025-02-06,2025,2,6,37,18.75,74.0,0.0
PUNE_G004,2025-02-07,2025,2,7,38,18.75,74.0,0.0
PUNE_G004,2025-02-08,2025,2,8,39,18.75,74.0,0.0
PUNE_G004,2025-02-09,2025,2,9,40,18.75,74.0,0.0
PUNE_G004,2025-02-10,2025,2,10,41,18.75,74.0,0.0
PUNE_G004,2025-02-11,2025,2,11,42,18.75,74.0,0.0
PUNE_G004,2025-02-12,2025,2,12,43,18.75,74.0,0.0
PUNE_G004,2025-02-13,2025,2,13,44,18.75,74.0,0.0
PUNE_G004,2025-02-14,2025,2,14,45,18.75,74.0,0.0
PUNE_G004,2025-02-15,2025,2,15,46,18.75,74.0,0.0
PUNE_G004,2025-02-16,2025,2,16,47,18.75,74.0,0.0
PUNE_G004,2025-02-17,2025,2,17,48,18.75,74.0,0.0
PUNE_G004,2025-02-18,2025,2,18,49,18.75,74.0,0.0
PUNE_G004,2025-02-19,2025,2,19,50,18.75,74.0,0.0
PUNE_G004,2025-02-20,2025,2,20,51,18.75,74.0,0.0
PUNE_G004,2025-02-21,2025,2,21,52,18.75,74.0,0.0
PUNE_G004,2025-02-22,2025,2,22,53,18.75,74.0,0.0
PUNE_G004,2025-02-23,2025,2,23,54,18.75,74.0,0.0
PUNE_G004,2025-02-24,2025,2,24,55,18.75,74.0,0.0
PUNE_G004,2025-02-25,2025,2,25,56,18.75,74.0,0.0
PUNE_G004,2025-02-26,2025,2,26,57,18.75,74.0,0.0
PUNE_G004,2025-02-27,2025,2,27,58,18.75,74.0,0.0
PUNE_G004,2025-02-28,2025,2,28,59,18.75,74.0,0.0
PUNE_G004,2025-03-01,2025,3,1,60,18.75,74.0,0.0
PUNE_G004,2025-03-02,2025,3,2,61,18.75,74.0,0.0
PUNE_G004,2025-03-03,2025,3,3,62,18.75,74.0,0.0
PUNE_G004,2025-03-04,2025,3,4,63,18.75,74.0,0.0
PUNE_G004,2025-03-05,2025,3,5,64,18.75,74.0,0.0
PUNE_G004,2025-03-06,2025,3,6,65,18.75,74.0,0.0
PUNE_G004,2025-03-07,2025,3,7,66,18.75,74.0,0.0
PUNE_G004,2025-03-08,2025,3,8,67,18.75,74.0,0.0
PUNE_G004,2025-03-09,2025,3,9,68,18.75,74.0,0.0
PUNE_G004,2025-03-10,2025,3,10,69,18.75,74.0,0.0
PUNE_G004,2025-03-11,2025,3,11,70,18.75,74.0,0.0
PUNE_G004,2025-03-12,2025,3,12,71,18.75,74.0,0.0
PUNE_G004,2025-03-13,2025,3,13,72,18.75,74.0,0.0
PUNE_G004,2025-03-14,2025,3,14,73,18.75,74.0,0.0
PUNE_G004,2025-03-15,2025,3,15,74,18.75,74.0,0.0
PUNE_G004,2025-03-16,2025,3,16,75,18.75,74.0,0.0
PUNE_G004,2025-03-17,2025,3,17,76,18.75,74.0,0.0
PUNE_G004,2025-03-18,2025,3,18,77,18.75,74.0,0.0
PUNE_G004,2025-03-19,2025,3,19,78,18.75,74.0,0.0
PUNE_G004,2025-03-20,2025,3,20,79,18.75,74.0,0.0
PUNE_G004,2025-03-21,2025,3,21,80,18.75,74.0,0.0
PUNE_G004,2025-03-22,2025,3,22,81,18.75,74.0,0.0
PUNE_G004,2025-03-23,2025,3,23,82,18.75,74.0,0.0
PUNE_G004,2025-03-24,2025,3,24,83,18.75,74.0,0.0
PUNE_G004,2025-03-25,2025,3,25,84,18.75,74.0,0.0
PUNE_G004,2025-03-26,2025,3,26,85,18.75,74.0,0.0
PUNE_G004,2025-03-27,2025,3,27,86,18.75,74.0,0.0
PUNE_G004,2025-03-28,2025,3,28,87,18.75,74.0,0.0
PUNE_G004,2025-03-29,2025,3,29,88,18.75,74.0,0.0
PUNE_G004,2025-03-30,2025,3,30,89,18.75,74.0,0.0
PUNE_G004,2025-03-31,2025,3,31,90,18.75,74.0,0.0
PUNE_G004,2025-04-01,2025,4,1,91,18.75,74.0,0.0
PUNE_G004,2025-04-02,2025,4,2,92,18.75,74.0,0.0
PUNE_G004,2025-04-03,2025,4,3,93,18.75,74.0,0.0
PUNE_G004,2025-04-04,2025,4,4,94,18.75,74.0,4.423372268676758
PUNE_G004,2025-04-05,2025,4,5,95,18.75,74.0,0.0
PUNE_G004,2025-04-06,2025,4,6,96,18.75,74.0,0.0
PUNE_G004,2025-04-07,2025,4,7,97,18.75,74.0,0.0
PUNE_G004,2025-04-08,2025,4,8,98,18.75,74.0,0.0
PUNE_G004,2025-04-09,2025,4,9,99,18.75,74.0,0.0
PUNE_G004,2025-04-10,2025,4,10,100,18.75,74.0,0.0
PUNE_G004,2025-04-11,2025,4,11,101,18.75,74.0,0.0
PUNE_G004,2025-04-12,2025,4,12,102,18.75,74.0,0.0
PUNE_G004,2025-04-13,2025,4,13,103,18.75,74.0,0.0
PUNE_G004,2025-04-14,2025,4,14,104,18.75,74.0,0.0
PUNE_G004,2025-04-15,2025,4,15,105,18.75,74.0,0.0
PUNE_G004,2025-04-16,2025,4,16,106,18.75,74.0,0.0
PUNE_G004,2025-04-17,2025,4,17,107,18.75,74.0,0.0
PUNE_G004,2025-04-18,2025,4,18,108,18.75,74.0,0.0
PUNE_G004,2025-04-19,2025,4,19,109,18.75,74.0,0.0
PUNE_G004,2025-04-20,2025,4,20,110,18.75,74.0,0.0
PUNE_G004,2025-04-21,2025,4,21,111,18.75,74.0,0.0
PUNE_G004,2025-04-22,2025,4,22,112,18.75,74.0,0.0
PUNE_G004,2025-04-23,2025,4,23,113,18.75,74.0,0.0
PUNE_G004,2025-04-24,2025,4,24,114,18.75,74.0,0.0
PUNE_G004,2025-04-25,2025,4,25,115,18.75,74.0,0.0
PUNE_G004,2025-04-26,2025,4,26,116,18.75,74.0,0.0
PUNE_G004,2025-04-27,2025,4,27,117,18.75,74.0,0.0
PUNE_G004,2025-04-28,2025,4,28,118,18.75,74.0,0.0
PUNE_G004,2025-04-29,2025,4,29,119,18.75,74.0,0.0
PUNE_G004,2025-04-30,2025,4,30,120,18.75,74.0,0.0
PUNE_G004,2025-05-01,2025,5,1,121,18.75,74.0,0.0
PUNE_G004,2025-05-02,2025,5,2,122,18.75,74.0,0.0
PUNE_G004,2025-05-03,2025,5,3,123,18.75,74.0,0.0
PUNE_G004,2025-05-04,2025,5,4,124,18.75,74.0,0.0
PUNE_G004,2025-05-05,2025,5,5,125,18.75,74.0,0.0
PUNE_G004,2025-05-06,2025,5,6,126,18.75,74.0,0.0
PUNE_G004,2025-05-07,2025,5,7,127,18.75,74.0,0.0
PUNE_G004,2025-05-08,2025,5,8,128,18.75,74.0,0.0
PUNE_G004,2025-05-09,2025,5,9,129,18.75,74.0,0.0
PUNE_G004,2025-05-10,2025,5,10,130,18.75,74.0,1.1047033071517944
PUNE_G004,2025-05-11,2025,5,11,131,18.75,74.0,0.0
PUNE_G004,2025-05-12,2025,5,12,132,18.75,74.0,0.0
PUNE_G004,2025-05-13,2025,5,13,133,18.75,74.0,8.9075345993042
PUNE_G004,2025-05-14,2025,5,14,134,18.75,74.0,13.65478515625
PUNE_G004,2025-05-15,2025,5,15,135,18.75,74.0,0.0
PUNE_G004,2025-05-16,2025,5,16,136,18.75,74.0,4.361638069152832
PUNE_G004,2025-05-17,2025,5,17,137,18.75,74.0,17.117990493774414
PUNE_G004,2025-05-18,2025,5,18,138,18.75,74.0,0.0
PUNE_G004,2025-05-19,2025,5,19,139,18.75,74.0,2.8869597911834717
PUNE_G004,2025-05-20,2025,5,20,140,18.75,74.0,13.914563179016113
PUNE_G004,2025-05-21,2025,5,21,141,18.75,74.0,42.85066223144531
PUNE_G004,2025-05-22,2025,5,22,142,18.75,74.0,10.339677810668945
PUNE_G004,2025-05-23,2025,5,23,143,18.75,74.0,9.129934310913086
PUNE_G004,2025-05-24,2025,5,24,144,18.75,74.0,6.6661763191223145
PUNE_G004,2025-05-25,2025,5,25,145,18.75,74.0,5.390379905700684
PUNE_G004,2025-05-26,2025,5,26,146,18.75,74.0,46.29942321777344
PUNE_G004,2025-05-27,2025,5,27,147,18.75,74.0,27.447172164916992
PUNE_G004,2025-05-28,2025,5,28,148,18.75,74.0,11.514368057250977
PUNE_G004,2025-05-29,2025,5,29,149,18.75,74.0,4.87496280670166
PUNE_G004,2025-05-30,2025,5,30,150,18.75,74.0,0.0
PUNE_G004,2025-05-31,2025,5,31,151,18.75,74.0,0.0
PUNE_G004,2025-06-01,2025,6,1,152,18.75,74.0,0.0
PUNE_G004,2025-06-02,2025,6,2,153,18.75,74.0,6.722723960876465
PUNE_G004,2025-06-03,2025,6,3,154,18.75,74.0,0.0
PUNE_G004,2025-06-04,2025,6,4,155,18.75,74.0,0.0
PUNE_G004,2025-06-05,2025,6,5,156,18.75,74.0,4.745979309082031
PUNE_G004,2025-06-06,2025,6,6,157,18.75,74.0,3.6836156845092773
PUNE_G004,2025-06-07,2025,6,7,158,18.75,74.0,12.56572437286377
PUNE_G004,2025-06-08,2025,6,8,159,18.75,74.0,6.041365623474121
PUNE_G004,2025-06-09,2025,6,9,160,18.75,74.0,0.0
PUNE_G004,2025-06-10,2025,6,10,161,18.75,74.0,0.0
PUNE_G004,2025-06-11,2025,6,11,162,18.75,74.0,0.0
PUNE_G004,2025-06-12,2025,6,12,163,18.75,74.0,9.550853729248047
PUNE_G004,2025-06-13,2025,6,13,164,18.75,74.0,23.116125106811523
PUNE_G004,2025-06-14,2025,6,14,165,18.75,74.0,31.417238235473633
PUNE_G004,2025-06-15,2025,6,15,166,18.75,74.0,1.4330363273620605
PUNE_G004,2025-06-16,2025,6,16,167,18.75,74.0,7.072055816650391
PUNE_G004,2025-06-17,2025,6,17,168,18.75,74.0,17.019245147705078
PUNE_G004,2025-06-18,2025,6,18,169,18.75,74.0,3.806135654449463
PUNE_G004,2025-06-19,2025,6,19,170,18.75,74.0,15.239992141723633
PUNE_G004,2025-06-20,2025,6,20,171,18.75,74.0,34.451072692871094
PUNE_G004,2025-06-21,2025,6,21,172,18.75,74.0,3.7854461669921875
PUNE_G004,2025-06-22,2025,6,22,173,18.75,74.0,0.9609149694442749
PUNE_G004,2025-06-23,2025,6,23,174,18.75,74.0,0.5921846628189087
PUNE_G004,2025-06-24,2025,6,24,175,18.75,74.0,11.288269996643066
PUNE_G004,2025-06-25,2025,6,25,176,18.75,74.0,1.438522219657898
PUNE_G004,2025-06-26,2025,6,26,177,18.75,74.0,0.0
PUNE_G004,2025-06-27,2025,6,27,178,18.75,74.0,5.079286098480225
PUNE_G004,2025-06-28,2025,6,28,179,18.75,74.0,3.3114936351776123
PUNE_G004,2025-06-29,2025,6,29,180,18.75,74.0,2.080617904663086
PUNE_G004,2025-06-30,2025,6,30,181,18.75,74.0,2.187413215637207
PUNE_G004,2025-07-01,2025,7,1,182,18.75,74.0,4.398930549621582
PUNE_G004,2025-07-02,2025,7,2,183,18.75,74.0,5.729163646697998
PUNE_G004,2025-07-03,2025,7,3,184,18.75,74.0,5.11628532409668
PUNE_G004,2025-07-04,2025,7,4,185,18.75,74.0,3.658795118331909
PUNE_G004,2025-07-05,2025,7,5,186,18.75,74.0,2.6007144451141357
PUNE_G004,2025-07-06,2025,7,6,187,18.75,74.0,4.666714191436768
PUNE_G004,2025-07-07,2025,7,7,188,18.75,74.0,10.212634086608887
PUNE_G004,2025-07-08,2025,7,8,189,18.75,74.0,5.0014872550964355
PUNE_G004,2025-07-09,2025,7,9,190,18.75,74.0,0.4078153073787689
PUNE_G004,2025-07-10,2025,7,10,191,18.75,74.0,8.867972373962402
PUNE_G004,2025-07-11,2025,7,11,192,18.75,74.0,0.0
PUNE_G004,2025-07-12,2025,7,12,193,18.75,74.0,1.0421184301376343
PUNE_G004,2025-07-13,2025,7,13,194,18.75,74.0,0.6748757362365723
PUNE_G004,2025-07-14,2025,7,14,195,18.75,74.0,0.24488335847854614
PUNE_G004,2025-07-15,2025,7,15,196,18.75,74.0,4.316962718963623
PUNE_G004,2025-07-16,2025,7,16,197,18.75,74.0,1.2097965478897095
PUNE_G004,2025-07-17,2025,7,17,198,18.75,74.0,1.105084776878357
PUNE_G004,2025-07-18,2025,7,18,199,18.75,74.0,0.0
PUNE_G004,2025-07-19,2025,7,19,200,18.75,74.0,0.0
PUNE_G004,2025-07-20,2025,7,20,201,18.75,74.0,0.19556625187397003
PUNE_G004,2025-07-21,2025,7,21,202,18.75,74.0,0.0
PUNE_G004,2025-07-22,2025,7,22,203,18.75,74.0,1.4734463691711426
PUNE_G004,2025-07-23,2025,7,23,204,18.75,74.0,4.162554740905762
PUNE_G004,2025-07-24,2025,7,24,205,18.75,74.0,5.4163384437561035
PUNE_G004,2025-07-25,2025,7,25,206,18.75,74.0,3.8863766193389893
PUNE_G004,2025-07-26,2025,7,26,207,18.75,74.0,17.165470123291016
PUNE_G004,2025-07-27,2025,7,27,208,18.75,74.0,7.390392303466797
PUNE_G004,2025-07-28,2025,7,28,209,18.75,74.0,2.6701271533966064
PUNE_G004,2025-07-29,2025,7,29,210,18.75,74.0,2.500232219696045
PUNE_G004,2025-07-30,2025,7,30,211,18.75,74.0,1.8751882314682007
PUNE_G004,2025-07-31,2025,7,31,212,18.75,74.0,0.4897667169570923
PUNE_G004,2025-08-01,2025,8,1,213,18.75,74.0,2.74220871925354
PUNE_G004,2025-08-02,2025,8,2,214,18.75,74.0,0.0
PUNE_G004,2025-08-03,2025,8,3,215,18.75,74.0,0.10849764943122864
PUNE_G004,2025-08-04,2025,8,4,216,18.75,74.0,0.0
PUNE_G004,2025-08-05,2025,8,5,217,18.75,74.0,0.0
PUNE_G004,2025-08-06,2025,8,6,218,18.75,74.0,0.0
PUNE_G004,2025-08-07,2025,8,7,219,18.75,74.0,0.0
PUNE_G004,2025-08-08,2025,8,8,220,18.75,74.0,0.0
PUNE_G004,2025-08-09,2025,8,9,221,18.75,74.0,4.193109512329102
PUNE_G004,2025-08-10,2025,8,10,222,18.75,74.0,0.2268587201833725
PUNE_G004,2025-08-11,2025,8,11,223,18.75,74.0,0.36836159229278564
PUNE_G004,2025-08-12,2025,8,12,224,18.75,74.0,0.4207227826118469
PUNE_G004,2025-08-13,2025,8,13,225,18.75,74.0,0.0
PUNE_G004,2025-08-14,2025,8,14,226,18.75,74.0,2.946892738342285
PUNE_G004,2025-08-15,2025,8,15,227,18.75,74.0,0.0
PUNE_G004,2025-08-16,2025,8,16,228,18.75,74.0,0.7465866208076477
PUNE_G004,2025-08-17,2025,8,17,229,18.75,74.0,1.0030356645584106
PUNE_G004,2025-08-18,2025,8,18,230,18.75,74.0,0.7735099196434021
PUNE_G004,2025-08-19,2025,8,19,231,18.75,74.0,10.115364074707031
PUNE_G004,2025-08-20,2025,8,20,232,18.75,74.0,46.794647216796875
PUNE_G004,2025-08-21,2025,8,21,233,18.75,74.0,12.55543041229248
PUNE_G004,2025-08-22,2025,8,22,234,18.75,74.0,2.5258073806762695
PUNE_G004,2025-08-23,2025,8,23,235,18.75,74.0,5.701460838317871
PUNE_G004,2025-08-24,2025,8,24,236,18.75,74.0,2.827204465866089
PUNE_G004,2025-08-25,2025,8,25,237,18.75,74.0,5.119719505310059
PUNE_G004,2025-08-26,2025,8,26,238,18.75,74.0,1.4220561981201172
PUNE_G004,2025-08-27,2025,8,27,239,18.75,74.0,0.593518078327179
PUNE_G004,2025-08-28,2025,8,28,240,18.75,74.0,3.736947774887085
PUNE_G004,2025-08-29,2025,8,29,241,18.75,74.0,7.7361907958984375
PUNE_G004,2025-08-30,2025,8,30,242,18.75,74.0,5.553318500518799
PUNE_G004,2025-08-31,2025,8,31,243,18.75,74.0,0.20542967319488525
PUNE_G004,2025-09-01,2025,9,1,244,18.75,74.0,0.29420045018196106
PUNE_G004,2025-09-02,2025,9,2,245,18.75,74.0,0.2251565158367157
PUNE_G004,2025-09-03,2025,9,3,246,18.75,74.0,0.5527309775352478
PUNE_G004,2025-09-04,2025,9,4,247,18.75,74.0,0.0
PUNE_G004,2025-09-05,2025,9,5,248,18.75,74.0,0.0
PUNE_G004,2025-09-06,2025,9,6,249,18.75,74.0,2.9304494857788086
PUNE_G004,2025-09-07,2025,9,7,250,18.75,74.0,0.5866987109184265
PUNE_G004,2025-09-08,2025,9,8,251,18.75,74.0,1.441412091255188
PUNE_G004,2025-09-09,2025,9,9,252,18.75,74.0,0.0
PUNE_G004,2025-09-10,2025,9,10,253,18.75,74.0,0.0
PUNE_G004,2025-09-11,2025,9,11,254,18.75,74.0,3.6836156845092773
PUNE_G004,2025-09-12,2025,9,12,255,18.75,74.0,0.0
PUNE_G004,2025-09-13,2025,9,13,256,18.75,74.0,3.2488625049591064
PUNE_G004,2025-09-14,2025,9,14,257,18.75,74.0,12.95901870727539
PUNE_G004,2025-09-15,2025,9,15,258,18.75,74.0,34.51942825317383
PUNE_G004,2025-09-16,2025,9,16,259,18.75,74.0,12.148540496826172
PUNE_G004,2025-09-17,2025,9,17,260,18.75,74.0,6.963168621063232
PUNE_G004,2025-09-18,2025,9,18,261,18.75,74.0,2.943357229232788
PUNE_G004,2025-09-19,2025,9,19,262,18.75,74.0,17.17810821533203
PUNE_G004,2025-09-20,2025,9,20,263,18.75,74.0,0.7921283841133118
PUNE_G004,2025-09-21,2025,9,21,264,18.75,74.0,0.9863422513008118
PUNE_G004,2025-09-22,2025,9,22,265,18.75,74.0,4.44310998916626
PUNE_G004,2025-09-23,2025,9,23,266,18.75,74.0,19.200368881225586
PUNE_G004,2025-09-24,2025,9,24,267,18.75,74.0,1.5060807466506958
PUNE_G004,2025-09-25,2025,9,25,268,18.75,74.0,0.39113250374794006
PUNE_G004,2025-09-26,2025,9,26,269,18.75,74.0,0.6115322113037109
PUNE_G004,2025-09-27,2025,9,27,270,18.75,74.0,5.770671367645264
PUNE_G004,2025-09-28,2025,9,28,271,18.75,74.0,49.604190826416016
PUNE_G004,2025-09-29,2025,9,29,272,18.75,74.0,17.545446395874023
PUNE_G004,2025-09-30,2025,9,30,273,18.75,74.0,1.3418152332305908
PUNE_G004,2025-10-01,2025,10,1,274,18.75,74.0,0.0
PUNE_G004,2025-10-02,2025,10,2,275,18.75,74.0,0.0
PUNE_G004,2025-10-03,2025,10,3,276,18.75,74.0,0.0
PUNE_G004,2025-10-04,2025,10,4,277,18.75,74.0,0.0
PUNE_G004,2025-10-05,2025,10,5,278,18.75,74.0,0.0
PUNE_G004,2025-10-06,2025,10,6,279,18.75,74.0,0.0
PUNE_G004,2025-10-07,2025,10,7,280,18.75,74.0,1.105084776878357
PUNE_G004,2025-10-08,2025,10,8,281,18.75,74.0,0.0
PUNE_G004,2025-10-09,2025,10,9,282,18.75,74.0,1.203337550163269
PUNE_G004,2025-10-10,2025,10,10,283,18.75,74.0,0.0
PUNE_G004,2025-10-11,2025,10,11,284,18.75,74.0,0.0
PUNE_G004,2025-10-12,2025,10,12,285,18.75,74.0,0.0
PUNE_G004,2025-10-13,2025,10,13,286,18.75,74.0,0.0
PUNE_G004,2025-10-14,2025,10,14,287,18.75,74.0,0.0
PUNE_G004,2025-10-15,2025,10,15,288,18.75,74.0,0.0
PUNE_G004,2025-10-16,2025,10,16,289,18.75,74.0,4.4908766746521
PUNE_G004,2025-10-17,2025,10,17,290,18.75,74.0,0.5866987109184265
PUNE_G004,2025-10-18,2025,10,18,291,18.75,74.0,0.0
PUNE_G004,2025-10-19,2025,10,19,292,18.75,74.0,0.0
PUNE_G004,2025-10-20,2025,10,20,293,18.75,74.0,0.0
PUNE_G004,2025-10-21,2025,10,21,294,18.75,74.0,0.0
PUNE_G004,2025-10-22,2025,10,22,295,18.75,74.0,6.549527645111084
PUNE_G004,2025-10-23,2025,10,23,296,18.75,74.0,0.0
PUNE_G004,2025-10-24,2025,10,24,297,18.75,74.0,4.965641975402832
PUNE_G004,2025-10-25,2025,10,25,298,18.75,74.0,2.624072790145874
PUNE_G004,2025-10-26,2025,10,26,299,18.75,74.0,5.525424003601074
PUNE_G004,2025-10-27,2025,10,27,300,18.75,74.0,12.686665534973145
PUNE_G004,2025-10-28,2025,10,28,301,18.75,74.0,12.311800956726074
PUNE_G004,2025-10-29,2025,10,29,302,18.75,74.0,0.0
PUNE_G004,2025-10-30,2025,10,30,303,18.75,74.0,1.9825479984283447
PUNE_G004,2025-10-31,2025,10,31,304,18.75,74.0,10.751519203186035
PUNE_G004,2025-11-01,2025,11,1,305,18.75,74.0,1.409525752067566
PUNE_G004,2025-11-02,2025,11,2,306,18.75,74.0,4.823037147521973
PUNE_G004,2025-11-03,2025,11,3,307,18.75,74.0,1.4734463691711426
PUNE_G004,2025-11-04,2025,11,4,308,18.75,74.0,0.0
PUNE_G004,2025-11-05,2025,11,5,309,18.75,74.0,0.0
PUNE_G004,2025-11-06,2025,11,6,310,18.75,74.0,0.0
PUNE_G004,2025-11-07,2025,11,7,311,18.75,74.0,0.0
PUNE_G004,2025-11-08,2025,11,8,312,18.75,74.0,0.0
PUNE_G004,2025-11-09,2025,11,9,313,18.75,74.0,0.0
PUNE_G004,2025-11-10,2025,11,10,314,18.75,74.0,0.0
PUNE_G004,2025-11-11,2025,11,11,315,18.75,74.0,0.0
PUNE_G004,2025-11-12,2025,11,12,316,18.75,74.0,0.0
PUNE_G004,2025-11-13,2025,11,13,317,18.75,74.0,0.0
PUNE_G004,2025-11-14,2025,11,14,318,18.75,74.0,0.0
PUNE_G004,2025-11-15,2025,11,15,319,18.75,74.0,0.0
PUNE_G004,2025-11-16,2025,11,16,320,18.75,74.0,0.0
PUNE_G004,2025-11-17,2025,11,17,321,18.75,74.0,0.0
PUNE_G004,2025-11-18,2025,11,18,322,18.75,74.0,0.0
PUNE_G004,2025-11-19,2025,11,19,323,18.75,74.0,0.0
PUNE_G004,2025-11-20,2025,11,20,324,18.75,74.0,0.0
PUNE_G004,2025-11-21,2025,11,21,325,18.75,74.0,0.0
PUNE_G004,2025-11-22,2025,11,22,326,18.75,74.0,0.0
PUNE_G004,2025-11-23,2025,11,23,327,18.75,74.0,0.0
PUNE_G004,2025-11-24,2025,11,24,328,18.75,74.0,0.0
PUNE_G004,2025-11-25,2025,11,25,329,18.75,74.0,0.0
PUNE_G004,2025-11-26,2025,11,26,330,18.75,74.0,0.0
PUNE_G004,2025-11-27,2025,11,27,331,18.75,74.0,0.0
PUNE_G004,2025-11-28,2025,11,28,332,18.75,74.0,0.0
PUNE_G004,2025-11-29,2025,11,29,333,18.75,74.0,0.0
PUNE_G004,2025-11-30,2025,11,30,334,18.75,74.0,0.0
PUNE_G004,2025-12-01,2025,12,1,335,18.75,74.0,0.0
PUNE_G004,2025-12-02,2025,12,2,336,18.75,74.0,0.0
PUNE_G004,2025-12-03,2025,12,3,337,18.75,74.0,0.0
PUNE_G004,2025-12-04,2025,12,4,338,18.75,74.0,0.0
PUNE_G004,2025-12-05,2025,12,5,339,18.75,74.0,0.0
PUNE_G004,2025-12-06,2025,12,6,340,18.75,74.0,0.0
PUNE_G004,2025-12-07,2025,12,7,341,18.75,74.0,0.0
PUNE_G004,2025-12-08,2025,12,8,342,18.75,74.0,0.0
PUNE_G004,2025-12-09,2025,12,9,343,18.75,74.0,0.0
PUNE_G004,2025-12-10,2025,12,10,344,18.75,74.0,0.0
PUNE_G004,2025-12-11,2025,12,11,345,18.75,74.0,0.0
PUNE_G004,2025-12-12,2025,12,12,346,18.75,74.0,0.0
PUNE_G004,2025-12-13,2025,12,13,347,18.75,74.0,0.0
PUNE_G004,2025-12-14,2025,12,14,348,18.75,74.0,0.0
PUNE_G004,2025-12-15,2025,12,15,349,18.75,74.0,0.0
PUNE_G004,2025-12-16,2025,12,16,350,18.75,74.0,0.0
PUNE_G004,2025-12-17,2025,12,17,351,18.75,74.0,0.0
PUNE_G004,2025-12-18,2025,12,18,352,18.75,74.0,0.0
PUNE_G004,2025-12-19,2025,12,19,353,18.75,74.0,0.0
PUNE_G004,2025-12-20,2025,12,20,354,18.75,74.0,0.0
PUNE_G004,2025-12-21,2025,12,21,355,18.75,74.0,0.0
PUNE_G004,2025-12-22,2025,12,22,356,18.75,74.0,0.0
PUNE_G004,2025-12-23,2025,12,23,357,18.75,74.0,0.0
PUNE_G004,2025-12-24,2025,12,24,358,18.75,74.0,0.0
PUNE_G004,2025-12-25,2025,12,25,359,18.75,74.0,0.0
PUNE_G004,2025-12-26,2025,12,26,360,18.75,74.0,0.0
PUNE_G004,2025-12-27,2025,12,27,361,18.75,74.0,0.0
PUNE_G004,2025-12-28,2025,12,28,362,18.75,74.0,0.0
PUNE_G004,2025-12-29,2025,12,29,363,18.75,74.0,0.0
PUNE_G004,2025-12-30,2025,12,30,364,18.75,74.0,0.0
PUNE_G004,2025-12-31,2025,12,31,365,18.75,74.0,0.0
